[0.000000] (-) TimerEvent: {}
[0.001595] (-) JobUnselected: {'identifier': 'camera_control'}
[0.002163] (-) JobUnselected: {'identifier': 'sensor_integration'}
[0.002647] (-) JobUnselected: {'identifier': 'ublox'}
[0.002832] (ublox_serialization) JobQueued: {'identifier': 'ublox_serialization', 'dependencies': OrderedDict()}
[0.002923] (ublox_msgs) JobQueued: {'identifier': 'ublox_msgs', 'dependencies': OrderedDict([('ublox_serialization', '/home/amigo-pi/amigo_ros2_pi/install/ublox_serialization')])}
[0.003015] (ublox_gps) JobQueued: {'identifier': 'ublox_gps', 'dependencies': OrderedDict([('ublox_serialization', '/home/amigo-pi/amigo_ros2_pi/install/ublox_serialization'), ('ublox_msgs', '/home/amigo-pi/amigo_ros2_pi/install/ublox_msgs')])}
[0.003102] (ublox_serialization) JobStarted: {'identifier': 'ublox_serialization'}
[0.043053] (ublox_serialization) JobProgress: {'identifier': 'ublox_serialization', 'progress': 'cmake'}
[0.045130] (ublox_serialization) Command: {'cmd': ['/usr/bin/cmake', '/home/amigo-pi/amigo_ros2_pi/src/ros2-ublox-zedf9p/ublox_serialization', '-DCMAKE_INSTALL_PREFIX=/home/amigo-pi/amigo_ros2_pi/install/ublox_serialization'], 'cwd': '/home/amigo-pi/amigo_ros2_pi/build/ublox_serialization', 'env': OrderedDict([('LESSOPEN', '| /usr/bin/lesspipe %s'), ('USER', 'amigo-pi'), ('XDG_SESSION_TYPE', 'wayland'), ('SHLVL', '1'), ('LD_LIBRARY_PATH', '/opt/ros/humble/opt/rviz_ogre_vendor/lib:/opt/ros/humble/lib/aarch64-linux-gnu:/opt/ros/humble/lib'), ('HOME', '/home/amigo-pi'), ('OLDPWD', '/home/amigo-pi/amigo_ros2_pi/src'), ('DESKTOP_SESSION', 'ubuntu'), ('ROS_PYTHON_VERSION', '3'), ('GNOME_SHELL_SESSION_MODE', 'ubuntu'), ('GTK_MODULES', 'gail:atk-bridge'), ('SYSTEMD_EXEC_PID', '1688'), ('DBUS_SESSION_BUS_ADDRESS', 'unix:path=/run/user/1000/bus'), ('COLORTERM', 'truecolor'), ('IM_CONFIG_PHASE', '1'), ('WAYLAND_DISPLAY', 'wayland-0'), ('COLCON_PREFIX_PATH', '/home/amigo-pi/amigo_ros2_pi/install'), ('ROS_DISTRO', 'humble'), ('LOGNAME', 'amigo-pi'), ('_', '/usr/bin/colcon'), ('ROS_VERSION', '2'), ('XDG_SESSION_CLASS', 'user'), ('USERNAME', 'amigo-pi'), ('TERM', 'xterm-256color'), ('GNOME_DESKTOP_SESSION_ID', 'this-is-deprecated'), ('ROS_LOCALHOST_ONLY', '0'), ('PATH', '/opt/ros/humble/bin:/home/amigo-pi/.local/bin:/usr/local/sbin:/usr/local/bin:/usr/sbin:/usr/bin:/sbin:/bin:/usr/games:/usr/local/games:/snap/bin:/snap/bin'), ('SESSION_MANAGER', 'local/amigopi-desktop:@/tmp/.ICE-unix/1656,unix/amigopi-desktop:/tmp/.ICE-unix/1656'), ('XDG_MENU_PREFIX', 'gnome-'), ('GNOME_TERMINAL_SCREEN', '/org/gnome/Terminal/screen/377ea5d9_cb09_4d5c_9fe5_c2e0dc79847d'), ('GNOME_SETUP_DISPLAY', ':1'), ('XDG_RUNTIME_DIR', '/run/user/1000'), ('DISPLAY', ':0'), ('LANG', 'en_US.UTF-8'), ('XDG_CURRENT_DESKTOP', 'ubuntu:GNOME'), ('XMODIFIERS', '@im=ibus'), ('XDG_SESSION_DESKTOP', 'ubuntu'), ('XAUTHORITY', '/run/user/1000/.mutter-Xwaylandauth.6Z6D32'), ('LS_COLORS', 'rs=0:di=01;34:ln=01;36:mh=00:pi=40;33:so=01;35:do=01;35:bd=40;33;01:cd=40;33;01:or=40;31;01:mi=00:su=37;41:sg=30;43:ca=30;41:tw=30;42:ow=34;42:st=37;44:ex=01;32:*.tar=01;31:*.tgz=01;31:*.arc=01;31:*.arj=01;31:*.taz=01;31:*.lha=01;31:*.lz4=01;31:*.lzh=01;31:*.lzma=01;31:*.tlz=01;31:*.txz=01;31:*.tzo=01;31:*.t7z=01;31:*.zip=01;31:*.z=01;31:*.dz=01;31:*.gz=01;31:*.lrz=01;31:*.lz=01;31:*.lzo=01;31:*.xz=01;31:*.zst=01;31:*.tzst=01;31:*.bz2=01;31:*.bz=01;31:*.tbz=01;31:*.tbz2=01;31:*.tz=01;31:*.deb=01;31:*.rpm=01;31:*.jar=01;31:*.war=01;31:*.ear=01;31:*.sar=01;31:*.rar=01;31:*.alz=01;31:*.ace=01;31:*.zoo=01;31:*.cpio=01;31:*.7z=01;31:*.rz=01;31:*.cab=01;31:*.wim=01;31:*.swm=01;31:*.dwm=01;31:*.esd=01;31:*.jpg=01;35:*.jpeg=01;35:*.mjpg=01;35:*.mjpeg=01;35:*.gif=01;35:*.bmp=01;35:*.pbm=01;35:*.pgm=01;35:*.ppm=01;35:*.tga=01;35:*.xbm=01;35:*.xpm=01;35:*.tif=01;35:*.tiff=01;35:*.png=01;35:*.svg=01;35:*.svgz=01;35:*.mng=01;35:*.pcx=01;35:*.mov=01;35:*.mpg=01;35:*.mpeg=01;35:*.m2v=01;35:*.mkv=01;35:*.webm=01;35:*.webp=01;35:*.ogm=01;35:*.mp4=01;35:*.m4v=01;35:*.mp4v=01;35:*.vob=01;35:*.qt=01;35:*.nuv=01;35:*.wmv=01;35:*.asf=01;35:*.rm=01;35:*.rmvb=01;35:*.flc=01;35:*.avi=01;35:*.fli=01;35:*.flv=01;35:*.gl=01;35:*.dl=01;35:*.xcf=01;35:*.xwd=01;35:*.yuv=01;35:*.cgm=01;35:*.emf=01;35:*.ogv=01;35:*.ogx=01;35:*.aac=00;36:*.au=00;36:*.flac=00;36:*.m4a=00;36:*.mid=00;36:*.midi=00;36:*.mka=00;36:*.mp3=00;36:*.mpc=00;36:*.ogg=00;36:*.ra=00;36:*.wav=00;36:*.oga=00;36:*.opus=00;36:*.spx=00;36:*.xspf=00;36:'), ('GNOME_TERMINAL_SERVICE', ':1.123'), ('SSH_AGENT_LAUNCHER', 'gnome-keyring'), ('SSH_AUTH_SOCK', '/run/user/1000/keyring/ssh'), ('AMENT_PREFIX_PATH', '/home/amigo-pi/amigo_ros2_pi/install/ublox_serialization:/home/amigo-pi/amigo_ros2_pi/install/camera_control:/opt/ros/humble'), ('SHELL', '/bin/bash'), ('QT_ACCESSIBILITY', '1'), ('GDMSESSION', 'ubuntu'), ('LESSCLOSE', '/usr/bin/lesspipe %s %s'), ('QT_IM_MODULE', 'ibus'), ('PWD', '/home/amigo-pi/amigo_ros2_pi/build/ublox_serialization'), ('LC_ALL', 'en_US.UTF-8'), ('XDG_CONFIG_DIRS', '/etc/xdg/xdg-ubuntu:/etc/xdg'), ('XDG_DATA_DIRS', '/usr/share/ubuntu:/usr/local/share/:/usr/share/:/var/lib/snapd/desktop'), ('PYTHONPATH', '/home/amigopi/workspaces/amigo_ros2_pi/build/camera_control:/home/amigo-pi/amigo_ros2_pi/install/camera_control/lib/python3.10/site-packages:/opt/ros/humble/lib/python3.10/site-packages:/opt/ros/humble/local/lib/python3.10/dist-packages'), ('COLCON', '1'), ('VTE_VERSION', '6800'), ('CMAKE_PREFIX_PATH', '/home/amigo-pi/amigo_ros2_pi/install/ublox_serialization:/home/amigo-pi/amigo_ros2_pi/install/camera_control:/opt/ros/humble')]), 'shell': False}
[0.098975] (-) TimerEvent: {}
[0.199737] (-) TimerEvent: {}
[0.300667] (-) TimerEvent: {}
[0.401749] (-) TimerEvent: {}
[0.502818] (-) TimerEvent: {}
[0.604003] (-) TimerEvent: {}
[0.705169] (-) TimerEvent: {}
[0.805978] (-) TimerEvent: {}
[0.906894] (-) TimerEvent: {}
[0.966383] (ublox_serialization) StdoutLine: {'line': b'-- The C compiler identification is GNU 11.4.0\n'}
[1.007075] (-) TimerEvent: {}
[1.108075] (-) TimerEvent: {}
[1.209016] (-) TimerEvent: {}
[1.310216] (-) TimerEvent: {}
[1.411304] (-) TimerEvent: {}
[1.512269] (-) TimerEvent: {}
[1.613318] (-) TimerEvent: {}
[1.714208] (-) TimerEvent: {}
[1.742369] (ublox_serialization) StdoutLine: {'line': b'-- The CXX compiler identification is GNU 11.4.0\n'}
[1.780487] (ublox_serialization) StdoutLine: {'line': b'-- Detecting C compiler ABI info\n'}
[1.814399] (-) TimerEvent: {}
[1.915172] (-) TimerEvent: {}
[2.016055] (-) TimerEvent: {}
[2.116828] (-) TimerEvent: {}
[2.134448] (ublox_serialization) StdoutLine: {'line': b'-- Detecting C compiler ABI info - done\n'}
[2.161740] (ublox_serialization) StdoutLine: {'line': b'-- Check for working C compiler: /usr/bin/cc - skipped\n'}
[2.163966] (ublox_serialization) StdoutLine: {'line': b'-- Detecting C compile features\n'}
[2.166870] (ublox_serialization) StdoutLine: {'line': b'-- Detecting C compile features - done\n'}
[2.182020] (ublox_serialization) StdoutLine: {'line': b'-- Detecting CXX compiler ABI info\n'}
[2.217061] (-) TimerEvent: {}
[2.318047] (-) TimerEvent: {}
[2.418787] (-) TimerEvent: {}
[2.519559] (-) TimerEvent: {}
[2.566900] (ublox_serialization) StdoutLine: {'line': b'-- Detecting CXX compiler ABI info - done\n'}
[2.593666] (ublox_serialization) StdoutLine: {'line': b'-- Check for working CXX compiler: /usr/bin/c++ - skipped\n'}
[2.594674] (ublox_serialization) StdoutLine: {'line': b'-- Detecting CXX compile features\n'}
[2.596276] (ublox_serialization) StdoutLine: {'line': b'-- Detecting CXX compile features - done\n'}
[2.619764] (-) TimerEvent: {}
[2.631507] (ublox_serialization) StdoutLine: {'line': b'-- Found ament_cmake: 1.3.11 (/opt/ros/humble/share/ament_cmake/cmake)\n'}
[2.719939] (-) TimerEvent: {}
[2.820788] (-) TimerEvent: {}
[2.921757] (-) TimerEvent: {}
[3.022500] (-) TimerEvent: {}
[3.123094] (-) TimerEvent: {}
[3.223730] (-) TimerEvent: {}
[3.324391] (-) TimerEvent: {}
[3.404222] (ublox_serialization) StdoutLine: {'line': b'-- Found Python3: /usr/bin/python3 (found version "3.10.12") found components: Interpreter \n'}
[3.424606] (-) TimerEvent: {}
[3.525499] (-) TimerEvent: {}
[3.626157] (-) TimerEvent: {}
[3.726809] (-) TimerEvent: {}
[3.827499] (-) TimerEvent: {}
[3.928332] (-) TimerEvent: {}
[4.029165] (-) TimerEvent: {}
[4.129915] (-) TimerEvent: {}
[4.230677] (-) TimerEvent: {}
[4.293595] (ublox_serialization) StdoutLine: {'line': b'-- Configuring done\n'}
[4.318616] (ublox_serialization) StdoutLine: {'line': b'-- Generating done\n'}
[4.329595] (ublox_serialization) StdoutLine: {'line': b'-- Build files have been written to: /home/amigo-pi/amigo_ros2_pi/build/ublox_serialization\n'}
[4.330831] (-) TimerEvent: {}
[4.348474] (ublox_serialization) CommandEnded: {'returncode': 0}
[4.351599] (ublox_serialization) JobProgress: {'identifier': 'ublox_serialization', 'progress': 'build'}
[4.354499] (ublox_serialization) Command: {'cmd': ['/usr/bin/cmake', '--build', '/home/amigo-pi/amigo_ros2_pi/build/ublox_serialization', '--', '-j4', '-l4'], 'cwd': '/home/amigo-pi/amigo_ros2_pi/build/ublox_serialization', 'env': OrderedDict([('LESSOPEN', '| /usr/bin/lesspipe %s'), ('USER', 'amigo-pi'), ('XDG_SESSION_TYPE', 'wayland'), ('SHLVL', '1'), ('LD_LIBRARY_PATH', '/opt/ros/humble/opt/rviz_ogre_vendor/lib:/opt/ros/humble/lib/aarch64-linux-gnu:/opt/ros/humble/lib'), ('HOME', '/home/amigo-pi'), ('OLDPWD', '/home/amigo-pi/amigo_ros2_pi/src'), ('DESKTOP_SESSION', 'ubuntu'), ('ROS_PYTHON_VERSION', '3'), ('GNOME_SHELL_SESSION_MODE', 'ubuntu'), ('GTK_MODULES', 'gail:atk-bridge'), ('SYSTEMD_EXEC_PID', '1688'), ('DBUS_SESSION_BUS_ADDRESS', 'unix:path=/run/user/1000/bus'), ('COLORTERM', 'truecolor'), ('IM_CONFIG_PHASE', '1'), ('WAYLAND_DISPLAY', 'wayland-0'), ('COLCON_PREFIX_PATH', '/home/amigo-pi/amigo_ros2_pi/install'), ('ROS_DISTRO', 'humble'), ('LOGNAME', 'amigo-pi'), ('_', '/usr/bin/colcon'), ('ROS_VERSION', '2'), ('XDG_SESSION_CLASS', 'user'), ('USERNAME', 'amigo-pi'), ('TERM', 'xterm-256color'), ('GNOME_DESKTOP_SESSION_ID', 'this-is-deprecated'), ('ROS_LOCALHOST_ONLY', '0'), ('PATH', '/opt/ros/humble/bin:/home/amigo-pi/.local/bin:/usr/local/sbin:/usr/local/bin:/usr/sbin:/usr/bin:/sbin:/bin:/usr/games:/usr/local/games:/snap/bin:/snap/bin'), ('SESSION_MANAGER', 'local/amigopi-desktop:@/tmp/.ICE-unix/1656,unix/amigopi-desktop:/tmp/.ICE-unix/1656'), ('XDG_MENU_PREFIX', 'gnome-'), ('GNOME_TERMINAL_SCREEN', '/org/gnome/Terminal/screen/377ea5d9_cb09_4d5c_9fe5_c2e0dc79847d'), ('GNOME_SETUP_DISPLAY', ':1'), ('XDG_RUNTIME_DIR', '/run/user/1000'), ('DISPLAY', ':0'), ('LANG', 'en_US.UTF-8'), ('XDG_CURRENT_DESKTOP', 'ubuntu:GNOME'), ('XMODIFIERS', '@im=ibus'), ('XDG_SESSION_DESKTOP', 'ubuntu'), ('XAUTHORITY', '/run/user/1000/.mutter-Xwaylandauth.6Z6D32'), ('LS_COLORS', 'rs=0:di=01;34:ln=01;36:mh=00:pi=40;33:so=01;35:do=01;35:bd=40;33;01:cd=40;33;01:or=40;31;01:mi=00:su=37;41:sg=30;43:ca=30;41:tw=30;42:ow=34;42:st=37;44:ex=01;32:*.tar=01;31:*.tgz=01;31:*.arc=01;31:*.arj=01;31:*.taz=01;31:*.lha=01;31:*.lz4=01;31:*.lzh=01;31:*.lzma=01;31:*.tlz=01;31:*.txz=01;31:*.tzo=01;31:*.t7z=01;31:*.zip=01;31:*.z=01;31:*.dz=01;31:*.gz=01;31:*.lrz=01;31:*.lz=01;31:*.lzo=01;31:*.xz=01;31:*.zst=01;31:*.tzst=01;31:*.bz2=01;31:*.bz=01;31:*.tbz=01;31:*.tbz2=01;31:*.tz=01;31:*.deb=01;31:*.rpm=01;31:*.jar=01;31:*.war=01;31:*.ear=01;31:*.sar=01;31:*.rar=01;31:*.alz=01;31:*.ace=01;31:*.zoo=01;31:*.cpio=01;31:*.7z=01;31:*.rz=01;31:*.cab=01;31:*.wim=01;31:*.swm=01;31:*.dwm=01;31:*.esd=01;31:*.jpg=01;35:*.jpeg=01;35:*.mjpg=01;35:*.mjpeg=01;35:*.gif=01;35:*.bmp=01;35:*.pbm=01;35:*.pgm=01;35:*.ppm=01;35:*.tga=01;35:*.xbm=01;35:*.xpm=01;35:*.tif=01;35:*.tiff=01;35:*.png=01;35:*.svg=01;35:*.svgz=01;35:*.mng=01;35:*.pcx=01;35:*.mov=01;35:*.mpg=01;35:*.mpeg=01;35:*.m2v=01;35:*.mkv=01;35:*.webm=01;35:*.webp=01;35:*.ogm=01;35:*.mp4=01;35:*.m4v=01;35:*.mp4v=01;35:*.vob=01;35:*.qt=01;35:*.nuv=01;35:*.wmv=01;35:*.asf=01;35:*.rm=01;35:*.rmvb=01;35:*.flc=01;35:*.avi=01;35:*.fli=01;35:*.flv=01;35:*.gl=01;35:*.dl=01;35:*.xcf=01;35:*.xwd=01;35:*.yuv=01;35:*.cgm=01;35:*.emf=01;35:*.ogv=01;35:*.ogx=01;35:*.aac=00;36:*.au=00;36:*.flac=00;36:*.m4a=00;36:*.mid=00;36:*.midi=00;36:*.mka=00;36:*.mp3=00;36:*.mpc=00;36:*.ogg=00;36:*.ra=00;36:*.wav=00;36:*.oga=00;36:*.opus=00;36:*.spx=00;36:*.xspf=00;36:'), ('GNOME_TERMINAL_SERVICE', ':1.123'), ('SSH_AGENT_LAUNCHER', 'gnome-keyring'), ('SSH_AUTH_SOCK', '/run/user/1000/keyring/ssh'), ('AMENT_PREFIX_PATH', '/home/amigo-pi/amigo_ros2_pi/install/ublox_serialization:/home/amigo-pi/amigo_ros2_pi/install/camera_control:/opt/ros/humble'), ('SHELL', '/bin/bash'), ('QT_ACCESSIBILITY', '1'), ('GDMSESSION', 'ubuntu'), ('LESSCLOSE', '/usr/bin/lesspipe %s %s'), ('QT_IM_MODULE', 'ibus'), ('PWD', '/home/amigo-pi/amigo_ros2_pi/build/ublox_serialization'), ('LC_ALL', 'en_US.UTF-8'), ('XDG_CONFIG_DIRS', '/etc/xdg/xdg-ubuntu:/etc/xdg'), ('XDG_DATA_DIRS', '/usr/share/ubuntu:/usr/local/share/:/usr/share/:/var/lib/snapd/desktop'), ('PYTHONPATH', '/home/amigopi/workspaces/amigo_ros2_pi/build/camera_control:/home/amigo-pi/amigo_ros2_pi/install/camera_control/lib/python3.10/site-packages:/opt/ros/humble/lib/python3.10/site-packages:/opt/ros/humble/local/lib/python3.10/dist-packages'), ('COLCON', '1'), ('VTE_VERSION', '6800'), ('CMAKE_PREFIX_PATH', '/home/amigo-pi/amigo_ros2_pi/install/ublox_serialization:/home/amigo-pi/amigo_ros2_pi/install/camera_control:/opt/ros/humble')]), 'shell': False}
[4.431448] (-) TimerEvent: {}
[4.525277] (ublox_serialization) CommandEnded: {'returncode': 0}
[4.528172] (ublox_serialization) JobProgress: {'identifier': 'ublox_serialization', 'progress': 'install'}
[4.533087] (-) TimerEvent: {}
[4.573366] (ublox_serialization) Command: {'cmd': ['/usr/bin/cmake', '--install', '/home/amigo-pi/amigo_ros2_pi/build/ublox_serialization'], 'cwd': '/home/amigo-pi/amigo_ros2_pi/build/ublox_serialization', 'env': OrderedDict([('LESSOPEN', '| /usr/bin/lesspipe %s'), ('USER', 'amigo-pi'), ('XDG_SESSION_TYPE', 'wayland'), ('SHLVL', '1'), ('LD_LIBRARY_PATH', '/opt/ros/humble/opt/rviz_ogre_vendor/lib:/opt/ros/humble/lib/aarch64-linux-gnu:/opt/ros/humble/lib'), ('HOME', '/home/amigo-pi'), ('OLDPWD', '/home/amigo-pi/amigo_ros2_pi/src'), ('DESKTOP_SESSION', 'ubuntu'), ('ROS_PYTHON_VERSION', '3'), ('GNOME_SHELL_SESSION_MODE', 'ubuntu'), ('GTK_MODULES', 'gail:atk-bridge'), ('SYSTEMD_EXEC_PID', '1688'), ('DBUS_SESSION_BUS_ADDRESS', 'unix:path=/run/user/1000/bus'), ('COLORTERM', 'truecolor'), ('IM_CONFIG_PHASE', '1'), ('WAYLAND_DISPLAY', 'wayland-0'), ('COLCON_PREFIX_PATH', '/home/amigo-pi/amigo_ros2_pi/install'), ('ROS_DISTRO', 'humble'), ('LOGNAME', 'amigo-pi'), ('_', '/usr/bin/colcon'), ('ROS_VERSION', '2'), ('XDG_SESSION_CLASS', 'user'), ('USERNAME', 'amigo-pi'), ('TERM', 'xterm-256color'), ('GNOME_DESKTOP_SESSION_ID', 'this-is-deprecated'), ('ROS_LOCALHOST_ONLY', '0'), ('PATH', '/opt/ros/humble/bin:/home/amigo-pi/.local/bin:/usr/local/sbin:/usr/local/bin:/usr/sbin:/usr/bin:/sbin:/bin:/usr/games:/usr/local/games:/snap/bin:/snap/bin'), ('SESSION_MANAGER', 'local/amigopi-desktop:@/tmp/.ICE-unix/1656,unix/amigopi-desktop:/tmp/.ICE-unix/1656'), ('XDG_MENU_PREFIX', 'gnome-'), ('GNOME_TERMINAL_SCREEN', '/org/gnome/Terminal/screen/377ea5d9_cb09_4d5c_9fe5_c2e0dc79847d'), ('GNOME_SETUP_DISPLAY', ':1'), ('XDG_RUNTIME_DIR', '/run/user/1000'), ('DISPLAY', ':0'), ('LANG', 'en_US.UTF-8'), ('XDG_CURRENT_DESKTOP', 'ubuntu:GNOME'), ('XMODIFIERS', '@im=ibus'), ('XDG_SESSION_DESKTOP', 'ubuntu'), ('XAUTHORITY', '/run/user/1000/.mutter-Xwaylandauth.6Z6D32'), ('LS_COLORS', 'rs=0:di=01;34:ln=01;36:mh=00:pi=40;33:so=01;35:do=01;35:bd=40;33;01:cd=40;33;01:or=40;31;01:mi=00:su=37;41:sg=30;43:ca=30;41:tw=30;42:ow=34;42:st=37;44:ex=01;32:*.tar=01;31:*.tgz=01;31:*.arc=01;31:*.arj=01;31:*.taz=01;31:*.lha=01;31:*.lz4=01;31:*.lzh=01;31:*.lzma=01;31:*.tlz=01;31:*.txz=01;31:*.tzo=01;31:*.t7z=01;31:*.zip=01;31:*.z=01;31:*.dz=01;31:*.gz=01;31:*.lrz=01;31:*.lz=01;31:*.lzo=01;31:*.xz=01;31:*.zst=01;31:*.tzst=01;31:*.bz2=01;31:*.bz=01;31:*.tbz=01;31:*.tbz2=01;31:*.tz=01;31:*.deb=01;31:*.rpm=01;31:*.jar=01;31:*.war=01;31:*.ear=01;31:*.sar=01;31:*.rar=01;31:*.alz=01;31:*.ace=01;31:*.zoo=01;31:*.cpio=01;31:*.7z=01;31:*.rz=01;31:*.cab=01;31:*.wim=01;31:*.swm=01;31:*.dwm=01;31:*.esd=01;31:*.jpg=01;35:*.jpeg=01;35:*.mjpg=01;35:*.mjpeg=01;35:*.gif=01;35:*.bmp=01;35:*.pbm=01;35:*.pgm=01;35:*.ppm=01;35:*.tga=01;35:*.xbm=01;35:*.xpm=01;35:*.tif=01;35:*.tiff=01;35:*.png=01;35:*.svg=01;35:*.svgz=01;35:*.mng=01;35:*.pcx=01;35:*.mov=01;35:*.mpg=01;35:*.mpeg=01;35:*.m2v=01;35:*.mkv=01;35:*.webm=01;35:*.webp=01;35:*.ogm=01;35:*.mp4=01;35:*.m4v=01;35:*.mp4v=01;35:*.vob=01;35:*.qt=01;35:*.nuv=01;35:*.wmv=01;35:*.asf=01;35:*.rm=01;35:*.rmvb=01;35:*.flc=01;35:*.avi=01;35:*.fli=01;35:*.flv=01;35:*.gl=01;35:*.dl=01;35:*.xcf=01;35:*.xwd=01;35:*.yuv=01;35:*.cgm=01;35:*.emf=01;35:*.ogv=01;35:*.ogx=01;35:*.aac=00;36:*.au=00;36:*.flac=00;36:*.m4a=00;36:*.mid=00;36:*.midi=00;36:*.mka=00;36:*.mp3=00;36:*.mpc=00;36:*.ogg=00;36:*.ra=00;36:*.wav=00;36:*.oga=00;36:*.opus=00;36:*.spx=00;36:*.xspf=00;36:'), ('GNOME_TERMINAL_SERVICE', ':1.123'), ('SSH_AGENT_LAUNCHER', 'gnome-keyring'), ('SSH_AUTH_SOCK', '/run/user/1000/keyring/ssh'), ('AMENT_PREFIX_PATH', '/home/amigo-pi/amigo_ros2_pi/install/ublox_serialization:/home/amigo-pi/amigo_ros2_pi/install/camera_control:/opt/ros/humble'), ('SHELL', '/bin/bash'), ('QT_ACCESSIBILITY', '1'), ('GDMSESSION', 'ubuntu'), ('LESSCLOSE', '/usr/bin/lesspipe %s %s'), ('QT_IM_MODULE', 'ibus'), ('PWD', '/home/amigo-pi/amigo_ros2_pi/build/ublox_serialization'), ('LC_ALL', 'en_US.UTF-8'), ('XDG_CONFIG_DIRS', '/etc/xdg/xdg-ubuntu:/etc/xdg'), ('XDG_DATA_DIRS', '/usr/share/ubuntu:/usr/local/share/:/usr/share/:/var/lib/snapd/desktop'), ('PYTHONPATH', '/home/amigopi/workspaces/amigo_ros2_pi/build/camera_control:/home/amigo-pi/amigo_ros2_pi/install/camera_control/lib/python3.10/site-packages:/opt/ros/humble/lib/python3.10/site-packages:/opt/ros/humble/local/lib/python3.10/dist-packages'), ('COLCON', '1'), ('VTE_VERSION', '6800'), ('CMAKE_PREFIX_PATH', '/home/amigo-pi/amigo_ros2_pi/install/ublox_serialization:/home/amigo-pi/amigo_ros2_pi/install/camera_control:/opt/ros/humble')]), 'shell': False}
[4.608585] (ublox_serialization) StdoutLine: {'line': b'-- Install configuration: ""\n'}
[4.609164] (ublox_serialization) StdoutLine: {'line': b'-- Installing: /home/amigo-pi/amigo_ros2_pi/install/ublox_serialization/include\n'}
[4.609595] (ublox_serialization) StdoutLine: {'line': b'-- Installing: /home/amigo-pi/amigo_ros2_pi/install/ublox_serialization/include/ublox_serialization\n'}
[4.610037] (ublox_serialization) StdoutLine: {'line': b'-- Installing: /home/amigo-pi/amigo_ros2_pi/install/ublox_serialization/include/ublox_serialization/serialization.hpp\n'}
[4.613062] (ublox_serialization) StdoutLine: {'line': b'-- Installing: /home/amigo-pi/amigo_ros2_pi/install/ublox_serialization/include/ublox_serialization/checksum.hpp\n'}
[4.615487] (ublox_serialization) StdoutLine: {'line': b'-- Installing: /home/amigo-pi/amigo_ros2_pi/install/ublox_serialization/share/ament_index/resource_index/package_run_dependencies/ublox_serialization\n'}
[4.617179] (ublox_serialization) StdoutLine: {'line': b'-- Installing: /home/amigo-pi/amigo_ros2_pi/install/ublox_serialization/share/ament_index/resource_index/parent_prefix_path/ublox_serialization\n'}
[4.618918] (ublox_serialization) StdoutLine: {'line': b'-- Installing: /home/amigo-pi/amigo_ros2_pi/install/ublox_serialization/share/ublox_serialization/environment/ament_prefix_path.sh\n'}
[4.620196] (ublox_serialization) StdoutLine: {'line': b'-- Installing: /home/amigo-pi/amigo_ros2_pi/install/ublox_serialization/share/ublox_serialization/environment/ament_prefix_path.dsv\n'}
[4.621391] (ublox_serialization) StdoutLine: {'line': b'-- Installing: /home/amigo-pi/amigo_ros2_pi/install/ublox_serialization/share/ublox_serialization/environment/path.sh\n'}
[4.622634] (ublox_serialization) StdoutLine: {'line': b'-- Installing: /home/amigo-pi/amigo_ros2_pi/install/ublox_serialization/share/ublox_serialization/environment/path.dsv\n'}
[4.623829] (ublox_serialization) StdoutLine: {'line': b'-- Installing: /home/amigo-pi/amigo_ros2_pi/install/ublox_serialization/share/ublox_serialization/local_setup.bash\n'}
[4.625089] (ublox_serialization) StdoutLine: {'line': b'-- Installing: /home/amigo-pi/amigo_ros2_pi/install/ublox_serialization/share/ublox_serialization/local_setup.sh\n'}
[4.626320] (ublox_serialization) StdoutLine: {'line': b'-- Installing: /home/amigo-pi/amigo_ros2_pi/install/ublox_serialization/share/ublox_serialization/local_setup.zsh\n'}
[4.627584] (ublox_serialization) StdoutLine: {'line': b'-- Installing: /home/amigo-pi/amigo_ros2_pi/install/ublox_serialization/share/ublox_serialization/local_setup.dsv\n'}
[4.628750] (ublox_serialization) StdoutLine: {'line': b'-- Installing: /home/amigo-pi/amigo_ros2_pi/install/ublox_serialization/share/ublox_serialization/package.dsv\n'}
[4.630348] (ublox_serialization) StdoutLine: {'line': b'-- Installing: /home/amigo-pi/amigo_ros2_pi/install/ublox_serialization/share/ament_index/resource_index/packages/ublox_serialization\n'}
[4.631898] (ublox_serialization) StdoutLine: {'line': b'-- Installing: /home/amigo-pi/amigo_ros2_pi/install/ublox_serialization/share/ublox_serialization/cmake/ament_cmake_export_include_directories-extras.cmake\n'}
[4.633182] (-) TimerEvent: {}
[4.633683] (ublox_serialization) StdoutLine: {'line': b'-- Installing: /home/amigo-pi/amigo_ros2_pi/install/ublox_serialization/share/ublox_serialization/cmake/ublox_serializationConfig.cmake\n'}
[4.634476] (ublox_serialization) StdoutLine: {'line': b'-- Installing: /home/amigo-pi/amigo_ros2_pi/install/ublox_serialization/share/ublox_serialization/cmake/ublox_serializationConfig-version.cmake\n'}
[4.635862] (ublox_serialization) StdoutLine: {'line': b'-- Installing: /home/amigo-pi/amigo_ros2_pi/install/ublox_serialization/share/ublox_serialization/package.xml\n'}
[4.641882] (ublox_serialization) CommandEnded: {'returncode': 0}
[4.724430] (ublox_serialization) JobEnded: {'identifier': 'ublox_serialization', 'rc': 0}
[4.728463] (ublox_msgs) JobStarted: {'identifier': 'ublox_msgs'}
[4.733358] (-) TimerEvent: {}
[4.760309] (ublox_msgs) JobProgress: {'identifier': 'ublox_msgs', 'progress': 'cmake'}
[4.763284] (ublox_msgs) Command: {'cmd': ['/usr/bin/cmake', '/home/amigo-pi/amigo_ros2_pi/src/ros2-ublox-zedf9p/ublox_msgs', '-DCMAKE_INSTALL_PREFIX=/home/amigo-pi/amigo_ros2_pi/install/ublox_msgs'], 'cwd': '/home/amigo-pi/amigo_ros2_pi/build/ublox_msgs', 'env': OrderedDict([('LESSOPEN', '| /usr/bin/lesspipe %s'), ('USER', 'amigo-pi'), ('XDG_SESSION_TYPE', 'wayland'), ('SHLVL', '1'), ('LD_LIBRARY_PATH', '/opt/ros/humble/opt/rviz_ogre_vendor/lib:/opt/ros/humble/lib/aarch64-linux-gnu:/opt/ros/humble/lib'), ('HOME', '/home/amigo-pi'), ('OLDPWD', '/home/amigo-pi/amigo_ros2_pi/src'), ('DESKTOP_SESSION', 'ubuntu'), ('ROS_PYTHON_VERSION', '3'), ('GNOME_SHELL_SESSION_MODE', 'ubuntu'), ('GTK_MODULES', 'gail:atk-bridge'), ('SYSTEMD_EXEC_PID', '1688'), ('DBUS_SESSION_BUS_ADDRESS', 'unix:path=/run/user/1000/bus'), ('COLORTERM', 'truecolor'), ('IM_CONFIG_PHASE', '1'), ('WAYLAND_DISPLAY', 'wayland-0'), ('COLCON_PREFIX_PATH', '/home/amigo-pi/amigo_ros2_pi/install'), ('ROS_DISTRO', 'humble'), ('LOGNAME', 'amigo-pi'), ('_', '/usr/bin/colcon'), ('ROS_VERSION', '2'), ('XDG_SESSION_CLASS', 'user'), ('USERNAME', 'amigo-pi'), ('TERM', 'xterm-256color'), ('GNOME_DESKTOP_SESSION_ID', 'this-is-deprecated'), ('ROS_LOCALHOST_ONLY', '0'), ('PATH', '/opt/ros/humble/bin:/home/amigo-pi/.local/bin:/usr/local/sbin:/usr/local/bin:/usr/sbin:/usr/bin:/sbin:/bin:/usr/games:/usr/local/games:/snap/bin:/snap/bin'), ('SESSION_MANAGER', 'local/amigopi-desktop:@/tmp/.ICE-unix/1656,unix/amigopi-desktop:/tmp/.ICE-unix/1656'), ('XDG_MENU_PREFIX', 'gnome-'), ('GNOME_TERMINAL_SCREEN', '/org/gnome/Terminal/screen/377ea5d9_cb09_4d5c_9fe5_c2e0dc79847d'), ('GNOME_SETUP_DISPLAY', ':1'), ('XDG_RUNTIME_DIR', '/run/user/1000'), ('DISPLAY', ':0'), ('LANG', 'en_US.UTF-8'), ('XDG_CURRENT_DESKTOP', 'ubuntu:GNOME'), ('XMODIFIERS', '@im=ibus'), ('XDG_SESSION_DESKTOP', 'ubuntu'), ('XAUTHORITY', '/run/user/1000/.mutter-Xwaylandauth.6Z6D32'), ('LS_COLORS', 'rs=0:di=01;34:ln=01;36:mh=00:pi=40;33:so=01;35:do=01;35:bd=40;33;01:cd=40;33;01:or=40;31;01:mi=00:su=37;41:sg=30;43:ca=30;41:tw=30;42:ow=34;42:st=37;44:ex=01;32:*.tar=01;31:*.tgz=01;31:*.arc=01;31:*.arj=01;31:*.taz=01;31:*.lha=01;31:*.lz4=01;31:*.lzh=01;31:*.lzma=01;31:*.tlz=01;31:*.txz=01;31:*.tzo=01;31:*.t7z=01;31:*.zip=01;31:*.z=01;31:*.dz=01;31:*.gz=01;31:*.lrz=01;31:*.lz=01;31:*.lzo=01;31:*.xz=01;31:*.zst=01;31:*.tzst=01;31:*.bz2=01;31:*.bz=01;31:*.tbz=01;31:*.tbz2=01;31:*.tz=01;31:*.deb=01;31:*.rpm=01;31:*.jar=01;31:*.war=01;31:*.ear=01;31:*.sar=01;31:*.rar=01;31:*.alz=01;31:*.ace=01;31:*.zoo=01;31:*.cpio=01;31:*.7z=01;31:*.rz=01;31:*.cab=01;31:*.wim=01;31:*.swm=01;31:*.dwm=01;31:*.esd=01;31:*.jpg=01;35:*.jpeg=01;35:*.mjpg=01;35:*.mjpeg=01;35:*.gif=01;35:*.bmp=01;35:*.pbm=01;35:*.pgm=01;35:*.ppm=01;35:*.tga=01;35:*.xbm=01;35:*.xpm=01;35:*.tif=01;35:*.tiff=01;35:*.png=01;35:*.svg=01;35:*.svgz=01;35:*.mng=01;35:*.pcx=01;35:*.mov=01;35:*.mpg=01;35:*.mpeg=01;35:*.m2v=01;35:*.mkv=01;35:*.webm=01;35:*.webp=01;35:*.ogm=01;35:*.mp4=01;35:*.m4v=01;35:*.mp4v=01;35:*.vob=01;35:*.qt=01;35:*.nuv=01;35:*.wmv=01;35:*.asf=01;35:*.rm=01;35:*.rmvb=01;35:*.flc=01;35:*.avi=01;35:*.fli=01;35:*.flv=01;35:*.gl=01;35:*.dl=01;35:*.xcf=01;35:*.xwd=01;35:*.yuv=01;35:*.cgm=01;35:*.emf=01;35:*.ogv=01;35:*.ogx=01;35:*.aac=00;36:*.au=00;36:*.flac=00;36:*.m4a=00;36:*.mid=00;36:*.midi=00;36:*.mka=00;36:*.mp3=00;36:*.mpc=00;36:*.ogg=00;36:*.ra=00;36:*.wav=00;36:*.oga=00;36:*.opus=00;36:*.spx=00;36:*.xspf=00;36:'), ('GNOME_TERMINAL_SERVICE', ':1.123'), ('SSH_AGENT_LAUNCHER', 'gnome-keyring'), ('SSH_AUTH_SOCK', '/run/user/1000/keyring/ssh'), ('AMENT_PREFIX_PATH', '/home/amigo-pi/amigo_ros2_pi/install/ublox_serialization:/home/amigo-pi/amigo_ros2_pi/install/camera_control:/opt/ros/humble'), ('SHELL', '/bin/bash'), ('QT_ACCESSIBILITY', '1'), ('GDMSESSION', 'ubuntu'), ('LESSCLOSE', '/usr/bin/lesspipe %s %s'), ('QT_IM_MODULE', 'ibus'), ('PWD', '/home/amigo-pi/amigo_ros2_pi/build/ublox_msgs'), ('LC_ALL', 'en_US.UTF-8'), ('XDG_CONFIG_DIRS', '/etc/xdg/xdg-ubuntu:/etc/xdg'), ('XDG_DATA_DIRS', '/usr/share/ubuntu:/usr/local/share/:/usr/share/:/var/lib/snapd/desktop'), ('PYTHONPATH', '/home/amigopi/workspaces/amigo_ros2_pi/build/camera_control:/home/amigo-pi/amigo_ros2_pi/install/camera_control/lib/python3.10/site-packages:/opt/ros/humble/lib/python3.10/site-packages:/opt/ros/humble/local/lib/python3.10/dist-packages'), ('COLCON', '1'), ('VTE_VERSION', '6800'), ('CMAKE_PREFIX_PATH', '/home/amigo-pi/amigo_ros2_pi/install/ublox_serialization:/home/amigo-pi/amigo_ros2_pi/install/camera_control:/opt/ros/humble')]), 'shell': False}
[4.833688] (-) TimerEvent: {}
[4.934556] (-) TimerEvent: {}
[5.035251] (-) TimerEvent: {}
[5.049796] (ublox_msgs) StdoutLine: {'line': b'-- The C compiler identification is GNU 11.4.0\n'}
[5.135594] (-) TimerEvent: {}
[5.236834] (-) TimerEvent: {}
[5.312195] (ublox_msgs) StdoutLine: {'line': b'-- The CXX compiler identification is GNU 11.4.0\n'}
[5.337130] (-) TimerEvent: {}
[5.344268] (ublox_msgs) StdoutLine: {'line': b'-- Detecting C compiler ABI info\n'}
[5.437353] (-) TimerEvent: {}
[5.538097] (-) TimerEvent: {}
[5.641352] (-) TimerEvent: {}
[5.674738] (ublox_msgs) StdoutLine: {'line': b'-- Detecting C compiler ABI info - done\n'}
[5.700803] (ublox_msgs) StdoutLine: {'line': b'-- Check for working C compiler: /usr/bin/cc - skipped\n'}
[5.701625] (ublox_msgs) StdoutLine: {'line': b'-- Detecting C compile features\n'}
[5.703018] (ublox_msgs) StdoutLine: {'line': b'-- Detecting C compile features - done\n'}
[5.713964] (ublox_msgs) StdoutLine: {'line': b'-- Detecting CXX compiler ABI info\n'}
[5.741551] (-) TimerEvent: {}
[5.842345] (-) TimerEvent: {}
[5.943112] (-) TimerEvent: {}
[6.043896] (-) TimerEvent: {}
[6.073391] (ublox_msgs) StdoutLine: {'line': b'-- Detecting CXX compiler ABI info - done\n'}
[6.101622] (ublox_msgs) StdoutLine: {'line': b'-- Check for working CXX compiler: /usr/bin/c++ - skipped\n'}
[6.102542] (ublox_msgs) StdoutLine: {'line': b'-- Detecting CXX compile features\n'}
[6.104198] (ublox_msgs) StdoutLine: {'line': b'-- Detecting CXX compile features - done\n'}
[6.123969] (ublox_msgs) StdoutLine: {'line': b'-- Found ament_cmake_ros: 0.10.0 (/opt/ros/humble/share/ament_cmake_ros/cmake)\n'}
[6.144096] (-) TimerEvent: {}
[6.244905] (-) TimerEvent: {}
[6.345716] (-) TimerEvent: {}
[6.446420] (-) TimerEvent: {}
[6.547057] (-) TimerEvent: {}
[6.647694] (-) TimerEvent: {}
[6.748358] (-) TimerEvent: {}
[6.849017] (-) TimerEvent: {}
[6.949728] (-) TimerEvent: {}
[6.954147] (ublox_msgs) StdoutLine: {'line': b'-- Found Python3: /usr/bin/python3 (found version "3.10.12") found components: Interpreter \n'}
[7.049956] (-) TimerEvent: {}
[7.150672] (-) TimerEvent: {}
[7.251386] (-) TimerEvent: {}
[7.352085] (-) TimerEvent: {}
[7.452761] (-) TimerEvent: {}
[7.531216] (ublox_msgs) StdoutLine: {'line': b'-- Found rosidl_default_generators: 1.2.0 (/opt/ros/humble/share/rosidl_default_generators/cmake)\n'}
[7.553056] (-) TimerEvent: {}
[7.556532] (ublox_msgs) StdoutLine: {'line': b'-- Using all available rosidl_typesupport_c: rosidl_typesupport_fastrtps_c;rosidl_typesupport_introspection_c\n'}
[7.623191] (ublox_msgs) StdoutLine: {'line': b'-- Found rosidl_adapter: 3.1.6 (/opt/ros/humble/share/rosidl_adapter/cmake)\n'}
[7.653311] (-) TimerEvent: {}
[7.754391] (-) TimerEvent: {}
[7.855538] (-) TimerEvent: {}
[7.956836] (-) TimerEvent: {}
[7.996191] (ublox_msgs) StdoutLine: {'line': b'-- Using all available rosidl_typesupport_cpp: rosidl_typesupport_fastrtps_cpp;rosidl_typesupport_introspection_cpp\n'}
[8.057172] (-) TimerEvent: {}
[8.158856] (-) TimerEvent: {}
[8.260939] (-) TimerEvent: {}
[8.315560] (ublox_msgs) StdoutLine: {'line': b'-- Found sensor_msgs: 4.2.4 (/opt/ros/humble/share/sensor_msgs/cmake)\n'}
[8.361233] (-) TimerEvent: {}
[8.462641] (-) TimerEvent: {}
[8.563714] (-) TimerEvent: {}
[8.664533] (-) TimerEvent: {}
[8.693153] (ublox_msgs) StdoutLine: {'line': b'-- Found ublox_serialization: 2.2.0 (/home/amigo-pi/amigo_ros2_pi/install/ublox_serialization/share/ublox_serialization/cmake)\n'}
[8.764940] (-) TimerEvent: {}
[8.866257] (-) TimerEvent: {}
[8.968019] (-) TimerEvent: {}
[9.069285] (-) TimerEvent: {}
[9.170370] (-) TimerEvent: {}
[9.271514] (-) TimerEvent: {}
[9.372240] (-) TimerEvent: {}
[9.473071] (-) TimerEvent: {}
[9.574522] (-) TimerEvent: {}
[9.675922] (-) TimerEvent: {}
[9.777290] (-) TimerEvent: {}
[9.878008] (-) TimerEvent: {}
[9.978649] (-) TimerEvent: {}
[10.079244] (-) TimerEvent: {}
[10.179867] (-) TimerEvent: {}
[10.280559] (-) TimerEvent: {}
[10.381345] (-) TimerEvent: {}
[10.482394] (-) TimerEvent: {}
[10.583282] (-) TimerEvent: {}
[10.684099] (-) TimerEvent: {}
[10.784848] (-) TimerEvent: {}
[10.885491] (-) TimerEvent: {}
[10.986168] (-) TimerEvent: {}
[11.086869] (-) TimerEvent: {}
[11.187524] (-) TimerEvent: {}
[11.288172] (-) TimerEvent: {}
[11.388838] (-) TimerEvent: {}
[11.489754] (-) TimerEvent: {}
[11.591015] (-) TimerEvent: {}
[11.692303] (-) TimerEvent: {}
[11.794017] (-) TimerEvent: {}
[11.894959] (-) TimerEvent: {}
[11.995618] (-) TimerEvent: {}
[12.096267] (-) TimerEvent: {}
[12.196886] (-) TimerEvent: {}
[12.297506] (-) TimerEvent: {}
[12.398223] (-) TimerEvent: {}
[12.498892] (-) TimerEvent: {}
[12.599560] (-) TimerEvent: {}
[12.700227] (-) TimerEvent: {}
[12.801132] (-) TimerEvent: {}
[12.902047] (-) TimerEvent: {}
[13.002744] (-) TimerEvent: {}
[13.103375] (-) TimerEvent: {}
[13.204020] (-) TimerEvent: {}
[13.304726] (-) TimerEvent: {}
[13.405442] (-) TimerEvent: {}
[13.506167] (-) TimerEvent: {}
[13.606891] (-) TimerEvent: {}
[13.707554] (-) TimerEvent: {}
[13.808231] (-) TimerEvent: {}
[13.908958] (-) TimerEvent: {}
[14.009638] (-) TimerEvent: {}
[14.110442] (-) TimerEvent: {}
[14.211855] (-) TimerEvent: {}
[14.312540] (-) TimerEvent: {}
[14.413242] (-) TimerEvent: {}
[14.513943] (-) TimerEvent: {}
[14.614725] (-) TimerEvent: {}
[14.713428] (ublox_msgs) StdoutLine: {'line': b'-- Using all available rosidl_typesupport_c: rosidl_typesupport_fastrtps_c;rosidl_typesupport_introspection_c\n'}
[14.714836] (-) TimerEvent: {}
[14.815522] (-) TimerEvent: {}
[14.916264] (-) TimerEvent: {}
[15.017032] (-) TimerEvent: {}
[15.117735] (-) TimerEvent: {}
[15.218498] (-) TimerEvent: {}
[15.319183] (-) TimerEvent: {}
[15.419859] (-) TimerEvent: {}
[15.520499] (-) TimerEvent: {}
[15.621191] (-) TimerEvent: {}
[15.722200] (-) TimerEvent: {}
[15.822888] (-) TimerEvent: {}
[15.923545] (-) TimerEvent: {}
[16.024318] (-) TimerEvent: {}
[16.125230] (-) TimerEvent: {}
[16.225956] (-) TimerEvent: {}
[16.326693] (-) TimerEvent: {}
[16.427447] (-) TimerEvent: {}
[16.528264] (-) TimerEvent: {}
[16.579363] (ublox_msgs) StdoutLine: {'line': b'-- Using all available rosidl_typesupport_cpp: rosidl_typesupport_fastrtps_cpp;rosidl_typesupport_introspection_cpp\n'}
[16.628486] (-) TimerEvent: {}
[16.695409] (ublox_msgs) StdoutLine: {'line': b'-- Found PythonInterp: /usr/bin/python3 (found suitable version "3.10.12", minimum required is "3.6") \n'}
[16.715098] (ublox_msgs) StdoutLine: {'line': b'-- Found python_cmake_module: 0.10.0 (/opt/ros/humble/share/python_cmake_module/cmake)\n'}
[16.728791] (-) TimerEvent: {}
[16.829685] (-) TimerEvent: {}
[16.840565] (ublox_msgs) StdoutLine: {'line': b'-- Found PythonLibs: /usr/lib/aarch64-linux-gnu/libpython3.10.so (found suitable version "3.10.12", minimum required is "3.5") \n'}
[16.841466] (ublox_msgs) StdoutLine: {'line': b'-- Using PYTHON_EXECUTABLE: /usr/bin/python3\n'}
[16.841940] (ublox_msgs) StdoutLine: {'line': b'-- Using PYTHON_INCLUDE_DIRS: /usr/include/python3.10\n'}
[16.842344] (ublox_msgs) StdoutLine: {'line': b'-- Using PYTHON_LIBRARIES: /usr/lib/aarch64-linux-gnu/libpython3.10.so\n'}
[16.929904] (-) TimerEvent: {}
[16.948358] (ublox_msgs) StdoutLine: {'line': b'-- Found PythonExtra: .so  \n'}
[17.030046] (-) TimerEvent: {}
[17.130736] (-) TimerEvent: {}
[17.231359] (-) TimerEvent: {}
[17.332031] (-) TimerEvent: {}
[17.337503] (ublox_msgs) StderrLine: {'line': b'\x1b[0mCMake Deprecation Warning at /opt/ros/humble/share/rosidl_cmake/cmake/rosidl_target_interfaces.cmake:32 (message):\n'}
[17.338237] (ublox_msgs) StderrLine: {'line': b'  Use rosidl_get_typesupport_target() and target_link_libraries() instead of\n'}
[17.338603] (ublox_msgs) StderrLine: {'line': b'  rosidl_target_interfaces()\n'}
[17.338922] (ublox_msgs) StderrLine: {'line': b'Call Stack (most recent call first):\n'}
[17.339220] (ublox_msgs) StderrLine: {'line': b'  CMakeLists.txt:108 (rosidl_target_interfaces)\n'}
[17.339521] (ublox_msgs) StderrLine: {'line': b'\n'}
[17.339823] (ublox_msgs) StderrLine: {'line': b'\x1b[0m\n'}
[17.382259] (ublox_msgs) StdoutLine: {'line': b'-- Configuring done\n'}
[17.432260] (-) TimerEvent: {}
[17.533079] (-) TimerEvent: {}
[17.633795] (-) TimerEvent: {}
[17.734532] (-) TimerEvent: {}
[17.835231] (-) TimerEvent: {}
[17.935923] (-) TimerEvent: {}
[18.036621] (-) TimerEvent: {}
[18.051384] (ublox_msgs) StdoutLine: {'line': b'-- Generating done\n'}
[18.136868] (-) TimerEvent: {}
[18.144263] (ublox_msgs) StdoutLine: {'line': b'-- Build files have been written to: /home/amigo-pi/amigo_ros2_pi/build/ublox_msgs\n'}
[18.198419] (ublox_msgs) CommandEnded: {'returncode': 0}
[18.200329] (ublox_msgs) JobProgress: {'identifier': 'ublox_msgs', 'progress': 'build'}
[18.201282] (ublox_msgs) Command: {'cmd': ['/usr/bin/cmake', '--build', '/home/amigo-pi/amigo_ros2_pi/build/ublox_msgs', '--', '-j4', '-l4'], 'cwd': '/home/amigo-pi/amigo_ros2_pi/build/ublox_msgs', 'env': OrderedDict([('LESSOPEN', '| /usr/bin/lesspipe %s'), ('USER', 'amigo-pi'), ('XDG_SESSION_TYPE', 'wayland'), ('SHLVL', '1'), ('LD_LIBRARY_PATH', '/opt/ros/humble/opt/rviz_ogre_vendor/lib:/opt/ros/humble/lib/aarch64-linux-gnu:/opt/ros/humble/lib'), ('HOME', '/home/amigo-pi'), ('OLDPWD', '/home/amigo-pi/amigo_ros2_pi/src'), ('DESKTOP_SESSION', 'ubuntu'), ('ROS_PYTHON_VERSION', '3'), ('GNOME_SHELL_SESSION_MODE', 'ubuntu'), ('GTK_MODULES', 'gail:atk-bridge'), ('SYSTEMD_EXEC_PID', '1688'), ('DBUS_SESSION_BUS_ADDRESS', 'unix:path=/run/user/1000/bus'), ('COLORTERM', 'truecolor'), ('IM_CONFIG_PHASE', '1'), ('WAYLAND_DISPLAY', 'wayland-0'), ('COLCON_PREFIX_PATH', '/home/amigo-pi/amigo_ros2_pi/install'), ('ROS_DISTRO', 'humble'), ('LOGNAME', 'amigo-pi'), ('_', '/usr/bin/colcon'), ('ROS_VERSION', '2'), ('XDG_SESSION_CLASS', 'user'), ('USERNAME', 'amigo-pi'), ('TERM', 'xterm-256color'), ('GNOME_DESKTOP_SESSION_ID', 'this-is-deprecated'), ('ROS_LOCALHOST_ONLY', '0'), ('PATH', '/opt/ros/humble/bin:/home/amigo-pi/.local/bin:/usr/local/sbin:/usr/local/bin:/usr/sbin:/usr/bin:/sbin:/bin:/usr/games:/usr/local/games:/snap/bin:/snap/bin'), ('SESSION_MANAGER', 'local/amigopi-desktop:@/tmp/.ICE-unix/1656,unix/amigopi-desktop:/tmp/.ICE-unix/1656'), ('XDG_MENU_PREFIX', 'gnome-'), ('GNOME_TERMINAL_SCREEN', '/org/gnome/Terminal/screen/377ea5d9_cb09_4d5c_9fe5_c2e0dc79847d'), ('GNOME_SETUP_DISPLAY', ':1'), ('XDG_RUNTIME_DIR', '/run/user/1000'), ('DISPLAY', ':0'), ('LANG', 'en_US.UTF-8'), ('XDG_CURRENT_DESKTOP', 'ubuntu:GNOME'), ('XMODIFIERS', '@im=ibus'), ('XDG_SESSION_DESKTOP', 'ubuntu'), ('XAUTHORITY', '/run/user/1000/.mutter-Xwaylandauth.6Z6D32'), ('LS_COLORS', 'rs=0:di=01;34:ln=01;36:mh=00:pi=40;33:so=01;35:do=01;35:bd=40;33;01:cd=40;33;01:or=40;31;01:mi=00:su=37;41:sg=30;43:ca=30;41:tw=30;42:ow=34;42:st=37;44:ex=01;32:*.tar=01;31:*.tgz=01;31:*.arc=01;31:*.arj=01;31:*.taz=01;31:*.lha=01;31:*.lz4=01;31:*.lzh=01;31:*.lzma=01;31:*.tlz=01;31:*.txz=01;31:*.tzo=01;31:*.t7z=01;31:*.zip=01;31:*.z=01;31:*.dz=01;31:*.gz=01;31:*.lrz=01;31:*.lz=01;31:*.lzo=01;31:*.xz=01;31:*.zst=01;31:*.tzst=01;31:*.bz2=01;31:*.bz=01;31:*.tbz=01;31:*.tbz2=01;31:*.tz=01;31:*.deb=01;31:*.rpm=01;31:*.jar=01;31:*.war=01;31:*.ear=01;31:*.sar=01;31:*.rar=01;31:*.alz=01;31:*.ace=01;31:*.zoo=01;31:*.cpio=01;31:*.7z=01;31:*.rz=01;31:*.cab=01;31:*.wim=01;31:*.swm=01;31:*.dwm=01;31:*.esd=01;31:*.jpg=01;35:*.jpeg=01;35:*.mjpg=01;35:*.mjpeg=01;35:*.gif=01;35:*.bmp=01;35:*.pbm=01;35:*.pgm=01;35:*.ppm=01;35:*.tga=01;35:*.xbm=01;35:*.xpm=01;35:*.tif=01;35:*.tiff=01;35:*.png=01;35:*.svg=01;35:*.svgz=01;35:*.mng=01;35:*.pcx=01;35:*.mov=01;35:*.mpg=01;35:*.mpeg=01;35:*.m2v=01;35:*.mkv=01;35:*.webm=01;35:*.webp=01;35:*.ogm=01;35:*.mp4=01;35:*.m4v=01;35:*.mp4v=01;35:*.vob=01;35:*.qt=01;35:*.nuv=01;35:*.wmv=01;35:*.asf=01;35:*.rm=01;35:*.rmvb=01;35:*.flc=01;35:*.avi=01;35:*.fli=01;35:*.flv=01;35:*.gl=01;35:*.dl=01;35:*.xcf=01;35:*.xwd=01;35:*.yuv=01;35:*.cgm=01;35:*.emf=01;35:*.ogv=01;35:*.ogx=01;35:*.aac=00;36:*.au=00;36:*.flac=00;36:*.m4a=00;36:*.mid=00;36:*.midi=00;36:*.mka=00;36:*.mp3=00;36:*.mpc=00;36:*.ogg=00;36:*.ra=00;36:*.wav=00;36:*.oga=00;36:*.opus=00;36:*.spx=00;36:*.xspf=00;36:'), ('GNOME_TERMINAL_SERVICE', ':1.123'), ('SSH_AGENT_LAUNCHER', 'gnome-keyring'), ('SSH_AUTH_SOCK', '/run/user/1000/keyring/ssh'), ('AMENT_PREFIX_PATH', '/home/amigo-pi/amigo_ros2_pi/install/ublox_serialization:/home/amigo-pi/amigo_ros2_pi/install/camera_control:/opt/ros/humble'), ('SHELL', '/bin/bash'), ('QT_ACCESSIBILITY', '1'), ('GDMSESSION', 'ubuntu'), ('LESSCLOSE', '/usr/bin/lesspipe %s %s'), ('QT_IM_MODULE', 'ibus'), ('PWD', '/home/amigo-pi/amigo_ros2_pi/build/ublox_msgs'), ('LC_ALL', 'en_US.UTF-8'), ('XDG_CONFIG_DIRS', '/etc/xdg/xdg-ubuntu:/etc/xdg'), ('XDG_DATA_DIRS', '/usr/share/ubuntu:/usr/local/share/:/usr/share/:/var/lib/snapd/desktop'), ('PYTHONPATH', '/home/amigopi/workspaces/amigo_ros2_pi/build/camera_control:/home/amigo-pi/amigo_ros2_pi/install/camera_control/lib/python3.10/site-packages:/opt/ros/humble/lib/python3.10/site-packages:/opt/ros/humble/local/lib/python3.10/dist-packages'), ('COLCON', '1'), ('VTE_VERSION', '6800'), ('CMAKE_PREFIX_PATH', '/home/amigo-pi/amigo_ros2_pi/install/ublox_serialization:/home/amigo-pi/amigo_ros2_pi/install/camera_control:/opt/ros/humble')]), 'shell': False}
[18.237102] (-) TimerEvent: {}
[18.337944] (-) TimerEvent: {}
[18.438748] (-) TimerEvent: {}
[18.539564] (-) TimerEvent: {}
[18.553807] (ublox_msgs) StdoutLine: {'line': b'[  0%] \x1b[34m\x1b[1mGenerating C code for ROS interfaces\x1b[0m\n'}
[18.618992] (ublox_msgs) StdoutLine: {'line': b'[  0%] Built target ament_cmake_python_copy_ublox_msgs\n'}
[18.620432] (ublox_msgs) StdoutLine: {'line': b'[  0%] \x1b[34m\x1b[1mGenerating C++ code for ROS interfaces\x1b[0m\n'}
[18.639819] (-) TimerEvent: {}
[18.740848] (-) TimerEvent: {}
[18.842438] (-) TimerEvent: {}
[18.943917] (-) TimerEvent: {}
[19.044796] (-) TimerEvent: {}
[19.145587] (-) TimerEvent: {}
[19.246443] (-) TimerEvent: {}
[19.347180] (-) TimerEvent: {}
[19.447868] (-) TimerEvent: {}
[19.548629] (-) TimerEvent: {}
[19.649388] (-) TimerEvent: {}
[19.750154] (-) TimerEvent: {}
[19.850912] (-) TimerEvent: {}
[19.951717] (-) TimerEvent: {}
[20.052720] (-) TimerEvent: {}
[20.153454] (-) TimerEvent: {}
[20.254257] (-) TimerEvent: {}
[20.268473] (ublox_msgs) StdoutLine: {'line': b'running egg_info\n'}
[20.271299] (ublox_msgs) StdoutLine: {'line': b'creating ublox_msgs.egg-info\n'}
[20.272257] (ublox_msgs) StdoutLine: {'line': b'writing ublox_msgs.egg-info/PKG-INFO\n'}
[20.273254] (ublox_msgs) StdoutLine: {'line': b'writing dependency_links to ublox_msgs.egg-info/dependency_links.txt\n'}
[20.274911] (ublox_msgs) StdoutLine: {'line': b'writing top-level names to ublox_msgs.egg-info/top_level.txt\n'}
[20.277840] (ublox_msgs) StdoutLine: {'line': b"writing manifest file 'ublox_msgs.egg-info/SOURCES.txt'\n"}
[20.287837] (ublox_msgs) StdoutLine: {'line': b"reading manifest file 'ublox_msgs.egg-info/SOURCES.txt'\n"}
[20.293801] (ublox_msgs) StdoutLine: {'line': b"writing manifest file 'ublox_msgs.egg-info/SOURCES.txt'\n"}
[20.354517] (-) TimerEvent: {}
[20.448879] (ublox_msgs) StdoutLine: {'line': b'[  0%] Built target ament_cmake_python_build_ublox_msgs_egg\n'}
[20.454715] (-) TimerEvent: {}
[20.555771] (-) TimerEvent: {}
[20.657109] (-) TimerEvent: {}
[20.758720] (-) TimerEvent: {}
[20.859858] (-) TimerEvent: {}
[20.960636] (-) TimerEvent: {}
[21.061358] (-) TimerEvent: {}
[21.162236] (-) TimerEvent: {}
[21.263338] (-) TimerEvent: {}
[21.364062] (-) TimerEvent: {}
[21.464780] (-) TimerEvent: {}
[21.565477] (-) TimerEvent: {}
[21.666277] (-) TimerEvent: {}
[21.766981] (-) TimerEvent: {}
[21.867684] (-) TimerEvent: {}
[21.968405] (-) TimerEvent: {}
[22.069142] (-) TimerEvent: {}
[22.169940] (-) TimerEvent: {}
[22.270679] (-) TimerEvent: {}
[22.371378] (-) TimerEvent: {}
[22.472072] (-) TimerEvent: {}
[22.572837] (-) TimerEvent: {}
[22.673578] (-) TimerEvent: {}
[22.774428] (-) TimerEvent: {}
[22.875211] (-) TimerEvent: {}
[22.975990] (-) TimerEvent: {}
[23.076772] (-) TimerEvent: {}
[23.177504] (-) TimerEvent: {}
[23.278265] (-) TimerEvent: {}
[23.379057] (-) TimerEvent: {}
[23.479791] (-) TimerEvent: {}
[23.580507] (-) TimerEvent: {}
[23.681323] (-) TimerEvent: {}
[23.782612] (-) TimerEvent: {}
[23.883348] (-) TimerEvent: {}
[23.984094] (-) TimerEvent: {}
[24.084852] (-) TimerEvent: {}
[24.185596] (-) TimerEvent: {}
[24.286532] (-) TimerEvent: {}
[24.387451] (-) TimerEvent: {}
[24.488160] (-) TimerEvent: {}
[24.588872] (-) TimerEvent: {}
[24.689623] (-) TimerEvent: {}
[24.790442] (-) TimerEvent: {}
[24.891226] (-) TimerEvent: {}
[24.992206] (-) TimerEvent: {}
[25.092979] (-) TimerEvent: {}
[25.193708] (-) TimerEvent: {}
[25.294510] (-) TimerEvent: {}
[25.395191] (-) TimerEvent: {}
[25.495909] (-) TimerEvent: {}
[25.596642] (-) TimerEvent: {}
[25.697444] (-) TimerEvent: {}
[25.798491] (-) TimerEvent: {}
[25.899208] (-) TimerEvent: {}
[25.999908] (-) TimerEvent: {}
[26.100741] (-) TimerEvent: {}
[26.201486] (-) TimerEvent: {}
[26.302587] (-) TimerEvent: {}
[26.403822] (-) TimerEvent: {}
[26.504580] (-) TimerEvent: {}
[26.605344] (-) TimerEvent: {}
[26.706211] (-) TimerEvent: {}
[26.807091] (-) TimerEvent: {}
[26.907838] (-) TimerEvent: {}
[27.008595] (-) TimerEvent: {}
[27.109365] (-) TimerEvent: {}
[27.210260] (-) TimerEvent: {}
[27.310978] (-) TimerEvent: {}
[27.411680] (-) TimerEvent: {}
[27.512533] (-) TimerEvent: {}
[27.613558] (-) TimerEvent: {}
[27.714414] (-) TimerEvent: {}
[27.815131] (-) TimerEvent: {}
[27.915812] (-) TimerEvent: {}
[28.016517] (-) TimerEvent: {}
[28.117311] (-) TimerEvent: {}
[28.218308] (-) TimerEvent: {}
[28.318988] (-) TimerEvent: {}
[28.419713] (-) TimerEvent: {}
[28.520419] (-) TimerEvent: {}
[28.621172] (-) TimerEvent: {}
[28.722039] (-) TimerEvent: {}
[28.822948] (-) TimerEvent: {}
[28.923682] (-) TimerEvent: {}
[29.024396] (-) TimerEvent: {}
[29.125105] (-) TimerEvent: {}
[29.225835] (-) TimerEvent: {}
[29.326634] (-) TimerEvent: {}
[29.427329] (-) TimerEvent: {}
[29.528091] (-) TimerEvent: {}
[29.628915] (-) TimerEvent: {}
[29.729625] (-) TimerEvent: {}
[29.830346] (-) TimerEvent: {}
[29.931083] (-) TimerEvent: {}
[30.031800] (-) TimerEvent: {}
[30.132547] (-) TimerEvent: {}
[30.233298] (-) TimerEvent: {}
[30.334156] (-) TimerEvent: {}
[30.435087] (-) TimerEvent: {}
[30.535846] (-) TimerEvent: {}
[30.636594] (-) TimerEvent: {}
[30.737429] (-) TimerEvent: {}
[30.838195] (-) TimerEvent: {}
[30.939150] (-) TimerEvent: {}
[31.039889] (-) TimerEvent: {}
[31.140611] (-) TimerEvent: {}
[31.241365] (-) TimerEvent: {}
[31.342139] (-) TimerEvent: {}
[31.442902] (-) TimerEvent: {}
[31.543619] (-) TimerEvent: {}
[31.644352] (-) TimerEvent: {}
[31.745072] (-) TimerEvent: {}
[31.845786] (-) TimerEvent: {}
[31.946525] (-) TimerEvent: {}
[32.047310] (-) TimerEvent: {}
[32.148012] (-) TimerEvent: {}
[32.248750] (-) TimerEvent: {}
[32.349527] (-) TimerEvent: {}
[32.450344] (-) TimerEvent: {}
[32.551033] (-) TimerEvent: {}
[32.651808] (-) TimerEvent: {}
[32.752535] (-) TimerEvent: {}
[32.853259] (-) TimerEvent: {}
[32.954064] (-) TimerEvent: {}
[33.054870] (-) TimerEvent: {}
[33.156043] (-) TimerEvent: {}
[33.257201] (-) TimerEvent: {}
[33.358030] (-) TimerEvent: {}
[33.458734] (-) TimerEvent: {}
[33.559479] (-) TimerEvent: {}
[33.660230] (-) TimerEvent: {}
[33.760966] (-) TimerEvent: {}
[33.861723] (-) TimerEvent: {}
[33.962532] (-) TimerEvent: {}
[34.063429] (-) TimerEvent: {}
[34.164139] (-) TimerEvent: {}
[34.264932] (-) TimerEvent: {}
[34.365952] (-) TimerEvent: {}
[34.466633] (-) TimerEvent: {}
[34.567388] (-) TimerEvent: {}
[34.668141] (-) TimerEvent: {}
[34.768950] (-) TimerEvent: {}
[34.869882] (-) TimerEvent: {}
[34.970651] (-) TimerEvent: {}
[35.071425] (-) TimerEvent: {}
[35.172176] (-) TimerEvent: {}
[35.272973] (-) TimerEvent: {}
[35.373725] (-) TimerEvent: {}
[35.474522] (-) TimerEvent: {}
[35.575393] (-) TimerEvent: {}
[35.676439] (-) TimerEvent: {}
[35.777193] (-) TimerEvent: {}
[35.878007] (-) TimerEvent: {}
[35.979189] (-) TimerEvent: {}
[36.080345] (-) TimerEvent: {}
[36.181157] (-) TimerEvent: {}
[36.282207] (-) TimerEvent: {}
[36.382943] (-) TimerEvent: {}
[36.483694] (-) TimerEvent: {}
[36.584405] (-) TimerEvent: {}
[36.685167] (-) TimerEvent: {}
[36.785973] (-) TimerEvent: {}
[36.886672] (-) TimerEvent: {}
[36.987461] (-) TimerEvent: {}
[37.088227] (-) TimerEvent: {}
[37.188951] (-) TimerEvent: {}
[37.289727] (-) TimerEvent: {}
[37.390574] (-) TimerEvent: {}
[37.491365] (-) TimerEvent: {}
[37.592140] (-) TimerEvent: {}
[37.692872] (-) TimerEvent: {}
[37.793696] (-) TimerEvent: {}
[37.894646] (-) TimerEvent: {}
[37.995421] (-) TimerEvent: {}
[38.096144] (-) TimerEvent: {}
[38.196896] (-) TimerEvent: {}
[38.297627] (-) TimerEvent: {}
[38.398398] (-) TimerEvent: {}
[38.499183] (-) TimerEvent: {}
[38.600014] (-) TimerEvent: {}
[38.700939] (-) TimerEvent: {}
[38.801768] (-) TimerEvent: {}
[38.902729] (-) TimerEvent: {}
[39.003491] (-) TimerEvent: {}
[39.104239] (-) TimerEvent: {}
[39.204974] (-) TimerEvent: {}
[39.305713] (-) TimerEvent: {}
[39.406534] (-) TimerEvent: {}
[39.507611] (-) TimerEvent: {}
[39.608452] (-) TimerEvent: {}
[39.709395] (-) TimerEvent: {}
[39.810127] (-) TimerEvent: {}
[39.910852] (-) TimerEvent: {}
[40.011561] (-) TimerEvent: {}
[40.112302] (-) TimerEvent: {}
[40.213052] (-) TimerEvent: {}
[40.313765] (-) TimerEvent: {}
[40.414492] (-) TimerEvent: {}
[40.515276] (-) TimerEvent: {}
[40.616000] (-) TimerEvent: {}
[40.716807] (-) TimerEvent: {}
[40.817575] (-) TimerEvent: {}
[40.918368] (-) TimerEvent: {}
[41.019215] (-) TimerEvent: {}
[41.119943] (-) TimerEvent: {}
[41.220755] (-) TimerEvent: {}
[41.321670] (-) TimerEvent: {}
[41.422470] (-) TimerEvent: {}
[41.523315] (-) TimerEvent: {}
[41.624616] (-) TimerEvent: {}
[41.725379] (-) TimerEvent: {}
[41.826216] (-) TimerEvent: {}
[41.926992] (-) TimerEvent: {}
[42.027884] (-) TimerEvent: {}
[42.128626] (-) TimerEvent: {}
[42.229382] (-) TimerEvent: {}
[42.330138] (-) TimerEvent: {}
[42.430866] (-) TimerEvent: {}
[42.531587] (-) TimerEvent: {}
[42.632301] (-) TimerEvent: {}
[42.733018] (-) TimerEvent: {}
[42.833739] (-) TimerEvent: {}
[42.934513] (-) TimerEvent: {}
[43.035234] (-) TimerEvent: {}
[43.136086] (-) TimerEvent: {}
[43.237004] (-) TimerEvent: {}
[43.337763] (-) TimerEvent: {}
[43.438517] (-) TimerEvent: {}
[43.539294] (-) TimerEvent: {}
[43.640002] (-) TimerEvent: {}
[43.740755] (-) TimerEvent: {}
[43.841481] (-) TimerEvent: {}
[43.942414] (-) TimerEvent: {}
[44.043794] (-) TimerEvent: {}
[44.145612] (-) TimerEvent: {}
[44.246520] (-) TimerEvent: {}
[44.347256] (-) TimerEvent: {}
[44.447995] (-) TimerEvent: {}
[44.548890] (-) TimerEvent: {}
[44.649767] (-) TimerEvent: {}
[44.750545] (-) TimerEvent: {}
[44.851360] (-) TimerEvent: {}
[44.952393] (-) TimerEvent: {}
[45.054118] (-) TimerEvent: {}
[45.155847] (-) TimerEvent: {}
[45.258872] (-) TimerEvent: {}
[45.361625] (-) TimerEvent: {}
[45.463071] (-) TimerEvent: {}
[45.563769] (-) TimerEvent: {}
[45.664440] (-) TimerEvent: {}
[45.765193] (-) TimerEvent: {}
[45.866055] (-) TimerEvent: {}
[45.966962] (-) TimerEvent: {}
[46.067754] (-) TimerEvent: {}
[46.168525] (-) TimerEvent: {}
[46.269269] (-) TimerEvent: {}
[46.370069] (-) TimerEvent: {}
[46.470796] (-) TimerEvent: {}
[46.571513] (-) TimerEvent: {}
[46.672250] (-) TimerEvent: {}
[46.773069] (-) TimerEvent: {}
[46.874183] (-) TimerEvent: {}
[46.974886] (-) TimerEvent: {}
[47.075606] (-) TimerEvent: {}
[47.176339] (-) TimerEvent: {}
[47.277073] (-) TimerEvent: {}
[47.377814] (-) TimerEvent: {}
[47.478629] (-) TimerEvent: {}
[47.579346] (-) TimerEvent: {}
[47.680135] (-) TimerEvent: {}
[47.780831] (-) TimerEvent: {}
[47.881544] (-) TimerEvent: {}
[47.982356] (-) TimerEvent: {}
[48.083141] (-) TimerEvent: {}
[48.184262] (-) TimerEvent: {}
[48.285195] (-) TimerEvent: {}
[48.386080] (-) TimerEvent: {}
[48.487064] (-) TimerEvent: {}
[48.587784] (-) TimerEvent: {}
[48.688531] (-) TimerEvent: {}
[48.789306] (-) TimerEvent: {}
[48.890086] (-) TimerEvent: {}
[48.990798] (-) TimerEvent: {}
[49.091520] (-) TimerEvent: {}
[49.192172] (-) TimerEvent: {}
[49.292947] (-) TimerEvent: {}
[49.393734] (-) TimerEvent: {}
[49.494550] (-) TimerEvent: {}
[49.595266] (-) TimerEvent: {}
[49.695982] (-) TimerEvent: {}
[49.796697] (-) TimerEvent: {}
[49.897434] (-) TimerEvent: {}
[49.998294] (-) TimerEvent: {}
[50.099022] (-) TimerEvent: {}
[50.199772] (-) TimerEvent: {}
[50.300536] (-) TimerEvent: {}
[50.401279] (-) TimerEvent: {}
[50.502007] (-) TimerEvent: {}
[50.602784] (-) TimerEvent: {}
[50.703492] (-) TimerEvent: {}
[50.804202] (-) TimerEvent: {}
[50.905069] (-) TimerEvent: {}
[51.006316] (-) TimerEvent: {}
[51.107189] (-) TimerEvent: {}
[51.207881] (-) TimerEvent: {}
[51.308589] (-) TimerEvent: {}
[51.409463] (-) TimerEvent: {}
[51.510531] (-) TimerEvent: {}
[51.611213] (-) TimerEvent: {}
[51.711915] (-) TimerEvent: {}
[51.812654] (-) TimerEvent: {}
[51.913467] (-) TimerEvent: {}
[52.014382] (-) TimerEvent: {}
[52.115096] (-) TimerEvent: {}
[52.215816] (-) TimerEvent: {}
[52.316654] (-) TimerEvent: {}
[52.417599] (-) TimerEvent: {}
[52.518391] (-) TimerEvent: {}
[52.619104] (-) TimerEvent: {}
[52.719846] (-) TimerEvent: {}
[52.820553] (-) TimerEvent: {}
[52.921247] (-) TimerEvent: {}
[53.021987] (-) TimerEvent: {}
[53.122699] (-) TimerEvent: {}
[53.223461] (-) TimerEvent: {}
[53.324214] (-) TimerEvent: {}
[53.424978] (-) TimerEvent: {}
[53.525705] (-) TimerEvent: {}
[53.626490] (-) TimerEvent: {}
[53.727259] (-) TimerEvent: {}
[53.827995] (-) TimerEvent: {}
[53.928747] (-) TimerEvent: {}
[54.029514] (-) TimerEvent: {}
[54.130258] (-) TimerEvent: {}
[54.231103] (-) TimerEvent: {}
[54.332348] (-) TimerEvent: {}
[54.433081] (-) TimerEvent: {}
[54.533939] (-) TimerEvent: {}
[54.634724] (-) TimerEvent: {}
[54.735559] (-) TimerEvent: {}
[54.836482] (-) TimerEvent: {}
[54.937289] (-) TimerEvent: {}
[55.038301] (-) TimerEvent: {}
[55.139059] (-) TimerEvent: {}
[55.239808] (-) TimerEvent: {}
[55.340746] (-) TimerEvent: {}
[55.441628] (-) TimerEvent: {}
[55.542514] (-) TimerEvent: {}
[55.643269] (-) TimerEvent: {}
[55.743976] (-) TimerEvent: {}
[55.844719] (-) TimerEvent: {}
[55.945438] (-) TimerEvent: {}
[56.046170] (-) TimerEvent: {}
[56.146941] (-) TimerEvent: {}
[56.247638] (-) TimerEvent: {}
[56.348394] (-) TimerEvent: {}
[56.449146] (-) TimerEvent: {}
[56.549891] (-) TimerEvent: {}
[56.650680] (-) TimerEvent: {}
[56.751465] (-) TimerEvent: {}
[56.852215] (-) TimerEvent: {}
[56.953009] (-) TimerEvent: {}
[57.053906] (-) TimerEvent: {}
[57.154689] (-) TimerEvent: {}
[57.255649] (-) TimerEvent: {}
[57.356779] (-) TimerEvent: {}
[57.457540] (-) TimerEvent: {}
[57.558329] (-) TimerEvent: {}
[57.659076] (-) TimerEvent: {}
[57.759875] (-) TimerEvent: {}
[57.860655] (-) TimerEvent: {}
[57.961410] (-) TimerEvent: {}
[58.062160] (-) TimerEvent: {}
[58.162913] (-) TimerEvent: {}
[58.263604] (-) TimerEvent: {}
[58.364224] (-) TimerEvent: {}
[58.464913] (-) TimerEvent: {}
[58.565649] (-) TimerEvent: {}
[58.666433] (-) TimerEvent: {}
[58.767211] (-) TimerEvent: {}
[58.867942] (-) TimerEvent: {}
[58.968664] (-) TimerEvent: {}
[59.069385] (-) TimerEvent: {}
[59.170118] (-) TimerEvent: {}
[59.270848] (-) TimerEvent: {}
[59.371640] (-) TimerEvent: {}
[59.472385] (-) TimerEvent: {}
[59.573128] (-) TimerEvent: {}
[59.673959] (-) TimerEvent: {}
[59.774672] (-) TimerEvent: {}
[59.875438] (-) TimerEvent: {}
[59.976266] (-) TimerEvent: {}
[60.076971] (-) TimerEvent: {}
[60.177791] (-) TimerEvent: {}
[60.278622] (-) TimerEvent: {}
[60.379646] (-) TimerEvent: {}
[60.480361] (-) TimerEvent: {}
[60.581031] (-) TimerEvent: {}
[60.681904] (-) TimerEvent: {}
[60.782924] (-) TimerEvent: {}
[60.883820] (-) TimerEvent: {}
[60.984629] (-) TimerEvent: {}
[61.085456] (-) TimerEvent: {}
[61.186251] (-) TimerEvent: {}
[61.286952] (-) TimerEvent: {}
[61.387730] (-) TimerEvent: {}
[61.488488] (-) TimerEvent: {}
[61.589304] (-) TimerEvent: {}
[61.690076] (-) TimerEvent: {}
[61.790783] (-) TimerEvent: {}
[61.891500] (-) TimerEvent: {}
[61.992276] (-) TimerEvent: {}
[62.093013] (-) TimerEvent: {}
[62.193763] (-) TimerEvent: {}
[62.294505] (-) TimerEvent: {}
[62.395214] (-) TimerEvent: {}
[62.495962] (-) TimerEvent: {}
[62.596657] (-) TimerEvent: {}
[62.697361] (-) TimerEvent: {}
[62.798146] (-) TimerEvent: {}
[62.898864] (-) TimerEvent: {}
[62.999548] (-) TimerEvent: {}
[63.100333] (-) TimerEvent: {}
[63.201061] (-) TimerEvent: {}
[63.301793] (-) TimerEvent: {}
[63.402595] (-) TimerEvent: {}
[63.503445] (-) TimerEvent: {}
[63.604526] (-) TimerEvent: {}
[63.705434] (-) TimerEvent: {}
[63.806142] (-) TimerEvent: {}
[63.906824] (-) TimerEvent: {}
[64.007731] (-) TimerEvent: {}
[64.108844] (-) TimerEvent: {}
[64.209601] (-) TimerEvent: {}
[64.310364] (-) TimerEvent: {}
[64.411088] (-) TimerEvent: {}
[64.511764] (-) TimerEvent: {}
[64.612474] (-) TimerEvent: {}
[64.713281] (-) TimerEvent: {}
[64.814129] (-) TimerEvent: {}
[64.914806] (-) TimerEvent: {}
[65.015532] (-) TimerEvent: {}
[65.116228] (-) TimerEvent: {}
[65.216989] (-) TimerEvent: {}
[65.317745] (-) TimerEvent: {}
[65.418523] (-) TimerEvent: {}
[65.519249] (-) TimerEvent: {}
[65.619997] (-) TimerEvent: {}
[65.720774] (-) TimerEvent: {}
[65.821535] (-) TimerEvent: {}
[65.922326] (-) TimerEvent: {}
[66.023073] (-) TimerEvent: {}
[66.124118] (-) TimerEvent: {}
[66.224902] (-) TimerEvent: {}
[66.325670] (-) TimerEvent: {}
[66.426422] (-) TimerEvent: {}
[66.527101] (-) TimerEvent: {}
[66.627842] (-) TimerEvent: {}
[66.728659] (-) TimerEvent: {}
[66.829412] (-) TimerEvent: {}
[66.930193] (-) TimerEvent: {}
[67.030880] (-) TimerEvent: {}
[67.131566] (-) TimerEvent: {}
[67.232278] (-) TimerEvent: {}
[67.333110] (-) TimerEvent: {}
[67.434075] (-) TimerEvent: {}
[67.535037] (-) TimerEvent: {}
[67.635757] (-) TimerEvent: {}
[67.736465] (-) TimerEvent: {}
[67.837179] (-) TimerEvent: {}
[67.937947] (-) TimerEvent: {}
[68.038686] (-) TimerEvent: {}
[68.139434] (-) TimerEvent: {}
[68.240221] (-) TimerEvent: {}
[68.341195] (-) TimerEvent: {}
[68.441941] (-) TimerEvent: {}
[68.542646] (-) TimerEvent: {}
[68.643372] (-) TimerEvent: {}
[68.744127] (-) TimerEvent: {}
[68.844879] (-) TimerEvent: {}
[68.945669] (-) TimerEvent: {}
[69.046407] (-) TimerEvent: {}
[69.147113] (-) TimerEvent: {}
[69.247811] (-) TimerEvent: {}
[69.348593] (-) TimerEvent: {}
[69.449394] (-) TimerEvent: {}
[69.550176] (-) TimerEvent: {}
[69.650877] (-) TimerEvent: {}
[69.751592] (-) TimerEvent: {}
[69.852441] (-) TimerEvent: {}
[69.953392] (-) TimerEvent: {}
[70.054170] (-) TimerEvent: {}
[70.155180] (-) TimerEvent: {}
[70.255916] (-) TimerEvent: {}
[70.356686] (-) TimerEvent: {}
[70.457467] (-) TimerEvent: {}
[70.558217] (-) TimerEvent: {}
[70.658944] (-) TimerEvent: {}
[70.760675] (-) TimerEvent: {}
[70.861511] (-) TimerEvent: {}
[70.962321] (-) TimerEvent: {}
[71.063044] (-) TimerEvent: {}
[71.163774] (-) TimerEvent: {}
[71.264483] (-) TimerEvent: {}
[71.365273] (-) TimerEvent: {}
[71.466019] (-) TimerEvent: {}
[71.566759] (-) TimerEvent: {}
[71.667598] (-) TimerEvent: {}
[71.768379] (-) TimerEvent: {}
[71.869170] (-) TimerEvent: {}
[71.969933] (-) TimerEvent: {}
[72.070675] (-) TimerEvent: {}
[72.171403] (-) TimerEvent: {}
[72.272123] (-) TimerEvent: {}
[72.372843] (-) TimerEvent: {}
[72.473625] (-) TimerEvent: {}
[72.574458] (-) TimerEvent: {}
[72.675388] (-) TimerEvent: {}
[72.776148] (-) TimerEvent: {}
[72.876934] (-) TimerEvent: {}
[72.977768] (-) TimerEvent: {}
[73.078702] (-) TimerEvent: {}
[73.179618] (-) TimerEvent: {}
[73.280352] (-) TimerEvent: {}
[73.381072] (-) TimerEvent: {}
[73.481883] (-) TimerEvent: {}
[73.582614] (-) TimerEvent: {}
[73.683338] (-) TimerEvent: {}
[73.784140] (-) TimerEvent: {}
[73.884918] (-) TimerEvent: {}
[73.985699] (-) TimerEvent: {}
[74.086449] (-) TimerEvent: {}
[74.187189] (-) TimerEvent: {}
[74.287909] (-) TimerEvent: {}
[74.388686] (-) TimerEvent: {}
[74.489518] (-) TimerEvent: {}
[74.590328] (-) TimerEvent: {}
[74.691050] (-) TimerEvent: {}
[74.791801] (-) TimerEvent: {}
[74.892567] (-) TimerEvent: {}
[74.993331] (-) TimerEvent: {}
[75.094078] (-) TimerEvent: {}
[75.194787] (-) TimerEvent: {}
[75.295534] (-) TimerEvent: {}
[75.396420] (-) TimerEvent: {}
[75.497845] (-) TimerEvent: {}
[75.598989] (-) TimerEvent: {}
[75.699721] (-) TimerEvent: {}
[75.800490] (-) TimerEvent: {}
[75.901278] (-) TimerEvent: {}
[76.002060] (-) TimerEvent: {}
[76.102955] (-) TimerEvent: {}
[76.203709] (-) TimerEvent: {}
[76.304436] (-) TimerEvent: {}
[76.405249] (-) TimerEvent: {}
[76.505996] (-) TimerEvent: {}
[76.606683] (-) TimerEvent: {}
[76.707377] (-) TimerEvent: {}
[76.808190] (-) TimerEvent: {}
[76.909120] (-) TimerEvent: {}
[77.009961] (-) TimerEvent: {}
[77.110692] (-) TimerEvent: {}
[77.211382] (-) TimerEvent: {}
[77.312103] (-) TimerEvent: {}
[77.412827] (-) TimerEvent: {}
[77.513605] (-) TimerEvent: {}
[77.614364] (-) TimerEvent: {}
[77.715106] (-) TimerEvent: {}
[77.815838] (-) TimerEvent: {}
[77.916570] (-) TimerEvent: {}
[78.017371] (-) TimerEvent: {}
[78.118379] (-) TimerEvent: {}
[78.219126] (-) TimerEvent: {}
[78.319786] (-) TimerEvent: {}
[78.420533] (-) TimerEvent: {}
[78.521404] (-) TimerEvent: {}
[78.622550] (-) TimerEvent: {}
[78.723502] (-) TimerEvent: {}
[78.824257] (-) TimerEvent: {}
[78.925014] (-) TimerEvent: {}
[79.025793] (-) TimerEvent: {}
[79.126564] (-) TimerEvent: {}
[79.227290] (-) TimerEvent: {}
[79.328013] (-) TimerEvent: {}
[79.428835] (-) TimerEvent: {}
[79.529677] (-) TimerEvent: {}
[79.630457] (-) TimerEvent: {}
[79.731174] (-) TimerEvent: {}
[79.831903] (-) TimerEvent: {}
[79.932625] (-) TimerEvent: {}
[80.033359] (-) TimerEvent: {}
[80.134143] (-) TimerEvent: {}
[80.234876] (-) TimerEvent: {}
[80.335609] (-) TimerEvent: {}
[80.436335] (-) TimerEvent: {}
[80.537055] (-) TimerEvent: {}
[80.637809] (-) TimerEvent: {}
[80.738620] (-) TimerEvent: {}
[80.839349] (-) TimerEvent: {}
[80.940194] (-) TimerEvent: {}
[81.041292] (-) TimerEvent: {}
[81.142071] (-) TimerEvent: {}
[81.242927] (-) TimerEvent: {}
[81.343892] (-) TimerEvent: {}
[81.444742] (-) TimerEvent: {}
[81.545768] (-) TimerEvent: {}
[81.646697] (-) TimerEvent: {}
[81.747391] (-) TimerEvent: {}
[81.848135] (-) TimerEvent: {}
[81.948896] (-) TimerEvent: {}
[82.049679] (-) TimerEvent: {}
[82.150451] (-) TimerEvent: {}
[82.251211] (-) TimerEvent: {}
[82.351980] (-) TimerEvent: {}
[82.452641] (-) TimerEvent: {}
[82.553388] (-) TimerEvent: {}
[82.654157] (-) TimerEvent: {}
[82.754867] (-) TimerEvent: {}
[82.855601] (-) TimerEvent: {}
[82.956306] (-) TimerEvent: {}
[83.057019] (-) TimerEvent: {}
[83.157721] (-) TimerEvent: {}
[83.258512] (-) TimerEvent: {}
[83.359280] (-) TimerEvent: {}
[83.460044] (-) TimerEvent: {}
[83.560823] (-) TimerEvent: {}
[83.661574] (-) TimerEvent: {}
[83.762393] (-) TimerEvent: {}
[83.863103] (-) TimerEvent: {}
[83.963829] (-) TimerEvent: {}
[84.064592] (-) TimerEvent: {}
[84.165349] (-) TimerEvent: {}
[84.266155] (-) TimerEvent: {}
[84.367595] (-) TimerEvent: {}
[84.468337] (-) TimerEvent: {}
[84.569061] (-) TimerEvent: {}
[84.669938] (-) TimerEvent: {}
[84.770964] (-) TimerEvent: {}
[84.871917] (-) TimerEvent: {}
[84.972725] (-) TimerEvent: {}
[85.073483] (-) TimerEvent: {}
[85.174280] (-) TimerEvent: {}
[85.275200] (-) TimerEvent: {}
[85.375961] (-) TimerEvent: {}
[85.476727] (-) TimerEvent: {}
[85.577439] (-) TimerEvent: {}
[85.678219] (-) TimerEvent: {}
[85.778961] (-) TimerEvent: {}
[85.879703] (-) TimerEvent: {}
[85.980411] (-) TimerEvent: {}
[86.081118] (-) TimerEvent: {}
[86.181887] (-) TimerEvent: {}
[86.282737] (-) TimerEvent: {}
[86.384445] (-) TimerEvent: {}
[86.485191] (-) TimerEvent: {}
[86.586003] (-) TimerEvent: {}
[86.686782] (-) TimerEvent: {}
[86.787573] (-) TimerEvent: {}
[86.888320] (-) TimerEvent: {}
[86.989091] (-) TimerEvent: {}
[87.089916] (-) TimerEvent: {}
[87.190697] (-) TimerEvent: {}
[87.291422] (-) TimerEvent: {}
[87.392156] (-) TimerEvent: {}
[87.492917] (-) TimerEvent: {}
[87.593741] (-) TimerEvent: {}
[87.694774] (-) TimerEvent: {}
[87.795482] (-) TimerEvent: {}
[87.896229] (-) TimerEvent: {}
[87.996977] (-) TimerEvent: {}
[88.097955] (-) TimerEvent: {}
[88.198694] (-) TimerEvent: {}
[88.299450] (-) TimerEvent: {}
[88.400327] (-) TimerEvent: {}
[88.501361] (-) TimerEvent: {}
[88.602298] (-) TimerEvent: {}
[88.703040] (-) TimerEvent: {}
[88.803805] (-) TimerEvent: {}
[88.904567] (-) TimerEvent: {}
[89.005331] (-) TimerEvent: {}
[89.106111] (-) TimerEvent: {}
[89.206827] (-) TimerEvent: {}
[89.307540] (-) TimerEvent: {}
[89.408308] (-) TimerEvent: {}
[89.509064] (-) TimerEvent: {}
[89.609890] (-) TimerEvent: {}
[89.710613] (-) TimerEvent: {}
[89.811322] (-) TimerEvent: {}
[89.912021] (-) TimerEvent: {}
[90.012736] (-) TimerEvent: {}
[90.113511] (-) TimerEvent: {}
[90.214322] (-) TimerEvent: {}
[90.315055] (-) TimerEvent: {}
[90.415787] (-) TimerEvent: {}
[90.516536] (-) TimerEvent: {}
[90.617280] (-) TimerEvent: {}
[90.718001] (-) TimerEvent: {}
[90.818818] (-) TimerEvent: {}
[90.919629] (-) TimerEvent: {}
[91.020334] (-) TimerEvent: {}
[91.121077] (-) TimerEvent: {}
[91.221831] (-) TimerEvent: {}
[91.322634] (-) TimerEvent: {}
[91.423353] (-) TimerEvent: {}
[91.524087] (-) TimerEvent: {}
[91.624822] (-) TimerEvent: {}
[91.725608] (-) TimerEvent: {}
[91.826569] (-) TimerEvent: {}
[91.927505] (-) TimerEvent: {}
[92.028247] (-) TimerEvent: {}
[92.128938] (-) TimerEvent: {}
[92.229599] (-) TimerEvent: {}
[92.330360] (-) TimerEvent: {}
[92.431168] (-) TimerEvent: {}
[92.532061] (-) TimerEvent: {}
[92.632775] (-) TimerEvent: {}
[92.733469] (-) TimerEvent: {}
[92.834267] (-) TimerEvent: {}
[92.935134] (-) TimerEvent: {}
[93.035881] (-) TimerEvent: {}
[93.136626] (-) TimerEvent: {}
[93.237365] (-) TimerEvent: {}
[93.338110] (-) TimerEvent: {}
[93.438815] (-) TimerEvent: {}
[93.539553] (-) TimerEvent: {}
[93.640281] (-) TimerEvent: {}
[93.741115] (-) TimerEvent: {}
[93.841802] (-) TimerEvent: {}
[93.942516] (-) TimerEvent: {}
[94.043249] (-) TimerEvent: {}
[94.144012] (-) TimerEvent: {}
[94.244904] (-) TimerEvent: {}
[94.345628] (-) TimerEvent: {}
[94.446393] (-) TimerEvent: {}
[94.547204] (-) TimerEvent: {}
[94.647876] (-) TimerEvent: {}
[94.748586] (-) TimerEvent: {}
[94.849427] (-) TimerEvent: {}
[94.950416] (-) TimerEvent: {}
[95.051174] (-) TimerEvent: {}
[95.151897] (-) TimerEvent: {}
[95.252654] (-) TimerEvent: {}
[95.353409] (-) TimerEvent: {}
[95.454140] (-) TimerEvent: {}
[95.554851] (-) TimerEvent: {}
[95.655604] (-) TimerEvent: {}
[95.756313] (-) TimerEvent: {}
[95.857033] (-) TimerEvent: {}
[95.957788] (-) TimerEvent: {}
[96.058651] (-) TimerEvent: {}
[96.159390] (-) TimerEvent: {}
[96.260119] (-) TimerEvent: {}
[96.360800] (-) TimerEvent: {}
[96.461545] (-) TimerEvent: {}
[96.562345] (-) TimerEvent: {}
[96.663066] (-) TimerEvent: {}
[96.763803] (-) TimerEvent: {}
[96.864622] (-) TimerEvent: {}
[96.965461] (-) TimerEvent: {}
[97.066211] (-) TimerEvent: {}
[97.166910] (-) TimerEvent: {}
[97.267699] (-) TimerEvent: {}
[97.368825] (-) TimerEvent: {}
[97.469582] (-) TimerEvent: {}
[97.570356] (-) TimerEvent: {}
[97.671082] (-) TimerEvent: {}
[97.771860] (-) TimerEvent: {}
[97.872577] (-) TimerEvent: {}
[97.973270] (-) TimerEvent: {}
[98.073974] (-) TimerEvent: {}
[98.174669] (-) TimerEvent: {}
[98.275381] (-) TimerEvent: {}
[98.376133] (-) TimerEvent: {}
[98.476933] (-) TimerEvent: {}
[98.577755] (-) TimerEvent: {}
[98.678531] (-) TimerEvent: {}
[98.779238] (-) TimerEvent: {}
[98.879959] (-) TimerEvent: {}
[98.980692] (-) TimerEvent: {}
[99.081371] (-) TimerEvent: {}
[99.182131] (-) TimerEvent: {}
[99.282836] (-) TimerEvent: {}
[99.383522] (-) TimerEvent: {}
[99.484261] (-) TimerEvent: {}
[99.585072] (-) TimerEvent: {}
[99.685925] (-) TimerEvent: {}
[99.786925] (-) TimerEvent: {}
[99.887626] (-) TimerEvent: {}
[99.988295] (-) TimerEvent: {}
[100.089054] (-) TimerEvent: {}
[100.189780] (-) TimerEvent: {}
[100.290518] (-) TimerEvent: {}
[100.391228] (-) TimerEvent: {}
[100.491943] (-) TimerEvent: {}
[100.592675] (-) TimerEvent: {}
[100.693438] (-) TimerEvent: {}
[100.794184] (-) TimerEvent: {}
[100.894902] (-) TimerEvent: {}
[100.995582] (-) TimerEvent: {}
[101.096278] (-) TimerEvent: {}
[101.196997] (-) TimerEvent: {}
[101.297721] (-) TimerEvent: {}
[101.398483] (-) TimerEvent: {}
[101.499195] (-) TimerEvent: {}
[101.600069] (-) TimerEvent: {}
[101.701243] (-) TimerEvent: {}
[101.802012] (-) TimerEvent: {}
[101.902734] (-) TimerEvent: {}
[102.003443] (-) TimerEvent: {}
[102.104165] (-) TimerEvent: {}
[102.204912] (-) TimerEvent: {}
[102.305715] (-) TimerEvent: {}
[102.406494] (-) TimerEvent: {}
[102.507224] (-) TimerEvent: {}
[102.607930] (-) TimerEvent: {}
[102.708660] (-) TimerEvent: {}
[102.809393] (-) TimerEvent: {}
[102.910228] (-) TimerEvent: {}
[103.011021] (-) TimerEvent: {}
[103.111743] (-) TimerEvent: {}
[103.212472] (-) TimerEvent: {}
[103.313270] (-) TimerEvent: {}
[103.413996] (-) TimerEvent: {}
[103.514790] (-) TimerEvent: {}
[103.615799] (-) TimerEvent: {}
[103.716588] (-) TimerEvent: {}
[103.817826] (-) TimerEvent: {}
[103.919085] (-) TimerEvent: {}
[104.019973] (-) TimerEvent: {}
[104.120917] (-) TimerEvent: {}
[104.221833] (-) TimerEvent: {}
[104.322900] (-) TimerEvent: {}
[104.424547] (-) TimerEvent: {}
[104.525762] (-) TimerEvent: {}
[104.626706] (-) TimerEvent: {}
[104.727855] (-) TimerEvent: {}
[104.829129] (-) TimerEvent: {}
[104.930697] (-) TimerEvent: {}
[105.032107] (-) TimerEvent: {}
[105.133037] (-) TimerEvent: {}
[105.234055] (-) TimerEvent: {}
[105.335199] (-) TimerEvent: {}
[105.436202] (-) TimerEvent: {}
[105.537334] (-) TimerEvent: {}
[105.638493] (-) TimerEvent: {}
[105.739738] (-) TimerEvent: {}
[105.840905] (-) TimerEvent: {}
[105.942591] (-) TimerEvent: {}
[106.043828] (-) TimerEvent: {}
[106.144974] (-) TimerEvent: {}
[106.246086] (-) TimerEvent: {}
[106.347292] (-) TimerEvent: {}
[106.448334] (-) TimerEvent: {}
[106.549463] (-) TimerEvent: {}
[106.650801] (-) TimerEvent: {}
[106.752411] (-) TimerEvent: {}
[106.853973] (-) TimerEvent: {}
[106.955135] (-) TimerEvent: {}
[107.056529] (-) TimerEvent: {}
[107.157935] (-) TimerEvent: {}
[107.259109] (-) TimerEvent: {}
[107.360235] (-) TimerEvent: {}
[107.461554] (-) TimerEvent: {}
[107.562655] (-) TimerEvent: {}
[107.663665] (-) TimerEvent: {}
[107.764606] (-) TimerEvent: {}
[107.865570] (-) TimerEvent: {}
[107.966516] (-) TimerEvent: {}
[108.067625] (-) TimerEvent: {}
[108.168597] (-) TimerEvent: {}
[108.269563] (-) TimerEvent: {}
[108.370657] (-) TimerEvent: {}
[108.471795] (-) TimerEvent: {}
[108.573186] (-) TimerEvent: {}
[108.674627] (-) TimerEvent: {}
[108.775781] (-) TimerEvent: {}
[108.877188] (-) TimerEvent: {}
[108.979039] (-) TimerEvent: {}
[109.080155] (-) TimerEvent: {}
[109.181298] (-) TimerEvent: {}
[109.282584] (-) TimerEvent: {}
[109.383873] (-) TimerEvent: {}
[109.484894] (-) TimerEvent: {}
[109.586084] (-) TimerEvent: {}
[109.687371] (-) TimerEvent: {}
[109.788565] (-) TimerEvent: {}
[109.889599] (-) TimerEvent: {}
[109.990732] (-) TimerEvent: {}
[110.091800] (-) TimerEvent: {}
[110.193431] (-) TimerEvent: {}
[110.294460] (-) TimerEvent: {}
[110.396254] (-) TimerEvent: {}
[110.497582] (-) TimerEvent: {}
[110.598960] (-) TimerEvent: {}
[110.699996] (-) TimerEvent: {}
[110.801397] (-) TimerEvent: {}
[110.902622] (-) TimerEvent: {}
[111.004093] (-) TimerEvent: {}
[111.105579] (-) TimerEvent: {}
[111.130250] (ublox_msgs) StdoutLine: {'line': b'[  0%] \x1b[32mBuilding C object CMakeFiles/ublox_msgs__rosidl_generator_c.dir/rosidl_generator_c/ublox_msgs/msg/detail/ack__functions.c.o\x1b[0m\n'}
[111.139987] (ublox_msgs) StdoutLine: {'line': b'[  0%] \x1b[32mBuilding C object CMakeFiles/ublox_msgs__rosidl_generator_c.dir/rosidl_generator_c/ublox_msgs/msg/detail/aid_alm__functions.c.o\x1b[0m\n'}
[111.179401] (ublox_msgs) StdoutLine: {'line': b'[  0%] \x1b[32mBuilding C object CMakeFiles/ublox_msgs__rosidl_generator_c.dir/rosidl_generator_c/ublox_msgs/msg/detail/aid_eph__functions.c.o\x1b[0m\n'}
[111.205827] (-) TimerEvent: {}
[111.307353] (-) TimerEvent: {}
[111.408434] (-) TimerEvent: {}
[111.509363] (-) TimerEvent: {}
[111.548126] (ublox_msgs) StdoutLine: {'line': b'[  1%] \x1b[32mBuilding C object CMakeFiles/ublox_msgs__rosidl_generator_c.dir/rosidl_generator_c/ublox_msgs/msg/detail/aid_hui__functions.c.o\x1b[0m\n'}
[111.569114] (ublox_msgs) StdoutLine: {'line': b'[  1%] \x1b[32mBuilding C object CMakeFiles/ublox_msgs__rosidl_generator_c.dir/rosidl_generator_c/ublox_msgs/msg/detail/cfg_ant__functions.c.o\x1b[0m\n'}
[111.583914] (ublox_msgs) StdoutLine: {'line': b'[  1%] \x1b[32mBuilding C object CMakeFiles/ublox_msgs__rosidl_generator_c.dir/rosidl_generator_c/ublox_msgs/msg/detail/cfg_cfg__functions.c.o\x1b[0m\n'}
[111.609768] (-) TimerEvent: {}
[111.710987] (-) TimerEvent: {}
[111.811931] (-) TimerEvent: {}
[111.859559] (ublox_msgs) StdoutLine: {'line': b'[  1%] \x1b[32mBuilding C object CMakeFiles/ublox_msgs__rosidl_generator_c.dir/rosidl_generator_c/ublox_msgs/msg/detail/cfg_dat__functions.c.o\x1b[0m\n'}
[111.883471] (ublox_msgs) StdoutLine: {'line': b'[  1%] \x1b[32mBuilding C object CMakeFiles/ublox_msgs__rosidl_generator_c.dir/rosidl_generator_c/ublox_msgs/msg/detail/cfg_dgnss__functions.c.o\x1b[0m\n'}
[111.890895] (ublox_msgs) StdoutLine: {'line': b'[  1%] \x1b[32mBuilding C object CMakeFiles/ublox_msgs__rosidl_generator_c.dir/rosidl_generator_c/ublox_msgs/msg/detail/cfg_gnss_block__functions.c.o\x1b[0m\n'}
[111.912165] (-) TimerEvent: {}
[112.013532] (-) TimerEvent: {}
[112.114671] (-) TimerEvent: {}
[112.162070] (ublox_msgs) StdoutLine: {'line': b'[  2%] \x1b[32mBuilding C object CMakeFiles/ublox_msgs__rosidl_generator_c.dir/rosidl_generator_c/ublox_msgs/msg/detail/cfg_gnss__functions.c.o\x1b[0m\n'}
[112.172198] (ublox_msgs) StdoutLine: {'line': b'[  2%] \x1b[32mBuilding C object CMakeFiles/ublox_msgs__rosidl_generator_c.dir/rosidl_generator_c/ublox_msgs/msg/detail/cfg_hnr__functions.c.o\x1b[0m\n'}
[112.214930] (-) TimerEvent: {}
[112.219228] (ublox_msgs) StdoutLine: {'line': b'[  2%] \x1b[32mBuilding C object CMakeFiles/ublox_msgs__rosidl_generator_c.dir/rosidl_generator_c/ublox_msgs/msg/detail/cfg_inf_block__functions.c.o\x1b[0m\n'}
[112.315199] (-) TimerEvent: {}
[112.416151] (-) TimerEvent: {}
[112.456417] (ublox_msgs) StdoutLine: {'line': b'[  2%] \x1b[32mBuilding C object CMakeFiles/ublox_msgs__rosidl_generator_c.dir/rosidl_generator_c/ublox_msgs/msg/detail/cfg_inf__functions.c.o\x1b[0m\n'}
[112.516399] (-) TimerEvent: {}
[112.529043] (ublox_msgs) StdoutLine: {'line': b'[  2%] \x1b[32mBuilding C object CMakeFiles/ublox_msgs__rosidl_generator_c.dir/rosidl_generator_c/ublox_msgs/msg/detail/cfg_msg__functions.c.o\x1b[0m\n'}
[112.616700] (-) TimerEvent: {}
[112.717972] (-) TimerEvent: {}
[112.752373] (ublox_msgs) StdoutLine: {'line': b'[  2%] \x1b[32mBuilding C object CMakeFiles/ublox_msgs__rosidl_generator_c.dir/rosidl_generator_c/ublox_msgs/msg/detail/cfg_nav5__functions.c.o\x1b[0m\n'}
[112.818113] (-) TimerEvent: {}
[112.828430] (ublox_msgs) StdoutLine: {'line': b'[  2%] \x1b[32mBuilding C object CMakeFiles/ublox_msgs__rosidl_generator_c.dir/rosidl_generator_c/ublox_msgs/msg/detail/cfg_navx5__functions.c.o\x1b[0m\n'}
[112.918398] (-) TimerEvent: {}
[113.019678] (-) TimerEvent: {}
[113.043373] (ublox_msgs) StdoutLine: {'line': b'[  3%] \x1b[32mBuilding C object CMakeFiles/ublox_msgs__rosidl_generator_c.dir/rosidl_generator_c/ublox_msgs/msg/detail/cfg_nmea6__functions.c.o\x1b[0m\n'}
[113.083785] (ublox_msgs) StdoutLine: {'line': b'[  3%] \x1b[32mBuilding C object CMakeFiles/ublox_msgs__rosidl_generator_c.dir/rosidl_generator_c/ublox_msgs/msg/detail/cfg_nmea7__functions.c.o\x1b[0m\n'}
[113.120040] (-) TimerEvent: {}
[113.185955] (ublox_msgs) StdoutLine: {'line': b'[  3%] \x1b[32mBuilding C object CMakeFiles/ublox_msgs__rosidl_generator_c.dir/rosidl_generator_c/ublox_msgs/msg/detail/cfg_nmea__functions.c.o\x1b[0m\n'}
[113.220339] (-) TimerEvent: {}
[113.271901] (ublox_msgs) StdoutLine: {'line': b'[  3%] Built target ublox_msgs__cpp\n'}
[113.312679] (ublox_msgs) StdoutLine: {'line': b'[  3%] \x1b[32mBuilding C object CMakeFiles/ublox_msgs__rosidl_generator_c.dir/rosidl_generator_c/ublox_msgs/msg/detail/cfg_prt__functions.c.o\x1b[0m\n'}
[113.320582] (-) TimerEvent: {}
[113.371024] (ublox_msgs) StdoutLine: {'line': b'[  3%] \x1b[32mBuilding C object CMakeFiles/ublox_msgs__rosidl_generator_c.dir/rosidl_generator_c/ublox_msgs/msg/detail/cfg_rate__functions.c.o\x1b[0m\n'}
[113.380688] (ublox_msgs) StdoutLine: {'line': b'[  3%] \x1b[32mBuilding C object CMakeFiles/ublox_msgs__rosidl_generator_c.dir/rosidl_generator_c/ublox_msgs/msg/detail/cfg_rst__functions.c.o\x1b[0m\n'}
[113.420874] (-) TimerEvent: {}
[113.496770] (ublox_msgs) StdoutLine: {'line': b'[  4%] \x1b[32mBuilding C object CMakeFiles/ublox_msgs__rosidl_generator_c.dir/rosidl_generator_c/ublox_msgs/msg/detail/cfg_sbas__functions.c.o\x1b[0m\n'}
[113.521358] (-) TimerEvent: {}
[113.605930] (ublox_msgs) StdoutLine: {'line': b'[  4%] \x1b[32mBuilding C object CMakeFiles/ublox_msgs__rosidl_generator_c.dir/rosidl_generator_c/ublox_msgs/msg/detail/cfg_tmode3__functions.c.o\x1b[0m\n'}
[113.621567] (-) TimerEvent: {}
[113.659572] (ublox_msgs) StdoutLine: {'line': b'[  4%] \x1b[32mBuilding C object CMakeFiles/ublox_msgs__rosidl_generator_c.dir/rosidl_generator_c/ublox_msgs/msg/detail/cfg_usb__functions.c.o\x1b[0m\n'}
[113.691635] (ublox_msgs) StdoutLine: {'line': b'[  4%] \x1b[32mBuilding C object CMakeFiles/ublox_msgs__rosidl_generator_c.dir/rosidl_generator_c/ublox_msgs/msg/detail/esf_ins__functions.c.o\x1b[0m\n'}
[113.722010] (-) TimerEvent: {}
[113.795569] (ublox_msgs) StdoutLine: {'line': b'[  4%] \x1b[32mBuilding C object CMakeFiles/ublox_msgs__rosidl_generator_c.dir/rosidl_generator_c/ublox_msgs/msg/detail/esf_meas__functions.c.o\x1b[0m\n'}
[113.822212] (-) TimerEvent: {}
[113.921230] (ublox_msgs) StdoutLine: {'line': b'[  4%] \x1b[32mBuilding C object CMakeFiles/ublox_msgs__rosidl_generator_c.dir/rosidl_generator_c/ublox_msgs/msg/detail/esf_raw_block__functions.c.o\x1b[0m\n'}
[113.923178] (-) TimerEvent: {}
[114.014444] (ublox_msgs) StdoutLine: {'line': b'[  4%] \x1b[32mBuilding C object CMakeFiles/ublox_msgs__rosidl_generator_c.dir/rosidl_generator_c/ublox_msgs/msg/detail/esf_raw__functions.c.o\x1b[0m\n'}
[114.020427] (ublox_msgs) StdoutLine: {'line': b'[  5%] \x1b[32mBuilding C object CMakeFiles/ublox_msgs__rosidl_generator_c.dir/rosidl_generator_c/ublox_msgs/msg/detail/esf_status__functions.c.o\x1b[0m\n'}
[114.023409] (-) TimerEvent: {}
[114.124797] (-) TimerEvent: {}
[114.132048] (ublox_msgs) StdoutLine: {'line': b'[  5%] \x1b[32mBuilding C object CMakeFiles/ublox_msgs__rosidl_generator_c.dir/rosidl_generator_c/ublox_msgs/msg/detail/esf_status_sens__functions.c.o\x1b[0m\n'}
[114.225058] (-) TimerEvent: {}
[114.240216] (ublox_msgs) StdoutLine: {'line': b'[  5%] \x1b[32mBuilding C object CMakeFiles/ublox_msgs__rosidl_generator_c.dir/rosidl_generator_c/ublox_msgs/msg/detail/hnr_pvt__functions.c.o\x1b[0m\n'}
[114.316898] (ublox_msgs) StdoutLine: {'line': b'[  5%] \x1b[32mBuilding C object CMakeFiles/ublox_msgs__rosidl_generator_c.dir/rosidl_generator_c/ublox_msgs/msg/detail/inf__functions.c.o\x1b[0m\n'}
[114.325384] (-) TimerEvent: {}
[114.342161] (ublox_msgs) StdoutLine: {'line': b'[  5%] \x1b[34m\x1b[1mGenerating C++ type support dispatch for ROS interfaces\x1b[0m\n'}
[114.425592] (-) TimerEvent: {}
[114.470886] (ublox_msgs) StdoutLine: {'line': b'[  5%] \x1b[32mBuilding C object CMakeFiles/ublox_msgs__rosidl_generator_c.dir/rosidl_generator_c/ublox_msgs/msg/detail/mga_gal__functions.c.o\x1b[0m\n'}
[114.525985] (-) TimerEvent: {}
[114.563863] (ublox_msgs) StdoutLine: {'line': b'[  5%] \x1b[32mBuilding C object CMakeFiles/ublox_msgs__rosidl_generator_c.dir/rosidl_generator_c/ublox_msgs/msg/detail/mon_gnss__functions.c.o\x1b[0m\n'}
[114.623636] (ublox_msgs) StdoutLine: {'line': b'[  6%] \x1b[32mBuilding C object CMakeFiles/ublox_msgs__rosidl_generator_c.dir/rosidl_generator_c/ublox_msgs/msg/detail/mon_hw6__functions.c.o\x1b[0m\n'}
[114.626177] (-) TimerEvent: {}
[114.727235] (-) TimerEvent: {}
[114.824483] (ublox_msgs) StdoutLine: {'line': b'[  6%] \x1b[32mBuilding C object CMakeFiles/ublox_msgs__rosidl_generator_c.dir/rosidl_generator_c/ublox_msgs/msg/detail/mon_hw__functions.c.o\x1b[0m\n'}
[114.827492] (-) TimerEvent: {}
[114.873792] (ublox_msgs) StdoutLine: {'line': b'[  6%] \x1b[32mBuilding C object CMakeFiles/ublox_msgs__rosidl_generator_c.dir/rosidl_generator_c/ublox_msgs/msg/detail/mon_ver_extension__functions.c.o\x1b[0m\n'}
[114.927804] (-) TimerEvent: {}
[114.936245] (ublox_msgs) StdoutLine: {'line': b'[  6%] \x1b[32mBuilding C object CMakeFiles/ublox_msgs__rosidl_generator_c.dir/rosidl_generator_c/ublox_msgs/msg/detail/mon_ver__functions.c.o\x1b[0m\n'}
[115.028017] (-) TimerEvent: {}
[115.126838] (ublox_msgs) StdoutLine: {'line': b'[  6%] \x1b[32mBuilding C object CMakeFiles/ublox_msgs__rosidl_generator_c.dir/rosidl_generator_c/ublox_msgs/msg/detail/nav_att__functions.c.o\x1b[0m\n'}
[115.128239] (-) TimerEvent: {}
[115.197979] (ublox_msgs) StdoutLine: {'line': b'[  6%] \x1b[32mBuilding C object CMakeFiles/ublox_msgs__rosidl_generator_c.dir/rosidl_generator_c/ublox_msgs/msg/detail/nav_clock__functions.c.o\x1b[0m\n'}
[115.228571] (-) TimerEvent: {}
[115.250768] (ublox_msgs) StdoutLine: {'line': b'[  7%] \x1b[32mBuilding C object CMakeFiles/ublox_msgs__rosidl_generator_c.dir/rosidl_generator_c/ublox_msgs/msg/detail/nav_dgps__functions.c.o\x1b[0m\n'}
[115.328799] (-) TimerEvent: {}
[115.429829] (-) TimerEvent: {}
[115.445263] (ublox_msgs) StdoutLine: {'line': b'[  7%] \x1b[34m\x1b[1mGenerating C++ type support for eProsima Fast-RTPS\x1b[0m\n'}
[115.489633] (ublox_msgs) StdoutLine: {'line': b'[  7%] \x1b[32mBuilding C object CMakeFiles/ublox_msgs__rosidl_generator_c.dir/rosidl_generator_c/ublox_msgs/msg/detail/nav_dgpssv__functions.c.o\x1b[0m\n'}
[115.530076] (-) TimerEvent: {}
[115.590070] (ublox_msgs) StdoutLine: {'line': b'[  7%] \x1b[34m\x1b[1mGenerating C++ introspection for ROS interfaces\x1b[0m\n'}
[115.630309] (-) TimerEvent: {}
[115.731285] (-) TimerEvent: {}
[115.800378] (ublox_msgs) StdoutLine: {'line': b'[  7%] \x1b[32mBuilding C object CMakeFiles/ublox_msgs__rosidl_generator_c.dir/rosidl_generator_c/ublox_msgs/msg/detail/nav_dop__functions.c.o\x1b[0m\n'}
[115.831668] (-) TimerEvent: {}
[115.933191] (-) TimerEvent: {}
[116.034237] (-) TimerEvent: {}
[116.119175] (ublox_msgs) StdoutLine: {'line': b'[  7%] \x1b[32mBuilding C object CMakeFiles/ublox_msgs__rosidl_generator_c.dir/rosidl_generator_c/ublox_msgs/msg/detail/nav_posecef__functions.c.o\x1b[0m\n'}
[116.134424] (-) TimerEvent: {}
[116.235416] (-) TimerEvent: {}
[116.336806] (-) TimerEvent: {}
[116.436589] (ublox_msgs) StdoutLine: {'line': b'[  7%] \x1b[32mBuilding C object CMakeFiles/ublox_msgs__rosidl_generator_c.dir/rosidl_generator_c/ublox_msgs/msg/detail/nav_posllh__functions.c.o\x1b[0m\n'}
[116.437306] (-) TimerEvent: {}
[116.538637] (-) TimerEvent: {}
[116.639496] (-) TimerEvent: {}
[116.740510] (-) TimerEvent: {}
[116.750140] (ublox_msgs) StdoutLine: {'line': b'[  7%] \x1b[32mBuilding C object CMakeFiles/ublox_msgs__rosidl_generator_c.dir/rosidl_generator_c/ublox_msgs/msg/detail/nav_pvt7__functions.c.o\x1b[0m\n'}
[116.840740] (-) TimerEvent: {}
[116.941698] (-) TimerEvent: {}
[117.042626] (-) TimerEvent: {}
[117.085983] (ublox_msgs) StdoutLine: {'line': b'[  7%] \x1b[32mBuilding C object CMakeFiles/ublox_msgs__rosidl_generator_c.dir/rosidl_generator_c/ublox_msgs/msg/detail/nav_pvt__functions.c.o\x1b[0m\n'}
[117.142824] (-) TimerEvent: {}
[117.243715] (-) TimerEvent: {}
[117.344709] (-) TimerEvent: {}
[117.397265] (ublox_msgs) StdoutLine: {'line': b'[  8%] \x1b[32mBuilding C object CMakeFiles/ublox_msgs__rosidl_generator_c.dir/rosidl_generator_c/ublox_msgs/msg/detail/nav_relposned9__functions.c.o\x1b[0m\n'}
[117.445018] (-) TimerEvent: {}
[117.545991] (-) TimerEvent: {}
[117.646902] (-) TimerEvent: {}
[117.704511] (ublox_msgs) StdoutLine: {'line': b'[  8%] \x1b[32mBuilding C object CMakeFiles/ublox_msgs__rosidl_generator_c.dir/rosidl_generator_c/ublox_msgs/msg/detail/nav_relposned__functions.c.o\x1b[0m\n'}
[117.747200] (-) TimerEvent: {}
[117.848482] (-) TimerEvent: {}
[117.949391] (-) TimerEvent: {}
[118.011975] (ublox_msgs) StdoutLine: {'line': b'[  8%] \x1b[32mBuilding C object CMakeFiles/ublox_msgs__rosidl_generator_c.dir/rosidl_generator_c/ublox_msgs/msg/detail/nav_sat__functions.c.o\x1b[0m\n'}
[118.049682] (-) TimerEvent: {}
[118.150681] (-) TimerEvent: {}
[118.251525] (-) TimerEvent: {}
[118.300904] (ublox_msgs) StdoutLine: {'line': b'[  8%] \x1b[32mBuilding C object CMakeFiles/ublox_msgs__rosidl_generator_c.dir/rosidl_generator_c/ublox_msgs/msg/detail/nav_satsv__functions.c.o\x1b[0m\n'}
[118.351774] (-) TimerEvent: {}
[118.452707] (-) TimerEvent: {}
[118.553622] (-) TimerEvent: {}
[118.582134] (ublox_msgs) StdoutLine: {'line': b'[  8%] \x1b[32mBuilding C object CMakeFiles/ublox_msgs__rosidl_generator_c.dir/rosidl_generator_c/ublox_msgs/msg/detail/nav_sbas__functions.c.o\x1b[0m\n'}
[118.653888] (-) TimerEvent: {}
[118.754826] (-) TimerEvent: {}
[118.855765] (-) TimerEvent: {}
[118.868316] (ublox_msgs) StdoutLine: {'line': b'[  8%] \x1b[32mBuilding C object CMakeFiles/ublox_msgs__rosidl_generator_c.dir/rosidl_generator_c/ublox_msgs/msg/detail/nav_sbassv__functions.c.o\x1b[0m\n'}
[118.955974] (-) TimerEvent: {}
[119.056893] (-) TimerEvent: {}
[119.149605] (ublox_msgs) StdoutLine: {'line': b'[  9%] \x1b[32mBuilding C object CMakeFiles/ublox_msgs__rosidl_generator_c.dir/rosidl_generator_c/ublox_msgs/msg/detail/nav_sol__functions.c.o\x1b[0m\n'}
[119.157092] (-) TimerEvent: {}
[119.257975] (-) TimerEvent: {}
[119.358839] (-) TimerEvent: {}
[119.449295] (ublox_msgs) StdoutLine: {'line': b'[  9%] \x1b[32mBuilding C object CMakeFiles/ublox_msgs__rosidl_generator_c.dir/rosidl_generator_c/ublox_msgs/msg/detail/nav_status__functions.c.o\x1b[0m\n'}
[119.459011] (-) TimerEvent: {}
[119.559950] (-) TimerEvent: {}
[119.661344] (-) TimerEvent: {}
[119.762223] (-) TimerEvent: {}
[119.765786] (ublox_msgs) StdoutLine: {'line': b'[  9%] \x1b[32mBuilding C object CMakeFiles/ublox_msgs__rosidl_generator_c.dir/rosidl_generator_c/ublox_msgs/msg/detail/nav_svinfo__functions.c.o\x1b[0m\n'}
[119.862430] (-) TimerEvent: {}
[119.963418] (-) TimerEvent: {}
[120.051830] (ublox_msgs) StdoutLine: {'line': b'[  9%] \x1b[32mBuilding C object CMakeFiles/ublox_msgs__rosidl_generator_c.dir/rosidl_generator_c/ublox_msgs/msg/detail/nav_svinfosv__functions.c.o\x1b[0m\n'}
[120.063642] (-) TimerEvent: {}
[120.164487] (-) TimerEvent: {}
[120.265527] (-) TimerEvent: {}
[120.344165] (ublox_msgs) StdoutLine: {'line': b'[  9%] \x1b[32mBuilding C object CMakeFiles/ublox_msgs__rosidl_generator_c.dir/rosidl_generator_c/ublox_msgs/msg/detail/nav_svin__functions.c.o\x1b[0m\n'}
[120.365746] (-) TimerEvent: {}
[120.466718] (-) TimerEvent: {}
[120.567568] (-) TimerEvent: {}
[120.638144] (ublox_msgs) StdoutLine: {'line': b'[  9%] \x1b[32mBuilding C object CMakeFiles/ublox_msgs__rosidl_generator_c.dir/rosidl_generator_c/ublox_msgs/msg/detail/nav_timegps__functions.c.o\x1b[0m\n'}
[120.667833] (-) TimerEvent: {}
[120.768788] (-) TimerEvent: {}
[120.869713] (-) TimerEvent: {}
[120.919853] (ublox_msgs) StdoutLine: {'line': b'[  9%] \x1b[32mBuilding C object CMakeFiles/ublox_msgs__rosidl_generator_c.dir/rosidl_generator_c/ublox_msgs/msg/detail/nav_timeutc__functions.c.o\x1b[0m\n'}
[120.970009] (-) TimerEvent: {}
[121.070896] (-) TimerEvent: {}
[121.171865] (-) TimerEvent: {}
[121.266324] (ublox_msgs) StdoutLine: {'line': b'[ 10%] \x1b[32mBuilding C object CMakeFiles/ublox_msgs__rosidl_generator_c.dir/rosidl_generator_c/ublox_msgs/msg/detail/nav_velecef__functions.c.o\x1b[0m\n'}
[121.272187] (-) TimerEvent: {}
[121.373463] (-) TimerEvent: {}
[121.474451] (-) TimerEvent: {}
[121.575406] (-) TimerEvent: {}
[121.632626] (ublox_msgs) StdoutLine: {'line': b'[ 10%] \x1b[32mBuilding C object CMakeFiles/ublox_msgs__rosidl_generator_c.dir/rosidl_generator_c/ublox_msgs/msg/detail/nav_velned__functions.c.o\x1b[0m\n'}
[121.675667] (-) TimerEvent: {}
[121.776669] (-) TimerEvent: {}
[121.877613] (-) TimerEvent: {}
[121.958424] (ublox_msgs) StdoutLine: {'line': b'[ 10%] \x1b[32mBuilding C object CMakeFiles/ublox_msgs__rosidl_generator_c.dir/rosidl_generator_c/ublox_msgs/msg/detail/rxm_alm__functions.c.o\x1b[0m\n'}
[121.977903] (-) TimerEvent: {}
[122.078776] (-) TimerEvent: {}
[122.179704] (-) TimerEvent: {}
[122.280683] (-) TimerEvent: {}
[122.283594] (ublox_msgs) StdoutLine: {'line': b'[ 10%] \x1b[32mBuilding C object CMakeFiles/ublox_msgs__rosidl_generator_c.dir/rosidl_generator_c/ublox_msgs/msg/detail/rxm_eph__functions.c.o\x1b[0m\n'}
[122.380903] (-) TimerEvent: {}
[122.482221] (-) TimerEvent: {}
[122.580359] (ublox_msgs) StdoutLine: {'line': b'[ 10%] \x1b[32mBuilding C object CMakeFiles/ublox_msgs__rosidl_generator_c.dir/rosidl_generator_c/ublox_msgs/msg/detail/rxm_raw__functions.c.o\x1b[0m\n'}
[122.582478] (-) TimerEvent: {}
[122.683681] (-) TimerEvent: {}
[122.784915] (-) TimerEvent: {}
[122.886726] (-) TimerEvent: {}
[122.901814] (ublox_msgs) StdoutLine: {'line': b'[ 10%] \x1b[32mBuilding C object CMakeFiles/ublox_msgs__rosidl_generator_c.dir/rosidl_generator_c/ublox_msgs/msg/detail/rxm_rawsv__functions.c.o\x1b[0m\n'}
[122.986925] (-) TimerEvent: {}
[123.087755] (-) TimerEvent: {}
[123.188738] (ublox_msgs) StdoutLine: {'line': b'[ 11%] \x1b[32mBuilding C object CMakeFiles/ublox_msgs__rosidl_generator_c.dir/rosidl_generator_c/ublox_msgs/msg/detail/rxm_rawx_meas__functions.c.o\x1b[0m\n'}
[123.189600] (-) TimerEvent: {}
[123.290563] (-) TimerEvent: {}
[123.391508] (-) TimerEvent: {}
[123.480145] (ublox_msgs) StdoutLine: {'line': b'[ 11%] \x1b[32mBuilding C object CMakeFiles/ublox_msgs__rosidl_generator_c.dir/rosidl_generator_c/ublox_msgs/msg/detail/rxm_rawx__functions.c.o\x1b[0m\n'}
[123.491694] (-) TimerEvent: {}
[123.592617] (-) TimerEvent: {}
[123.693502] (-) TimerEvent: {}
[123.776284] (ublox_msgs) StdoutLine: {'line': b'[ 11%] \x1b[32mBuilding C object CMakeFiles/ublox_msgs__rosidl_generator_c.dir/rosidl_generator_c/ublox_msgs/msg/detail/rxm_rtcm__functions.c.o\x1b[0m\n'}
[123.793735] (-) TimerEvent: {}
[123.894629] (-) TimerEvent: {}
[123.995612] (-) TimerEvent: {}
[124.096465] (-) TimerEvent: {}
[124.109106] (ublox_msgs) StdoutLine: {'line': b'[ 11%] \x1b[32mBuilding C object CMakeFiles/ublox_msgs__rosidl_generator_c.dir/rosidl_generator_c/ublox_msgs/msg/detail/rxm_sfrb__functions.c.o\x1b[0m\n'}
[124.196684] (-) TimerEvent: {}
[124.297474] (-) TimerEvent: {}
[124.398040] (ublox_msgs) StdoutLine: {'line': b'[ 11%] \x1b[32mBuilding C object CMakeFiles/ublox_msgs__rosidl_generator_c.dir/rosidl_generator_c/ublox_msgs/msg/detail/rxm_sfrbx__functions.c.o\x1b[0m\n'}
[124.398803] (-) TimerEvent: {}
[124.500234] (-) TimerEvent: {}
[124.601741] (-) TimerEvent: {}
[124.702831] (-) TimerEvent: {}
[124.761528] (ublox_msgs) StdoutLine: {'line': b'[ 11%] \x1b[32mBuilding C object CMakeFiles/ublox_msgs__rosidl_generator_c.dir/rosidl_generator_c/ublox_msgs/msg/detail/rxm_svsi__functions.c.o\x1b[0m\n'}
[124.803128] (-) TimerEvent: {}
[124.904189] (-) TimerEvent: {}
[125.005269] (-) TimerEvent: {}
[125.059912] (ublox_msgs) StdoutLine: {'line': b'[ 12%] \x1b[32mBuilding C object CMakeFiles/ublox_msgs__rosidl_generator_c.dir/rosidl_generator_c/ublox_msgs/msg/detail/rxm_svsisv__functions.c.o\x1b[0m\n'}
[125.105513] (-) TimerEvent: {}
[125.206507] (-) TimerEvent: {}
[125.307457] (-) TimerEvent: {}
[125.374968] (ublox_msgs) StdoutLine: {'line': b'[ 12%] \x1b[32mBuilding C object CMakeFiles/ublox_msgs__rosidl_generator_c.dir/rosidl_generator_c/ublox_msgs/msg/detail/tim_tm2__functions.c.o\x1b[0m\n'}
[125.407665] (-) TimerEvent: {}
[125.508663] (-) TimerEvent: {}
[125.610003] (-) TimerEvent: {}
[125.685044] (ublox_msgs) StdoutLine: {'line': b'[ 12%] \x1b[32mBuilding C object CMakeFiles/ublox_msgs__rosidl_generator_c.dir/rosidl_generator_c/ublox_msgs/msg/detail/upd_sos_ack__functions.c.o\x1b[0m\n'}
[125.710218] (-) TimerEvent: {}
[125.811213] (-) TimerEvent: {}
[125.912104] (-) TimerEvent: {}
[125.986528] (ublox_msgs) StdoutLine: {'line': b'[ 12%] \x1b[32mBuilding C object CMakeFiles/ublox_msgs__rosidl_generator_c.dir/rosidl_generator_c/ublox_msgs/msg/detail/upd_sos__functions.c.o\x1b[0m\n'}
[126.012343] (-) TimerEvent: {}
[126.113348] (-) TimerEvent: {}
[126.214234] (-) TimerEvent: {}
[126.303467] (ublox_msgs) StdoutLine: {'line': b'[ 12%] \x1b[32m\x1b[1mLinking C shared library libublox_msgs__rosidl_generator_c.so\x1b[0m\n'}
[126.314460] (-) TimerEvent: {}
[126.415590] (-) TimerEvent: {}
[126.516701] (-) TimerEvent: {}
[126.617810] (-) TimerEvent: {}
[126.705602] (ublox_msgs) StdoutLine: {'line': b'[ 12%] Built target ublox_msgs__rosidl_generator_c\n'}
[126.718057] (-) TimerEvent: {}
[126.777650] (ublox_msgs) StdoutLine: {'line': b'[ 12%] \x1b[34m\x1b[1mGenerating C type support for eProsima Fast-RTPS\x1b[0m\n'}
[126.818228] (-) TimerEvent: {}
[126.919182] (-) TimerEvent: {}
[127.020094] (-) TimerEvent: {}
[127.121407] (-) TimerEvent: {}
[127.222848] (-) TimerEvent: {}
[127.323678] (-) TimerEvent: {}
[127.424690] (-) TimerEvent: {}
[127.525968] (-) TimerEvent: {}
[127.626809] (-) TimerEvent: {}
[127.727595] (-) TimerEvent: {}
[127.828388] (-) TimerEvent: {}
[127.929284] (-) TimerEvent: {}
[128.030166] (-) TimerEvent: {}
[128.131084] (-) TimerEvent: {}
[128.232100] (-) TimerEvent: {}
[128.332962] (-) TimerEvent: {}
[128.434027] (-) TimerEvent: {}
[128.535101] (-) TimerEvent: {}
[128.636032] (-) TimerEvent: {}
[128.737294] (-) TimerEvent: {}
[128.838105] (-) TimerEvent: {}
[128.939056] (-) TimerEvent: {}
[129.039975] (-) TimerEvent: {}
[129.140860] (-) TimerEvent: {}
[129.241747] (-) TimerEvent: {}
[129.342574] (-) TimerEvent: {}
[129.443381] (-) TimerEvent: {}
[129.544322] (-) TimerEvent: {}
[129.645152] (-) TimerEvent: {}
[129.746023] (-) TimerEvent: {}
[129.846882] (-) TimerEvent: {}
[129.947690] (-) TimerEvent: {}
[130.048606] (-) TimerEvent: {}
[130.149439] (-) TimerEvent: {}
[130.250283] (-) TimerEvent: {}
[130.361092] (-) TimerEvent: {}
[130.461975] (-) TimerEvent: {}
[130.562765] (-) TimerEvent: {}
[130.663695] (-) TimerEvent: {}
[130.764592] (-) TimerEvent: {}
[130.865518] (-) TimerEvent: {}
[130.966529] (-) TimerEvent: {}
[131.067664] (-) TimerEvent: {}
[131.168892] (-) TimerEvent: {}
[131.269934] (-) TimerEvent: {}
[131.371050] (-) TimerEvent: {}
[131.471960] (-) TimerEvent: {}
[131.573030] (-) TimerEvent: {}
[131.674207] (-) TimerEvent: {}
[131.775108] (-) TimerEvent: {}
[131.876047] (-) TimerEvent: {}
[131.977257] (-) TimerEvent: {}
[132.078554] (-) TimerEvent: {}
[132.179553] (-) TimerEvent: {}
[132.280443] (-) TimerEvent: {}
[132.381336] (-) TimerEvent: {}
[132.482245] (-) TimerEvent: {}
[132.583190] (-) TimerEvent: {}
[132.684123] (-) TimerEvent: {}
[132.785091] (-) TimerEvent: {}
[132.886051] (-) TimerEvent: {}
[132.986927] (-) TimerEvent: {}
[133.087847] (-) TimerEvent: {}
[133.188785] (-) TimerEvent: {}
[133.289766] (-) TimerEvent: {}
[133.390756] (-) TimerEvent: {}
[133.491610] (-) TimerEvent: {}
[133.592521] (-) TimerEvent: {}
[133.693411] (-) TimerEvent: {}
[133.794376] (-) TimerEvent: {}
[133.895538] (-) TimerEvent: {}
[133.996424] (-) TimerEvent: {}
[134.097289] (-) TimerEvent: {}
[134.198197] (-) TimerEvent: {}
[134.299023] (-) TimerEvent: {}
[134.399904] (-) TimerEvent: {}
[134.500786] (-) TimerEvent: {}
[134.601718] (-) TimerEvent: {}
[134.702663] (-) TimerEvent: {}
[134.803780] (-) TimerEvent: {}
[134.905630] (-) TimerEvent: {}
[135.006587] (-) TimerEvent: {}
[135.107469] (-) TimerEvent: {}
[135.208538] (-) TimerEvent: {}
[135.309643] (-) TimerEvent: {}
[135.416662] (-) TimerEvent: {}
[135.517736] (-) TimerEvent: {}
[135.618683] (-) TimerEvent: {}
[135.719609] (-) TimerEvent: {}
[135.820689] (-) TimerEvent: {}
[135.922572] (-) TimerEvent: {}
[136.023751] (-) TimerEvent: {}
[136.124858] (-) TimerEvent: {}
[136.226034] (-) TimerEvent: {}
[136.326953] (-) TimerEvent: {}
[136.427934] (-) TimerEvent: {}
[136.528913] (-) TimerEvent: {}
[136.629926] (-) TimerEvent: {}
[136.730769] (-) TimerEvent: {}
[136.831725] (-) TimerEvent: {}
[136.932595] (-) TimerEvent: {}
[137.033571] (-) TimerEvent: {}
[137.134510] (-) TimerEvent: {}
[137.235492] (-) TimerEvent: {}
[137.336546] (-) TimerEvent: {}
[137.440349] (-) TimerEvent: {}
[137.541224] (-) TimerEvent: {}
[137.642295] (-) TimerEvent: {}
[137.743915] (-) TimerEvent: {}
[137.845173] (-) TimerEvent: {}
[137.946099] (-) TimerEvent: {}
[138.047462] (-) TimerEvent: {}
[138.148255] (-) TimerEvent: {}
[138.249048] (-) TimerEvent: {}
[138.350058] (-) TimerEvent: {}
[138.451247] (-) TimerEvent: {}
[138.552443] (-) TimerEvent: {}
[138.653433] (-) TimerEvent: {}
[138.754323] (-) TimerEvent: {}
[138.855337] (-) TimerEvent: {}
[138.956278] (-) TimerEvent: {}
[139.057368] (-) TimerEvent: {}
[139.158295] (-) TimerEvent: {}
[139.259163] (-) TimerEvent: {}
[139.360072] (-) TimerEvent: {}
[139.460954] (-) TimerEvent: {}
[139.561788] (-) TimerEvent: {}
[139.662954] (-) TimerEvent: {}
[139.763707] (-) TimerEvent: {}
[139.864534] (-) TimerEvent: {}
[139.965355] (-) TimerEvent: {}
[140.066252] (-) TimerEvent: {}
[140.167112] (-) TimerEvent: {}
[140.268069] (-) TimerEvent: {}
[140.369023] (-) TimerEvent: {}
[140.473277] (-) TimerEvent: {}
[140.574178] (-) TimerEvent: {}
[140.675229] (-) TimerEvent: {}
[140.776456] (-) TimerEvent: {}
[140.877390] (-) TimerEvent: {}
[140.978309] (-) TimerEvent: {}
[141.079198] (-) TimerEvent: {}
[141.180269] (-) TimerEvent: {}
[141.281138] (-) TimerEvent: {}
[141.382048] (-) TimerEvent: {}
[141.483099] (-) TimerEvent: {}
[141.584558] (-) TimerEvent: {}
[141.685682] (-) TimerEvent: {}
[141.786552] (-) TimerEvent: {}
[141.887439] (-) TimerEvent: {}
[141.988736] (-) TimerEvent: {}
[142.090133] (-) TimerEvent: {}
[142.190930] (-) TimerEvent: {}
[142.291843] (-) TimerEvent: {}
[142.392947] (-) TimerEvent: {}
[142.493812] (-) TimerEvent: {}
[142.594890] (-) TimerEvent: {}
[142.695913] (-) TimerEvent: {}
[142.796796] (-) TimerEvent: {}
[142.897745] (-) TimerEvent: {}
[142.998691] (-) TimerEvent: {}
[143.099626] (-) TimerEvent: {}
[143.200597] (-) TimerEvent: {}
[143.301800] (-) TimerEvent: {}
[143.403462] (-) TimerEvent: {}
[143.504674] (-) TimerEvent: {}
[143.605592] (-) TimerEvent: {}
[143.706488] (-) TimerEvent: {}
[143.807357] (-) TimerEvent: {}
[143.908291] (-) TimerEvent: {}
[144.009313] (-) TimerEvent: {}
[144.110227] (-) TimerEvent: {}
[144.211250] (-) TimerEvent: {}
[144.312114] (-) TimerEvent: {}
[144.412995] (-) TimerEvent: {}
[144.513819] (-) TimerEvent: {}
[144.614731] (-) TimerEvent: {}
[144.715944] (-) TimerEvent: {}
[144.817316] (-) TimerEvent: {}
[144.918714] (-) TimerEvent: {}
[145.019952] (-) TimerEvent: {}
[145.121148] (-) TimerEvent: {}
[145.222500] (-) TimerEvent: {}
[145.324238] (-) TimerEvent: {}
[145.425194] (-) TimerEvent: {}
[145.529963] (-) TimerEvent: {}
[145.630768] (-) TimerEvent: {}
[145.731731] (-) TimerEvent: {}
[145.832791] (-) TimerEvent: {}
[145.933640] (-) TimerEvent: {}
[146.034526] (-) TimerEvent: {}
[146.135421] (-) TimerEvent: {}
[146.236540] (-) TimerEvent: {}
[146.337379] (-) TimerEvent: {}
[146.438254] (-) TimerEvent: {}
[146.539102] (-) TimerEvent: {}
[146.640006] (-) TimerEvent: {}
[146.741030] (-) TimerEvent: {}
[146.841926] (-) TimerEvent: {}
[146.942741] (-) TimerEvent: {}
[147.043524] (-) TimerEvent: {}
[147.144385] (-) TimerEvent: {}
[147.245301] (-) TimerEvent: {}
[147.346178] (-) TimerEvent: {}
[147.446950] (-) TimerEvent: {}
[147.547721] (-) TimerEvent: {}
[147.648607] (-) TimerEvent: {}
[147.749454] (-) TimerEvent: {}
[147.850344] (-) TimerEvent: {}
[147.951242] (-) TimerEvent: {}
[148.052165] (-) TimerEvent: {}
[148.153054] (-) TimerEvent: {}
[148.254106] (-) TimerEvent: {}
[148.355078] (-) TimerEvent: {}
[148.456002] (-) TimerEvent: {}
[148.557067] (-) TimerEvent: {}
[148.658630] (-) TimerEvent: {}
[148.760161] (-) TimerEvent: {}
[148.861633] (-) TimerEvent: {}
[148.962479] (-) TimerEvent: {}
[149.063346] (-) TimerEvent: {}
[149.164257] (-) TimerEvent: {}
[149.265206] (-) TimerEvent: {}
[149.366132] (-) TimerEvent: {}
[149.469466] (-) TimerEvent: {}
[149.570465] (-) TimerEvent: {}
[149.671576] (-) TimerEvent: {}
[149.772577] (-) TimerEvent: {}
[149.873512] (-) TimerEvent: {}
[149.974572] (-) TimerEvent: {}
[150.075736] (-) TimerEvent: {}
[150.177231] (-) TimerEvent: {}
[150.278472] (-) TimerEvent: {}
[150.379830] (-) TimerEvent: {}
[150.481720] (-) TimerEvent: {}
[150.598089] (-) TimerEvent: {}
[150.698890] (-) TimerEvent: {}
[150.799703] (-) TimerEvent: {}
[150.900583] (-) TimerEvent: {}
[151.001415] (-) TimerEvent: {}
[151.102227] (-) TimerEvent: {}
[151.203030] (-) TimerEvent: {}
[151.303849] (-) TimerEvent: {}
[151.404660] (-) TimerEvent: {}
[151.505522] (-) TimerEvent: {}
[151.606359] (-) TimerEvent: {}
[151.707298] (-) TimerEvent: {}
[151.808358] (-) TimerEvent: {}
[151.909435] (-) TimerEvent: {}
[152.010234] (-) TimerEvent: {}
[152.110986] (-) TimerEvent: {}
[152.211843] (-) TimerEvent: {}
[152.312641] (-) TimerEvent: {}
[152.413570] (-) TimerEvent: {}
[152.514463] (-) TimerEvent: {}
[152.615257] (-) TimerEvent: {}
[152.716079] (-) TimerEvent: {}
[152.817268] (-) TimerEvent: {}
[152.918400] (-) TimerEvent: {}
[153.020744] (-) TimerEvent: {}
[153.122036] (-) TimerEvent: {}
[153.223020] (-) TimerEvent: {}
[153.323832] (-) TimerEvent: {}
[153.424640] (-) TimerEvent: {}
[153.525593] (-) TimerEvent: {}
[153.626803] (-) TimerEvent: {}
[153.727706] (-) TimerEvent: {}
[153.828641] (-) TimerEvent: {}
[153.929619] (-) TimerEvent: {}
[154.030557] (-) TimerEvent: {}
[154.131480] (-) TimerEvent: {}
[154.232417] (-) TimerEvent: {}
[154.333354] (-) TimerEvent: {}
[154.434257] (-) TimerEvent: {}
[154.535159] (-) TimerEvent: {}
[154.636032] (-) TimerEvent: {}
[154.736975] (-) TimerEvent: {}
[154.844551] (-) TimerEvent: {}
[154.946754] (-) TimerEvent: {}
[155.047639] (-) TimerEvent: {}
[155.148750] (-) TimerEvent: {}
[155.249925] (-) TimerEvent: {}
[155.351168] (-) TimerEvent: {}
[155.452183] (-) TimerEvent: {}
[155.553040] (-) TimerEvent: {}
[155.654054] (-) TimerEvent: {}
[155.754843] (-) TimerEvent: {}
[155.855749] (-) TimerEvent: {}
[155.956881] (-) TimerEvent: {}
[156.058068] (-) TimerEvent: {}
[156.158941] (-) TimerEvent: {}
[156.259834] (-) TimerEvent: {}
[156.360787] (-) TimerEvent: {}
[156.461685] (-) TimerEvent: {}
[156.562567] (-) TimerEvent: {}
[156.663576] (-) TimerEvent: {}
[156.765064] (-) TimerEvent: {}
[156.865909] (-) TimerEvent: {}
[156.966788] (-) TimerEvent: {}
[157.067611] (-) TimerEvent: {}
[157.168458] (-) TimerEvent: {}
[157.269258] (-) TimerEvent: {}
[157.370100] (-) TimerEvent: {}
[157.471071] (-) TimerEvent: {}
[157.571893] (-) TimerEvent: {}
[157.672760] (-) TimerEvent: {}
[157.773776] (-) TimerEvent: {}
[157.874742] (-) TimerEvent: {}
[157.975506] (-) TimerEvent: {}
[158.076325] (-) TimerEvent: {}
[158.177162] (-) TimerEvent: {}
[158.279361] (-) TimerEvent: {}
[158.380655] (-) TimerEvent: {}
[158.481926] (-) TimerEvent: {}
[158.582804] (-) TimerEvent: {}
[158.684338] (-) TimerEvent: {}
[158.785776] (-) TimerEvent: {}
[158.887323] (-) TimerEvent: {}
[158.988214] (-) TimerEvent: {}
[159.089161] (-) TimerEvent: {}
[159.190053] (-) TimerEvent: {}
[159.290867] (-) TimerEvent: {}
[159.391712] (-) TimerEvent: {}
[159.492823] (-) TimerEvent: {}
[159.593783] (-) TimerEvent: {}
[159.694798] (-) TimerEvent: {}
[159.795870] (-) TimerEvent: {}
[159.896823] (-) TimerEvent: {}
[159.997956] (-) TimerEvent: {}
[160.098765] (-) TimerEvent: {}
[160.199558] (-) TimerEvent: {}
[160.300381] (-) TimerEvent: {}
[160.401215] (-) TimerEvent: {}
[160.502126] (-) TimerEvent: {}
[160.602900] (-) TimerEvent: {}
[160.703695] (-) TimerEvent: {}
[160.810845] (-) TimerEvent: {}
[160.911732] (-) TimerEvent: {}
[161.012528] (-) TimerEvent: {}
[161.113414] (-) TimerEvent: {}
[161.214509] (-) TimerEvent: {}
[161.315366] (-) TimerEvent: {}
[161.416281] (-) TimerEvent: {}
[161.517136] (-) TimerEvent: {}
[161.618112] (-) TimerEvent: {}
[161.719036] (-) TimerEvent: {}
[161.819965] (-) TimerEvent: {}
[161.920979] (-) TimerEvent: {}
[162.021927] (-) TimerEvent: {}
[162.122760] (-) TimerEvent: {}
[162.223586] (-) TimerEvent: {}
[162.324425] (-) TimerEvent: {}
[162.425250] (-) TimerEvent: {}
[162.526180] (-) TimerEvent: {}
[162.627338] (-) TimerEvent: {}
[162.728239] (-) TimerEvent: {}
[162.829249] (-) TimerEvent: {}
[162.930298] (-) TimerEvent: {}
[163.031250] (-) TimerEvent: {}
[163.132498] (-) TimerEvent: {}
[163.233547] (-) TimerEvent: {}
[163.335380] (-) TimerEvent: {}
[163.436576] (-) TimerEvent: {}
[163.537487] (-) TimerEvent: {}
[163.638306] (-) TimerEvent: {}
[163.739233] (-) TimerEvent: {}
[163.840145] (-) TimerEvent: {}
[163.941159] (-) TimerEvent: {}
[164.042257] (-) TimerEvent: {}
[164.143156] (-) TimerEvent: {}
[164.244031] (-) TimerEvent: {}
[164.344952] (-) TimerEvent: {}
[164.446194] (-) TimerEvent: {}
[164.546929] (-) TimerEvent: {}
[164.647708] (-) TimerEvent: {}
[164.748477] (-) TimerEvent: {}
[164.849248] (-) TimerEvent: {}
[164.950093] (-) TimerEvent: {}
[165.050871] (-) TimerEvent: {}
[165.151692] (-) TimerEvent: {}
[165.252502] (-) TimerEvent: {}
[165.353360] (-) TimerEvent: {}
[165.454218] (-) TimerEvent: {}
[165.555028] (-) TimerEvent: {}
[165.655911] (-) TimerEvent: {}
[165.756695] (-) TimerEvent: {}
[165.858113] (-) TimerEvent: {}
[165.959225] (-) TimerEvent: {}
[166.060033] (-) TimerEvent: {}
[166.161102] (-) TimerEvent: {}
[166.262075] (-) TimerEvent: {}
[166.363432] (-) TimerEvent: {}
[166.464428] (-) TimerEvent: {}
[166.565957] (-) TimerEvent: {}
[166.666780] (-) TimerEvent: {}
[166.767629] (-) TimerEvent: {}
[166.868510] (-) TimerEvent: {}
[166.969341] (-) TimerEvent: {}
[167.070104] (-) TimerEvent: {}
[167.170950] (-) TimerEvent: {}
[167.271795] (-) TimerEvent: {}
[167.372681] (-) TimerEvent: {}
[167.473541] (-) TimerEvent: {}
[167.574383] (-) TimerEvent: {}
[167.675153] (-) TimerEvent: {}
[167.776259] (-) TimerEvent: {}
[167.877093] (-) TimerEvent: {}
[167.977950] (-) TimerEvent: {}
[168.078764] (-) TimerEvent: {}
[168.179611] (-) TimerEvent: {}
[168.280356] (-) TimerEvent: {}
[168.381581] (-) TimerEvent: {}
[168.482747] (-) TimerEvent: {}
[168.583621] (-) TimerEvent: {}
[168.684533] (-) TimerEvent: {}
[168.785348] (-) TimerEvent: {}
[168.886137] (-) TimerEvent: {}
[168.986971] (-) TimerEvent: {}
[169.087959] (-) TimerEvent: {}
[169.189034] (-) TimerEvent: {}
[169.289832] (-) TimerEvent: {}
[169.390731] (-) TimerEvent: {}
[169.491656] (-) TimerEvent: {}
[169.593574] (-) TimerEvent: {}
[169.694606] (-) TimerEvent: {}
[169.795548] (-) TimerEvent: {}
[169.896511] (-) TimerEvent: {}
[169.997260] (-) TimerEvent: {}
[170.098051] (-) TimerEvent: {}
[170.198810] (-) TimerEvent: {}
[170.299593] (-) TimerEvent: {}
[170.400404] (-) TimerEvent: {}
[170.501489] (-) TimerEvent: {}
[170.602719] (-) TimerEvent: {}
[170.703673] (-) TimerEvent: {}
[170.804556] (-) TimerEvent: {}
[170.905567] (-) TimerEvent: {}
[171.006449] (-) TimerEvent: {}
[171.107337] (-) TimerEvent: {}
[171.208156] (-) TimerEvent: {}
[171.309130] (-) TimerEvent: {}
[171.410068] (-) TimerEvent: {}
[171.511032] (-) TimerEvent: {}
[171.611974] (-) TimerEvent: {}
[171.712876] (-) TimerEvent: {}
[171.813691] (-) TimerEvent: {}
[171.914532] (-) TimerEvent: {}
[172.015306] (-) TimerEvent: {}
[172.116104] (-) TimerEvent: {}
[172.217193] (-) TimerEvent: {}
[172.318952] (-) TimerEvent: {}
[172.420098] (-) TimerEvent: {}
[172.521152] (-) TimerEvent: {}
[172.622086] (-) TimerEvent: {}
[172.723019] (-) TimerEvent: {}
[172.824001] (-) TimerEvent: {}
[172.924971] (-) TimerEvent: {}
[173.025921] (-) TimerEvent: {}
[173.126832] (-) TimerEvent: {}
[173.227717] (-) TimerEvent: {}
[173.328630] (-) TimerEvent: {}
[173.430120] (-) TimerEvent: {}
[173.532450] (-) TimerEvent: {}
[173.633742] (-) TimerEvent: {}
[173.734870] (-) TimerEvent: {}
[173.835723] (-) TimerEvent: {}
[173.936922] (-) TimerEvent: {}
[174.037776] (-) TimerEvent: {}
[174.138620] (-) TimerEvent: {}
[174.239492] (-) TimerEvent: {}
[174.340410] (-) TimerEvent: {}
[174.441266] (-) TimerEvent: {}
[174.542058] (-) TimerEvent: {}
[174.642878] (-) TimerEvent: {}
[174.743668] (-) TimerEvent: {}
[174.844640] (-) TimerEvent: {}
[174.945703] (-) TimerEvent: {}
[175.046763] (-) TimerEvent: {}
[175.147568] (-) TimerEvent: {}
[175.248560] (-) TimerEvent: {}
[175.349608] (-) TimerEvent: {}
[175.450460] (-) TimerEvent: {}
[175.551278] (-) TimerEvent: {}
[175.652127] (-) TimerEvent: {}
[175.753012] (-) TimerEvent: {}
[175.853972] (-) TimerEvent: {}
[175.954763] (-) TimerEvent: {}
[176.059161] (-) TimerEvent: {}
[176.160092] (-) TimerEvent: {}
[176.261091] (-) TimerEvent: {}
[176.362016] (-) TimerEvent: {}
[176.462786] (-) TimerEvent: {}
[176.563738] (-) TimerEvent: {}
[176.665081] (-) TimerEvent: {}
[176.770059] (-) TimerEvent: {}
[176.870852] (-) TimerEvent: {}
[176.971821] (-) TimerEvent: {}
[177.072758] (-) TimerEvent: {}
[177.173697] (-) TimerEvent: {}
[177.274596] (-) TimerEvent: {}
[177.375383] (-) TimerEvent: {}
[177.476715] (-) TimerEvent: {}
[177.577789] (-) TimerEvent: {}
[177.678884] (-) TimerEvent: {}
[177.779704] (-) TimerEvent: {}
[177.880678] (-) TimerEvent: {}
[177.981610] (-) TimerEvent: {}
[178.082492] (-) TimerEvent: {}
[178.183409] (-) TimerEvent: {}
[178.284392] (-) TimerEvent: {}
[178.385307] (-) TimerEvent: {}
[178.486240] (-) TimerEvent: {}
[178.587224] (-) TimerEvent: {}
[178.688170] (-) TimerEvent: {}
[178.789597] (-) TimerEvent: {}
[178.890830] (-) TimerEvent: {}
[178.992290] (-) TimerEvent: {}
[179.093599] (-) TimerEvent: {}
[179.195215] (-) TimerEvent: {}
[179.296436] (-) TimerEvent: {}
[179.397705] (-) TimerEvent: {}
[179.498993] (-) TimerEvent: {}
[179.600262] (-) TimerEvent: {}
[179.701377] (-) TimerEvent: {}
[179.802824] (-) TimerEvent: {}
[179.903772] (-) TimerEvent: {}
[180.004667] (-) TimerEvent: {}
[180.105576] (-) TimerEvent: {}
[180.206519] (-) TimerEvent: {}
[180.307396] (-) TimerEvent: {}
[180.408730] (-) TimerEvent: {}
[180.509979] (-) TimerEvent: {}
[180.611415] (-) TimerEvent: {}
[180.712667] (-) TimerEvent: {}
[180.813897] (-) TimerEvent: {}
[180.915285] (-) TimerEvent: {}
[181.016499] (-) TimerEvent: {}
[181.117697] (-) TimerEvent: {}
[181.218937] (-) TimerEvent: {}
[181.320175] (-) TimerEvent: {}
[181.421251] (-) TimerEvent: {}
[181.522818] (-) TimerEvent: {}
[181.623967] (-) TimerEvent: {}
[181.724987] (-) TimerEvent: {}
[181.826117] (-) TimerEvent: {}
[181.927337] (-) TimerEvent: {}
[182.028590] (-) TimerEvent: {}
[182.129824] (-) TimerEvent: {}
[182.231091] (-) TimerEvent: {}
[182.332437] (-) TimerEvent: {}
[182.433533] (-) TimerEvent: {}
[182.534474] (-) TimerEvent: {}
[182.635354] (-) TimerEvent: {}
[182.736326] (-) TimerEvent: {}
[182.837241] (-) TimerEvent: {}
[182.938156] (-) TimerEvent: {}
[183.039257] (-) TimerEvent: {}
[183.140142] (-) TimerEvent: {}
[183.241279] (-) TimerEvent: {}
[183.342622] (-) TimerEvent: {}
[183.444178] (-) TimerEvent: {}
[183.545216] (-) TimerEvent: {}
[183.646236] (-) TimerEvent: {}
[183.746968] (-) TimerEvent: {}
[183.847870] (-) TimerEvent: {}
[183.949140] (-) TimerEvent: {}
[184.050323] (-) TimerEvent: {}
[184.151522] (-) TimerEvent: {}
[184.252820] (-) TimerEvent: {}
[184.354439] (-) TimerEvent: {}
[184.455248] (-) TimerEvent: {}
[184.556158] (-) TimerEvent: {}
[184.657376] (-) TimerEvent: {}
[184.758288] (-) TimerEvent: {}
[184.859300] (-) TimerEvent: {}
[184.960390] (-) TimerEvent: {}
[185.061608] (-) TimerEvent: {}
[185.162494] (-) TimerEvent: {}
[185.263536] (-) TimerEvent: {}
[185.364509] (-) TimerEvent: {}
[185.465435] (-) TimerEvent: {}
[185.566361] (-) TimerEvent: {}
[185.667475] (-) TimerEvent: {}
[185.768307] (-) TimerEvent: {}
[185.869163] (-) TimerEvent: {}
[185.970026] (-) TimerEvent: {}
[186.074823] (-) TimerEvent: {}
[186.175948] (-) TimerEvent: {}
[186.277600] (-) TimerEvent: {}
[186.378657] (-) TimerEvent: {}
[186.479524] (-) TimerEvent: {}
[186.580380] (-) TimerEvent: {}
[186.681273] (-) TimerEvent: {}
[186.782117] (-) TimerEvent: {}
[186.883039] (-) TimerEvent: {}
[186.983921] (-) TimerEvent: {}
[187.084926] (-) TimerEvent: {}
[187.185948] (-) TimerEvent: {}
[187.286860] (-) TimerEvent: {}
[187.388000] (-) TimerEvent: {}
[187.489268] (-) TimerEvent: {}
[187.590266] (-) TimerEvent: {}
[187.691139] (-) TimerEvent: {}
[187.792056] (-) TimerEvent: {}
[187.893355] (-) TimerEvent: {}
[187.994620] (-) TimerEvent: {}
[188.095869] (-) TimerEvent: {}
[188.197178] (-) TimerEvent: {}
[188.298531] (-) TimerEvent: {}
[188.399784] (-) TimerEvent: {}
[188.500835] (-) TimerEvent: {}
[188.602143] (-) TimerEvent: {}
[188.702923] (-) TimerEvent: {}
[188.803773] (-) TimerEvent: {}
[188.904739] (-) TimerEvent: {}
[189.005773] (-) TimerEvent: {}
[189.106610] (-) TimerEvent: {}
[189.207439] (-) TimerEvent: {}
[189.308282] (-) TimerEvent: {}
[189.409127] (-) TimerEvent: {}
[189.509936] (-) TimerEvent: {}
[189.610764] (-) TimerEvent: {}
[189.711922] (-) TimerEvent: {}
[189.812799] (-) TimerEvent: {}
[189.913732] (-) TimerEvent: {}
[190.014529] (-) TimerEvent: {}
[190.115347] (-) TimerEvent: {}
[190.216159] (-) TimerEvent: {}
[190.317072] (-) TimerEvent: {}
[190.418221] (-) TimerEvent: {}
[190.519283] (-) TimerEvent: {}
[190.620490] (-) TimerEvent: {}
[190.722042] (-) TimerEvent: {}
[190.823460] (-) TimerEvent: {}
[190.924390] (-) TimerEvent: {}
[191.025222] (-) TimerEvent: {}
[191.126061] (-) TimerEvent: {}
[191.226830] (-) TimerEvent: {}
[191.327674] (-) TimerEvent: {}
[191.428580] (-) TimerEvent: {}
[191.529548] (-) TimerEvent: {}
[191.630407] (-) TimerEvent: {}
[191.731346] (-) TimerEvent: {}
[191.832450] (-) TimerEvent: {}
[191.933334] (-) TimerEvent: {}
[192.034250] (-) TimerEvent: {}
[192.135837] (-) TimerEvent: {}
[192.236786] (-) TimerEvent: {}
[192.337688] (-) TimerEvent: {}
[192.438688] (-) TimerEvent: {}
[192.539678] (-) TimerEvent: {}
[192.640556] (-) TimerEvent: {}
[192.741485] (-) TimerEvent: {}
[192.842599] (-) TimerEvent: {}
[192.943742] (-) TimerEvent: {}
[193.044745] (-) TimerEvent: {}
[193.145718] (-) TimerEvent: {}
[193.246676] (-) TimerEvent: {}
[193.347520] (-) TimerEvent: {}
[193.448462] (-) TimerEvent: {}
[193.549457] (-) TimerEvent: {}
[193.650350] (-) TimerEvent: {}
[193.751391] (-) TimerEvent: {}
[193.852637] (-) TimerEvent: {}
[193.953690] (-) TimerEvent: {}
[194.054859] (-) TimerEvent: {}
[194.156509] (-) TimerEvent: {}
[194.257603] (-) TimerEvent: {}
[194.358497] (-) TimerEvent: {}
[194.459443] (-) TimerEvent: {}
[194.560452] (-) TimerEvent: {}
[194.661290] (-) TimerEvent: {}
[194.762147] (-) TimerEvent: {}
[194.862976] (-) TimerEvent: {}
[194.963784] (-) TimerEvent: {}
[195.064588] (-) TimerEvent: {}
[195.165426] (-) TimerEvent: {}
[195.266344] (-) TimerEvent: {}
[195.367346] (-) TimerEvent: {}
[195.468580] (-) TimerEvent: {}
[195.569599] (-) TimerEvent: {}
[195.670505] (-) TimerEvent: {}
[195.771464] (-) TimerEvent: {}
[195.872295] (-) TimerEvent: {}
[195.973478] (-) TimerEvent: {}
[196.074655] (-) TimerEvent: {}
[196.175556] (-) TimerEvent: {}
[196.276461] (-) TimerEvent: {}
[196.377447] (-) TimerEvent: {}
[196.478362] (-) TimerEvent: {}
[196.579241] (-) TimerEvent: {}
[196.680165] (-) TimerEvent: {}
[196.780927] (-) TimerEvent: {}
[196.881766] (-) TimerEvent: {}
[196.982645] (-) TimerEvent: {}
[197.083701] (-) TimerEvent: {}
[197.184936] (-) TimerEvent: {}
[197.285916] (-) TimerEvent: {}
[197.386790] (-) TimerEvent: {}
[197.487755] (-) TimerEvent: {}
[197.589533] (-) TimerEvent: {}
[197.691218] (-) TimerEvent: {}
[197.792264] (-) TimerEvent: {}
[197.893102] (-) TimerEvent: {}
[197.994059] (-) TimerEvent: {}
[198.095012] (-) TimerEvent: {}
[198.195943] (-) TimerEvent: {}
[198.296805] (-) TimerEvent: {}
[198.397712] (-) TimerEvent: {}
[198.498685] (-) TimerEvent: {}
[198.599707] (-) TimerEvent: {}
[198.702231] (-) TimerEvent: {}
[198.803745] (-) TimerEvent: {}
[198.905198] (-) TimerEvent: {}
[199.006039] (-) TimerEvent: {}
[199.106787] (-) TimerEvent: {}
[199.207655] (-) TimerEvent: {}
[199.308609] (-) TimerEvent: {}
[199.409427] (-) TimerEvent: {}
[199.510240] (-) TimerEvent: {}
[199.611039] (-) TimerEvent: {}
[199.711885] (-) TimerEvent: {}
[199.812892] (-) TimerEvent: {}
[199.913805] (-) TimerEvent: {}
[200.015020] (-) TimerEvent: {}
[200.116083] (-) TimerEvent: {}
[200.216922] (-) TimerEvent: {}
[200.317733] (-) TimerEvent: {}
[200.418581] (-) TimerEvent: {}
[200.521072] (-) TimerEvent: {}
[200.621992] (-) TimerEvent: {}
[200.723090] (-) TimerEvent: {}
[200.824029] (-) TimerEvent: {}
[200.924872] (-) TimerEvent: {}
[201.025719] (-) TimerEvent: {}
[201.126649] (-) TimerEvent: {}
[201.232252] (-) TimerEvent: {}
[201.333320] (-) TimerEvent: {}
[201.434211] (-) TimerEvent: {}
[201.535085] (-) TimerEvent: {}
[201.635996] (-) TimerEvent: {}
[201.736982] (-) TimerEvent: {}
[201.838002] (-) TimerEvent: {}
[201.938945] (-) TimerEvent: {}
[202.039770] (-) TimerEvent: {}
[202.140597] (-) TimerEvent: {}
[202.241500] (-) TimerEvent: {}
[202.342886] (-) TimerEvent: {}
[202.443675] (-) TimerEvent: {}
[202.544520] (-) TimerEvent: {}
[202.645332] (-) TimerEvent: {}
[202.746138] (-) TimerEvent: {}
[202.846915] (-) TimerEvent: {}
[202.947740] (-) TimerEvent: {}
[203.048592] (-) TimerEvent: {}
[203.149454] (-) TimerEvent: {}
[203.250333] (-) TimerEvent: {}
[203.351184] (-) TimerEvent: {}
[203.452071] (-) TimerEvent: {}
[203.553166] (-) TimerEvent: {}
[203.654329] (-) TimerEvent: {}
[203.755253] (-) TimerEvent: {}
[203.856165] (-) TimerEvent: {}
[203.956994] (-) TimerEvent: {}
[204.057811] (-) TimerEvent: {}
[204.158594] (-) TimerEvent: {}
[204.259361] (-) TimerEvent: {}
[204.360148] (-) TimerEvent: {}
[204.461155] (-) TimerEvent: {}
[204.562066] (-) TimerEvent: {}
[204.663003] (-) TimerEvent: {}
[204.763842] (-) TimerEvent: {}
[204.865075] (-) TimerEvent: {}
[204.965889] (-) TimerEvent: {}
[205.066653] (-) TimerEvent: {}
[205.167523] (-) TimerEvent: {}
[205.268534] (-) TimerEvent: {}
[205.369460] (-) TimerEvent: {}
[205.470552] (-) TimerEvent: {}
[205.571636] (-) TimerEvent: {}
[205.672555] (-) TimerEvent: {}
[205.773493] (-) TimerEvent: {}
[205.874389] (-) TimerEvent: {}
[205.975575] (-) TimerEvent: {}
[206.077545] (-) TimerEvent: {}
[206.179275] (-) TimerEvent: {}
[206.284486] (-) TimerEvent: {}
[206.385372] (-) TimerEvent: {}
[206.486307] (-) TimerEvent: {}
[206.587290] (-) TimerEvent: {}
[206.688402] (-) TimerEvent: {}
[206.789227] (-) TimerEvent: {}
[206.890058] (-) TimerEvent: {}
[206.990964] (-) TimerEvent: {}
[207.091901] (-) TimerEvent: {}
[207.192823] (-) TimerEvent: {}
[207.293800] (-) TimerEvent: {}
[207.394748] (-) TimerEvent: {}
[207.495803] (-) TimerEvent: {}
[207.596826] (-) TimerEvent: {}
[207.697634] (-) TimerEvent: {}
[207.798625] (-) TimerEvent: {}
[207.899705] (-) TimerEvent: {}
[208.000662] (-) TimerEvent: {}
[208.101541] (-) TimerEvent: {}
[208.202570] (-) TimerEvent: {}
[208.303807] (-) TimerEvent: {}
[208.404683] (-) TimerEvent: {}
[208.505634] (-) TimerEvent: {}
[208.606510] (-) TimerEvent: {}
[208.707612] (-) TimerEvent: {}
[208.808490] (-) TimerEvent: {}
[208.909465] (-) TimerEvent: {}
[209.010327] (-) TimerEvent: {}
[209.111180] (-) TimerEvent: {}
[209.212515] (-) TimerEvent: {}
[209.225333] (ublox_msgs) StdoutLine: {'line': b'[ 12%] \x1b[32mBuilding CXX object CMakeFiles/ublox_msgs__rosidl_typesupport_cpp.dir/rosidl_typesupport_cpp/ublox_msgs/msg/ack__type_support.cpp.o\x1b[0m\n'}
[209.312663] (-) TimerEvent: {}
[209.413547] (-) TimerEvent: {}
[209.514433] (-) TimerEvent: {}
[209.615511] (-) TimerEvent: {}
[209.716619] (-) TimerEvent: {}
[209.818230] (-) TimerEvent: {}
[209.919367] (-) TimerEvent: {}
[210.020297] (-) TimerEvent: {}
[210.121164] (-) TimerEvent: {}
[210.222136] (-) TimerEvent: {}
[210.323119] (-) TimerEvent: {}
[210.424061] (-) TimerEvent: {}
[210.526391] (-) TimerEvent: {}
[210.627444] (-) TimerEvent: {}
[210.728467] (-) TimerEvent: {}
[210.829585] (-) TimerEvent: {}
[210.930545] (-) TimerEvent: {}
[211.031575] (-) TimerEvent: {}
[211.133307] (-) TimerEvent: {}
[211.234727] (-) TimerEvent: {}
[211.336326] (-) TimerEvent: {}
[211.437970] (-) TimerEvent: {}
[211.539147] (-) TimerEvent: {}
[211.546614] (ublox_msgs) StdoutLine: {'line': b'[ 12%] \x1b[32mBuilding CXX object CMakeFiles/ublox_msgs__rosidl_typesupport_cpp.dir/rosidl_typesupport_cpp/ublox_msgs/msg/aid_alm__type_support.cpp.o\x1b[0m\n'}
[211.639481] (-) TimerEvent: {}
[211.741113] (-) TimerEvent: {}
[211.842315] (-) TimerEvent: {}
[211.943476] (-) TimerEvent: {}
[212.045014] (-) TimerEvent: {}
[212.146635] (-) TimerEvent: {}
[212.248070] (-) TimerEvent: {}
[212.349210] (-) TimerEvent: {}
[212.452581] (-) TimerEvent: {}
[212.554606] (-) TimerEvent: {}
[212.656458] (-) TimerEvent: {}
[212.757746] (-) TimerEvent: {}
[212.858993] (-) TimerEvent: {}
[212.960124] (-) TimerEvent: {}
[213.061001] (-) TimerEvent: {}
[213.162021] (-) TimerEvent: {}
[213.262787] (-) TimerEvent: {}
[213.363630] (-) TimerEvent: {}
[213.464462] (-) TimerEvent: {}
[213.565337] (-) TimerEvent: {}
[213.627271] (ublox_msgs) StdoutLine: {'line': b'[ 13%] \x1b[32mBuilding CXX object CMakeFiles/ublox_msgs__rosidl_typesupport_cpp.dir/rosidl_typesupport_cpp/ublox_msgs/msg/aid_eph__type_support.cpp.o\x1b[0m\n'}
[213.665622] (-) TimerEvent: {}
[213.766705] (-) TimerEvent: {}
[213.867500] (-) TimerEvent: {}
[213.968454] (-) TimerEvent: {}
[214.069499] (-) TimerEvent: {}
[214.170746] (-) TimerEvent: {}
[214.271661] (-) TimerEvent: {}
[214.372671] (-) TimerEvent: {}
[214.473567] (-) TimerEvent: {}
[214.574746] (-) TimerEvent: {}
[214.679513] (-) TimerEvent: {}
[214.780561] (-) TimerEvent: {}
[214.815397] (ublox_msgs) StdoutLine: {'line': b'[ 13%] \x1b[32mBuilding CXX object CMakeFiles/ublox_msgs__rosidl_typesupport_introspection_cpp.dir/rosidl_typesupport_introspection_cpp/ublox_msgs/msg/detail/ack__type_support.cpp.o\x1b[0m\n'}
[214.880917] (-) TimerEvent: {}
[214.981818] (-) TimerEvent: {}
[215.082759] (-) TimerEvent: {}
[215.183665] (-) TimerEvent: {}
[215.284745] (-) TimerEvent: {}
[215.385797] (-) TimerEvent: {}
[215.457421] (ublox_msgs) StdoutLine: {'line': b'[ 13%] \x1b[32mBuilding CXX object CMakeFiles/ublox_msgs__rosidl_typesupport_cpp.dir/rosidl_typesupport_cpp/ublox_msgs/msg/aid_hui__type_support.cpp.o\x1b[0m\n'}
[215.486093] (-) TimerEvent: {}
[215.587152] (-) TimerEvent: {}
[215.688278] (-) TimerEvent: {}
[215.789520] (-) TimerEvent: {}
[215.890566] (-) TimerEvent: {}
[215.991580] (-) TimerEvent: {}
[216.092753] (-) TimerEvent: {}
[216.194159] (-) TimerEvent: {}
[216.295171] (-) TimerEvent: {}
[216.396425] (-) TimerEvent: {}
[216.498111] (-) TimerEvent: {}
[216.599210] (-) TimerEvent: {}
[216.700407] (-) TimerEvent: {}
[216.801399] (-) TimerEvent: {}
[216.902604] (-) TimerEvent: {}
[217.003875] (-) TimerEvent: {}
[217.105159] (-) TimerEvent: {}
[217.206117] (-) TimerEvent: {}
[217.307191] (-) TimerEvent: {}
[217.360320] (ublox_msgs) StdoutLine: {'line': b'[ 13%] \x1b[32mBuilding CXX object CMakeFiles/ublox_msgs__rosidl_typesupport_cpp.dir/rosidl_typesupport_cpp/ublox_msgs/msg/cfg_ant__type_support.cpp.o\x1b[0m\n'}
[217.407458] (-) TimerEvent: {}
[217.508474] (-) TimerEvent: {}
[217.582773] (ublox_msgs) StdoutLine: {'line': b'[ 13%] \x1b[32mBuilding CXX object CMakeFiles/ublox_msgs__rosidl_typesupport_introspection_cpp.dir/rosidl_typesupport_introspection_cpp/ublox_msgs/msg/detail/aid_alm__type_support.cpp.o\x1b[0m\n'}
[217.608704] (-) TimerEvent: {}
[217.710054] (-) TimerEvent: {}
[217.811214] (-) TimerEvent: {}
[217.912597] (-) TimerEvent: {}
[218.013890] (-) TimerEvent: {}
[218.115216] (-) TimerEvent: {}
[218.216842] (-) TimerEvent: {}
[218.318488] (-) TimerEvent: {}
[218.420057] (-) TimerEvent: {}
[218.521611] (-) TimerEvent: {}
[218.622731] (-) TimerEvent: {}
[218.664721] (ublox_msgs) StdoutLine: {'line': b'[ 13%] \x1b[32mBuilding CXX object CMakeFiles/ublox_msgs__rosidl_typesupport_fastrtps_cpp.dir/rosidl_typesupport_fastrtps_cpp/ublox_msgs/msg/detail/dds_fastrtps/ack__type_support.cpp.o\x1b[0m\n'}
[218.722953] (-) TimerEvent: {}
[218.823897] (-) TimerEvent: {}
[218.924907] (-) TimerEvent: {}
[219.025844] (-) TimerEvent: {}
[219.126808] (-) TimerEvent: {}
[219.219883] (ublox_msgs) StdoutLine: {'line': b'[ 13%] \x1b[32mBuilding CXX object CMakeFiles/ublox_msgs__rosidl_typesupport_cpp.dir/rosidl_typesupport_cpp/ublox_msgs/msg/cfg_cfg__type_support.cpp.o\x1b[0m\n'}
[219.227058] (-) TimerEvent: {}
[219.328356] (-) TimerEvent: {}
[219.429422] (-) TimerEvent: {}
[219.530384] (-) TimerEvent: {}
[219.631377] (-) TimerEvent: {}
[219.732661] (-) TimerEvent: {}
[219.833791] (-) TimerEvent: {}
[219.935098] (-) TimerEvent: {}
[220.036285] (-) TimerEvent: {}
[220.137416] (-) TimerEvent: {}
[220.239141] (-) TimerEvent: {}
[220.312681] (ublox_msgs) StdoutLine: {'line': b'[ 13%] \x1b[32mBuilding CXX object CMakeFiles/ublox_msgs__rosidl_typesupport_introspection_cpp.dir/rosidl_typesupport_introspection_cpp/ublox_msgs/msg/detail/aid_eph__type_support.cpp.o\x1b[0m\n'}
[220.339396] (-) TimerEvent: {}
[220.440768] (-) TimerEvent: {}
[220.542146] (-) TimerEvent: {}
[220.643843] (-) TimerEvent: {}
[220.745187] (-) TimerEvent: {}
[220.846500] (-) TimerEvent: {}
[220.947660] (-) TimerEvent: {}
[221.048623] (-) TimerEvent: {}
[221.124802] (ublox_msgs) StdoutLine: {'line': b'[ 13%] \x1b[32mBuilding CXX object CMakeFiles/ublox_msgs__rosidl_typesupport_cpp.dir/rosidl_typesupport_cpp/ublox_msgs/msg/cfg_dat__type_support.cpp.o\x1b[0m\n'}
[221.148996] (-) TimerEvent: {}
[221.250259] (-) TimerEvent: {}
[221.351378] (-) TimerEvent: {}
[221.408520] (ublox_msgs) StdoutLine: {'line': b'[ 13%] \x1b[32mBuilding CXX object CMakeFiles/ublox_msgs__rosidl_typesupport_fastrtps_cpp.dir/rosidl_typesupport_fastrtps_cpp/ublox_msgs/msg/detail/dds_fastrtps/aid_alm__type_support.cpp.o\x1b[0m\n'}
[221.451624] (-) TimerEvent: {}
[221.552656] (-) TimerEvent: {}
[221.653589] (-) TimerEvent: {}
[221.754581] (-) TimerEvent: {}
[221.855466] (-) TimerEvent: {}
[221.956493] (-) TimerEvent: {}
[222.057505] (-) TimerEvent: {}
[222.158438] (-) TimerEvent: {}
[222.259813] (-) TimerEvent: {}
[222.360945] (-) TimerEvent: {}
[222.462141] (-) TimerEvent: {}
[222.563325] (-) TimerEvent: {}
[222.664456] (-) TimerEvent: {}
[222.765618] (-) TimerEvent: {}
[222.866801] (-) TimerEvent: {}
[222.949025] (ublox_msgs) StdoutLine: {'line': b'[ 13%] \x1b[32mBuilding CXX object CMakeFiles/ublox_msgs__rosidl_typesupport_cpp.dir/rosidl_typesupport_cpp/ublox_msgs/msg/cfg_dgnss__type_support.cpp.o\x1b[0m\n'}
[222.967184] (-) TimerEvent: {}
[223.068567] (-) TimerEvent: {}
[223.075739] (ublox_msgs) StdoutLine: {'line': b'[ 14%] \x1b[32mBuilding CXX object CMakeFiles/ublox_msgs__rosidl_typesupport_introspection_cpp.dir/rosidl_typesupport_introspection_cpp/ublox_msgs/msg/detail/aid_hui__type_support.cpp.o\x1b[0m\n'}
[223.168783] (-) TimerEvent: {}
[223.269679] (-) TimerEvent: {}
[223.370676] (-) TimerEvent: {}
[223.471535] (-) TimerEvent: {}
[223.572564] (-) TimerEvent: {}
[223.673592] (-) TimerEvent: {}
[223.774718] (-) TimerEvent: {}
[223.875809] (-) TimerEvent: {}
[223.977334] (-) TimerEvent: {}
[224.078264] (-) TimerEvent: {}
[224.179326] (-) TimerEvent: {}
[224.280580] (-) TimerEvent: {}
[224.382118] (-) TimerEvent: {}
[224.440017] (ublox_msgs) StdoutLine: {'line': b'[ 15%] \x1b[32mBuilding CXX object CMakeFiles/ublox_msgs__rosidl_typesupport_fastrtps_cpp.dir/rosidl_typesupport_fastrtps_cpp/ublox_msgs/msg/detail/dds_fastrtps/aid_eph__type_support.cpp.o\x1b[0m\n'}
[224.482408] (-) TimerEvent: {}
[224.583476] (-) TimerEvent: {}
[224.684604] (-) TimerEvent: {}
[224.785822] (-) TimerEvent: {}
[224.887197] (-) TimerEvent: {}
[224.952413] (ublox_msgs) StdoutLine: {'line': b'[ 16%] \x1b[32mBuilding CXX object CMakeFiles/ublox_msgs__rosidl_typesupport_cpp.dir/rosidl_typesupport_cpp/ublox_msgs/msg/cfg_gnss_block__type_support.cpp.o\x1b[0m\n'}
[224.987636] (-) TimerEvent: {}
[225.089795] (-) TimerEvent: {}
[225.191271] (-) TimerEvent: {}
[225.292473] (-) TimerEvent: {}
[225.393577] (-) TimerEvent: {}
[225.495131] (-) TimerEvent: {}
[225.596106] (-) TimerEvent: {}
[225.697562] (-) TimerEvent: {}
[225.799020] (-) TimerEvent: {}
[225.900717] (-) TimerEvent: {}
[225.927625] (ublox_msgs) StdoutLine: {'line': b'[ 16%] \x1b[32mBuilding CXX object CMakeFiles/ublox_msgs__rosidl_typesupport_introspection_cpp.dir/rosidl_typesupport_introspection_cpp/ublox_msgs/msg/detail/cfg_ant__type_support.cpp.o\x1b[0m\n'}
[226.000963] (-) TimerEvent: {}
[226.102681] (-) TimerEvent: {}
[226.204148] (-) TimerEvent: {}
[226.305213] (-) TimerEvent: {}
[226.407453] (-) TimerEvent: {}
[226.509837] (-) TimerEvent: {}
[226.612002] (-) TimerEvent: {}
[226.713403] (-) TimerEvent: {}
[226.814791] (-) TimerEvent: {}
[226.916226] (-) TimerEvent: {}
[226.972209] (ublox_msgs) StdoutLine: {'line': b'[ 16%] \x1b[32mBuilding CXX object CMakeFiles/ublox_msgs__rosidl_typesupport_cpp.dir/rosidl_typesupport_cpp/ublox_msgs/msg/cfg_gnss__type_support.cpp.o\x1b[0m\n'}
[227.016474] (-) TimerEvent: {}
[227.117777] (-) TimerEvent: {}
[227.218952] (-) TimerEvent: {}
[227.320059] (-) TimerEvent: {}
[227.421201] (-) TimerEvent: {}
[227.519065] (ublox_msgs) StdoutLine: {'line': b'[ 16%] \x1b[32mBuilding CXX object CMakeFiles/ublox_msgs__rosidl_typesupport_fastrtps_cpp.dir/rosidl_typesupport_fastrtps_cpp/ublox_msgs/msg/detail/dds_fastrtps/aid_hui__type_support.cpp.o\x1b[0m\n'}
[227.521556] (-) TimerEvent: {}
[227.622956] (-) TimerEvent: {}
[227.724061] (-) TimerEvent: {}
[227.825056] (-) TimerEvent: {}
[227.926160] (-) TimerEvent: {}
[228.027249] (-) TimerEvent: {}
[228.128277] (-) TimerEvent: {}
[228.229322] (-) TimerEvent: {}
[228.330365] (-) TimerEvent: {}
[228.431606] (-) TimerEvent: {}
[228.532818] (-) TimerEvent: {}
[228.544246] (ublox_msgs) StdoutLine: {'line': b'[ 16%] \x1b[32mBuilding CXX object CMakeFiles/ublox_msgs__rosidl_typesupport_introspection_cpp.dir/rosidl_typesupport_introspection_cpp/ublox_msgs/msg/detail/cfg_cfg__type_support.cpp.o\x1b[0m\n'}
[228.633094] (-) TimerEvent: {}
[228.734054] (-) TimerEvent: {}
[228.835084] (-) TimerEvent: {}
[228.887088] (ublox_msgs) StdoutLine: {'line': b'[ 16%] \x1b[32mBuilding CXX object CMakeFiles/ublox_msgs__rosidl_typesupport_cpp.dir/rosidl_typesupport_cpp/ublox_msgs/msg/cfg_hnr__type_support.cpp.o\x1b[0m\n'}
[228.935343] (-) TimerEvent: {}
[229.036415] (-) TimerEvent: {}
[229.137479] (-) TimerEvent: {}
[229.238677] (-) TimerEvent: {}
[229.339832] (-) TimerEvent: {}
[229.440956] (-) TimerEvent: {}
[229.542635] (-) TimerEvent: {}
[229.644291] (-) TimerEvent: {}
[229.745701] (-) TimerEvent: {}
[229.847195] (-) TimerEvent: {}
[229.948224] (-) TimerEvent: {}
[230.050736] (-) TimerEvent: {}
[230.158856] (-) TimerEvent: {}
[230.260846] (-) TimerEvent: {}
[230.263121] (ublox_msgs) StdoutLine: {'line': b'[ 16%] \x1b[32mBuilding CXX object CMakeFiles/ublox_msgs__rosidl_typesupport_fastrtps_cpp.dir/rosidl_typesupport_fastrtps_cpp/ublox_msgs/msg/detail/dds_fastrtps/cfg_ant__type_support.cpp.o\x1b[0m\n'}
[230.361126] (-) TimerEvent: {}
[230.462065] (-) TimerEvent: {}
[230.563595] (-) TimerEvent: {}
[230.664514] (-) TimerEvent: {}
[230.765599] (-) TimerEvent: {}
[230.866965] (-) TimerEvent: {}
[230.898811] (ublox_msgs) StdoutLine: {'line': b'[ 16%] \x1b[32mBuilding CXX object CMakeFiles/ublox_msgs__rosidl_typesupport_cpp.dir/rosidl_typesupport_cpp/ublox_msgs/msg/cfg_inf_block__type_support.cpp.o\x1b[0m\n'}
[230.967217] (-) TimerEvent: {}
[231.068132] (-) TimerEvent: {}
[231.169107] (-) TimerEvent: {}
[231.231190] (ublox_msgs) StdoutLine: {'line': b'[ 16%] \x1b[32mBuilding CXX object CMakeFiles/ublox_msgs__rosidl_typesupport_introspection_cpp.dir/rosidl_typesupport_introspection_cpp/ublox_msgs/msg/detail/cfg_dat__type_support.cpp.o\x1b[0m\n'}
[231.269628] (-) TimerEvent: {}
[231.370722] (-) TimerEvent: {}
[231.471813] (-) TimerEvent: {}
[231.572942] (-) TimerEvent: {}
[231.673913] (-) TimerEvent: {}
[231.774799] (-) TimerEvent: {}
[231.875797] (-) TimerEvent: {}
[231.977141] (-) TimerEvent: {}
[231.997155] (ublox_msgs) StdoutLine: {'line': b'[ 17%] \x1b[32mBuilding CXX object CMakeFiles/ublox_msgs__rosidl_typesupport_fastrtps_c.dir/rosidl_typesupport_fastrtps_c/ublox_msgs/msg/detail/ack__type_support_c.cpp.o\x1b[0m\n'}
[232.077408] (-) TimerEvent: {}
[232.178501] (-) TimerEvent: {}
[232.279577] (-) TimerEvent: {}
[232.380837] (-) TimerEvent: {}
[232.482801] (-) TimerEvent: {}
[232.584515] (-) TimerEvent: {}
[232.686249] (-) TimerEvent: {}
[232.765691] (ublox_msgs) StdoutLine: {'line': b'[ 17%] \x1b[32mBuilding CXX object CMakeFiles/ublox_msgs__rosidl_typesupport_cpp.dir/rosidl_typesupport_cpp/ublox_msgs/msg/cfg_inf__type_support.cpp.o\x1b[0m\n'}
[232.786531] (-) TimerEvent: {}
[232.877179] (ublox_msgs) StdoutLine: {'line': b'[ 17%] \x1b[32mBuilding CXX object CMakeFiles/ublox_msgs__rosidl_typesupport_fastrtps_cpp.dir/rosidl_typesupport_fastrtps_cpp/ublox_msgs/msg/detail/dds_fastrtps/cfg_cfg__type_support.cpp.o\x1b[0m\n'}
[232.886769] (-) TimerEvent: {}
[232.987957] (-) TimerEvent: {}
[233.089339] (-) TimerEvent: {}
[233.190366] (-) TimerEvent: {}
[233.291274] (-) TimerEvent: {}
[233.392231] (-) TimerEvent: {}
[233.493380] (-) TimerEvent: {}
[233.594544] (-) TimerEvent: {}
[233.695710] (-) TimerEvent: {}
[233.796820] (-) TimerEvent: {}
[233.837092] (ublox_msgs) StdoutLine: {'line': b'[ 17%] \x1b[32mBuilding CXX object CMakeFiles/ublox_msgs__rosidl_typesupport_introspection_cpp.dir/rosidl_typesupport_introspection_cpp/ublox_msgs/msg/detail/cfg_dgnss__type_support.cpp.o\x1b[0m\n'}
[233.897189] (-) TimerEvent: {}
[233.998121] (-) TimerEvent: {}
[234.099157] (-) TimerEvent: {}
[234.200382] (-) TimerEvent: {}
[234.264672] (ublox_msgs) StdoutLine: {'line': b'[ 17%] \x1b[32mBuilding CXX object CMakeFiles/ublox_msgs__rosidl_typesupport_fastrtps_c.dir/rosidl_typesupport_fastrtps_c/ublox_msgs/msg/detail/aid_alm__type_support_c.cpp.o\x1b[0m\n'}
[234.300727] (-) TimerEvent: {}
[234.402045] (-) TimerEvent: {}
[234.503217] (-) TimerEvent: {}
[234.604130] (-) TimerEvent: {}
[234.673630] (ublox_msgs) StdoutLine: {'line': b'[ 17%] \x1b[32mBuilding CXX object CMakeFiles/ublox_msgs__rosidl_typesupport_cpp.dir/rosidl_typesupport_cpp/ublox_msgs/msg/cfg_msg__type_support.cpp.o\x1b[0m\n'}
[234.704430] (-) TimerEvent: {}
[234.805463] (-) TimerEvent: {}
[234.906557] (-) TimerEvent: {}
[235.007734] (-) TimerEvent: {}
[235.108986] (-) TimerEvent: {}
[235.210076] (-) TimerEvent: {}
[235.311294] (-) TimerEvent: {}
[235.412395] (-) TimerEvent: {}
[235.503527] (ublox_msgs) StdoutLine: {'line': b'[ 17%] \x1b[32mBuilding CXX object CMakeFiles/ublox_msgs__rosidl_typesupport_fastrtps_cpp.dir/rosidl_typesupport_fastrtps_cpp/ublox_msgs/msg/detail/dds_fastrtps/cfg_dat__type_support.cpp.o\x1b[0m\n'}
[235.512686] (-) TimerEvent: {}
[235.613694] (-) TimerEvent: {}
[235.714871] (-) TimerEvent: {}
[235.816016] (-) TimerEvent: {}
[235.917220] (-) TimerEvent: {}
[236.018357] (-) TimerEvent: {}
[236.119460] (-) TimerEvent: {}
[236.220716] (-) TimerEvent: {}
[236.321934] (-) TimerEvent: {}
[236.415266] (ublox_msgs) StdoutLine: {'line': b'[ 17%] \x1b[32mBuilding CXX object CMakeFiles/ublox_msgs__rosidl_typesupport_introspection_cpp.dir/rosidl_typesupport_introspection_cpp/ublox_msgs/msg/detail/cfg_gnss_block__type_support.cpp.o\x1b[0m\n'}
[236.422083] (-) TimerEvent: {}
[236.523413] (-) TimerEvent: {}
[236.583620] (ublox_msgs) StdoutLine: {'line': b'[ 17%] \x1b[32mBuilding CXX object CMakeFiles/ublox_msgs__rosidl_typesupport_fastrtps_c.dir/rosidl_typesupport_fastrtps_c/ublox_msgs/msg/detail/aid_eph__type_support_c.cpp.o\x1b[0m\n'}
[236.623656] (-) TimerEvent: {}
[236.661463] (ublox_msgs) StdoutLine: {'line': b'[ 17%] \x1b[32mBuilding CXX object CMakeFiles/ublox_msgs__rosidl_typesupport_cpp.dir/rosidl_typesupport_cpp/ublox_msgs/msg/cfg_nav5__type_support.cpp.o\x1b[0m\n'}
[236.723895] (-) TimerEvent: {}
[236.824873] (-) TimerEvent: {}
[236.925758] (-) TimerEvent: {}
[237.026860] (-) TimerEvent: {}
[237.127971] (-) TimerEvent: {}
[237.229083] (-) TimerEvent: {}
[237.330129] (-) TimerEvent: {}
[237.431243] (-) TimerEvent: {}
[237.532638] (-) TimerEvent: {}
[237.633984] (-) TimerEvent: {}
[237.735057] (-) TimerEvent: {}
[237.836124] (-) TimerEvent: {}
[237.937133] (-) TimerEvent: {}
[238.038205] (-) TimerEvent: {}
[238.139750] (-) TimerEvent: {}
[238.240765] (-) TimerEvent: {}
[238.256559] (ublox_msgs) StdoutLine: {'line': b'[ 17%] \x1b[32mBuilding CXX object CMakeFiles/ublox_msgs__rosidl_typesupport_fastrtps_cpp.dir/rosidl_typesupport_fastrtps_cpp/ublox_msgs/msg/detail/dds_fastrtps/cfg_dgnss__type_support.cpp.o\x1b[0m\n'}
[238.341037] (-) TimerEvent: {}
[238.442034] (-) TimerEvent: {}
[238.482832] (ublox_msgs) StdoutLine: {'line': b'[ 18%] \x1b[32mBuilding CXX object CMakeFiles/ublox_msgs__rosidl_typesupport_cpp.dir/rosidl_typesupport_cpp/ublox_msgs/msg/cfg_navx5__type_support.cpp.o\x1b[0m\n'}
[238.542277] (-) TimerEvent: {}
[238.643263] (-) TimerEvent: {}
[238.744273] (-) TimerEvent: {}
[238.845352] (-) TimerEvent: {}
[238.902208] (ublox_msgs) StdoutLine: {'line': b'[ 19%] \x1b[32mBuilding CXX object CMakeFiles/ublox_msgs__rosidl_typesupport_introspection_cpp.dir/rosidl_typesupport_introspection_cpp/ublox_msgs/msg/detail/cfg_gnss__type_support.cpp.o\x1b[0m\n'}
[238.945629] (-) TimerEvent: {}
[239.010616] (ublox_msgs) StdoutLine: {'line': b'[ 19%] \x1b[32mBuilding CXX object CMakeFiles/ublox_msgs__rosidl_typesupport_fastrtps_c.dir/rosidl_typesupport_fastrtps_c/ublox_msgs/msg/detail/aid_hui__type_support_c.cpp.o\x1b[0m\n'}
[239.045914] (-) TimerEvent: {}
[239.146885] (-) TimerEvent: {}
[239.247990] (-) TimerEvent: {}
[239.349263] (-) TimerEvent: {}
[239.450713] (-) TimerEvent: {}
[239.551861] (-) TimerEvent: {}
[239.653106] (-) TimerEvent: {}
[239.754383] (-) TimerEvent: {}
[239.855489] (-) TimerEvent: {}
[239.956650] (-) TimerEvent: {}
[240.057959] (-) TimerEvent: {}
[240.159263] (-) TimerEvent: {}
[240.260365] (-) TimerEvent: {}
[240.362077] (-) TimerEvent: {}
[240.410952] (ublox_msgs) StdoutLine: {'line': b'[ 19%] \x1b[32mBuilding CXX object CMakeFiles/ublox_msgs__rosidl_typesupport_cpp.dir/rosidl_typesupport_cpp/ublox_msgs/msg/cfg_nmea6__type_support.cpp.o\x1b[0m\n'}
[240.462410] (-) TimerEvent: {}
[240.564174] (-) TimerEvent: {}
[240.665426] (-) TimerEvent: {}
[240.766742] (-) TimerEvent: {}
[240.868165] (-) TimerEvent: {}
[240.903507] (ublox_msgs) StdoutLine: {'line': b'[ 19%] \x1b[32mBuilding CXX object CMakeFiles/ublox_msgs__rosidl_typesupport_fastrtps_cpp.dir/rosidl_typesupport_fastrtps_cpp/ublox_msgs/msg/detail/dds_fastrtps/cfg_gnss_block__type_support.cpp.o\x1b[0m\n'}
[240.968522] (-) TimerEvent: {}
[241.069819] (-) TimerEvent: {}
[241.171148] (-) TimerEvent: {}
[241.272304] (-) TimerEvent: {}
[241.373516] (-) TimerEvent: {}
[241.438601] (ublox_msgs) StdoutLine: {'line': b'[ 19%] \x1b[32mBuilding CXX object CMakeFiles/ublox_msgs__rosidl_typesupport_fastrtps_c.dir/rosidl_typesupport_fastrtps_c/ublox_msgs/msg/detail/cfg_ant__type_support_c.cpp.o\x1b[0m\n'}
[241.473936] (-) TimerEvent: {}
[241.575400] (-) TimerEvent: {}
[241.585828] (ublox_msgs) StdoutLine: {'line': b'[ 19%] \x1b[32mBuilding CXX object CMakeFiles/ublox_msgs__rosidl_typesupport_introspection_cpp.dir/rosidl_typesupport_introspection_cpp/ublox_msgs/msg/detail/cfg_hnr__type_support.cpp.o\x1b[0m\n'}
[241.675624] (-) TimerEvent: {}
[241.776681] (-) TimerEvent: {}
[241.877706] (-) TimerEvent: {}
[241.978706] (-) TimerEvent: {}
[242.079744] (-) TimerEvent: {}
[242.152575] (ublox_msgs) StdoutLine: {'line': b'[ 19%] \x1b[32mBuilding CXX object CMakeFiles/ublox_msgs__rosidl_typesupport_cpp.dir/rosidl_typesupport_cpp/ublox_msgs/msg/cfg_nmea7__type_support.cpp.o\x1b[0m\n'}
[242.179994] (-) TimerEvent: {}
[242.281131] (-) TimerEvent: {}
[242.382289] (-) TimerEvent: {}
[242.483458] (-) TimerEvent: {}
[242.584538] (-) TimerEvent: {}
[242.685727] (-) TimerEvent: {}
[242.786883] (-) TimerEvent: {}
[242.887931] (-) TimerEvent: {}
[242.989043] (-) TimerEvent: {}
[243.090132] (-) TimerEvent: {}
[243.191220] (-) TimerEvent: {}
[243.292422] (-) TimerEvent: {}
[243.393709] (-) TimerEvent: {}
[243.494802] (-) TimerEvent: {}
[243.585188] (ublox_msgs) StdoutLine: {'line': b'[ 20%] \x1b[32mBuilding CXX object CMakeFiles/ublox_msgs__rosidl_typesupport_fastrtps_cpp.dir/rosidl_typesupport_fastrtps_cpp/ublox_msgs/msg/detail/dds_fastrtps/cfg_gnss__type_support.cpp.o\x1b[0m\n'}
[243.595087] (-) TimerEvent: {}
[243.696183] (-) TimerEvent: {}
[243.797213] (-) TimerEvent: {}
[243.873919] (ublox_msgs) StdoutLine: {'line': b'[ 20%] \x1b[32mBuilding CXX object CMakeFiles/ublox_msgs__rosidl_typesupport_fastrtps_c.dir/rosidl_typesupport_fastrtps_c/ublox_msgs/msg/detail/cfg_cfg__type_support_c.cpp.o\x1b[0m\n'}
[243.897530] (-) TimerEvent: {}
[243.998624] (-) TimerEvent: {}
[244.008552] (ublox_msgs) StdoutLine: {'line': b'[ 20%] \x1b[32mBuilding CXX object CMakeFiles/ublox_msgs__rosidl_typesupport_cpp.dir/rosidl_typesupport_cpp/ublox_msgs/msg/cfg_nmea__type_support.cpp.o\x1b[0m\n'}
[244.098800] (-) TimerEvent: {}
[244.159062] (ublox_msgs) StdoutLine: {'line': b'[ 20%] \x1b[32mBuilding CXX object CMakeFiles/ublox_msgs__rosidl_typesupport_introspection_cpp.dir/rosidl_typesupport_introspection_cpp/ublox_msgs/msg/detail/cfg_inf_block__type_support.cpp.o\x1b[0m\n'}
[244.199080] (-) TimerEvent: {}
[244.300089] (-) TimerEvent: {}
[244.401019] (-) TimerEvent: {}
[244.502131] (-) TimerEvent: {}
[244.603574] (-) TimerEvent: {}
[244.704713] (-) TimerEvent: {}
[244.805904] (-) TimerEvent: {}
[244.907104] (-) TimerEvent: {}
[245.008209] (-) TimerEvent: {}
[245.109254] (-) TimerEvent: {}
[245.210411] (-) TimerEvent: {}
[245.311630] (-) TimerEvent: {}
[245.412783] (-) TimerEvent: {}
[245.513962] (-) TimerEvent: {}
[245.614982] (-) TimerEvent: {}
[245.716281] (-) TimerEvent: {}
[245.817769] (-) TimerEvent: {}
[245.919036] (-) TimerEvent: {}
[246.020036] (-) TimerEvent: {}
[246.072597] (ublox_msgs) StdoutLine: {'line': b'[ 20%] \x1b[32mBuilding CXX object CMakeFiles/ublox_msgs__rosidl_typesupport_cpp.dir/rosidl_typesupport_cpp/ublox_msgs/msg/cfg_prt__type_support.cpp.o\x1b[0m\n'}
[246.120342] (-) TimerEvent: {}
[246.166330] (ublox_msgs) StdoutLine: {'line': b'[ 21%] \x1b[32mBuilding CXX object CMakeFiles/ublox_msgs__rosidl_typesupport_fastrtps_c.dir/rosidl_typesupport_fastrtps_c/ublox_msgs/msg/detail/cfg_dat__type_support_c.cpp.o\x1b[0m\n'}
[246.220568] (-) TimerEvent: {}
[246.321564] (-) TimerEvent: {}
[246.422431] (-) TimerEvent: {}
[246.470809] (ublox_msgs) StdoutLine: {'line': b'[ 21%] \x1b[32mBuilding CXX object CMakeFiles/ublox_msgs__rosidl_typesupport_fastrtps_cpp.dir/rosidl_typesupport_fastrtps_cpp/ublox_msgs/msg/detail/dds_fastrtps/cfg_hnr__type_support.cpp.o\x1b[0m\n'}
[246.522667] (-) TimerEvent: {}
[246.623749] (-) TimerEvent: {}
[246.724833] (-) TimerEvent: {}
[246.765751] (ublox_msgs) StdoutLine: {'line': b'[ 21%] \x1b[32mBuilding CXX object CMakeFiles/ublox_msgs__rosidl_typesupport_introspection_cpp.dir/rosidl_typesupport_introspection_cpp/ublox_msgs/msg/detail/cfg_inf__type_support.cpp.o\x1b[0m\n'}
[246.825243] (-) TimerEvent: {}
[246.926156] (-) TimerEvent: {}
[247.027148] (-) TimerEvent: {}
[247.128135] (-) TimerEvent: {}
[247.229355] (-) TimerEvent: {}
[247.330358] (-) TimerEvent: {}
[247.431513] (-) TimerEvent: {}
[247.532672] (-) TimerEvent: {}
[247.633735] (-) TimerEvent: {}
[247.734803] (-) TimerEvent: {}
[247.836069] (-) TimerEvent: {}
[247.866114] (ublox_msgs) StdoutLine: {'line': b'[ 21%] \x1b[32mBuilding CXX object CMakeFiles/ublox_msgs__rosidl_typesupport_cpp.dir/rosidl_typesupport_cpp/ublox_msgs/msg/cfg_rate__type_support.cpp.o\x1b[0m\n'}
[247.936305] (-) TimerEvent: {}
[248.037275] (-) TimerEvent: {}
[248.138156] (-) TimerEvent: {}
[248.239104] (-) TimerEvent: {}
[248.340252] (-) TimerEvent: {}
[248.433501] (ublox_msgs) StdoutLine: {'line': b'[ 21%] \x1b[32mBuilding CXX object CMakeFiles/ublox_msgs__rosidl_typesupport_fastrtps_c.dir/rosidl_typesupport_fastrtps_c/ublox_msgs/msg/detail/cfg_dgnss__type_support_c.cpp.o\x1b[0m\n'}
[248.440469] (-) TimerEvent: {}
[248.541459] (-) TimerEvent: {}
[248.642517] (-) TimerEvent: {}
[248.743598] (-) TimerEvent: {}
[248.844803] (-) TimerEvent: {}
[248.946027] (-) TimerEvent: {}
[249.046891] (-) TimerEvent: {}
[249.147849] (-) TimerEvent: {}
[249.248895] (-) TimerEvent: {}
[249.330319] (ublox_msgs) StdoutLine: {'line': b'[ 21%] \x1b[32mBuilding CXX object CMakeFiles/ublox_msgs__rosidl_typesupport_fastrtps_cpp.dir/rosidl_typesupport_fastrtps_cpp/ublox_msgs/msg/detail/dds_fastrtps/cfg_inf_block__type_support.cpp.o\x1b[0m\n'}
[249.349180] (-) TimerEvent: {}
[249.450313] (-) TimerEvent: {}
[249.551178] (-) TimerEvent: {}
[249.593566] (ublox_msgs) StdoutLine: {'line': b'[ 21%] \x1b[32mBuilding CXX object CMakeFiles/ublox_msgs__rosidl_typesupport_introspection_cpp.dir/rosidl_typesupport_introspection_cpp/ublox_msgs/msg/detail/cfg_msg__type_support.cpp.o\x1b[0m\n'}
[249.651457] (-) TimerEvent: {}
[249.704472] (ublox_msgs) StdoutLine: {'line': b'[ 22%] \x1b[32mBuilding CXX object CMakeFiles/ublox_msgs__rosidl_typesupport_cpp.dir/rosidl_typesupport_cpp/ublox_msgs/msg/cfg_rst__type_support.cpp.o\x1b[0m\n'}
[249.751688] (-) TimerEvent: {}
[249.852786] (-) TimerEvent: {}
[249.953914] (-) TimerEvent: {}
[250.054923] (-) TimerEvent: {}
[250.156162] (-) TimerEvent: {}
[250.257332] (-) TimerEvent: {}
[250.358392] (-) TimerEvent: {}
[250.459700] (-) TimerEvent: {}
[250.560766] (-) TimerEvent: {}
[250.661962] (-) TimerEvent: {}
[250.763146] (-) TimerEvent: {}
[250.776112] (ublox_msgs) StdoutLine: {'line': b'[ 22%] \x1b[32mBuilding CXX object CMakeFiles/ublox_msgs__rosidl_typesupport_fastrtps_c.dir/rosidl_typesupport_fastrtps_c/ublox_msgs/msg/detail/cfg_gnss_block__type_support_c.cpp.o\x1b[0m\n'}
[250.863364] (-) TimerEvent: {}
[250.964580] (-) TimerEvent: {}
[251.065945] (-) TimerEvent: {}
[251.167331] (-) TimerEvent: {}
[251.268484] (-) TimerEvent: {}
[251.369547] (-) TimerEvent: {}
[251.476783] (-) TimerEvent: {}
[251.523521] (ublox_msgs) StdoutLine: {'line': b'[ 22%] \x1b[32mBuilding CXX object CMakeFiles/ublox_msgs__rosidl_typesupport_cpp.dir/rosidl_typesupport_cpp/ublox_msgs/msg/cfg_sbas__type_support.cpp.o\x1b[0m\n'}
[251.577093] (-) TimerEvent: {}
[251.678430] (-) TimerEvent: {}
[251.779415] (-) TimerEvent: {}
[251.880482] (-) TimerEvent: {}
[251.981531] (-) TimerEvent: {}
[252.082834] (-) TimerEvent: {}
[252.097606] (ublox_msgs) StdoutLine: {'line': b'[ 22%] \x1b[32mBuilding CXX object CMakeFiles/ublox_msgs__rosidl_typesupport_fastrtps_cpp.dir/rosidl_typesupport_fastrtps_cpp/ublox_msgs/msg/detail/dds_fastrtps/cfg_inf__type_support.cpp.o\x1b[0m\n'}
[252.170552] (ublox_msgs) StdoutLine: {'line': b'[ 22%] \x1b[32mBuilding CXX object CMakeFiles/ublox_msgs__rosidl_typesupport_introspection_cpp.dir/rosidl_typesupport_introspection_cpp/ublox_msgs/msg/detail/cfg_nav5__type_support.cpp.o\x1b[0m\n'}
[252.183109] (-) TimerEvent: {}
[252.284192] (-) TimerEvent: {}
[252.385243] (-) TimerEvent: {}
[252.486349] (-) TimerEvent: {}
[252.587504] (-) TimerEvent: {}
[252.688587] (-) TimerEvent: {}
[252.789788] (-) TimerEvent: {}
[252.891010] (-) TimerEvent: {}
[252.977876] (ublox_msgs) StdoutLine: {'line': b'[ 22%] \x1b[32mBuilding CXX object CMakeFiles/ublox_msgs__rosidl_typesupport_fastrtps_c.dir/rosidl_typesupport_fastrtps_c/ublox_msgs/msg/detail/cfg_gnss__type_support_c.cpp.o\x1b[0m\n'}
[252.991283] (-) TimerEvent: {}
[253.092496] (-) TimerEvent: {}
[253.193569] (-) TimerEvent: {}
[253.287063] (ublox_msgs) StdoutLine: {'line': b'[ 22%] \x1b[32mBuilding CXX object CMakeFiles/ublox_msgs__rosidl_typesupport_cpp.dir/rosidl_typesupport_cpp/ublox_msgs/msg/cfg_tmode3__type_support.cpp.o\x1b[0m\n'}
[253.294445] (-) TimerEvent: {}
[253.395636] (-) TimerEvent: {}
[253.496977] (-) TimerEvent: {}
[253.598255] (-) TimerEvent: {}
[253.699436] (-) TimerEvent: {}
[253.800707] (-) TimerEvent: {}
[253.902138] (-) TimerEvent: {}
[254.003338] (-) TimerEvent: {}
[254.104693] (-) TimerEvent: {}
[254.206003] (-) TimerEvent: {}
[254.307233] (-) TimerEvent: {}
[254.408815] (-) TimerEvent: {}
[254.509998] (-) TimerEvent: {}
[254.611331] (-) TimerEvent: {}
[254.712483] (-) TimerEvent: {}
[254.813605] (-) TimerEvent: {}
[254.914665] (-) TimerEvent: {}
[254.976263] (ublox_msgs) StdoutLine: {'line': b'[ 23%] \x1b[32mBuilding CXX object CMakeFiles/ublox_msgs__rosidl_typesupport_introspection_cpp.dir/rosidl_typesupport_introspection_cpp/ublox_msgs/msg/detail/cfg_navx5__type_support.cpp.o\x1b[0m\n'}
[255.015010] (-) TimerEvent: {}
[255.116184] (-) TimerEvent: {}
[255.119452] (ublox_msgs) StdoutLine: {'line': b'[ 23%] \x1b[32mBuilding CXX object CMakeFiles/ublox_msgs__rosidl_typesupport_fastrtps_cpp.dir/rosidl_typesupport_fastrtps_cpp/ublox_msgs/msg/detail/dds_fastrtps/cfg_msg__type_support.cpp.o\x1b[0m\n'}
[255.178332] (ublox_msgs) StdoutLine: {'line': b'[ 23%] \x1b[32mBuilding CXX object CMakeFiles/ublox_msgs__rosidl_typesupport_cpp.dir/rosidl_typesupport_cpp/ublox_msgs/msg/cfg_usb__type_support.cpp.o\x1b[0m\n'}
[255.216482] (-) TimerEvent: {}
[255.301767] (ublox_msgs) StdoutLine: {'line': b'[ 23%] \x1b[32mBuilding CXX object CMakeFiles/ublox_msgs__rosidl_typesupport_fastrtps_c.dir/rosidl_typesupport_fastrtps_c/ublox_msgs/msg/detail/cfg_hnr__type_support_c.cpp.o\x1b[0m\n'}
[255.316685] (-) TimerEvent: {}
[255.417468] (-) TimerEvent: {}
[255.518716] (-) TimerEvent: {}
[255.619602] (-) TimerEvent: {}
[255.720616] (-) TimerEvent: {}
[255.821841] (-) TimerEvent: {}
[255.934083] (-) TimerEvent: {}
[256.042822] (-) TimerEvent: {}
[256.147109] (-) TimerEvent: {}
[256.259627] (-) TimerEvent: {}
[256.367274] (-) TimerEvent: {}
[256.468307] (-) TimerEvent: {}
[256.569549] (-) TimerEvent: {}
[256.670750] (-) TimerEvent: {}
[256.771980] (-) TimerEvent: {}
[256.873058] (-) TimerEvent: {}
[256.974172] (-) TimerEvent: {}
[257.075333] (-) TimerEvent: {}
[257.176477] (-) TimerEvent: {}
[257.277596] (-) TimerEvent: {}
[257.378760] (-) TimerEvent: {}
[257.454964] (ublox_msgs) StdoutLine: {'line': b'[ 23%] \x1b[32mBuilding CXX object CMakeFiles/ublox_msgs__rosidl_typesupport_cpp.dir/rosidl_typesupport_cpp/ublox_msgs/msg/esf_ins__type_support.cpp.o\x1b[0m\n'}
[257.479025] (-) TimerEvent: {}
[257.580037] (-) TimerEvent: {}
[257.681232] (-) TimerEvent: {}
[257.782587] (-) TimerEvent: {}
[257.880654] (ublox_msgs) StdoutLine: {'line': b'[ 23%] \x1b[32mBuilding CXX object CMakeFiles/ublox_msgs__rosidl_typesupport_fastrtps_cpp.dir/rosidl_typesupport_fastrtps_cpp/ublox_msgs/msg/detail/dds_fastrtps/cfg_nav5__type_support.cpp.o\x1b[0m\n'}
[257.882891] (-) TimerEvent: {}
[257.890655] (ublox_msgs) StdoutLine: {'line': b'[ 23%] \x1b[32mBuilding CXX object CMakeFiles/ublox_msgs__rosidl_typesupport_introspection_cpp.dir/rosidl_typesupport_introspection_cpp/ublox_msgs/msg/detail/cfg_nmea6__type_support.cpp.o\x1b[0m\n'}
[257.921153] (ublox_msgs) StdoutLine: {'line': b'[ 23%] \x1b[32mBuilding CXX object CMakeFiles/ublox_msgs__rosidl_typesupport_fastrtps_c.dir/rosidl_typesupport_fastrtps_c/ublox_msgs/msg/detail/cfg_inf_block__type_support_c.cpp.o\x1b[0m\n'}
[257.983074] (-) TimerEvent: {}
[258.083893] (-) TimerEvent: {}
[258.184806] (-) TimerEvent: {}
[258.285719] (-) TimerEvent: {}
[258.387570] (-) TimerEvent: {}
[258.488798] (-) TimerEvent: {}
[258.590068] (-) TimerEvent: {}
[258.691385] (-) TimerEvent: {}
[258.792711] (-) TimerEvent: {}
[258.893936] (-) TimerEvent: {}
[258.995137] (-) TimerEvent: {}
[259.096131] (-) TimerEvent: {}
[259.137693] (ublox_msgs) StdoutLine: {'line': b'[ 23%] \x1b[32mBuilding CXX object CMakeFiles/ublox_msgs__rosidl_typesupport_cpp.dir/rosidl_typesupport_cpp/ublox_msgs/msg/esf_meas__type_support.cpp.o\x1b[0m\n'}
[259.196404] (-) TimerEvent: {}
[259.297331] (-) TimerEvent: {}
[259.398451] (-) TimerEvent: {}
[259.499594] (-) TimerEvent: {}
[259.600574] (-) TimerEvent: {}
[259.701543] (-) TimerEvent: {}
[259.802719] (-) TimerEvent: {}
[259.904082] (-) TimerEvent: {}
[260.006125] (-) TimerEvent: {}
[260.108009] (-) TimerEvent: {}
[260.209788] (-) TimerEvent: {}
[260.311398] (-) TimerEvent: {}
[260.350823] (ublox_msgs) StdoutLine: {'line': b'[ 23%] \x1b[32mBuilding CXX object CMakeFiles/ublox_msgs__rosidl_typesupport_fastrtps_c.dir/rosidl_typesupport_fastrtps_c/ublox_msgs/msg/detail/cfg_inf__type_support_c.cpp.o\x1b[0m\n'}
[260.383855] (ublox_msgs) StdoutLine: {'line': b'[ 23%] \x1b[32mBuilding CXX object CMakeFiles/ublox_msgs__rosidl_typesupport_introspection_cpp.dir/rosidl_typesupport_introspection_cpp/ublox_msgs/msg/detail/cfg_nmea7__type_support.cpp.o\x1b[0m\n'}
[260.411678] (-) TimerEvent: {}
[260.512722] (-) TimerEvent: {}
[260.613666] (-) TimerEvent: {}
[260.714888] (-) TimerEvent: {}
[260.794523] (ublox_msgs) StdoutLine: {'line': b'[ 24%] \x1b[32mBuilding CXX object CMakeFiles/ublox_msgs__rosidl_typesupport_fastrtps_cpp.dir/rosidl_typesupport_fastrtps_cpp/ublox_msgs/msg/detail/dds_fastrtps/cfg_navx5__type_support.cpp.o\x1b[0m\n'}
[260.815182] (-) TimerEvent: {}
[260.916181] (-) TimerEvent: {}
[260.943366] (ublox_msgs) StdoutLine: {'line': b'[ 24%] \x1b[32mBuilding CXX object CMakeFiles/ublox_msgs__rosidl_typesupport_cpp.dir/rosidl_typesupport_cpp/ublox_msgs/msg/esf_raw_block__type_support.cpp.o\x1b[0m\n'}
[261.016492] (-) TimerEvent: {}
[261.117591] (-) TimerEvent: {}
[261.218748] (-) TimerEvent: {}
[261.319774] (-) TimerEvent: {}
[261.434094] (-) TimerEvent: {}
[261.535585] (-) TimerEvent: {}
[261.636701] (-) TimerEvent: {}
[261.746577] (-) TimerEvent: {}
[261.847858] (-) TimerEvent: {}
[261.949151] (-) TimerEvent: {}
[262.050501] (-) TimerEvent: {}
[262.151610] (-) TimerEvent: {}
[262.252777] (-) TimerEvent: {}
[262.358117] (-) TimerEvent: {}
[262.460207] (-) TimerEvent: {}
[262.561418] (-) TimerEvent: {}
[262.662901] (-) TimerEvent: {}
[262.764025] (-) TimerEvent: {}
[262.828298] (ublox_msgs) StdoutLine: {'line': b'[ 25%] \x1b[32mBuilding CXX object CMakeFiles/ublox_msgs__rosidl_typesupport_fastrtps_c.dir/rosidl_typesupport_fastrtps_c/ublox_msgs/msg/detail/cfg_msg__type_support_c.cpp.o\x1b[0m\n'}
[262.864677] (-) TimerEvent: {}
[262.886352] (ublox_msgs) StdoutLine: {'line': b'[ 26%] \x1b[32mBuilding CXX object CMakeFiles/ublox_msgs__rosidl_typesupport_cpp.dir/rosidl_typesupport_cpp/ublox_msgs/msg/esf_raw__type_support.cpp.o\x1b[0m\n'}
[262.940206] (ublox_msgs) StdoutLine: {'line': b'[ 26%] \x1b[32mBuilding CXX object CMakeFiles/ublox_msgs__rosidl_typesupport_introspection_cpp.dir/rosidl_typesupport_introspection_cpp/ublox_msgs/msg/detail/cfg_nmea__type_support.cpp.o\x1b[0m\n'}
[262.964871] (-) TimerEvent: {}
[263.066041] (-) TimerEvent: {}
[263.166939] (-) TimerEvent: {}
[263.267999] (-) TimerEvent: {}
[263.369103] (-) TimerEvent: {}
[263.470258] (-) TimerEvent: {}
[263.571390] (-) TimerEvent: {}
[263.672548] (-) TimerEvent: {}
[263.773721] (-) TimerEvent: {}
[263.814714] (ublox_msgs) StdoutLine: {'line': b'[ 26%] \x1b[32mBuilding CXX object CMakeFiles/ublox_msgs__rosidl_typesupport_fastrtps_cpp.dir/rosidl_typesupport_fastrtps_cpp/ublox_msgs/msg/detail/dds_fastrtps/cfg_nmea6__type_support.cpp.o\x1b[0m\n'}
[263.874177] (-) TimerEvent: {}
[263.975363] (-) TimerEvent: {}
[264.076769] (-) TimerEvent: {}
[264.177960] (-) TimerEvent: {}
[264.279266] (-) TimerEvent: {}
[264.380546] (-) TimerEvent: {}
[264.481775] (-) TimerEvent: {}
[264.583243] (-) TimerEvent: {}
[264.664728] (ublox_msgs) StdoutLine: {'line': b'[ 26%] \x1b[32mBuilding CXX object CMakeFiles/ublox_msgs__rosidl_typesupport_cpp.dir/rosidl_typesupport_cpp/ublox_msgs/msg/esf_status__type_support.cpp.o\x1b[0m\n'}
[264.683438] (-) TimerEvent: {}
[264.784471] (-) TimerEvent: {}
[264.885557] (-) TimerEvent: {}
[264.986718] (-) TimerEvent: {}
[265.087669] (-) TimerEvent: {}
[265.168239] (ublox_msgs) StdoutLine: {'line': b'[ 26%] \x1b[32mBuilding CXX object CMakeFiles/ublox_msgs__rosidl_typesupport_fastrtps_c.dir/rosidl_typesupport_fastrtps_c/ublox_msgs/msg/detail/cfg_nav5__type_support_c.cpp.o\x1b[0m\n'}
[265.187934] (-) TimerEvent: {}
[265.289022] (-) TimerEvent: {}
[265.390101] (-) TimerEvent: {}
[265.491178] (-) TimerEvent: {}
[265.592257] (-) TimerEvent: {}
[265.608055] (ublox_msgs) StdoutLine: {'line': b'[ 26%] \x1b[32mBuilding CXX object CMakeFiles/ublox_msgs__rosidl_typesupport_introspection_cpp.dir/rosidl_typesupport_introspection_cpp/ublox_msgs/msg/detail/cfg_prt__type_support.cpp.o\x1b[0m\n'}
[265.692605] (-) TimerEvent: {}
[265.793826] (-) TimerEvent: {}
[265.895089] (-) TimerEvent: {}
[265.996551] (-) TimerEvent: {}
[266.097932] (-) TimerEvent: {}
[266.199033] (-) TimerEvent: {}
[266.300342] (-) TimerEvent: {}
[266.401433] (-) TimerEvent: {}
[266.413637] (ublox_msgs) StdoutLine: {'line': b'[ 26%] \x1b[32mBuilding CXX object CMakeFiles/ublox_msgs__rosidl_typesupport_cpp.dir/rosidl_typesupport_cpp/ublox_msgs/msg/esf_status_sens__type_support.cpp.o\x1b[0m\n'}
[266.468045] (ublox_msgs) StdoutLine: {'line': b'[ 26%] \x1b[32mBuilding CXX object CMakeFiles/ublox_msgs__rosidl_typesupport_fastrtps_cpp.dir/rosidl_typesupport_fastrtps_cpp/ublox_msgs/msg/detail/dds_fastrtps/cfg_nmea7__type_support.cpp.o\x1b[0m\n'}
[266.501712] (-) TimerEvent: {}
[266.602773] (-) TimerEvent: {}
[266.703821] (-) TimerEvent: {}
[266.805057] (-) TimerEvent: {}
[266.906022] (-) TimerEvent: {}
[267.007026] (-) TimerEvent: {}
[267.108152] (-) TimerEvent: {}
[267.209310] (-) TimerEvent: {}
[267.310441] (-) TimerEvent: {}
[267.411569] (-) TimerEvent: {}
[267.512884] (-) TimerEvent: {}
[267.614320] (-) TimerEvent: {}
[267.691940] (ublox_msgs) StdoutLine: {'line': b'[ 26%] \x1b[32mBuilding CXX object CMakeFiles/ublox_msgs__rosidl_typesupport_fastrtps_c.dir/rosidl_typesupport_fastrtps_c/ublox_msgs/msg/detail/cfg_navx5__type_support_c.cpp.o\x1b[0m\n'}
[267.714562] (-) TimerEvent: {}
[267.815859] (-) TimerEvent: {}
[267.917138] (-) TimerEvent: {}
[268.018805] (-) TimerEvent: {}
[268.119990] (-) TimerEvent: {}
[268.192505] (ublox_msgs) StdoutLine: {'line': b'[ 26%] \x1b[32mBuilding CXX object CMakeFiles/ublox_msgs__rosidl_typesupport_cpp.dir/rosidl_typesupport_cpp/ublox_msgs/msg/hnr_pvt__type_support.cpp.o\x1b[0m\n'}
[268.218034] (ublox_msgs) StdoutLine: {'line': b'[ 26%] \x1b[32mBuilding CXX object CMakeFiles/ublox_msgs__rosidl_typesupport_introspection_cpp.dir/rosidl_typesupport_introspection_cpp/ublox_msgs/msg/detail/cfg_rate__type_support.cpp.o\x1b[0m\n'}
[268.220270] (-) TimerEvent: {}
[268.321427] (-) TimerEvent: {}
[268.422474] (-) TimerEvent: {}
[268.523571] (-) TimerEvent: {}
[268.624677] (-) TimerEvent: {}
[268.726161] (-) TimerEvent: {}
[268.827370] (-) TimerEvent: {}
[268.928607] (-) TimerEvent: {}
[269.029908] (-) TimerEvent: {}
[269.131468] (-) TimerEvent: {}
[269.213148] (ublox_msgs) StdoutLine: {'line': b'[ 26%] \x1b[32mBuilding CXX object CMakeFiles/ublox_msgs__rosidl_typesupport_fastrtps_cpp.dir/rosidl_typesupport_fastrtps_cpp/ublox_msgs/msg/detail/dds_fastrtps/cfg_nmea__type_support.cpp.o\x1b[0m\n'}
[269.231775] (-) TimerEvent: {}
[269.332778] (-) TimerEvent: {}
[269.433882] (-) TimerEvent: {}
[269.535036] (-) TimerEvent: {}
[269.636223] (-) TimerEvent: {}
[269.737327] (-) TimerEvent: {}
[269.838462] (-) TimerEvent: {}
[269.939557] (-) TimerEvent: {}
[269.977232] (ublox_msgs) StdoutLine: {'line': b'[ 26%] \x1b[32mBuilding CXX object CMakeFiles/ublox_msgs__rosidl_typesupport_cpp.dir/rosidl_typesupport_cpp/ublox_msgs/msg/inf__type_support.cpp.o\x1b[0m\n'}
[270.039825] (-) TimerEvent: {}
[270.141086] (-) TimerEvent: {}
[270.233965] (ublox_msgs) StdoutLine: {'line': b'[ 26%] \x1b[32mBuilding CXX object CMakeFiles/ublox_msgs__rosidl_typesupport_fastrtps_c.dir/rosidl_typesupport_fastrtps_c/ublox_msgs/msg/detail/cfg_nmea6__type_support_c.cpp.o\x1b[0m\n'}
[270.241385] (-) TimerEvent: {}
[270.342523] (-) TimerEvent: {}
[270.443522] (-) TimerEvent: {}
[270.544779] (-) TimerEvent: {}
[270.646060] (-) TimerEvent: {}
[270.747262] (-) TimerEvent: {}
[270.759825] (ublox_msgs) StdoutLine: {'line': b'[ 26%] \x1b[32mBuilding CXX object CMakeFiles/ublox_msgs__rosidl_typesupport_introspection_cpp.dir/rosidl_typesupport_introspection_cpp/ublox_msgs/msg/detail/cfg_rst__type_support.cpp.o\x1b[0m\n'}
[270.847561] (-) TimerEvent: {}
[270.948811] (-) TimerEvent: {}
[271.050023] (-) TimerEvent: {}
[271.151215] (-) TimerEvent: {}
[271.252798] (-) TimerEvent: {}
[271.354303] (-) TimerEvent: {}
[271.455445] (-) TimerEvent: {}
[271.556592] (-) TimerEvent: {}
[271.657785] (-) TimerEvent: {}
[271.714294] (ublox_msgs) StdoutLine: {'line': b'[ 26%] \x1b[32mBuilding CXX object CMakeFiles/ublox_msgs__rosidl_typesupport_cpp.dir/rosidl_typesupport_cpp/ublox_msgs/msg/mga_gal__type_support.cpp.o\x1b[0m\n'}
[271.758204] (-) TimerEvent: {}
[271.859442] (-) TimerEvent: {}
[271.922113] (ublox_msgs) StdoutLine: {'line': b'[ 26%] \x1b[32mBuilding CXX object CMakeFiles/ublox_msgs__rosidl_typesupport_fastrtps_cpp.dir/rosidl_typesupport_fastrtps_cpp/ublox_msgs/msg/detail/dds_fastrtps/cfg_prt__type_support.cpp.o\x1b[0m\n'}
[271.959724] (-) TimerEvent: {}
[272.060747] (-) TimerEvent: {}
[272.161682] (-) TimerEvent: {}
[272.262686] (-) TimerEvent: {}
[272.363686] (-) TimerEvent: {}
[272.464738] (-) TimerEvent: {}
[272.566529] (-) TimerEvent: {}
[272.668454] (-) TimerEvent: {}
[272.675822] (ublox_msgs) StdoutLine: {'line': b'[ 26%] \x1b[32mBuilding CXX object CMakeFiles/ublox_msgs__rosidl_typesupport_fastrtps_c.dir/rosidl_typesupport_fastrtps_c/ublox_msgs/msg/detail/cfg_nmea7__type_support_c.cpp.o\x1b[0m\n'}
[272.768758] (-) TimerEvent: {}
[272.869948] (-) TimerEvent: {}
[272.971202] (-) TimerEvent: {}
[273.072586] (-) TimerEvent: {}
[273.173684] (-) TimerEvent: {}
[273.274820] (-) TimerEvent: {}
[273.376079] (-) TimerEvent: {}
[273.424574] (ublox_msgs) StdoutLine: {'line': b'[ 27%] \x1b[32mBuilding CXX object CMakeFiles/ublox_msgs__rosidl_typesupport_introspection_cpp.dir/rosidl_typesupport_introspection_cpp/ublox_msgs/msg/detail/cfg_sbas__type_support.cpp.o\x1b[0m\n'}
[273.476379] (-) TimerEvent: {}
[273.494796] (ublox_msgs) StdoutLine: {'line': b'[ 28%] \x1b[32mBuilding CXX object CMakeFiles/ublox_msgs__rosidl_typesupport_cpp.dir/rosidl_typesupport_cpp/ublox_msgs/msg/mon_gnss__type_support.cpp.o\x1b[0m\n'}
[273.576651] (-) TimerEvent: {}
[273.677632] (-) TimerEvent: {}
[273.778585] (-) TimerEvent: {}
[273.879494] (-) TimerEvent: {}
[273.980632] (-) TimerEvent: {}
[274.081820] (-) TimerEvent: {}
[274.182871] (-) TimerEvent: {}
[274.283839] (-) TimerEvent: {}
[274.385003] (-) TimerEvent: {}
[274.486275] (-) TimerEvent: {}
[274.587472] (-) TimerEvent: {}
[274.670181] (ublox_msgs) StdoutLine: {'line': b'[ 28%] \x1b[32mBuilding CXX object CMakeFiles/ublox_msgs__rosidl_typesupport_fastrtps_cpp.dir/rosidl_typesupport_fastrtps_cpp/ublox_msgs/msg/detail/dds_fastrtps/cfg_rate__type_support.cpp.o\x1b[0m\n'}
[274.687802] (-) TimerEvent: {}
[274.788913] (-) TimerEvent: {}
[274.890659] (-) TimerEvent: {}
[274.984651] (ublox_msgs) StdoutLine: {'line': b'[ 28%] \x1b[32mBuilding CXX object CMakeFiles/ublox_msgs__rosidl_typesupport_fastrtps_c.dir/rosidl_typesupport_fastrtps_c/ublox_msgs/msg/detail/cfg_nmea__type_support_c.cpp.o\x1b[0m\n'}
[274.990919] (-) TimerEvent: {}
[275.092131] (-) TimerEvent: {}
[275.193238] (-) TimerEvent: {}
[275.294193] (-) TimerEvent: {}
[275.395671] (-) TimerEvent: {}
[275.478335] (ublox_msgs) StdoutLine: {'line': b'[ 28%] \x1b[32mBuilding CXX object CMakeFiles/ublox_msgs__rosidl_typesupport_cpp.dir/rosidl_typesupport_cpp/ublox_msgs/msg/mon_hw6__type_support.cpp.o\x1b[0m\n'}
[275.495941] (-) TimerEvent: {}
[275.596948] (-) TimerEvent: {}
[275.698040] (-) TimerEvent: {}
[275.799178] (-) TimerEvent: {}
[275.877689] (ublox_msgs) StdoutLine: {'line': b'[ 28%] \x1b[32mBuilding CXX object CMakeFiles/ublox_msgs__rosidl_typesupport_introspection_cpp.dir/rosidl_typesupport_introspection_cpp/ublox_msgs/msg/detail/cfg_tmode3__type_support.cpp.o\x1b[0m\n'}
[275.899417] (-) TimerEvent: {}
[276.000552] (-) TimerEvent: {}
[276.101603] (-) TimerEvent: {}
[276.202637] (-) TimerEvent: {}
[276.303666] (-) TimerEvent: {}
[276.404932] (-) TimerEvent: {}
[276.506438] (-) TimerEvent: {}
[276.607600] (-) TimerEvent: {}
[276.708826] (-) TimerEvent: {}
[276.810034] (-) TimerEvent: {}
[276.911124] (-) TimerEvent: {}
[277.012290] (-) TimerEvent: {}
[277.113478] (-) TimerEvent: {}
[277.214556] (-) TimerEvent: {}
[277.223628] (ublox_msgs) StdoutLine: {'line': b'[ 29%] \x1b[32mBuilding CXX object CMakeFiles/ublox_msgs__rosidl_typesupport_fastrtps_c.dir/rosidl_typesupport_fastrtps_c/ublox_msgs/msg/detail/cfg_prt__type_support_c.cpp.o\x1b[0m\n'}
[277.314823] (-) TimerEvent: {}
[277.379725] (ublox_msgs) StdoutLine: {'line': b'[ 29%] \x1b[32mBuilding CXX object CMakeFiles/ublox_msgs__rosidl_typesupport_fastrtps_cpp.dir/rosidl_typesupport_fastrtps_cpp/ublox_msgs/msg/detail/dds_fastrtps/cfg_rst__type_support.cpp.o\x1b[0m\n'}
[277.415079] (-) TimerEvent: {}
[277.516041] (-) TimerEvent: {}
[277.570657] (ublox_msgs) StdoutLine: {'line': b'[ 29%] \x1b[32mBuilding CXX object CMakeFiles/ublox_msgs__rosidl_typesupport_cpp.dir/rosidl_typesupport_cpp/ublox_msgs/msg/mon_hw__type_support.cpp.o\x1b[0m\n'}
[277.616374] (-) TimerEvent: {}
[277.717276] (-) TimerEvent: {}
[277.818415] (-) TimerEvent: {}
[277.919352] (-) TimerEvent: {}
[278.020287] (-) TimerEvent: {}
[278.121311] (-) TimerEvent: {}
[278.222331] (-) TimerEvent: {}
[278.323393] (-) TimerEvent: {}
[278.412172] (ublox_msgs) StdoutLine: {'line': b'[ 29%] \x1b[32mBuilding CXX object CMakeFiles/ublox_msgs__rosidl_typesupport_introspection_cpp.dir/rosidl_typesupport_introspection_cpp/ublox_msgs/msg/detail/cfg_usb__type_support.cpp.o\x1b[0m\n'}
[278.423597] (-) TimerEvent: {}
[278.524541] (-) TimerEvent: {}
[278.625461] (-) TimerEvent: {}
[278.726533] (-) TimerEvent: {}
[278.827455] (-) TimerEvent: {}
[278.928718] (-) TimerEvent: {}
[279.029974] (-) TimerEvent: {}
[279.130986] (-) TimerEvent: {}
[279.231984] (-) TimerEvent: {}
[279.333100] (-) TimerEvent: {}
[279.434085] (-) TimerEvent: {}
[279.480670] (ublox_msgs) StdoutLine: {'line': b'[ 29%] \x1b[32mBuilding CXX object CMakeFiles/ublox_msgs__rosidl_typesupport_cpp.dir/rosidl_typesupport_cpp/ublox_msgs/msg/mon_ver_extension__type_support.cpp.o\x1b[0m\n'}
[279.534326] (-) TimerEvent: {}
[279.612151] (ublox_msgs) StdoutLine: {'line': b'[ 29%] \x1b[32mBuilding CXX object CMakeFiles/ublox_msgs__rosidl_typesupport_fastrtps_c.dir/rosidl_typesupport_fastrtps_c/ublox_msgs/msg/detail/cfg_rate__type_support_c.cpp.o\x1b[0m\n'}
[279.634577] (-) TimerEvent: {}
[279.735658] (-) TimerEvent: {}
[279.836630] (-) TimerEvent: {}
[279.937657] (-) TimerEvent: {}
[279.998199] (ublox_msgs) StdoutLine: {'line': b'[ 30%] \x1b[32mBuilding CXX object CMakeFiles/ublox_msgs__rosidl_typesupport_fastrtps_cpp.dir/rosidl_typesupport_fastrtps_cpp/ublox_msgs/msg/detail/dds_fastrtps/cfg_sbas__type_support.cpp.o\x1b[0m\n'}
[280.037962] (-) TimerEvent: {}
[280.138940] (-) TimerEvent: {}
[280.240012] (-) TimerEvent: {}
[280.341417] (-) TimerEvent: {}
[280.442531] (-) TimerEvent: {}
[280.543700] (-) TimerEvent: {}
[280.644835] (-) TimerEvent: {}
[280.746299] (-) TimerEvent: {}
[280.847502] (-) TimerEvent: {}
[280.948779] (-) TimerEvent: {}
[281.044701] (ublox_msgs) StdoutLine: {'line': b'[ 30%] \x1b[32mBuilding CXX object CMakeFiles/ublox_msgs__rosidl_typesupport_introspection_cpp.dir/rosidl_typesupport_introspection_cpp/ublox_msgs/msg/detail/esf_ins__type_support.cpp.o\x1b[0m\n'}
[281.049064] (-) TimerEvent: {}
[281.150136] (-) TimerEvent: {}
[281.251255] (-) TimerEvent: {}
[281.317573] (ublox_msgs) StdoutLine: {'line': b'[ 30%] \x1b[32mBuilding CXX object CMakeFiles/ublox_msgs__rosidl_typesupport_cpp.dir/rosidl_typesupport_cpp/ublox_msgs/msg/mon_ver__type_support.cpp.o\x1b[0m\n'}
[281.351522] (-) TimerEvent: {}
[281.452726] (-) TimerEvent: {}
[281.553934] (-) TimerEvent: {}
[281.654956] (-) TimerEvent: {}
[281.756013] (-) TimerEvent: {}
[281.857130] (-) TimerEvent: {}
[281.950435] (ublox_msgs) StdoutLine: {'line': b'[ 30%] \x1b[32mBuilding CXX object CMakeFiles/ublox_msgs__rosidl_typesupport_fastrtps_c.dir/rosidl_typesupport_fastrtps_c/ublox_msgs/msg/detail/cfg_rst__type_support_c.cpp.o\x1b[0m\n'}
[281.957324] (-) TimerEvent: {}
[282.058324] (-) TimerEvent: {}
[282.159433] (-) TimerEvent: {}
[282.260616] (-) TimerEvent: {}
[282.361691] (-) TimerEvent: {}
[282.462824] (-) TimerEvent: {}
[282.564063] (-) TimerEvent: {}
[282.665452] (-) TimerEvent: {}
[282.681581] (ublox_msgs) StdoutLine: {'line': b'[ 30%] \x1b[32mBuilding CXX object CMakeFiles/ublox_msgs__rosidl_typesupport_fastrtps_cpp.dir/rosidl_typesupport_fastrtps_cpp/ublox_msgs/msg/detail/dds_fastrtps/cfg_tmode3__type_support.cpp.o\x1b[0m\n'}
[282.765706] (-) TimerEvent: {}
[282.866907] (-) TimerEvent: {}
[282.967913] (-) TimerEvent: {}
[283.069384] (-) TimerEvent: {}
[283.170572] (-) TimerEvent: {}
[283.271567] (-) TimerEvent: {}
[283.373089] (-) TimerEvent: {}
[283.375531] (ublox_msgs) StdoutLine: {'line': b'[ 30%] \x1b[32mBuilding CXX object CMakeFiles/ublox_msgs__rosidl_typesupport_cpp.dir/rosidl_typesupport_cpp/ublox_msgs/msg/nav_att__type_support.cpp.o\x1b[0m\n'}
[283.473394] (-) TimerEvent: {}
[283.562262] (ublox_msgs) StdoutLine: {'line': b'[ 30%] \x1b[32mBuilding CXX object CMakeFiles/ublox_msgs__rosidl_typesupport_introspection_cpp.dir/rosidl_typesupport_introspection_cpp/ublox_msgs/msg/detail/esf_meas__type_support.cpp.o\x1b[0m\n'}
[283.573581] (-) TimerEvent: {}
[283.674487] (-) TimerEvent: {}
[283.775929] (-) TimerEvent: {}
[283.877399] (-) TimerEvent: {}
[283.978751] (-) TimerEvent: {}
[284.079765] (-) TimerEvent: {}
[284.180908] (-) TimerEvent: {}
[284.238498] (ublox_msgs) StdoutLine: {'line': b'[ 30%] \x1b[32mBuilding CXX object CMakeFiles/ublox_msgs__rosidl_typesupport_fastrtps_c.dir/rosidl_typesupport_fastrtps_c/ublox_msgs/msg/detail/cfg_sbas__type_support_c.cpp.o\x1b[0m\n'}
[284.281227] (-) TimerEvent: {}
[284.382503] (-) TimerEvent: {}
[284.483896] (-) TimerEvent: {}
[284.585170] (-) TimerEvent: {}
[284.686337] (-) TimerEvent: {}
[284.787698] (-) TimerEvent: {}
[284.889156] (-) TimerEvent: {}
[284.990358] (-) TimerEvent: {}
[285.091771] (-) TimerEvent: {}
[285.193017] (-) TimerEvent: {}
[285.268652] (ublox_msgs) StdoutLine: {'line': b'[ 30%] \x1b[32mBuilding CXX object CMakeFiles/ublox_msgs__rosidl_typesupport_cpp.dir/rosidl_typesupport_cpp/ublox_msgs/msg/nav_clock__type_support.cpp.o\x1b[0m\n'}
[285.293336] (-) TimerEvent: {}
[285.394469] (-) TimerEvent: {}
[285.495926] (-) TimerEvent: {}
[285.504936] (ublox_msgs) StdoutLine: {'line': b'[ 30%] \x1b[32mBuilding CXX object CMakeFiles/ublox_msgs__rosidl_typesupport_fastrtps_cpp.dir/rosidl_typesupport_fastrtps_cpp/ublox_msgs/msg/detail/dds_fastrtps/cfg_usb__type_support.cpp.o\x1b[0m\n'}
[285.596195] (-) TimerEvent: {}
[285.697147] (-) TimerEvent: {}
[285.798085] (-) TimerEvent: {}
[285.899086] (-) TimerEvent: {}
[285.999998] (-) TimerEvent: {}
[286.101066] (-) TimerEvent: {}
[286.202144] (-) TimerEvent: {}
[286.303212] (-) TimerEvent: {}
[286.410425] (-) TimerEvent: {}
[286.495159] (ublox_msgs) StdoutLine: {'line': b'[ 30%] \x1b[32mBuilding CXX object CMakeFiles/ublox_msgs__rosidl_typesupport_introspection_cpp.dir/rosidl_typesupport_introspection_cpp/ublox_msgs/msg/detail/esf_raw_block__type_support.cpp.o\x1b[0m\n'}
[286.510686] (-) TimerEvent: {}
[286.611737] (-) TimerEvent: {}
[286.687292] (ublox_msgs) StdoutLine: {'line': b'[ 30%] \x1b[32mBuilding CXX object CMakeFiles/ublox_msgs__rosidl_typesupport_fastrtps_c.dir/rosidl_typesupport_fastrtps_c/ublox_msgs/msg/detail/cfg_tmode3__type_support_c.cpp.o\x1b[0m\n'}
[286.712020] (-) TimerEvent: {}
[286.813472] (-) TimerEvent: {}
[286.914739] (-) TimerEvent: {}
[287.015638] (-) TimerEvent: {}
[287.116686] (-) TimerEvent: {}
[287.217730] (-) TimerEvent: {}
[287.218838] (ublox_msgs) StdoutLine: {'line': b'[ 31%] \x1b[32mBuilding CXX object CMakeFiles/ublox_msgs__rosidl_typesupport_cpp.dir/rosidl_typesupport_cpp/ublox_msgs/msg/nav_dgps__type_support.cpp.o\x1b[0m\n'}
[287.318044] (-) TimerEvent: {}
[287.419187] (-) TimerEvent: {}
[287.520354] (-) TimerEvent: {}
[287.621490] (-) TimerEvent: {}
[287.722676] (-) TimerEvent: {}
[287.824191] (-) TimerEvent: {}
[287.925225] (-) TimerEvent: {}
[288.026341] (-) TimerEvent: {}
[288.127625] (-) TimerEvent: {}
[288.228976] (-) TimerEvent: {}
[288.330099] (-) TimerEvent: {}
[288.431427] (-) TimerEvent: {}
[288.459696] (ublox_msgs) StdoutLine: {'line': b'[ 31%] \x1b[32mBuilding CXX object CMakeFiles/ublox_msgs__rosidl_typesupport_fastrtps_cpp.dir/rosidl_typesupport_fastrtps_cpp/ublox_msgs/msg/detail/dds_fastrtps/esf_ins__type_support.cpp.o\x1b[0m\n'}
[288.531720] (-) TimerEvent: {}
[288.633022] (-) TimerEvent: {}
[288.734247] (-) TimerEvent: {}
[288.835361] (-) TimerEvent: {}
[288.936581] (-) TimerEvent: {}
[289.034927] (ublox_msgs) StdoutLine: {'line': b'[ 32%] \x1b[32mBuilding CXX object CMakeFiles/ublox_msgs__rosidl_typesupport_introspection_cpp.dir/rosidl_typesupport_introspection_cpp/ublox_msgs/msg/detail/esf_raw__type_support.cpp.o\x1b[0m\n'}
[289.036793] (-) TimerEvent: {}
[289.042695] (ublox_msgs) StdoutLine: {'line': b'[ 32%] \x1b[32mBuilding CXX object CMakeFiles/ublox_msgs__rosidl_typesupport_cpp.dir/rosidl_typesupport_cpp/ublox_msgs/msg/nav_dgpssv__type_support.cpp.o\x1b[0m\n'}
[289.123543] (ublox_msgs) StdoutLine: {'line': b'[ 32%] \x1b[32mBuilding CXX object CMakeFiles/ublox_msgs__rosidl_typesupport_fastrtps_c.dir/rosidl_typesupport_fastrtps_c/ublox_msgs/msg/detail/cfg_usb__type_support_c.cpp.o\x1b[0m\n'}
[289.137037] (-) TimerEvent: {}
[289.238040] (-) TimerEvent: {}
[289.338930] (-) TimerEvent: {}
[289.439894] (-) TimerEvent: {}
[289.540992] (-) TimerEvent: {}
[289.642246] (-) TimerEvent: {}
[289.743473] (-) TimerEvent: {}
[289.844890] (-) TimerEvent: {}
[289.946023] (-) TimerEvent: {}
[290.047294] (-) TimerEvent: {}
[290.148535] (-) TimerEvent: {}
[290.249814] (-) TimerEvent: {}
[290.351275] (-) TimerEvent: {}
[290.452504] (-) TimerEvent: {}
[290.553779] (-) TimerEvent: {}
[290.654954] (-) TimerEvent: {}
[290.756201] (-) TimerEvent: {}
[290.857737] (-) TimerEvent: {}
[290.886227] (ublox_msgs) StdoutLine: {'line': b'[ 32%] \x1b[32mBuilding CXX object CMakeFiles/ublox_msgs__rosidl_typesupport_cpp.dir/rosidl_typesupport_cpp/ublox_msgs/msg/nav_dop__type_support.cpp.o\x1b[0m\n'}
[290.958061] (-) TimerEvent: {}
[291.059063] (-) TimerEvent: {}
[291.160078] (-) TimerEvent: {}
[291.261151] (-) TimerEvent: {}
[291.362216] (-) TimerEvent: {}
[291.397811] (ublox_msgs) StdoutLine: {'line': b'[ 32%] \x1b[32mBuilding CXX object CMakeFiles/ublox_msgs__rosidl_typesupport_fastrtps_cpp.dir/rosidl_typesupport_fastrtps_cpp/ublox_msgs/msg/detail/dds_fastrtps/esf_meas__type_support.cpp.o\x1b[0m\n'}
[291.418677] (ublox_msgs) StdoutLine: {'line': b'[ 32%] \x1b[32mBuilding CXX object CMakeFiles/ublox_msgs__rosidl_typesupport_fastrtps_c.dir/rosidl_typesupport_fastrtps_c/ublox_msgs/msg/detail/esf_ins__type_support_c.cpp.o\x1b[0m\n'}
[291.462423] (-) TimerEvent: {}
[291.563552] (-) TimerEvent: {}
[291.664814] (-) TimerEvent: {}
[291.765930] (-) TimerEvent: {}
[291.824857] (ublox_msgs) StdoutLine: {'line': b'[ 32%] \x1b[32mBuilding CXX object CMakeFiles/ublox_msgs__rosidl_typesupport_introspection_cpp.dir/rosidl_typesupport_introspection_cpp/ublox_msgs/msg/detail/esf_status__type_support.cpp.o\x1b[0m\n'}
[291.866197] (-) TimerEvent: {}
[291.967234] (-) TimerEvent: {}
[292.068259] (-) TimerEvent: {}
[292.169361] (-) TimerEvent: {}
[292.270570] (-) TimerEvent: {}
[292.371921] (-) TimerEvent: {}
[292.473293] (-) TimerEvent: {}
[292.574538] (-) TimerEvent: {}
[292.675918] (-) TimerEvent: {}
[292.701507] (ublox_msgs) StdoutLine: {'line': b'[ 32%] \x1b[32mBuilding CXX object CMakeFiles/ublox_msgs__rosidl_typesupport_cpp.dir/rosidl_typesupport_cpp/ublox_msgs/msg/nav_posecef__type_support.cpp.o\x1b[0m\n'}
[292.776221] (-) TimerEvent: {}
[292.877194] (-) TimerEvent: {}
[292.978121] (-) TimerEvent: {}
[293.079216] (-) TimerEvent: {}
[293.180320] (-) TimerEvent: {}
[293.281889] (-) TimerEvent: {}
[293.383164] (-) TimerEvent: {}
[293.484317] (-) TimerEvent: {}
[293.585426] (-) TimerEvent: {}
[293.671889] (ublox_msgs) StdoutLine: {'line': b'[ 33%] \x1b[32mBuilding CXX object CMakeFiles/ublox_msgs__rosidl_typesupport_fastrtps_c.dir/rosidl_typesupport_fastrtps_c/ublox_msgs/msg/detail/esf_meas__type_support_c.cpp.o\x1b[0m\n'}
[293.685722] (-) TimerEvent: {}
[293.787310] (-) TimerEvent: {}
[293.888537] (-) TimerEvent: {}
[293.990091] (-) TimerEvent: {}
[294.091396] (-) TimerEvent: {}
[294.192707] (-) TimerEvent: {}
[294.293970] (-) TimerEvent: {}
[294.394936] (-) TimerEvent: {}
[294.401201] (ublox_msgs) StdoutLine: {'line': b'[ 33%] \x1b[32mBuilding CXX object CMakeFiles/ublox_msgs__rosidl_typesupport_fastrtps_cpp.dir/rosidl_typesupport_fastrtps_cpp/ublox_msgs/msg/detail/dds_fastrtps/esf_raw_block__type_support.cpp.o\x1b[0m\n'}
[294.495204] (-) TimerEvent: {}
[294.534637] (ublox_msgs) StdoutLine: {'line': b'[ 33%] \x1b[32mBuilding CXX object CMakeFiles/ublox_msgs__rosidl_typesupport_cpp.dir/rosidl_typesupport_cpp/ublox_msgs/msg/nav_posllh__type_support.cpp.o\x1b[0m\n'}
[294.595441] (-) TimerEvent: {}
[294.696300] (-) TimerEvent: {}
[294.797288] (-) TimerEvent: {}
[294.898136] (-) TimerEvent: {}
[294.903177] (ublox_msgs) StdoutLine: {'line': b'[ 33%] \x1b[32mBuilding CXX object CMakeFiles/ublox_msgs__rosidl_typesupport_introspection_cpp.dir/rosidl_typesupport_introspection_cpp/ublox_msgs/msg/detail/esf_status_sens__type_support.cpp.o\x1b[0m\n'}
[294.998419] (-) TimerEvent: {}
[295.107976] (-) TimerEvent: {}
[295.208994] (-) TimerEvent: {}
[295.310018] (-) TimerEvent: {}
[295.411053] (-) TimerEvent: {}
[295.512176] (-) TimerEvent: {}
[295.613114] (-) TimerEvent: {}
[295.714292] (-) TimerEvent: {}
[295.815424] (-) TimerEvent: {}
[295.916687] (-) TimerEvent: {}
[295.941008] (ublox_msgs) StdoutLine: {'line': b'[ 33%] \x1b[32mBuilding CXX object CMakeFiles/ublox_msgs__rosidl_typesupport_fastrtps_c.dir/rosidl_typesupport_fastrtps_c/ublox_msgs/msg/detail/esf_raw_block__type_support_c.cpp.o\x1b[0m\n'}
[296.016950] (-) TimerEvent: {}
[296.117822] (-) TimerEvent: {}
[296.218936] (-) TimerEvent: {}
[296.303737] (ublox_msgs) StdoutLine: {'line': b'[ 33%] \x1b[32mBuilding CXX object CMakeFiles/ublox_msgs__rosidl_typesupport_cpp.dir/rosidl_typesupport_cpp/ublox_msgs/msg/nav_pvt7__type_support.cpp.o\x1b[0m\n'}
[296.319134] (-) TimerEvent: {}
[296.419963] (-) TimerEvent: {}
[296.521118] (-) TimerEvent: {}
[296.622078] (-) TimerEvent: {}
[296.722969] (-) TimerEvent: {}
[296.823969] (-) TimerEvent: {}
[296.925408] (-) TimerEvent: {}
[296.975454] (ublox_msgs) StdoutLine: {'line': b'[ 34%] \x1b[32mBuilding CXX object CMakeFiles/ublox_msgs__rosidl_typesupport_fastrtps_cpp.dir/rosidl_typesupport_fastrtps_cpp/ublox_msgs/msg/detail/dds_fastrtps/esf_raw__type_support.cpp.o\x1b[0m\n'}
[297.025761] (-) TimerEvent: {}
[297.127553] (-) TimerEvent: {}
[297.229001] (-) TimerEvent: {}
[297.330261] (-) TimerEvent: {}
[297.431594] (-) TimerEvent: {}
[297.532907] (-) TimerEvent: {}
[297.634112] (-) TimerEvent: {}
[297.674232] (ublox_msgs) StdoutLine: {'line': b'[ 34%] \x1b[32mBuilding CXX object CMakeFiles/ublox_msgs__rosidl_typesupport_introspection_cpp.dir/rosidl_typesupport_introspection_cpp/ublox_msgs/msg/detail/hnr_pvt__type_support.cpp.o\x1b[0m\n'}
[297.734305] (-) TimerEvent: {}
[297.835366] (-) TimerEvent: {}
[297.936501] (-) TimerEvent: {}
[298.037629] (-) TimerEvent: {}
[298.138766] (-) TimerEvent: {}
[298.162447] (ublox_msgs) StdoutLine: {'line': b'[ 34%] \x1b[32mBuilding CXX object CMakeFiles/ublox_msgs__rosidl_typesupport_fastrtps_c.dir/rosidl_typesupport_fastrtps_c/ublox_msgs/msg/detail/esf_raw__type_support_c.cpp.o\x1b[0m\n'}
[298.239033] (-) TimerEvent: {}
[298.306171] (ublox_msgs) StdoutLine: {'line': b'[ 35%] \x1b[32mBuilding CXX object CMakeFiles/ublox_msgs__rosidl_typesupport_cpp.dir/rosidl_typesupport_cpp/ublox_msgs/msg/nav_pvt__type_support.cpp.o\x1b[0m\n'}
[298.339277] (-) TimerEvent: {}
[298.440768] (-) TimerEvent: {}
[298.542606] (-) TimerEvent: {}
[298.644109] (-) TimerEvent: {}
[298.745945] (-) TimerEvent: {}
[298.847779] (-) TimerEvent: {}
[298.949672] (-) TimerEvent: {}
[299.051390] (-) TimerEvent: {}
[299.153701] (-) TimerEvent: {}
[299.255385] (-) TimerEvent: {}
[299.356587] (-) TimerEvent: {}
[299.457835] (-) TimerEvent: {}
[299.559001] (-) TimerEvent: {}
[299.660494] (-) TimerEvent: {}
[299.762003] (-) TimerEvent: {}
[299.863088] (-) TimerEvent: {}
[299.965306] (-) TimerEvent: {}
[300.015085] (ublox_msgs) StdoutLine: {'line': b'[ 35%] \x1b[32mBuilding CXX object CMakeFiles/ublox_msgs__rosidl_typesupport_fastrtps_cpp.dir/rosidl_typesupport_fastrtps_cpp/ublox_msgs/msg/detail/dds_fastrtps/esf_status__type_support.cpp.o\x1b[0m\n'}
[300.065596] (-) TimerEvent: {}
[300.166679] (-) TimerEvent: {}
[300.267865] (-) TimerEvent: {}
[300.318111] (ublox_msgs) StdoutLine: {'line': b'[ 35%] \x1b[32mBuilding CXX object CMakeFiles/ublox_msgs__rosidl_typesupport_introspection_cpp.dir/rosidl_typesupport_introspection_cpp/ublox_msgs/msg/detail/inf__type_support.cpp.o\x1b[0m\n'}
[300.326610] (ublox_msgs) StdoutLine: {'line': b'[ 35%] \x1b[32mBuilding CXX object CMakeFiles/ublox_msgs__rosidl_typesupport_cpp.dir/rosidl_typesupport_cpp/ublox_msgs/msg/nav_relposned9__type_support.cpp.o\x1b[0m\n'}
[300.368111] (-) TimerEvent: {}
[300.427693] (ublox_msgs) StdoutLine: {'line': b'[ 35%] \x1b[32mBuilding CXX object CMakeFiles/ublox_msgs__rosidl_typesupport_fastrtps_c.dir/rosidl_typesupport_fastrtps_c/ublox_msgs/msg/detail/esf_status__type_support_c.cpp.o\x1b[0m\n'}
[300.468390] (-) TimerEvent: {}
[300.569471] (-) TimerEvent: {}
[300.670726] (-) TimerEvent: {}
[300.772079] (-) TimerEvent: {}
[300.873171] (-) TimerEvent: {}
[300.974228] (-) TimerEvent: {}
[301.075517] (-) TimerEvent: {}
[301.176822] (-) TimerEvent: {}
[301.278106] (-) TimerEvent: {}
[301.379137] (-) TimerEvent: {}
[301.480241] (-) TimerEvent: {}
[301.581404] (-) TimerEvent: {}
[301.682591] (-) TimerEvent: {}
[301.783739] (-) TimerEvent: {}
[301.885248] (-) TimerEvent: {}
[301.986411] (-) TimerEvent: {}
[302.087755] (-) TimerEvent: {}
[302.114041] (ublox_msgs) StdoutLine: {'line': b'[ 35%] \x1b[32mBuilding CXX object CMakeFiles/ublox_msgs__rosidl_typesupport_cpp.dir/rosidl_typesupport_cpp/ublox_msgs/msg/nav_relposned__type_support.cpp.o\x1b[0m\n'}
[302.188107] (-) TimerEvent: {}
[302.289332] (-) TimerEvent: {}
[302.390524] (-) TimerEvent: {}
[302.491683] (-) TimerEvent: {}
[302.592913] (-) TimerEvent: {}
[302.694047] (-) TimerEvent: {}
[302.795031] (-) TimerEvent: {}
[302.810848] (ublox_msgs) StdoutLine: {'line': b'[ 35%] \x1b[32mBuilding CXX object CMakeFiles/ublox_msgs__rosidl_typesupport_fastrtps_c.dir/rosidl_typesupport_fastrtps_c/ublox_msgs/msg/detail/esf_status_sens__type_support_c.cpp.o\x1b[0m\n'}
[302.895299] (-) TimerEvent: {}
[302.996394] (-) TimerEvent: {}
[303.046593] (ublox_msgs) StdoutLine: {'line': b'[ 35%] \x1b[32mBuilding CXX object CMakeFiles/ublox_msgs__rosidl_typesupport_introspection_cpp.dir/rosidl_typesupport_introspection_cpp/ublox_msgs/msg/detail/mga_gal__type_support.cpp.o\x1b[0m\n'}
[303.096652] (-) TimerEvent: {}
[303.122609] (ublox_msgs) StdoutLine: {'line': b'[ 35%] \x1b[32mBuilding CXX object CMakeFiles/ublox_msgs__rosidl_typesupport_fastrtps_cpp.dir/rosidl_typesupport_fastrtps_cpp/ublox_msgs/msg/detail/dds_fastrtps/esf_status_sens__type_support.cpp.o\x1b[0m\n'}
[303.196949] (-) TimerEvent: {}
[303.298485] (-) TimerEvent: {}
[303.399426] (-) TimerEvent: {}
[303.500336] (-) TimerEvent: {}
[303.601232] (-) TimerEvent: {}
[303.702207] (-) TimerEvent: {}
[303.803218] (-) TimerEvent: {}
[303.860487] (ublox_msgs) StdoutLine: {'line': b'[ 35%] \x1b[32mBuilding CXX object CMakeFiles/ublox_msgs__rosidl_typesupport_cpp.dir/rosidl_typesupport_cpp/ublox_msgs/msg/nav_sat__type_support.cpp.o\x1b[0m\n'}
[303.903567] (-) TimerEvent: {}
[304.004829] (-) TimerEvent: {}
[304.105983] (-) TimerEvent: {}
[304.207188] (-) TimerEvent: {}
[304.308191] (-) TimerEvent: {}
[304.409483] (-) TimerEvent: {}
[304.510566] (-) TimerEvent: {}
[304.611699] (-) TimerEvent: {}
[304.712825] (-) TimerEvent: {}
[304.814020] (-) TimerEvent: {}
[304.915098] (-) TimerEvent: {}
[305.016131] (-) TimerEvent: {}
[305.114248] (ublox_msgs) StdoutLine: {'line': b'[ 35%] \x1b[32mBuilding CXX object CMakeFiles/ublox_msgs__rosidl_typesupport_fastrtps_c.dir/rosidl_typesupport_fastrtps_c/ublox_msgs/msg/detail/hnr_pvt__type_support_c.cpp.o\x1b[0m\n'}
[305.116431] (-) TimerEvent: {}
[305.218161] (-) TimerEvent: {}
[305.319581] (-) TimerEvent: {}
[305.421318] (-) TimerEvent: {}
[305.522739] (-) TimerEvent: {}
[305.624605] (-) TimerEvent: {}
[305.717044] (ublox_msgs) StdoutLine: {'line': b'[ 35%] \x1b[32mBuilding CXX object CMakeFiles/ublox_msgs__rosidl_typesupport_introspection_cpp.dir/rosidl_typesupport_introspection_cpp/ublox_msgs/msg/detail/mon_gnss__type_support.cpp.o\x1b[0m\n'}
[305.724858] (-) TimerEvent: {}
[305.729911] (ublox_msgs) StdoutLine: {'line': b'[ 35%] \x1b[32mBuilding CXX object CMakeFiles/ublox_msgs__rosidl_typesupport_cpp.dir/rosidl_typesupport_cpp/ublox_msgs/msg/nav_satsv__type_support.cpp.o\x1b[0m\n'}
[305.825197] (-) TimerEvent: {}
[305.926084] (-) TimerEvent: {}
[305.985842] (ublox_msgs) StdoutLine: {'line': b'[ 35%] \x1b[32mBuilding CXX object CMakeFiles/ublox_msgs__rosidl_typesupport_fastrtps_cpp.dir/rosidl_typesupport_fastrtps_cpp/ublox_msgs/msg/detail/dds_fastrtps/hnr_pvt__type_support.cpp.o\x1b[0m\n'}
[306.026321] (-) TimerEvent: {}
[306.127256] (-) TimerEvent: {}
[306.228244] (-) TimerEvent: {}
[306.329263] (-) TimerEvent: {}
[306.430288] (-) TimerEvent: {}
[306.531378] (-) TimerEvent: {}
[306.632513] (-) TimerEvent: {}
[306.733661] (-) TimerEvent: {}
[306.834831] (-) TimerEvent: {}
[306.935991] (-) TimerEvent: {}
[307.037318] (-) TimerEvent: {}
[307.138613] (-) TimerEvent: {}
[307.239711] (-) TimerEvent: {}
[307.341038] (-) TimerEvent: {}
[307.442237] (-) TimerEvent: {}
[307.476187] (ublox_msgs) StdoutLine: {'line': b'[ 35%] \x1b[32mBuilding CXX object CMakeFiles/ublox_msgs__rosidl_typesupport_cpp.dir/rosidl_typesupport_cpp/ublox_msgs/msg/nav_sbas__type_support.cpp.o\x1b[0m\n'}
[307.491512] (ublox_msgs) StdoutLine: {'line': b'[ 36%] \x1b[32mBuilding CXX object CMakeFiles/ublox_msgs__rosidl_typesupport_fastrtps_c.dir/rosidl_typesupport_fastrtps_c/ublox_msgs/msg/detail/inf__type_support_c.cpp.o\x1b[0m\n'}
[307.542530] (-) TimerEvent: {}
[307.643495] (-) TimerEvent: {}
[307.744402] (-) TimerEvent: {}
[307.845346] (-) TimerEvent: {}
[307.946574] (-) TimerEvent: {}
[308.048274] (-) TimerEvent: {}
[308.149366] (-) TimerEvent: {}
[308.250772] (-) TimerEvent: {}
[308.352086] (-) TimerEvent: {}
[308.453132] (-) TimerEvent: {}
[308.523772] (ublox_msgs) StdoutLine: {'line': b'[ 37%] \x1b[32mBuilding CXX object CMakeFiles/ublox_msgs__rosidl_typesupport_introspection_cpp.dir/rosidl_typesupport_introspection_cpp/ublox_msgs/msg/detail/mon_hw6__type_support.cpp.o\x1b[0m\n'}
[308.553392] (-) TimerEvent: {}
[308.654454] (-) TimerEvent: {}
[308.755568] (-) TimerEvent: {}
[308.786256] (ublox_msgs) StdoutLine: {'line': b'[ 37%] \x1b[32mBuilding CXX object CMakeFiles/ublox_msgs__rosidl_typesupport_fastrtps_cpp.dir/rosidl_typesupport_fastrtps_cpp/ublox_msgs/msg/detail/dds_fastrtps/inf__type_support.cpp.o\x1b[0m\n'}
[308.855795] (-) TimerEvent: {}
[308.956634] (-) TimerEvent: {}
[309.057595] (-) TimerEvent: {}
[309.158782] (-) TimerEvent: {}
[309.250288] (ublox_msgs) StdoutLine: {'line': b'[ 38%] \x1b[32mBuilding CXX object CMakeFiles/ublox_msgs__rosidl_typesupport_cpp.dir/rosidl_typesupport_cpp/ublox_msgs/msg/nav_sbassv__type_support.cpp.o\x1b[0m\n'}
[309.259074] (-) TimerEvent: {}
[309.360235] (-) TimerEvent: {}
[309.461371] (-) TimerEvent: {}
[309.562846] (-) TimerEvent: {}
[309.664106] (-) TimerEvent: {}
[309.765325] (-) TimerEvent: {}
[309.866645] (-) TimerEvent: {}
[309.968064] (-) TimerEvent: {}
[309.986111] (ublox_msgs) StdoutLine: {'line': b'[ 38%] \x1b[32mBuilding CXX object CMakeFiles/ublox_msgs__rosidl_typesupport_fastrtps_c.dir/rosidl_typesupport_fastrtps_c/ublox_msgs/msg/detail/mga_gal__type_support_c.cpp.o\x1b[0m\n'}
[310.068331] (-) TimerEvent: {}
[310.169588] (-) TimerEvent: {}
[310.270638] (-) TimerEvent: {}
[310.371580] (-) TimerEvent: {}
[310.472742] (-) TimerEvent: {}
[310.573790] (-) TimerEvent: {}
[310.674896] (-) TimerEvent: {}
[310.776491] (-) TimerEvent: {}
[310.877806] (-) TimerEvent: {}
[310.979276] (-) TimerEvent: {}
[311.080543] (-) TimerEvent: {}
[311.084364] (ublox_msgs) StdoutLine: {'line': b'[ 38%] \x1b[32mBuilding CXX object CMakeFiles/ublox_msgs__rosidl_typesupport_cpp.dir/rosidl_typesupport_cpp/ublox_msgs/msg/nav_sol__type_support.cpp.o\x1b[0m\n'}
[311.180796] (-) TimerEvent: {}
[311.195773] (ublox_msgs) StdoutLine: {'line': b'[ 38%] \x1b[32mBuilding CXX object CMakeFiles/ublox_msgs__rosidl_typesupport_introspection_cpp.dir/rosidl_typesupport_introspection_cpp/ublox_msgs/msg/detail/mon_hw__type_support.cpp.o\x1b[0m\n'}
[311.281043] (-) TimerEvent: {}
[311.382598] (-) TimerEvent: {}
[311.483685] (-) TimerEvent: {}
[311.584930] (-) TimerEvent: {}
[311.686333] (-) TimerEvent: {}
[311.693238] (ublox_msgs) StdoutLine: {'line': b'[ 38%] \x1b[32mBuilding CXX object CMakeFiles/ublox_msgs__rosidl_typesupport_fastrtps_cpp.dir/rosidl_typesupport_fastrtps_cpp/ublox_msgs/msg/detail/dds_fastrtps/mga_gal__type_support.cpp.o\x1b[0m\n'}
[311.786618] (-) TimerEvent: {}
[311.887683] (-) TimerEvent: {}
[311.988892] (-) TimerEvent: {}
[312.090009] (-) TimerEvent: {}
[312.191035] (-) TimerEvent: {}
[312.292238] (-) TimerEvent: {}
[312.393496] (-) TimerEvent: {}
[312.494854] (-) TimerEvent: {}
[312.560415] (ublox_msgs) StdoutLine: {'line': b'[ 38%] \x1b[32mBuilding CXX object CMakeFiles/ublox_msgs__rosidl_typesupport_fastrtps_c.dir/rosidl_typesupport_fastrtps_c/ublox_msgs/msg/detail/mon_gnss__type_support_c.cpp.o\x1b[0m\n'}
[312.595120] (-) TimerEvent: {}
[312.696389] (-) TimerEvent: {}
[312.797608] (-) TimerEvent: {}
[312.865627] (ublox_msgs) StdoutLine: {'line': b'[ 38%] \x1b[32mBuilding CXX object CMakeFiles/ublox_msgs__rosidl_typesupport_cpp.dir/rosidl_typesupport_cpp/ublox_msgs/msg/nav_status__type_support.cpp.o\x1b[0m\n'}
[312.897931] (-) TimerEvent: {}
[312.998955] (-) TimerEvent: {}
[313.100028] (-) TimerEvent: {}
[313.201292] (-) TimerEvent: {}
[313.302472] (-) TimerEvent: {}
[313.403622] (-) TimerEvent: {}
[313.504732] (-) TimerEvent: {}
[313.606166] (-) TimerEvent: {}
[313.707503] (-) TimerEvent: {}
[313.808749] (-) TimerEvent: {}
[313.813547] (ublox_msgs) StdoutLine: {'line': b'[ 38%] \x1b[32mBuilding CXX object CMakeFiles/ublox_msgs__rosidl_typesupport_introspection_cpp.dir/rosidl_typesupport_introspection_cpp/ublox_msgs/msg/detail/mon_ver_extension__type_support.cpp.o\x1b[0m\n'}
[313.909064] (-) TimerEvent: {}
[314.010200] (-) TimerEvent: {}
[314.111425] (-) TimerEvent: {}
[314.212591] (-) TimerEvent: {}
[314.313702] (-) TimerEvent: {}
[314.415042] (-) TimerEvent: {}
[314.492698] (ublox_msgs) StdoutLine: {'line': b'[ 39%] \x1b[32mBuilding CXX object CMakeFiles/ublox_msgs__rosidl_typesupport_fastrtps_cpp.dir/rosidl_typesupport_fastrtps_cpp/ublox_msgs/msg/detail/dds_fastrtps/mon_gnss__type_support.cpp.o\x1b[0m\n'}
[314.515328] (-) TimerEvent: {}
[314.616644] (-) TimerEvent: {}
[314.718197] (-) TimerEvent: {}
[314.731264] (ublox_msgs) StdoutLine: {'line': b'[ 39%] \x1b[32mBuilding CXX object CMakeFiles/ublox_msgs__rosidl_typesupport_cpp.dir/rosidl_typesupport_cpp/ublox_msgs/msg/nav_svinfo__type_support.cpp.o\x1b[0m\n'}
[314.818413] (-) TimerEvent: {}
[314.919826] (-) TimerEvent: {}
[315.021449] (-) TimerEvent: {}
[315.037200] (ublox_msgs) StdoutLine: {'line': b'[ 39%] \x1b[32mBuilding CXX object CMakeFiles/ublox_msgs__rosidl_typesupport_fastrtps_c.dir/rosidl_typesupport_fastrtps_c/ublox_msgs/msg/detail/mon_hw6__type_support_c.cpp.o\x1b[0m\n'}
[315.121702] (-) TimerEvent: {}
[315.223083] (-) TimerEvent: {}
[315.324709] (-) TimerEvent: {}
[315.426249] (-) TimerEvent: {}
[315.527787] (-) TimerEvent: {}
[315.629304] (-) TimerEvent: {}
[315.731299] (-) TimerEvent: {}
[315.832920] (-) TimerEvent: {}
[315.934728] (-) TimerEvent: {}
[316.036561] (-) TimerEvent: {}
[316.138336] (-) TimerEvent: {}
[316.240006] (-) TimerEvent: {}
[316.327532] (ublox_msgs) StdoutLine: {'line': b'[ 39%] \x1b[32mBuilding CXX object CMakeFiles/ublox_msgs__rosidl_typesupport_introspection_cpp.dir/rosidl_typesupport_introspection_cpp/ublox_msgs/msg/detail/mon_ver__type_support.cpp.o\x1b[0m\n'}
[316.340289] (-) TimerEvent: {}
[316.441772] (-) TimerEvent: {}
[316.522197] (ublox_msgs) StdoutLine: {'line': b'[ 39%] \x1b[32mBuilding CXX object CMakeFiles/ublox_msgs__rosidl_typesupport_cpp.dir/rosidl_typesupport_cpp/ublox_msgs/msg/nav_svinfosv__type_support.cpp.o\x1b[0m\n'}
[316.542028] (-) TimerEvent: {}
[316.643256] (-) TimerEvent: {}
[316.744541] (-) TimerEvent: {}
[316.845722] (-) TimerEvent: {}
[316.946971] (-) TimerEvent: {}
[317.048544] (-) TimerEvent: {}
[317.150162] (-) TimerEvent: {}
[317.252172] (-) TimerEvent: {}
[317.346613] (ublox_msgs) StdoutLine: {'line': b'[ 39%] \x1b[32mBuilding CXX object CMakeFiles/ublox_msgs__rosidl_typesupport_fastrtps_c.dir/rosidl_typesupport_fastrtps_c/ublox_msgs/msg/detail/mon_hw__type_support_c.cpp.o\x1b[0m\n'}
[317.352472] (-) TimerEvent: {}
[317.418317] (ublox_msgs) StdoutLine: {'line': b'[ 39%] \x1b[32mBuilding CXX object CMakeFiles/ublox_msgs__rosidl_typesupport_fastrtps_cpp.dir/rosidl_typesupport_fastrtps_cpp/ublox_msgs/msg/detail/dds_fastrtps/mon_hw6__type_support.cpp.o\x1b[0m\n'}
[317.452827] (-) TimerEvent: {}
[317.553992] (-) TimerEvent: {}
[317.654931] (-) TimerEvent: {}
[317.755895] (-) TimerEvent: {}
[317.857006] (-) TimerEvent: {}
[317.958167] (-) TimerEvent: {}
[318.059246] (-) TimerEvent: {}
[318.160461] (-) TimerEvent: {}
[318.243191] (ublox_msgs) StdoutLine: {'line': b'[ 39%] \x1b[32mBuilding CXX object CMakeFiles/ublox_msgs__rosidl_typesupport_cpp.dir/rosidl_typesupport_cpp/ublox_msgs/msg/nav_svin__type_support.cpp.o\x1b[0m\n'}
[318.260701] (-) TimerEvent: {}
[318.361738] (-) TimerEvent: {}
[318.462720] (-) TimerEvent: {}
[318.563863] (-) TimerEvent: {}
[318.664914] (-) TimerEvent: {}
[318.766083] (-) TimerEvent: {}
[318.867667] (-) TimerEvent: {}
[318.969308] (-) TimerEvent: {}
[319.070799] (-) TimerEvent: {}
[319.117708] (ublox_msgs) StdoutLine: {'line': b'[ 39%] \x1b[32mBuilding CXX object CMakeFiles/ublox_msgs__rosidl_typesupport_introspection_cpp.dir/rosidl_typesupport_introspection_cpp/ublox_msgs/msg/detail/nav_att__type_support.cpp.o\x1b[0m\n'}
[319.171053] (-) TimerEvent: {}
[319.272368] (-) TimerEvent: {}
[319.373522] (-) TimerEvent: {}
[319.474626] (-) TimerEvent: {}
[319.575881] (-) TimerEvent: {}
[319.592046] (ublox_msgs) StdoutLine: {'line': b'[ 39%] \x1b[32mBuilding CXX object CMakeFiles/ublox_msgs__rosidl_typesupport_fastrtps_c.dir/rosidl_typesupport_fastrtps_c/ublox_msgs/msg/detail/mon_ver_extension__type_support_c.cpp.o\x1b[0m\n'}
[319.676170] (-) TimerEvent: {}
[319.777305] (-) TimerEvent: {}
[319.878411] (-) TimerEvent: {}
[319.979381] (-) TimerEvent: {}
[320.080732] (-) TimerEvent: {}
[320.091844] (ublox_msgs) StdoutLine: {'line': b'[ 39%] \x1b[32mBuilding CXX object CMakeFiles/ublox_msgs__rosidl_typesupport_cpp.dir/rosidl_typesupport_cpp/ublox_msgs/msg/nav_timegps__type_support.cpp.o\x1b[0m\n'}
[320.180782] (-) TimerEvent: {}
[320.282021] (-) TimerEvent: {}
[320.382935] (-) TimerEvent: {}
[320.470207] (ublox_msgs) StdoutLine: {'line': b'[ 39%] \x1b[32mBuilding CXX object CMakeFiles/ublox_msgs__rosidl_typesupport_fastrtps_cpp.dir/rosidl_typesupport_fastrtps_cpp/ublox_msgs/msg/detail/dds_fastrtps/mon_hw__type_support.cpp.o\x1b[0m\n'}
[320.483156] (-) TimerEvent: {}
[320.584501] (-) TimerEvent: {}
[320.686056] (-) TimerEvent: {}
[320.787256] (-) TimerEvent: {}
[320.888635] (-) TimerEvent: {}
[320.989845] (-) TimerEvent: {}
[321.091176] (-) TimerEvent: {}
[321.192332] (-) TimerEvent: {}
[321.293420] (-) TimerEvent: {}
[321.394758] (-) TimerEvent: {}
[321.496061] (-) TimerEvent: {}
[321.597497] (-) TimerEvent: {}
[321.698612] (-) TimerEvent: {}
[321.776474] (ublox_msgs) StdoutLine: {'line': b'[ 39%] \x1b[32mBuilding CXX object CMakeFiles/ublox_msgs__rosidl_typesupport_introspection_cpp.dir/rosidl_typesupport_introspection_cpp/ublox_msgs/msg/detail/nav_clock__type_support.cpp.o\x1b[0m\n'}
[321.798858] (-) TimerEvent: {}
[321.805406] (ublox_msgs) StdoutLine: {'line': b'[ 40%] \x1b[32mBuilding CXX object CMakeFiles/ublox_msgs__rosidl_typesupport_fastrtps_c.dir/rosidl_typesupport_fastrtps_c/ublox_msgs/msg/detail/mon_ver__type_support_c.cpp.o\x1b[0m\n'}
[321.887457] (ublox_msgs) StdoutLine: {'line': b'[ 41%] \x1b[32mBuilding CXX object CMakeFiles/ublox_msgs__rosidl_typesupport_cpp.dir/rosidl_typesupport_cpp/ublox_msgs/msg/nav_timeutc__type_support.cpp.o\x1b[0m\n'}
[321.899104] (-) TimerEvent: {}
[322.000565] (-) TimerEvent: {}
[322.101780] (-) TimerEvent: {}
[322.206402] (-) TimerEvent: {}
[322.307264] (-) TimerEvent: {}
[322.408228] (-) TimerEvent: {}
[322.509829] (-) TimerEvent: {}
[322.611085] (-) TimerEvent: {}
[322.712290] (-) TimerEvent: {}
[322.813312] (-) TimerEvent: {}
[322.914558] (-) TimerEvent: {}
[323.015677] (-) TimerEvent: {}
[323.117139] (-) TimerEvent: {}
[323.218411] (-) TimerEvent: {}
[323.319666] (-) TimerEvent: {}
[323.420805] (-) TimerEvent: {}
[323.522213] (-) TimerEvent: {}
[323.588184] (ublox_msgs) StdoutLine: {'line': b'[ 41%] \x1b[32mBuilding CXX object CMakeFiles/ublox_msgs__rosidl_typesupport_fastrtps_cpp.dir/rosidl_typesupport_fastrtps_cpp/ublox_msgs/msg/detail/dds_fastrtps/mon_ver_extension__type_support.cpp.o\x1b[0m\n'}
[323.622506] (-) TimerEvent: {}
[323.723766] (-) TimerEvent: {}
[323.825201] (-) TimerEvent: {}
[323.905910] (ublox_msgs) StdoutLine: {'line': b'[ 41%] \x1b[32mBuilding CXX object CMakeFiles/ublox_msgs__rosidl_typesupport_cpp.dir/rosidl_typesupport_cpp/ublox_msgs/msg/nav_velecef__type_support.cpp.o\x1b[0m\n'}
[323.925460] (-) TimerEvent: {}
[324.026579] (-) TimerEvent: {}
[324.127740] (-) TimerEvent: {}
[324.179393] (ublox_msgs) StdoutLine: {'line': b'[ 41%] \x1b[32mBuilding CXX object CMakeFiles/ublox_msgs__rosidl_typesupport_fastrtps_c.dir/rosidl_typesupport_fastrtps_c/ublox_msgs/msg/detail/nav_att__type_support_c.cpp.o\x1b[0m\n'}
[324.228032] (-) TimerEvent: {}
[324.329140] (-) TimerEvent: {}
[324.431490] (-) TimerEvent: {}
[324.433898] (ublox_msgs) StdoutLine: {'line': b'[ 42%] \x1b[32mBuilding CXX object CMakeFiles/ublox_msgs__rosidl_typesupport_introspection_cpp.dir/rosidl_typesupport_introspection_cpp/ublox_msgs/msg/detail/nav_dgps__type_support.cpp.o\x1b[0m\n'}
[324.531742] (-) TimerEvent: {}
[324.633269] (-) TimerEvent: {}
[324.735097] (-) TimerEvent: {}
[324.836116] (-) TimerEvent: {}
[324.937260] (-) TimerEvent: {}
[325.038316] (-) TimerEvent: {}
[325.139478] (-) TimerEvent: {}
[325.240679] (-) TimerEvent: {}
[325.341989] (-) TimerEvent: {}
[325.443093] (-) TimerEvent: {}
[325.544336] (-) TimerEvent: {}
[325.645707] (-) TimerEvent: {}
[325.660813] (ublox_msgs) StdoutLine: {'line': b'[ 42%] \x1b[32mBuilding CXX object CMakeFiles/ublox_msgs__rosidl_typesupport_cpp.dir/rosidl_typesupport_cpp/ublox_msgs/msg/nav_velned__type_support.cpp.o\x1b[0m\n'}
[325.745989] (-) TimerEvent: {}
[325.847018] (-) TimerEvent: {}
[325.947939] (-) TimerEvent: {}
[326.049009] (-) TimerEvent: {}
[326.150078] (-) TimerEvent: {}
[326.252214] (-) TimerEvent: {}
[326.349794] (ublox_msgs) StdoutLine: {'line': b'[ 42%] \x1b[32mBuilding CXX object CMakeFiles/ublox_msgs__rosidl_typesupport_fastrtps_cpp.dir/rosidl_typesupport_fastrtps_cpp/ublox_msgs/msg/detail/dds_fastrtps/mon_ver__type_support.cpp.o\x1b[0m\n'}
[326.352502] (-) TimerEvent: {}
[326.454192] (-) TimerEvent: {}
[326.522518] (ublox_msgs) StdoutLine: {'line': b'[ 42%] \x1b[32mBuilding CXX object CMakeFiles/ublox_msgs__rosidl_typesupport_fastrtps_c.dir/rosidl_typesupport_fastrtps_c/ublox_msgs/msg/detail/nav_clock__type_support_c.cpp.o\x1b[0m\n'}
[326.554450] (-) TimerEvent: {}
[326.656299] (-) TimerEvent: {}
[326.757320] (-) TimerEvent: {}
[326.859047] (-) TimerEvent: {}
[326.960127] (-) TimerEvent: {}
[327.061439] (-) TimerEvent: {}
[327.162528] (-) TimerEvent: {}
[327.263686] (-) TimerEvent: {}
[327.319178] (ublox_msgs) StdoutLine: {'line': b'[ 42%] \x1b[32mBuilding CXX object CMakeFiles/ublox_msgs__rosidl_typesupport_introspection_cpp.dir/rosidl_typesupport_introspection_cpp/ublox_msgs/msg/detail/nav_dgpssv__type_support.cpp.o\x1b[0m\n'}
[327.364002] (-) TimerEvent: {}
[327.465290] (-) TimerEvent: {}
[327.486096] (ublox_msgs) StdoutLine: {'line': b'[ 42%] \x1b[32mBuilding CXX object CMakeFiles/ublox_msgs__rosidl_typesupport_cpp.dir/rosidl_typesupport_cpp/ublox_msgs/msg/rxm_alm__type_support.cpp.o\x1b[0m\n'}
[327.565539] (-) TimerEvent: {}
[327.666533] (-) TimerEvent: {}
[327.767538] (-) TimerEvent: {}
[327.868595] (-) TimerEvent: {}
[327.969670] (-) TimerEvent: {}
[328.070857] (-) TimerEvent: {}
[328.171936] (-) TimerEvent: {}
[328.273293] (-) TimerEvent: {}
[328.374592] (-) TimerEvent: {}
[328.475876] (-) TimerEvent: {}
[328.577338] (-) TimerEvent: {}
[328.678739] (-) TimerEvent: {}
[328.780009] (-) TimerEvent: {}
[328.818730] (ublox_msgs) StdoutLine: {'line': b'[ 42%] \x1b[32mBuilding CXX object CMakeFiles/ublox_msgs__rosidl_typesupport_fastrtps_c.dir/rosidl_typesupport_fastrtps_c/ublox_msgs/msg/detail/nav_dgps__type_support_c.cpp.o\x1b[0m\n'}
[328.880376] (-) TimerEvent: {}
[328.981691] (-) TimerEvent: {}
[329.082907] (-) TimerEvent: {}
[329.184049] (-) TimerEvent: {}
[329.285382] (-) TimerEvent: {}
[329.387098] (-) TimerEvent: {}
[329.423937] (ublox_msgs) StdoutLine: {'line': b'[ 42%] \x1b[32mBuilding CXX object CMakeFiles/ublox_msgs__rosidl_typesupport_cpp.dir/rosidl_typesupport_cpp/ublox_msgs/msg/rxm_eph__type_support.cpp.o\x1b[0m\n'}
[329.487422] (-) TimerEvent: {}
[329.500427] (ublox_msgs) StdoutLine: {'line': b'[ 42%] \x1b[32mBuilding CXX object CMakeFiles/ublox_msgs__rosidl_typesupport_fastrtps_cpp.dir/rosidl_typesupport_fastrtps_cpp/ublox_msgs/msg/detail/dds_fastrtps/nav_att__type_support.cpp.o\x1b[0m\n'}
[329.587651] (-) TimerEvent: {}
[329.688662] (-) TimerEvent: {}
[329.789709] (-) TimerEvent: {}
[329.839629] (ublox_msgs) StdoutLine: {'line': b'[ 42%] \x1b[32mBuilding CXX object CMakeFiles/ublox_msgs__rosidl_typesupport_introspection_cpp.dir/rosidl_typesupport_introspection_cpp/ublox_msgs/msg/detail/nav_dop__type_support.cpp.o\x1b[0m\n'}
[329.890029] (-) TimerEvent: {}
[329.991048] (-) TimerEvent: {}
[330.092166] (-) TimerEvent: {}
[330.193176] (-) TimerEvent: {}
[330.294144] (-) TimerEvent: {}
[330.395189] (-) TimerEvent: {}
[330.496302] (-) TimerEvent: {}
[330.598212] (-) TimerEvent: {}
[330.699768] (-) TimerEvent: {}
[330.801444] (-) TimerEvent: {}
[330.902826] (-) TimerEvent: {}
[331.004047] (-) TimerEvent: {}
[331.105359] (-) TimerEvent: {}
[331.183911] (ublox_msgs) StdoutLine: {'line': b'[ 42%] \x1b[32mBuilding CXX object CMakeFiles/ublox_msgs__rosidl_typesupport_fastrtps_c.dir/rosidl_typesupport_fastrtps_c/ublox_msgs/msg/detail/nav_dgpssv__type_support_c.cpp.o\x1b[0m\n'}
[331.205668] (-) TimerEvent: {}
[331.306848] (-) TimerEvent: {}
[331.364802] (ublox_msgs) StdoutLine: {'line': b'[ 42%] \x1b[32mBuilding CXX object CMakeFiles/ublox_msgs__rosidl_typesupport_cpp.dir/rosidl_typesupport_cpp/ublox_msgs/msg/rxm_raw__type_support.cpp.o\x1b[0m\n'}
[331.407106] (-) TimerEvent: {}
[331.508385] (-) TimerEvent: {}
[331.609515] (-) TimerEvent: {}
[331.710482] (-) TimerEvent: {}
[331.811493] (-) TimerEvent: {}
[331.912665] (-) TimerEvent: {}
[332.013919] (-) TimerEvent: {}
[332.115132] (-) TimerEvent: {}
[332.216455] (-) TimerEvent: {}
[332.317662] (-) TimerEvent: {}
[332.337290] (ublox_msgs) StdoutLine: {'line': b'[ 42%] \x1b[32mBuilding CXX object CMakeFiles/ublox_msgs__rosidl_typesupport_fastrtps_cpp.dir/rosidl_typesupport_fastrtps_cpp/ublox_msgs/msg/detail/dds_fastrtps/nav_clock__type_support.cpp.o\x1b[0m\n'}
[332.417943] (-) TimerEvent: {}
[332.427971] (ublox_msgs) StdoutLine: {'line': b'[ 42%] \x1b[32mBuilding CXX object CMakeFiles/ublox_msgs__rosidl_typesupport_introspection_cpp.dir/rosidl_typesupport_introspection_cpp/ublox_msgs/msg/detail/nav_posecef__type_support.cpp.o\x1b[0m\n'}
[332.518152] (-) TimerEvent: {}
[332.619023] (-) TimerEvent: {}
[332.719839] (-) TimerEvent: {}
[332.820865] (-) TimerEvent: {}
[332.922158] (-) TimerEvent: {}
[333.023177] (-) TimerEvent: {}
[333.124171] (-) TimerEvent: {}
[333.182638] (ublox_msgs) StdoutLine: {'line': b'[ 43%] \x1b[32mBuilding CXX object CMakeFiles/ublox_msgs__rosidl_typesupport_cpp.dir/rosidl_typesupport_cpp/ublox_msgs/msg/rxm_rawsv__type_support.cpp.o\x1b[0m\n'}
[333.224508] (-) TimerEvent: {}
[333.325645] (-) TimerEvent: {}
[333.426743] (-) TimerEvent: {}
[333.506469] (ublox_msgs) StdoutLine: {'line': b'[ 43%] \x1b[32mBuilding CXX object CMakeFiles/ublox_msgs__rosidl_typesupport_fastrtps_c.dir/rosidl_typesupport_fastrtps_c/ublox_msgs/msg/detail/nav_dop__type_support_c.cpp.o\x1b[0m\n'}
[333.526966] (-) TimerEvent: {}
[333.628016] (-) TimerEvent: {}
[333.729026] (-) TimerEvent: {}
[333.830081] (-) TimerEvent: {}
[333.931288] (-) TimerEvent: {}
[334.032531] (-) TimerEvent: {}
[334.133765] (-) TimerEvent: {}
[334.234891] (-) TimerEvent: {}
[334.336257] (-) TimerEvent: {}
[334.437478] (-) TimerEvent: {}
[334.538579] (-) TimerEvent: {}
[334.639788] (-) TimerEvent: {}
[334.741141] (-) TimerEvent: {}
[334.842569] (-) TimerEvent: {}
[334.943760] (-) TimerEvent: {}
[334.966064] (ublox_msgs) StdoutLine: {'line': b'[ 43%] \x1b[32mBuilding CXX object CMakeFiles/ublox_msgs__rosidl_typesupport_introspection_cpp.dir/rosidl_typesupport_introspection_cpp/ublox_msgs/msg/detail/nav_posllh__type_support.cpp.o\x1b[0m\n'}
[335.044013] (-) TimerEvent: {}
[335.110825] (ublox_msgs) StdoutLine: {'line': b'[ 44%] \x1b[32mBuilding CXX object CMakeFiles/ublox_msgs__rosidl_typesupport_fastrtps_cpp.dir/rosidl_typesupport_fastrtps_cpp/ublox_msgs/msg/detail/dds_fastrtps/nav_dgps__type_support.cpp.o\x1b[0m\n'}
[335.144362] (-) TimerEvent: {}
[335.234823] (ublox_msgs) StdoutLine: {'line': b'[ 44%] \x1b[32mBuilding CXX object CMakeFiles/ublox_msgs__rosidl_typesupport_cpp.dir/rosidl_typesupport_cpp/ublox_msgs/msg/rxm_rawx_meas__type_support.cpp.o\x1b[0m\n'}
[335.244595] (-) TimerEvent: {}
[335.345516] (-) TimerEvent: {}
[335.446351] (-) TimerEvent: {}
[335.547398] (-) TimerEvent: {}
[335.648508] (-) TimerEvent: {}
[335.749678] (-) TimerEvent: {}
[335.850650] (-) TimerEvent: {}
[335.851559] (ublox_msgs) StdoutLine: {'line': b'[ 44%] \x1b[32mBuilding CXX object CMakeFiles/ublox_msgs__rosidl_typesupport_fastrtps_c.dir/rosidl_typesupport_fastrtps_c/ublox_msgs/msg/detail/nav_posecef__type_support_c.cpp.o\x1b[0m\n'}
[335.950953] (-) TimerEvent: {}
[336.052331] (-) TimerEvent: {}
[336.153980] (-) TimerEvent: {}
[336.255270] (-) TimerEvent: {}
[336.356568] (-) TimerEvent: {}
[336.457779] (-) TimerEvent: {}
[336.559275] (-) TimerEvent: {}
[336.660562] (-) TimerEvent: {}
[336.761638] (-) TimerEvent: {}
[336.862746] (-) TimerEvent: {}
[336.964188] (-) TimerEvent: {}
[336.976522] (ublox_msgs) StdoutLine: {'line': b'[ 44%] \x1b[32mBuilding CXX object CMakeFiles/ublox_msgs__rosidl_typesupport_cpp.dir/rosidl_typesupport_cpp/ublox_msgs/msg/rxm_rawx__type_support.cpp.o\x1b[0m\n'}
[337.064429] (-) TimerEvent: {}
[337.165651] (-) TimerEvent: {}
[337.266807] (-) TimerEvent: {}
[337.368030] (-) TimerEvent: {}
[337.469216] (-) TimerEvent: {}
[337.537595] (ublox_msgs) StdoutLine: {'line': b'[ 44%] \x1b[32mBuilding CXX object CMakeFiles/ublox_msgs__rosidl_typesupport_introspection_cpp.dir/rosidl_typesupport_introspection_cpp/ublox_msgs/msg/detail/nav_pvt7__type_support.cpp.o\x1b[0m\n'}
[337.569496] (-) TimerEvent: {}
[337.670733] (-) TimerEvent: {}
[337.771839] (-) TimerEvent: {}
[337.873029] (-) TimerEvent: {}
[337.974230] (-) TimerEvent: {}
[338.075438] (-) TimerEvent: {}
[338.176639] (-) TimerEvent: {}
[338.177649] (ublox_msgs) StdoutLine: {'line': b'[ 44%] \x1b[32mBuilding CXX object CMakeFiles/ublox_msgs__rosidl_typesupport_fastrtps_cpp.dir/rosidl_typesupport_fastrtps_cpp/ublox_msgs/msg/detail/dds_fastrtps/nav_dgpssv__type_support.cpp.o\x1b[0m\n'}
[338.197842] (ublox_msgs) StdoutLine: {'line': b'[ 45%] \x1b[32mBuilding CXX object CMakeFiles/ublox_msgs__rosidl_typesupport_fastrtps_c.dir/rosidl_typesupport_fastrtps_c/ublox_msgs/msg/detail/nav_posllh__type_support_c.cpp.o\x1b[0m\n'}
[338.276870] (-) TimerEvent: {}
[338.380798] (-) TimerEvent: {}
[338.481724] (-) TimerEvent: {}
[338.582716] (-) TimerEvent: {}
[338.683797] (-) TimerEvent: {}
[338.730865] (ublox_msgs) StdoutLine: {'line': b'[ 45%] \x1b[32mBuilding CXX object CMakeFiles/ublox_msgs__rosidl_typesupport_cpp.dir/rosidl_typesupport_cpp/ublox_msgs/msg/rxm_rtcm__type_support.cpp.o\x1b[0m\n'}
[338.784122] (-) TimerEvent: {}
[338.885245] (-) TimerEvent: {}
[338.986178] (-) TimerEvent: {}
[339.087118] (-) TimerEvent: {}
[339.188073] (-) TimerEvent: {}
[339.289202] (-) TimerEvent: {}
[339.390345] (-) TimerEvent: {}
[339.491463] (-) TimerEvent: {}
[339.592607] (-) TimerEvent: {}
[339.694021] (-) TimerEvent: {}
[339.794997] (-) TimerEvent: {}
[339.895969] (-) TimerEvent: {}
[339.997102] (-) TimerEvent: {}
[340.098140] (-) TimerEvent: {}
[340.199388] (-) TimerEvent: {}
[340.221389] (ublox_msgs) StdoutLine: {'line': b'[ 46%] \x1b[32mBuilding CXX object CMakeFiles/ublox_msgs__rosidl_typesupport_introspection_cpp.dir/rosidl_typesupport_introspection_cpp/ublox_msgs/msg/detail/nav_pvt__type_support.cpp.o\x1b[0m\n'}
[340.299624] (-) TimerEvent: {}
[340.400627] (-) TimerEvent: {}
[340.479774] (ublox_msgs) StdoutLine: {'line': b'[ 46%] \x1b[32mBuilding CXX object CMakeFiles/ublox_msgs__rosidl_typesupport_fastrtps_c.dir/rosidl_typesupport_fastrtps_c/ublox_msgs/msg/detail/nav_pvt7__type_support_c.cpp.o\x1b[0m\n'}
[340.500924] (-) TimerEvent: {}
[340.602059] (-) TimerEvent: {}
[340.621899] (ublox_msgs) StdoutLine: {'line': b'[ 46%] \x1b[32mBuilding CXX object CMakeFiles/ublox_msgs__rosidl_typesupport_cpp.dir/rosidl_typesupport_cpp/ublox_msgs/msg/rxm_sfrb__type_support.cpp.o\x1b[0m\n'}
[340.702277] (-) TimerEvent: {}
[340.803383] (-) TimerEvent: {}
[340.904535] (-) TimerEvent: {}
[340.977014] (ublox_msgs) StdoutLine: {'line': b'[ 46%] \x1b[32mBuilding CXX object CMakeFiles/ublox_msgs__rosidl_typesupport_fastrtps_cpp.dir/rosidl_typesupport_fastrtps_cpp/ublox_msgs/msg/detail/dds_fastrtps/nav_dop__type_support.cpp.o\x1b[0m\n'}
[341.004833] (-) TimerEvent: {}
[341.106035] (-) TimerEvent: {}
[341.207092] (-) TimerEvent: {}
[341.308207] (-) TimerEvent: {}
[341.409239] (-) TimerEvent: {}
[341.510406] (-) TimerEvent: {}
[341.611500] (-) TimerEvent: {}
[341.712610] (-) TimerEvent: {}
[341.813711] (-) TimerEvent: {}
[341.914977] (-) TimerEvent: {}
[342.016290] (-) TimerEvent: {}
[342.117716] (-) TimerEvent: {}
[342.219044] (-) TimerEvent: {}
[342.320220] (-) TimerEvent: {}
[342.421354] (-) TimerEvent: {}
[342.432371] (ublox_msgs) StdoutLine: {'line': b'[ 46%] \x1b[32mBuilding CXX object CMakeFiles/ublox_msgs__rosidl_typesupport_cpp.dir/rosidl_typesupport_cpp/ublox_msgs/msg/rxm_sfrbx__type_support.cpp.o\x1b[0m\n'}
[342.521617] (-) TimerEvent: {}
[342.622722] (-) TimerEvent: {}
[342.702926] (ublox_msgs) StdoutLine: {'line': b'[ 46%] \x1b[32mBuilding CXX object CMakeFiles/ublox_msgs__rosidl_typesupport_introspection_cpp.dir/rosidl_typesupport_introspection_cpp/ublox_msgs/msg/detail/nav_relposned9__type_support.cpp.o\x1b[0m\n'}
[342.722980] (-) TimerEvent: {}
[342.749971] (ublox_msgs) StdoutLine: {'line': b'[ 46%] \x1b[32mBuilding CXX object CMakeFiles/ublox_msgs__rosidl_typesupport_fastrtps_c.dir/rosidl_typesupport_fastrtps_c/ublox_msgs/msg/detail/nav_pvt__type_support_c.cpp.o\x1b[0m\n'}
[342.823222] (-) TimerEvent: {}
[342.924226] (-) TimerEvent: {}
[343.025182] (-) TimerEvent: {}
[343.126167] (-) TimerEvent: {}
[343.227192] (-) TimerEvent: {}
[343.328345] (-) TimerEvent: {}
[343.429559] (-) TimerEvent: {}
[343.530688] (-) TimerEvent: {}
[343.631756] (-) TimerEvent: {}
[343.732834] (-) TimerEvent: {}
[343.834031] (-) TimerEvent: {}
[343.935020] (-) TimerEvent: {}
[344.037499] (-) TimerEvent: {}
[344.139137] (-) TimerEvent: {}
[344.196902] (ublox_msgs) StdoutLine: {'line': b'[ 46%] \x1b[32mBuilding CXX object CMakeFiles/ublox_msgs__rosidl_typesupport_fastrtps_cpp.dir/rosidl_typesupport_fastrtps_cpp/ublox_msgs/msg/detail/dds_fastrtps/nav_posecef__type_support.cpp.o\x1b[0m\n'}
[344.239455] (-) TimerEvent: {}
[344.341290] (-) TimerEvent: {}
[344.443178] (-) TimerEvent: {}
[344.481224] (ublox_msgs) StdoutLine: {'line': b'[ 46%] \x1b[32mBuilding CXX object CMakeFiles/ublox_msgs__rosidl_typesupport_cpp.dir/rosidl_typesupport_cpp/ublox_msgs/msg/rxm_svsi__type_support.cpp.o\x1b[0m\n'}
[344.543718] (-) TimerEvent: {}
[344.645683] (-) TimerEvent: {}
[344.747503] (-) TimerEvent: {}
[344.850307] (-) TimerEvent: {}
[344.951381] (-) TimerEvent: {}
[345.052626] (-) TimerEvent: {}
[345.154382] (-) TimerEvent: {}
[345.255849] (-) TimerEvent: {}
[345.357410] (-) TimerEvent: {}
[345.459002] (-) TimerEvent: {}
[345.560499] (-) TimerEvent: {}
[345.692577] (-) TimerEvent: {}
[345.793901] (-) TimerEvent: {}
[345.895498] (-) TimerEvent: {}
[345.900662] (ublox_msgs) StdoutLine: {'line': b'[ 46%] \x1b[32mBuilding CXX object CMakeFiles/ublox_msgs__rosidl_typesupport_fastrtps_c.dir/rosidl_typesupport_fastrtps_c/ublox_msgs/msg/detail/nav_relposned9__type_support_c.cpp.o\x1b[0m\n'}
[345.995604] (-) TimerEvent: {}
[346.096519] (-) TimerEvent: {}
[346.197519] (-) TimerEvent: {}
[346.299224] (-) TimerEvent: {}
[346.348489] (ublox_msgs) StdoutLine: {'line': b'[ 46%] \x1b[32mBuilding CXX object CMakeFiles/ublox_msgs__rosidl_typesupport_introspection_cpp.dir/rosidl_typesupport_introspection_cpp/ublox_msgs/msg/detail/nav_relposned__type_support.cpp.o\x1b[0m\n'}
[346.399482] (-) TimerEvent: {}
[346.500387] (-) TimerEvent: {}
[346.601375] (-) TimerEvent: {}
[346.702619] (-) TimerEvent: {}
[346.735176] (ublox_msgs) StdoutLine: {'line': b'[ 47%] \x1b[32mBuilding CXX object CMakeFiles/ublox_msgs__rosidl_typesupport_cpp.dir/rosidl_typesupport_cpp/ublox_msgs/msg/rxm_svsisv__type_support.cpp.o\x1b[0m\n'}
[346.802905] (-) TimerEvent: {}
[346.904141] (-) TimerEvent: {}
[347.005542] (-) TimerEvent: {}
[347.107620] (-) TimerEvent: {}
[347.210104] (-) TimerEvent: {}
[347.311814] (-) TimerEvent: {}
[347.413112] (-) TimerEvent: {}
[347.514210] (-) TimerEvent: {}
[347.615454] (-) TimerEvent: {}
[347.692346] (ublox_msgs) StdoutLine: {'line': b'[ 47%] \x1b[32mBuilding CXX object CMakeFiles/ublox_msgs__rosidl_typesupport_fastrtps_cpp.dir/rosidl_typesupport_fastrtps_cpp/ublox_msgs/msg/detail/dds_fastrtps/nav_posllh__type_support.cpp.o\x1b[0m\n'}
[347.715807] (-) TimerEvent: {}
[347.817194] (-) TimerEvent: {}
[347.918276] (-) TimerEvent: {}
[348.019414] (-) TimerEvent: {}
[348.120990] (-) TimerEvent: {}
[348.222271] (-) TimerEvent: {}
[348.323454] (-) TimerEvent: {}
[348.424566] (-) TimerEvent: {}
[348.526242] (-) TimerEvent: {}
[348.627801] (-) TimerEvent: {}
[348.729126] (-) TimerEvent: {}
[348.811569] (ublox_msgs) StdoutLine: {'line': b'[ 47%] \x1b[32mBuilding CXX object CMakeFiles/ublox_msgs__rosidl_typesupport_fastrtps_c.dir/rosidl_typesupport_fastrtps_c/ublox_msgs/msg/detail/nav_relposned__type_support_c.cpp.o\x1b[0m\n'}
[348.829405] (-) TimerEvent: {}
[348.836414] (ublox_msgs) StdoutLine: {'line': b'[ 47%] \x1b[32mBuilding CXX object CMakeFiles/ublox_msgs__rosidl_typesupport_cpp.dir/rosidl_typesupport_cpp/ublox_msgs/msg/tim_tm2__type_support.cpp.o\x1b[0m\n'}
[348.929612] (-) TimerEvent: {}
[349.030648] (-) TimerEvent: {}
[349.131524] (-) TimerEvent: {}
[349.232621] (-) TimerEvent: {}
[349.333725] (-) TimerEvent: {}
[349.392428] (ublox_msgs) StdoutLine: {'line': b'[ 47%] \x1b[32mBuilding CXX object CMakeFiles/ublox_msgs__rosidl_typesupport_introspection_cpp.dir/rosidl_typesupport_introspection_cpp/ublox_msgs/msg/detail/nav_sat__type_support.cpp.o\x1b[0m\n'}
[349.434061] (-) TimerEvent: {}
[349.535164] (-) TimerEvent: {}
[349.636374] (-) TimerEvent: {}
[349.737383] (-) TimerEvent: {}
[349.838642] (-) TimerEvent: {}
[349.939865] (-) TimerEvent: {}
[350.040993] (-) TimerEvent: {}
[350.142461] (-) TimerEvent: {}
[350.243717] (-) TimerEvent: {}
[350.344779] (-) TimerEvent: {}
[350.445720] (-) TimerEvent: {}
[350.546898] (-) TimerEvent: {}
[350.648025] (-) TimerEvent: {}
[350.749319] (-) TimerEvent: {}
[350.813683] (ublox_msgs) StdoutLine: {'line': b'[ 47%] \x1b[32mBuilding CXX object CMakeFiles/ublox_msgs__rosidl_typesupport_cpp.dir/rosidl_typesupport_cpp/ublox_msgs/msg/upd_sos_ack__type_support.cpp.o\x1b[0m\n'}
[350.849577] (-) TimerEvent: {}
[350.950949] (-) TimerEvent: {}
[351.052000] (-) TimerEvent: {}
[351.153085] (-) TimerEvent: {}
[351.254235] (-) TimerEvent: {}
[351.259258] (ublox_msgs) StdoutLine: {'line': b'[ 47%] \x1b[32mBuilding CXX object CMakeFiles/ublox_msgs__rosidl_typesupport_fastrtps_cpp.dir/rosidl_typesupport_fastrtps_cpp/ublox_msgs/msg/detail/dds_fastrtps/nav_pvt7__type_support.cpp.o\x1b[0m\n'}
[351.355529] (-) TimerEvent: {}
[351.406965] (ublox_msgs) StdoutLine: {'line': b'[ 47%] \x1b[32mBuilding CXX object CMakeFiles/ublox_msgs__rosidl_typesupport_fastrtps_c.dir/rosidl_typesupport_fastrtps_c/ublox_msgs/msg/detail/nav_sat__type_support_c.cpp.o\x1b[0m\n'}
[351.455770] (-) TimerEvent: {}
[351.557007] (-) TimerEvent: {}
[351.658665] (-) TimerEvent: {}
[351.760017] (-) TimerEvent: {}
[351.861244] (-) TimerEvent: {}
[351.962282] (-) TimerEvent: {}
[352.063455] (-) TimerEvent: {}
[352.164464] (-) TimerEvent: {}
[352.265510] (-) TimerEvent: {}
[352.366782] (-) TimerEvent: {}
[352.415341] (ublox_msgs) StdoutLine: {'line': b'[ 47%] \x1b[32mBuilding CXX object CMakeFiles/ublox_msgs__rosidl_typesupport_introspection_cpp.dir/rosidl_typesupport_introspection_cpp/ublox_msgs/msg/detail/nav_satsv__type_support.cpp.o\x1b[0m\n'}
[352.467118] (-) TimerEvent: {}
[352.568193] (-) TimerEvent: {}
[352.669514] (-) TimerEvent: {}
[352.743108] (ublox_msgs) StdoutLine: {'line': b'[ 47%] \x1b[32mBuilding CXX object CMakeFiles/ublox_msgs__rosidl_typesupport_cpp.dir/rosidl_typesupport_cpp/ublox_msgs/msg/upd_sos__type_support.cpp.o\x1b[0m\n'}
[352.770575] (-) TimerEvent: {}
[352.871839] (-) TimerEvent: {}
[352.973049] (-) TimerEvent: {}
[353.074250] (-) TimerEvent: {}
[353.175376] (-) TimerEvent: {}
[353.276577] (-) TimerEvent: {}
[353.378195] (-) TimerEvent: {}
[353.479374] (-) TimerEvent: {}
[353.580721] (-) TimerEvent: {}
[353.681783] (-) TimerEvent: {}
[353.752581] (ublox_msgs) StdoutLine: {'line': b'[ 48%] \x1b[32mBuilding CXX object CMakeFiles/ublox_msgs__rosidl_typesupport_fastrtps_c.dir/rosidl_typesupport_fastrtps_c/ublox_msgs/msg/detail/nav_satsv__type_support_c.cpp.o\x1b[0m\n'}
[353.782026] (-) TimerEvent: {}
[353.887971] (-) TimerEvent: {}
[353.989586] (-) TimerEvent: {}
[354.106095] (-) TimerEvent: {}
[354.207413] (-) TimerEvent: {}
[354.314697] (-) TimerEvent: {}
[354.418182] (-) TimerEvent: {}
[354.534120] (-) TimerEvent: {}
[354.657585] (-) TimerEvent: {}
[354.759088] (-) TimerEvent: {}
[354.860244] (-) TimerEvent: {}
[354.961686] (-) TimerEvent: {}
[355.062719] (-) TimerEvent: {}
[355.074835] (ublox_msgs) StdoutLine: {'line': b'[ 49%] \x1b[32mBuilding CXX object CMakeFiles/ublox_msgs__rosidl_typesupport_fastrtps_cpp.dir/rosidl_typesupport_fastrtps_cpp/ublox_msgs/msg/detail/dds_fastrtps/nav_pvt__type_support.cpp.o\x1b[0m\n'}
[355.163039] (-) TimerEvent: {}
[355.232426] (ublox_msgs) StdoutLine: {'line': b'[ 49%] \x1b[32m\x1b[1mLinking CXX shared library libublox_msgs__rosidl_typesupport_cpp.so\x1b[0m\n'}
[355.263260] (-) TimerEvent: {}
[355.364962] (-) TimerEvent: {}
[355.466961] (-) TimerEvent: {}
[355.568413] (-) TimerEvent: {}
[355.669545] (-) TimerEvent: {}
[355.770908] (-) TimerEvent: {}
[355.861491] (ublox_msgs) StdoutLine: {'line': b'[ 49%] Built target ublox_msgs__rosidl_typesupport_cpp\n'}
[355.871177] (-) TimerEvent: {}
[355.924216] (ublox_msgs) StdoutLine: {'line': b'[ 49%] \x1b[32mBuilding CXX object CMakeFiles/ublox_msgs__rosidl_typesupport_introspection_cpp.dir/rosidl_typesupport_introspection_cpp/ublox_msgs/msg/detail/nav_sbas__type_support.cpp.o\x1b[0m\n'}
[355.971513] (-) TimerEvent: {}
[356.072769] (-) TimerEvent: {}
[356.173771] (-) TimerEvent: {}
[356.275286] (-) TimerEvent: {}
[356.376649] (-) TimerEvent: {}
[356.478015] (-) TimerEvent: {}
[356.578866] (-) TimerEvent: {}
[356.679750] (-) TimerEvent: {}
[356.689754] (ublox_msgs) StdoutLine: {'line': b'[ 49%] \x1b[32mBuilding CXX object CMakeFiles/ublox_msgs__rosidl_typesupport_fastrtps_c.dir/rosidl_typesupport_fastrtps_c/ublox_msgs/msg/detail/nav_sbas__type_support_c.cpp.o\x1b[0m\n'}
[356.779980] (-) TimerEvent: {}
[356.880849] (-) TimerEvent: {}
[356.981649] (-) TimerEvent: {}
[357.082501] (-) TimerEvent: {}
[357.183431] (-) TimerEvent: {}
[357.284318] (-) TimerEvent: {}
[357.385190] (-) TimerEvent: {}
[357.486029] (-) TimerEvent: {}
[357.586827] (-) TimerEvent: {}
[357.687662] (-) TimerEvent: {}
[357.721252] (ublox_msgs) StdoutLine: {'line': b'[ 49%] \x1b[32mBuilding CXX object CMakeFiles/ublox_msgs__rosidl_typesupport_fastrtps_cpp.dir/rosidl_typesupport_fastrtps_cpp/ublox_msgs/msg/detail/dds_fastrtps/nav_relposned9__type_support.cpp.o\x1b[0m\n'}
[357.787904] (-) TimerEvent: {}
[357.888919] (-) TimerEvent: {}
[357.989745] (-) TimerEvent: {}
[358.090604] (-) TimerEvent: {}
[358.191411] (-) TimerEvent: {}
[358.227085] (ublox_msgs) StdoutLine: {'line': b'[ 49%] \x1b[32mBuilding CXX object CMakeFiles/ublox_msgs__rosidl_typesupport_introspection_cpp.dir/rosidl_typesupport_introspection_cpp/ublox_msgs/msg/detail/nav_sbassv__type_support.cpp.o\x1b[0m\n'}
[358.291693] (-) TimerEvent: {}
[358.392488] (-) TimerEvent: {}
[358.493540] (-) TimerEvent: {}
[358.562294] (ublox_msgs) StdoutLine: {'line': b'[ 49%] \x1b[32mBuilding CXX object CMakeFiles/ublox_msgs__rosidl_typesupport_fastrtps_c.dir/rosidl_typesupport_fastrtps_c/ublox_msgs/msg/detail/nav_sbassv__type_support_c.cpp.o\x1b[0m\n'}
[358.593788] (-) TimerEvent: {}
[358.695094] (-) TimerEvent: {}
[358.796350] (-) TimerEvent: {}
[358.897730] (-) TimerEvent: {}
[358.999072] (-) TimerEvent: {}
[359.100473] (-) TimerEvent: {}
[359.203441] (-) TimerEvent: {}
[359.305176] (-) TimerEvent: {}
[359.406406] (-) TimerEvent: {}
[359.508094] (-) TimerEvent: {}
[359.611060] (-) TimerEvent: {}
[359.712841] (-) TimerEvent: {}
[359.814154] (-) TimerEvent: {}
[359.917266] (-) TimerEvent: {}
[360.018589] (-) TimerEvent: {}
[360.119617] (-) TimerEvent: {}
[360.220709] (-) TimerEvent: {}
[360.246338] (ublox_msgs) StdoutLine: {'line': b'[ 49%] \x1b[32mBuilding CXX object CMakeFiles/ublox_msgs__rosidl_typesupport_fastrtps_cpp.dir/rosidl_typesupport_fastrtps_cpp/ublox_msgs/msg/detail/dds_fastrtps/nav_relposned__type_support.cpp.o\x1b[0m\n'}
[360.321048] (-) TimerEvent: {}
[360.422070] (-) TimerEvent: {}
[360.523098] (-) TimerEvent: {}
[360.560626] (ublox_msgs) StdoutLine: {'line': b'[ 50%] \x1b[32mBuilding CXX object CMakeFiles/ublox_msgs__rosidl_typesupport_introspection_cpp.dir/rosidl_typesupport_introspection_cpp/ublox_msgs/msg/detail/nav_sol__type_support.cpp.o\x1b[0m\n'}
[360.623299] (-) TimerEvent: {}
[360.724254] (-) TimerEvent: {}
[360.763764] (ublox_msgs) StdoutLine: {'line': b'[ 50%] \x1b[32mBuilding CXX object CMakeFiles/ublox_msgs__rosidl_typesupport_fastrtps_c.dir/rosidl_typesupport_fastrtps_c/ublox_msgs/msg/detail/nav_sol__type_support_c.cpp.o\x1b[0m\n'}
[360.824510] (-) TimerEvent: {}
[360.925845] (-) TimerEvent: {}
[361.028082] (-) TimerEvent: {}
[361.129622] (-) TimerEvent: {}
[361.231261] (-) TimerEvent: {}
[361.332659] (-) TimerEvent: {}
[361.434154] (-) TimerEvent: {}
[361.535557] (-) TimerEvent: {}
[361.636504] (-) TimerEvent: {}
[361.737527] (-) TimerEvent: {}
[361.839146] (-) TimerEvent: {}
[361.940930] (-) TimerEvent: {}
[362.042723] (-) TimerEvent: {}
[362.144854] (-) TimerEvent: {}
[362.246773] (-) TimerEvent: {}
[362.348567] (-) TimerEvent: {}
[362.450015] (-) TimerEvent: {}
[362.549635] (ublox_msgs) StdoutLine: {'line': b'[ 50%] \x1b[32mBuilding CXX object CMakeFiles/ublox_msgs__rosidl_typesupport_fastrtps_cpp.dir/rosidl_typesupport_fastrtps_cpp/ublox_msgs/msg/detail/dds_fastrtps/nav_sat__type_support.cpp.o\x1b[0m\n'}
[362.550759] (-) TimerEvent: {}
[362.652986] (-) TimerEvent: {}
[362.724065] (ublox_msgs) StdoutLine: {'line': b'[ 50%] \x1b[32mBuilding CXX object CMakeFiles/ublox_msgs__rosidl_typesupport_introspection_cpp.dir/rosidl_typesupport_introspection_cpp/ublox_msgs/msg/detail/nav_status__type_support.cpp.o\x1b[0m\n'}
[362.753240] (-) TimerEvent: {}
[362.807502] (ublox_msgs) StdoutLine: {'line': b'[ 50%] \x1b[32mBuilding CXX object CMakeFiles/ublox_msgs__rosidl_typesupport_fastrtps_c.dir/rosidl_typesupport_fastrtps_c/ublox_msgs/msg/detail/nav_status__type_support_c.cpp.o\x1b[0m\n'}
[362.853438] (-) TimerEvent: {}
[362.954594] (-) TimerEvent: {}
[363.055748] (-) TimerEvent: {}
[363.157190] (-) TimerEvent: {}
[363.258706] (-) TimerEvent: {}
[363.360225] (-) TimerEvent: {}
[363.462004] (-) TimerEvent: {}
[363.563662] (-) TimerEvent: {}
[363.665190] (-) TimerEvent: {}
[363.766978] (-) TimerEvent: {}
[363.868518] (-) TimerEvent: {}
[363.970211] (-) TimerEvent: {}
[364.071911] (-) TimerEvent: {}
[364.173618] (-) TimerEvent: {}
[364.275170] (-) TimerEvent: {}
[364.376798] (-) TimerEvent: {}
[364.478613] (-) TimerEvent: {}
[364.580139] (-) TimerEvent: {}
[364.681834] (-) TimerEvent: {}
[364.740102] (ublox_msgs) StdoutLine: {'line': b'[ 50%] \x1b[32mBuilding CXX object CMakeFiles/ublox_msgs__rosidl_typesupport_fastrtps_c.dir/rosidl_typesupport_fastrtps_c/ublox_msgs/msg/detail/nav_svinfo__type_support_c.cpp.o\x1b[0m\n'}
[364.782139] (-) TimerEvent: {}
[364.843257] (ublox_msgs) StdoutLine: {'line': b'[ 50%] \x1b[32mBuilding CXX object CMakeFiles/ublox_msgs__rosidl_typesupport_introspection_cpp.dir/rosidl_typesupport_introspection_cpp/ublox_msgs/msg/detail/nav_svinfo__type_support.cpp.o\x1b[0m\n'}
[364.882368] (-) TimerEvent: {}
[364.983574] (-) TimerEvent: {}
[365.007591] (ublox_msgs) StdoutLine: {'line': b'[ 50%] \x1b[32mBuilding CXX object CMakeFiles/ublox_msgs__rosidl_typesupport_fastrtps_cpp.dir/rosidl_typesupport_fastrtps_cpp/ublox_msgs/msg/detail/dds_fastrtps/nav_satsv__type_support.cpp.o\x1b[0m\n'}
[365.083802] (-) TimerEvent: {}
[365.184865] (-) TimerEvent: {}
[365.285645] (-) TimerEvent: {}
[365.386534] (-) TimerEvent: {}
[365.487429] (-) TimerEvent: {}
[365.588623] (-) TimerEvent: {}
[365.690105] (-) TimerEvent: {}
[365.791043] (-) TimerEvent: {}
[365.892042] (-) TimerEvent: {}
[365.993023] (-) TimerEvent: {}
[366.093896] (-) TimerEvent: {}
[366.194840] (-) TimerEvent: {}
[366.295739] (-) TimerEvent: {}
[366.396700] (-) TimerEvent: {}
[366.497620] (-) TimerEvent: {}
[366.599246] (-) TimerEvent: {}
[366.659829] (ublox_msgs) StdoutLine: {'line': b'[ 50%] \x1b[32mBuilding CXX object CMakeFiles/ublox_msgs__rosidl_typesupport_fastrtps_c.dir/rosidl_typesupport_fastrtps_c/ublox_msgs/msg/detail/nav_svinfosv__type_support_c.cpp.o\x1b[0m\n'}
[366.699512] (-) TimerEvent: {}
[366.801165] (-) TimerEvent: {}
[366.902615] (-) TimerEvent: {}
[367.004206] (-) TimerEvent: {}
[367.105681] (-) TimerEvent: {}
[367.160918] (ublox_msgs) StdoutLine: {'line': b'[ 50%] \x1b[32mBuilding CXX object CMakeFiles/ublox_msgs__rosidl_typesupport_introspection_cpp.dir/rosidl_typesupport_introspection_cpp/ublox_msgs/msg/detail/nav_svinfosv__type_support.cpp.o\x1b[0m\n'}
[367.206140] (-) TimerEvent: {}
[367.300213] (ublox_msgs) StdoutLine: {'line': b'[ 50%] \x1b[32mBuilding CXX object CMakeFiles/ublox_msgs__rosidl_typesupport_fastrtps_cpp.dir/rosidl_typesupport_fastrtps_cpp/ublox_msgs/msg/detail/dds_fastrtps/nav_sbas__type_support.cpp.o\x1b[0m\n'}
[367.306307] (-) TimerEvent: {}
[367.407542] (-) TimerEvent: {}
[367.508874] (-) TimerEvent: {}
[367.610197] (-) TimerEvent: {}
[367.711446] (-) TimerEvent: {}
[367.812772] (-) TimerEvent: {}
[367.914117] (-) TimerEvent: {}
[368.015505] (-) TimerEvent: {}
[368.117159] (-) TimerEvent: {}
[368.218710] (-) TimerEvent: {}
[368.320306] (-) TimerEvent: {}
[368.421783] (-) TimerEvent: {}
[368.523134] (-) TimerEvent: {}
[368.592069] (ublox_msgs) StdoutLine: {'line': b'[ 51%] \x1b[32mBuilding CXX object CMakeFiles/ublox_msgs__rosidl_typesupport_fastrtps_c.dir/rosidl_typesupport_fastrtps_c/ublox_msgs/msg/detail/nav_svin__type_support_c.cpp.o\x1b[0m\n'}
[368.623411] (-) TimerEvent: {}
[368.725112] (-) TimerEvent: {}
[368.826078] (-) TimerEvent: {}
[368.927053] (-) TimerEvent: {}
[369.027971] (-) TimerEvent: {}
[369.129559] (-) TimerEvent: {}
[369.231330] (-) TimerEvent: {}
[369.276340] (ublox_msgs) StdoutLine: {'line': b'[ 51%] \x1b[32mBuilding CXX object CMakeFiles/ublox_msgs__rosidl_typesupport_introspection_cpp.dir/rosidl_typesupport_introspection_cpp/ublox_msgs/msg/detail/nav_svin__type_support.cpp.o\x1b[0m\n'}
[369.331560] (-) TimerEvent: {}
[369.433004] (-) TimerEvent: {}
[369.534286] (-) TimerEvent: {}
[369.635588] (-) TimerEvent: {}
[369.736898] (-) TimerEvent: {}
[369.804795] (ublox_msgs) StdoutLine: {'line': b'[ 51%] \x1b[32mBuilding CXX object CMakeFiles/ublox_msgs__rosidl_typesupport_fastrtps_cpp.dir/rosidl_typesupport_fastrtps_cpp/ublox_msgs/msg/detail/dds_fastrtps/nav_sbassv__type_support.cpp.o\x1b[0m\n'}
[369.837147] (-) TimerEvent: {}
[369.938785] (-) TimerEvent: {}
[370.040063] (-) TimerEvent: {}
[370.141555] (-) TimerEvent: {}
[370.243744] (-) TimerEvent: {}
[370.345251] (-) TimerEvent: {}
[370.446800] (-) TimerEvent: {}
[370.543273] (ublox_msgs) StdoutLine: {'line': b'[ 51%] \x1b[32mBuilding CXX object CMakeFiles/ublox_msgs__rosidl_typesupport_fastrtps_c.dir/rosidl_typesupport_fastrtps_c/ublox_msgs/msg/detail/nav_timegps__type_support_c.cpp.o\x1b[0m\n'}
[370.547085] (-) TimerEvent: {}
[370.648707] (-) TimerEvent: {}
[370.749734] (-) TimerEvent: {}
[370.851133] (-) TimerEvent: {}
[370.952177] (-) TimerEvent: {}
[371.053650] (-) TimerEvent: {}
[371.155430] (-) TimerEvent: {}
[371.257253] (-) TimerEvent: {}
[371.359079] (-) TimerEvent: {}
[371.442901] (ublox_msgs) StdoutLine: {'line': b'[ 51%] \x1b[32mBuilding CXX object CMakeFiles/ublox_msgs__rosidl_typesupport_introspection_cpp.dir/rosidl_typesupport_introspection_cpp/ublox_msgs/msg/detail/nav_timegps__type_support.cpp.o\x1b[0m\n'}
[371.460007] (-) TimerEvent: {}
[371.561107] (-) TimerEvent: {}
[371.662064] (-) TimerEvent: {}
[371.763143] (-) TimerEvent: {}
[371.864230] (-) TimerEvent: {}
[371.965267] (-) TimerEvent: {}
[372.064714] (ublox_msgs) StdoutLine: {'line': b'[ 52%] \x1b[32mBuilding CXX object CMakeFiles/ublox_msgs__rosidl_typesupport_fastrtps_cpp.dir/rosidl_typesupport_fastrtps_cpp/ublox_msgs/msg/detail/dds_fastrtps/nav_sol__type_support.cpp.o\x1b[0m\n'}
[372.065528] (-) TimerEvent: {}
[372.167112] (-) TimerEvent: {}
[372.268571] (-) TimerEvent: {}
[372.370109] (-) TimerEvent: {}
[372.466262] (ublox_msgs) StdoutLine: {'line': b'[ 52%] \x1b[32mBuilding CXX object CMakeFiles/ublox_msgs__rosidl_typesupport_fastrtps_c.dir/rosidl_typesupport_fastrtps_c/ublox_msgs/msg/detail/nav_timeutc__type_support_c.cpp.o\x1b[0m\n'}
[372.471605] (-) TimerEvent: {}
[372.573103] (-) TimerEvent: {}
[372.674095] (-) TimerEvent: {}
[372.775573] (-) TimerEvent: {}
[372.877258] (-) TimerEvent: {}
[372.978677] (-) TimerEvent: {}
[373.080290] (-) TimerEvent: {}
[373.182109] (-) TimerEvent: {}
[373.283690] (-) TimerEvent: {}
[373.385432] (-) TimerEvent: {}
[373.498099] (-) TimerEvent: {}
[373.550554] (ublox_msgs) StdoutLine: {'line': b'[ 53%] \x1b[32mBuilding CXX object CMakeFiles/ublox_msgs__rosidl_typesupport_introspection_cpp.dir/rosidl_typesupport_introspection_cpp/ublox_msgs/msg/detail/nav_timeutc__type_support.cpp.o\x1b[0m\n'}
[373.598350] (-) TimerEvent: {}
[373.700178] (-) TimerEvent: {}
[373.801680] (-) TimerEvent: {}
[373.903140] (-) TimerEvent: {}
[374.004581] (-) TimerEvent: {}
[374.106173] (-) TimerEvent: {}
[374.207709] (-) TimerEvent: {}
[374.309429] (-) TimerEvent: {}
[374.341664] (ublox_msgs) StdoutLine: {'line': b'[ 53%] \x1b[32mBuilding CXX object CMakeFiles/ublox_msgs__rosidl_typesupport_fastrtps_cpp.dir/rosidl_typesupport_fastrtps_cpp/ublox_msgs/msg/detail/dds_fastrtps/nav_status__type_support.cpp.o\x1b[0m\n'}
[374.400455] (ublox_msgs) StdoutLine: {'line': b'[ 53%] \x1b[32mBuilding CXX object CMakeFiles/ublox_msgs__rosidl_typesupport_fastrtps_c.dir/rosidl_typesupport_fastrtps_c/ublox_msgs/msg/detail/nav_velecef__type_support_c.cpp.o\x1b[0m\n'}
[374.409708] (-) TimerEvent: {}
[374.511634] (-) TimerEvent: {}
[374.612467] (-) TimerEvent: {}
[374.713273] (-) TimerEvent: {}
[374.814172] (-) TimerEvent: {}
[374.915783] (-) TimerEvent: {}
[375.017395] (-) TimerEvent: {}
[375.118893] (-) TimerEvent: {}
[375.220804] (-) TimerEvent: {}
[375.322839] (-) TimerEvent: {}
[375.424471] (-) TimerEvent: {}
[375.526101] (-) TimerEvent: {}
[375.627861] (-) TimerEvent: {}
[375.650959] (ublox_msgs) StdoutLine: {'line': b'[ 53%] \x1b[32mBuilding CXX object CMakeFiles/ublox_msgs__rosidl_typesupport_introspection_cpp.dir/rosidl_typesupport_introspection_cpp/ublox_msgs/msg/detail/nav_velecef__type_support.cpp.o\x1b[0m\n'}
[375.728097] (-) TimerEvent: {}
[375.829094] (-) TimerEvent: {}
[375.930096] (-) TimerEvent: {}
[376.031095] (-) TimerEvent: {}
[376.131953] (-) TimerEvent: {}
[376.232816] (-) TimerEvent: {}
[376.298756] (ublox_msgs) StdoutLine: {'line': b'[ 53%] \x1b[32mBuilding CXX object CMakeFiles/ublox_msgs__rosidl_typesupport_fastrtps_c.dir/rosidl_typesupport_fastrtps_c/ublox_msgs/msg/detail/nav_velned__type_support_c.cpp.o\x1b[0m\n'}
[376.333064] (-) TimerEvent: {}
[376.434530] (-) TimerEvent: {}
[376.535728] (-) TimerEvent: {}
[376.566296] (ublox_msgs) StdoutLine: {'line': b'[ 53%] \x1b[32mBuilding CXX object CMakeFiles/ublox_msgs__rosidl_typesupport_fastrtps_cpp.dir/rosidl_typesupport_fastrtps_cpp/ublox_msgs/msg/detail/dds_fastrtps/nav_svinfo__type_support.cpp.o\x1b[0m\n'}
[376.635961] (-) TimerEvent: {}
[376.737233] (-) TimerEvent: {}
[376.838748] (-) TimerEvent: {}
[376.940130] (-) TimerEvent: {}
[377.041779] (-) TimerEvent: {}
[377.143377] (-) TimerEvent: {}
[377.245152] (-) TimerEvent: {}
[377.347007] (-) TimerEvent: {}
[377.448691] (-) TimerEvent: {}
[377.550590] (-) TimerEvent: {}
[377.652532] (-) TimerEvent: {}
[377.736964] (ublox_msgs) StdoutLine: {'line': b'[ 53%] \x1b[32mBuilding CXX object CMakeFiles/ublox_msgs__rosidl_typesupport_introspection_cpp.dir/rosidl_typesupport_introspection_cpp/ublox_msgs/msg/detail/nav_velned__type_support.cpp.o\x1b[0m\n'}
[377.752759] (-) TimerEvent: {}
[377.854182] (-) TimerEvent: {}
[377.955704] (-) TimerEvent: {}
[378.057408] (-) TimerEvent: {}
[378.158899] (-) TimerEvent: {}
[378.194343] (ublox_msgs) StdoutLine: {'line': b'[ 53%] \x1b[32mBuilding CXX object CMakeFiles/ublox_msgs__rosidl_typesupport_fastrtps_c.dir/rosidl_typesupport_fastrtps_c/ublox_msgs/msg/detail/rxm_alm__type_support_c.cpp.o\x1b[0m\n'}
[378.259164] (-) TimerEvent: {}
[378.360531] (-) TimerEvent: {}
[378.462101] (-) TimerEvent: {}
[378.563449] (-) TimerEvent: {}
[378.664833] (-) TimerEvent: {}
[378.766449] (-) TimerEvent: {}
[378.868137] (-) TimerEvent: {}
[378.969651] (-) TimerEvent: {}
[379.009231] (ublox_msgs) StdoutLine: {'line': b'[ 53%] \x1b[32mBuilding CXX object CMakeFiles/ublox_msgs__rosidl_typesupport_fastrtps_cpp.dir/rosidl_typesupport_fastrtps_cpp/ublox_msgs/msg/detail/dds_fastrtps/nav_svinfosv__type_support.cpp.o\x1b[0m\n'}
[379.069990] (-) TimerEvent: {}
[379.171801] (-) TimerEvent: {}
[379.273314] (-) TimerEvent: {}
[379.374802] (-) TimerEvent: {}
[379.476407] (-) TimerEvent: {}
[379.578034] (-) TimerEvent: {}
[379.679697] (-) TimerEvent: {}
[379.781482] (-) TimerEvent: {}
[379.835594] (ublox_msgs) StdoutLine: {'line': b'[ 53%] \x1b[32mBuilding CXX object CMakeFiles/ublox_msgs__rosidl_typesupport_introspection_cpp.dir/rosidl_typesupport_introspection_cpp/ublox_msgs/msg/detail/rxm_alm__type_support.cpp.o\x1b[0m\n'}
[379.881781] (-) TimerEvent: {}
[379.983469] (-) TimerEvent: {}
[380.084945] (-) TimerEvent: {}
[380.104954] (ublox_msgs) StdoutLine: {'line': b'[ 54%] \x1b[32mBuilding CXX object CMakeFiles/ublox_msgs__rosidl_typesupport_fastrtps_c.dir/rosidl_typesupport_fastrtps_c/ublox_msgs/msg/detail/rxm_eph__type_support_c.cpp.o\x1b[0m\n'}
[380.185121] (-) TimerEvent: {}
[380.286478] (-) TimerEvent: {}
[380.387876] (-) TimerEvent: {}
[380.489489] (-) TimerEvent: {}
[380.591041] (-) TimerEvent: {}
[380.692811] (-) TimerEvent: {}
[380.801258] (-) TimerEvent: {}
[380.902903] (-) TimerEvent: {}
[381.004466] (-) TimerEvent: {}
[381.106370] (-) TimerEvent: {}
[381.208214] (-) TimerEvent: {}
[381.263112] (ublox_msgs) StdoutLine: {'line': b'[ 54%] \x1b[32mBuilding CXX object CMakeFiles/ublox_msgs__rosidl_typesupport_fastrtps_cpp.dir/rosidl_typesupport_fastrtps_cpp/ublox_msgs/msg/detail/dds_fastrtps/nav_svin__type_support.cpp.o\x1b[0m\n'}
[381.308632] (-) TimerEvent: {}
[381.410789] (-) TimerEvent: {}
[381.512253] (-) TimerEvent: {}
[381.613765] (-) TimerEvent: {}
[381.715562] (-) TimerEvent: {}
[381.817000] (-) TimerEvent: {}
[381.918637] (-) TimerEvent: {}
[382.020429] (-) TimerEvent: {}
[382.042199] (ublox_msgs) StdoutLine: {'line': b'[ 54%] \x1b[32mBuilding CXX object CMakeFiles/ublox_msgs__rosidl_typesupport_fastrtps_c.dir/rosidl_typesupport_fastrtps_c/ublox_msgs/msg/detail/rxm_raw__type_support_c.cpp.o\x1b[0m\n'}
[382.112051] (ublox_msgs) StdoutLine: {'line': b'[ 54%] \x1b[32mBuilding CXX object CMakeFiles/ublox_msgs__rosidl_typesupport_introspection_cpp.dir/rosidl_typesupport_introspection_cpp/ublox_msgs/msg/detail/rxm_eph__type_support.cpp.o\x1b[0m\n'}
[382.120705] (-) TimerEvent: {}
[382.221743] (-) TimerEvent: {}
[382.323315] (-) TimerEvent: {}
[382.424686] (-) TimerEvent: {}
[382.526308] (-) TimerEvent: {}
[382.627981] (-) TimerEvent: {}
[382.729453] (-) TimerEvent: {}
[382.831083] (-) TimerEvent: {}
[382.933069] (-) TimerEvent: {}
[383.034826] (-) TimerEvent: {}
[383.137005] (-) TimerEvent: {}
[383.238911] (-) TimerEvent: {}
[383.340413] (-) TimerEvent: {}
[383.442345] (-) TimerEvent: {}
[383.543753] (-) TimerEvent: {}
[383.598644] (ublox_msgs) StdoutLine: {'line': b'[ 54%] \x1b[32mBuilding CXX object CMakeFiles/ublox_msgs__rosidl_typesupport_fastrtps_cpp.dir/rosidl_typesupport_fastrtps_cpp/ublox_msgs/msg/detail/dds_fastrtps/nav_timegps__type_support.cpp.o\x1b[0m\n'}
[383.644001] (-) TimerEvent: {}
[383.745621] (-) TimerEvent: {}
[383.847151] (-) TimerEvent: {}
[383.948647] (-) TimerEvent: {}
[383.982756] (ublox_msgs) StdoutLine: {'line': b'[ 54%] \x1b[32mBuilding CXX object CMakeFiles/ublox_msgs__rosidl_typesupport_fastrtps_c.dir/rosidl_typesupport_fastrtps_c/ublox_msgs/msg/detail/rxm_rawsv__type_support_c.cpp.o\x1b[0m\n'}
[384.048930] (-) TimerEvent: {}
[384.150369] (-) TimerEvent: {}
[384.251636] (-) TimerEvent: {}
[384.353068] (-) TimerEvent: {}
[384.445635] (ublox_msgs) StdoutLine: {'line': b'[ 54%] \x1b[32mBuilding CXX object CMakeFiles/ublox_msgs__rosidl_typesupport_introspection_cpp.dir/rosidl_typesupport_introspection_cpp/ublox_msgs/msg/detail/rxm_raw__type_support.cpp.o\x1b[0m\n'}
[384.453298] (-) TimerEvent: {}
[384.554792] (-) TimerEvent: {}
[384.656354] (-) TimerEvent: {}
[384.758388] (-) TimerEvent: {}
[384.860019] (-) TimerEvent: {}
[384.961541] (-) TimerEvent: {}
[385.063069] (-) TimerEvent: {}
[385.164722] (-) TimerEvent: {}
[385.266246] (-) TimerEvent: {}
[385.367963] (-) TimerEvent: {}
[385.470088] (-) TimerEvent: {}
[385.571645] (-) TimerEvent: {}
[385.673471] (-) TimerEvent: {}
[385.775090] (-) TimerEvent: {}
[385.876908] (-) TimerEvent: {}
[385.907484] (ublox_msgs) StdoutLine: {'line': b'[ 55%] \x1b[32mBuilding CXX object CMakeFiles/ublox_msgs__rosidl_typesupport_fastrtps_cpp.dir/rosidl_typesupport_fastrtps_cpp/ublox_msgs/msg/detail/dds_fastrtps/nav_timeutc__type_support.cpp.o\x1b[0m\n'}
[385.937109] (ublox_msgs) StdoutLine: {'line': b'[ 55%] \x1b[32mBuilding CXX object CMakeFiles/ublox_msgs__rosidl_typesupport_fastrtps_c.dir/rosidl_typesupport_fastrtps_c/ublox_msgs/msg/detail/rxm_rawx_meas__type_support_c.cpp.o\x1b[0m\n'}
[385.977170] (-) TimerEvent: {}
[386.078653] (-) TimerEvent: {}
[386.179936] (-) TimerEvent: {}
[386.281413] (-) TimerEvent: {}
[386.382818] (-) TimerEvent: {}
[386.484389] (-) TimerEvent: {}
[386.586067] (-) TimerEvent: {}
[386.687849] (-) TimerEvent: {}
[386.789719] (-) TimerEvent: {}
[386.815418] (ublox_msgs) StdoutLine: {'line': b'[ 55%] \x1b[32mBuilding CXX object CMakeFiles/ublox_msgs__rosidl_typesupport_introspection_cpp.dir/rosidl_typesupport_introspection_cpp/ublox_msgs/msg/detail/rxm_rawsv__type_support.cpp.o\x1b[0m\n'}
[386.890014] (-) TimerEvent: {}
[386.991435] (-) TimerEvent: {}
[387.092965] (-) TimerEvent: {}
[387.194461] (-) TimerEvent: {}
[387.296089] (-) TimerEvent: {}
[387.397101] (-) TimerEvent: {}
[387.499004] (-) TimerEvent: {}
[387.600340] (-) TimerEvent: {}
[387.701740] (-) TimerEvent: {}
[387.803138] (-) TimerEvent: {}
[387.861545] (ublox_msgs) StdoutLine: {'line': b'[ 55%] \x1b[32mBuilding CXX object CMakeFiles/ublox_msgs__rosidl_typesupport_fastrtps_c.dir/rosidl_typesupport_fastrtps_c/ublox_msgs/msg/detail/rxm_rawx__type_support_c.cpp.o\x1b[0m\n'}
[387.903402] (-) TimerEvent: {}
[388.004932] (-) TimerEvent: {}
[388.106208] (-) TimerEvent: {}
[388.140353] (ublox_msgs) StdoutLine: {'line': b'[ 55%] \x1b[32mBuilding CXX object CMakeFiles/ublox_msgs__rosidl_typesupport_fastrtps_cpp.dir/rosidl_typesupport_fastrtps_cpp/ublox_msgs/msg/detail/dds_fastrtps/nav_velecef__type_support.cpp.o\x1b[0m\n'}
[388.206420] (-) TimerEvent: {}
[388.307621] (-) TimerEvent: {}
[388.408993] (-) TimerEvent: {}
[388.510486] (-) TimerEvent: {}
[388.612054] (-) TimerEvent: {}
[388.713654] (-) TimerEvent: {}
[388.815393] (-) TimerEvent: {}
[388.916888] (-) TimerEvent: {}
[388.957460] (ublox_msgs) StdoutLine: {'line': b'[ 56%] \x1b[32mBuilding CXX object CMakeFiles/ublox_msgs__rosidl_typesupport_introspection_cpp.dir/rosidl_typesupport_introspection_cpp/ublox_msgs/msg/detail/rxm_rawx_meas__type_support.cpp.o\x1b[0m\n'}
[388.981015] (ublox_msgs) StdoutLine: {'line': b'[ 56%] \x1b[34m\x1b[1mGenerating C introspection for ROS interfaces\x1b[0m\n'}
[389.017279] (-) TimerEvent: {}
[389.119021] (-) TimerEvent: {}
[389.220799] (-) TimerEvent: {}
[389.322042] (-) TimerEvent: {}
[389.423138] (-) TimerEvent: {}
[389.524977] (-) TimerEvent: {}
[389.626432] (-) TimerEvent: {}
[389.727915] (-) TimerEvent: {}
[389.829379] (-) TimerEvent: {}
[389.930936] (-) TimerEvent: {}
[389.943600] (ublox_msgs) StdoutLine: {'line': b'[ 56%] \x1b[32mBuilding CXX object CMakeFiles/ublox_msgs__rosidl_typesupport_fastrtps_c.dir/rosidl_typesupport_fastrtps_c/ublox_msgs/msg/detail/rxm_rtcm__type_support_c.cpp.o\x1b[0m\n'}
[390.031257] (-) TimerEvent: {}
[390.132890] (-) TimerEvent: {}
[390.234316] (-) TimerEvent: {}
[390.335589] (-) TimerEvent: {}
[390.437045] (-) TimerEvent: {}
[390.538500] (-) TimerEvent: {}
[390.615510] (ublox_msgs) StdoutLine: {'line': b'[ 56%] \x1b[32mBuilding CXX object CMakeFiles/ublox_msgs__rosidl_typesupport_fastrtps_cpp.dir/rosidl_typesupport_fastrtps_cpp/ublox_msgs/msg/detail/dds_fastrtps/nav_velned__type_support.cpp.o\x1b[0m\n'}
[390.638789] (-) TimerEvent: {}
[390.740205] (-) TimerEvent: {}
[390.841948] (-) TimerEvent: {}
[390.943463] (-) TimerEvent: {}
[391.044315] (-) TimerEvent: {}
[391.145200] (-) TimerEvent: {}
[391.246256] (-) TimerEvent: {}
[391.347957] (-) TimerEvent: {}
[391.422685] (ublox_msgs) StdoutLine: {'line': b'[ 56%] \x1b[32mBuilding CXX object CMakeFiles/ublox_msgs__rosidl_typesupport_introspection_cpp.dir/rosidl_typesupport_introspection_cpp/ublox_msgs/msg/detail/rxm_rawx__type_support.cpp.o\x1b[0m\n'}
[391.448241] (-) TimerEvent: {}
[391.549271] (-) TimerEvent: {}
[391.650481] (-) TimerEvent: {}
[391.751438] (-) TimerEvent: {}
[391.852375] (-) TimerEvent: {}
[391.953299] (-) TimerEvent: {}
[392.054254] (-) TimerEvent: {}
[392.066663] (ublox_msgs) StdoutLine: {'line': b'[ 56%] \x1b[32mBuilding CXX object CMakeFiles/ublox_msgs__rosidl_typesupport_fastrtps_c.dir/rosidl_typesupport_fastrtps_c/ublox_msgs/msg/detail/rxm_sfrb__type_support_c.cpp.o\x1b[0m\n'}
[392.154463] (-) TimerEvent: {}
[392.255948] (-) TimerEvent: {}
[392.356836] (-) TimerEvent: {}
[392.458435] (-) TimerEvent: {}
[392.559281] (-) TimerEvent: {}
[392.660231] (-) TimerEvent: {}
[392.761326] (-) TimerEvent: {}
[392.862332] (-) TimerEvent: {}
[392.963451] (-) TimerEvent: {}
[393.064477] (-) TimerEvent: {}
[393.125414] (ublox_msgs) StdoutLine: {'line': b'[ 56%] \x1b[32mBuilding CXX object CMakeFiles/ublox_msgs__rosidl_typesupport_fastrtps_cpp.dir/rosidl_typesupport_fastrtps_cpp/ublox_msgs/msg/detail/dds_fastrtps/rxm_alm__type_support.cpp.o\x1b[0m\n'}
[393.164812] (-) TimerEvent: {}
[393.265832] (-) TimerEvent: {}
[393.366949] (-) TimerEvent: {}
[393.467771] (-) TimerEvent: {}
[393.568779] (-) TimerEvent: {}
[393.669718] (-) TimerEvent: {}
[393.770821] (-) TimerEvent: {}
[393.871925] (-) TimerEvent: {}
[393.972882] (-) TimerEvent: {}
[394.073990] (-) TimerEvent: {}
[394.112223] (ublox_msgs) StdoutLine: {'line': b'[ 56%] \x1b[32mBuilding CXX object CMakeFiles/ublox_msgs__rosidl_typesupport_introspection_cpp.dir/rosidl_typesupport_introspection_cpp/ublox_msgs/msg/detail/rxm_rtcm__type_support.cpp.o\x1b[0m\n'}
[394.174066] (-) TimerEvent: {}
[394.263458] (ublox_msgs) StdoutLine: {'line': b'[ 57%] \x1b[32mBuilding CXX object CMakeFiles/ublox_msgs__rosidl_typesupport_fastrtps_c.dir/rosidl_typesupport_fastrtps_c/ublox_msgs/msg/detail/rxm_sfrbx__type_support_c.cpp.o\x1b[0m\n'}
[394.274283] (-) TimerEvent: {}
[394.375208] (-) TimerEvent: {}
[394.476047] (-) TimerEvent: {}
[394.577188] (-) TimerEvent: {}
[394.678102] (-) TimerEvent: {}
[394.779022] (-) TimerEvent: {}
[394.880040] (-) TimerEvent: {}
[394.981230] (-) TimerEvent: {}
[395.082588] (-) TimerEvent: {}
[395.184082] (-) TimerEvent: {}
[395.285693] (-) TimerEvent: {}
[395.387594] (-) TimerEvent: {}
[395.488562] (-) TimerEvent: {}
[395.589656] (-) TimerEvent: {}
[395.690898] (-) TimerEvent: {}
[395.791939] (-) TimerEvent: {}
[395.893264] (-) TimerEvent: {}
[395.974442] (ublox_msgs) StdoutLine: {'line': b'[ 57%] \x1b[32mBuilding CXX object CMakeFiles/ublox_msgs__rosidl_typesupport_fastrtps_cpp.dir/rosidl_typesupport_fastrtps_cpp/ublox_msgs/msg/detail/dds_fastrtps/rxm_eph__type_support.cpp.o\x1b[0m\n'}
[395.993505] (-) TimerEvent: {}
[396.094464] (-) TimerEvent: {}
[396.195327] (-) TimerEvent: {}
[396.296411] (-) TimerEvent: {}
[396.397288] (-) TimerEvent: {}
[396.498120] (-) TimerEvent: {}
[396.519441] (ublox_msgs) StdoutLine: {'line': b'[ 57%] \x1b[32mBuilding CXX object CMakeFiles/ublox_msgs__rosidl_typesupport_fastrtps_c.dir/rosidl_typesupport_fastrtps_c/ublox_msgs/msg/detail/rxm_svsi__type_support_c.cpp.o\x1b[0m\n'}
[396.589173] (ublox_msgs) StdoutLine: {'line': b'[ 57%] \x1b[32mBuilding CXX object CMakeFiles/ublox_msgs__rosidl_typesupport_introspection_cpp.dir/rosidl_typesupport_introspection_cpp/ublox_msgs/msg/detail/rxm_sfrb__type_support.cpp.o\x1b[0m\n'}
[396.598318] (-) TimerEvent: {}
[396.699350] (-) TimerEvent: {}
[396.800307] (-) TimerEvent: {}
[396.901323] (-) TimerEvent: {}
[397.002503] (-) TimerEvent: {}
[397.103543] (-) TimerEvent: {}
[397.204717] (-) TimerEvent: {}
[397.306004] (-) TimerEvent: {}
[397.407117] (-) TimerEvent: {}
[397.508317] (-) TimerEvent: {}
[397.609460] (-) TimerEvent: {}
[397.710574] (-) TimerEvent: {}
[397.811698] (-) TimerEvent: {}
[397.912820] (-) TimerEvent: {}
[398.013912] (-) TimerEvent: {}
[398.115192] (-) TimerEvent: {}
[398.216268] (-) TimerEvent: {}
[398.317539] (-) TimerEvent: {}
[398.418700] (-) TimerEvent: {}
[398.519675] (-) TimerEvent: {}
[398.620615] (-) TimerEvent: {}
[398.721612] (-) TimerEvent: {}
[398.770088] (ublox_msgs) StdoutLine: {'line': b'[ 57%] \x1b[32mBuilding CXX object CMakeFiles/ublox_msgs__rosidl_typesupport_fastrtps_c.dir/rosidl_typesupport_fastrtps_c/ublox_msgs/msg/detail/rxm_svsisv__type_support_c.cpp.o\x1b[0m\n'}
[398.812888] (ublox_msgs) StdoutLine: {'line': b'[ 57%] \x1b[32mBuilding CXX object CMakeFiles/ublox_msgs__rosidl_typesupport_fastrtps_cpp.dir/rosidl_typesupport_fastrtps_cpp/ublox_msgs/msg/detail/dds_fastrtps/rxm_raw__type_support.cpp.o\x1b[0m\n'}
[398.821959] (-) TimerEvent: {}
[398.923002] (-) TimerEvent: {}
[399.023835] (-) TimerEvent: {}
[399.100150] (ublox_msgs) StdoutLine: {'line': b'[ 57%] \x1b[32mBuilding CXX object CMakeFiles/ublox_msgs__rosidl_typesupport_introspection_cpp.dir/rosidl_typesupport_introspection_cpp/ublox_msgs/msg/detail/rxm_sfrbx__type_support.cpp.o\x1b[0m\n'}
[399.124064] (-) TimerEvent: {}
[399.224888] (-) TimerEvent: {}
[399.325887] (-) TimerEvent: {}
[399.426969] (-) TimerEvent: {}
[399.528030] (-) TimerEvent: {}
[399.629106] (-) TimerEvent: {}
[399.730197] (-) TimerEvent: {}
[399.831318] (-) TimerEvent: {}
[399.932507] (-) TimerEvent: {}
[400.033538] (-) TimerEvent: {}
[400.134755] (-) TimerEvent: {}
[400.236025] (-) TimerEvent: {}
[400.337161] (-) TimerEvent: {}
[400.438207] (-) TimerEvent: {}
[400.539173] (-) TimerEvent: {}
[400.640141] (-) TimerEvent: {}
[400.741142] (-) TimerEvent: {}
[400.842046] (-) TimerEvent: {}
[400.919760] (ublox_msgs) StdoutLine: {'line': b'[ 57%] \x1b[32mBuilding CXX object CMakeFiles/ublox_msgs__rosidl_typesupport_fastrtps_c.dir/rosidl_typesupport_fastrtps_c/ublox_msgs/msg/detail/tim_tm2__type_support_c.cpp.o\x1b[0m\n'}
[400.942329] (-) TimerEvent: {}
[401.043748] (-) TimerEvent: {}
[401.144674] (-) TimerEvent: {}
[401.245621] (-) TimerEvent: {}
[401.346556] (-) TimerEvent: {}
[401.447518] (-) TimerEvent: {}
[401.548807] (ublox_msgs) StdoutLine: {'line': b'[ 58%] \x1b[32mBuilding CXX object CMakeFiles/ublox_msgs__rosidl_typesupport_fastrtps_cpp.dir/rosidl_typesupport_fastrtps_cpp/ublox_msgs/msg/detail/dds_fastrtps/rxm_rawsv__type_support.cpp.o\x1b[0m\n'}
[401.549822] (-) TimerEvent: {}
[401.650815] (-) TimerEvent: {}
[401.737292] (ublox_msgs) StdoutLine: {'line': b'[ 58%] \x1b[32mBuilding CXX object CMakeFiles/ublox_msgs__rosidl_typesupport_introspection_cpp.dir/rosidl_typesupport_introspection_cpp/ublox_msgs/msg/detail/rxm_svsi__type_support.cpp.o\x1b[0m\n'}
[401.751034] (-) TimerEvent: {}
[401.851983] (-) TimerEvent: {}
[401.953116] (-) TimerEvent: {}
[402.054214] (-) TimerEvent: {}
[402.155267] (-) TimerEvent: {}
[402.256265] (-) TimerEvent: {}
[402.357402] (-) TimerEvent: {}
[402.458523] (-) TimerEvent: {}
[402.559699] (-) TimerEvent: {}
[402.661252] (-) TimerEvent: {}
[402.769128] (-) TimerEvent: {}
[402.870348] (-) TimerEvent: {}
[402.971464] (-) TimerEvent: {}
[403.072578] (-) TimerEvent: {}
[403.126654] (ublox_msgs) StdoutLine: {'line': b'[ 58%] \x1b[32mBuilding CXX object CMakeFiles/ublox_msgs__rosidl_typesupport_fastrtps_c.dir/rosidl_typesupport_fastrtps_c/ublox_msgs/msg/detail/upd_sos_ack__type_support_c.cpp.o\x1b[0m\n'}
[403.172849] (-) TimerEvent: {}
[403.274016] (-) TimerEvent: {}
[403.375543] (-) TimerEvent: {}
[403.476532] (-) TimerEvent: {}
[403.577806] (-) TimerEvent: {}
[403.679099] (-) TimerEvent: {}
[403.780077] (-) TimerEvent: {}
[403.881202] (-) TimerEvent: {}
[403.982270] (-) TimerEvent: {}
[404.083439] (-) TimerEvent: {}
[404.088311] (ublox_msgs) StdoutLine: {'line': b'[ 58%] \x1b[32mBuilding CXX object CMakeFiles/ublox_msgs__rosidl_typesupport_fastrtps_cpp.dir/rosidl_typesupport_fastrtps_cpp/ublox_msgs/msg/detail/dds_fastrtps/rxm_rawx_meas__type_support.cpp.o\x1b[0m\n'}
[404.183644] (-) TimerEvent: {}
[404.284504] (-) TimerEvent: {}
[404.366191] (ublox_msgs) StdoutLine: {'line': b'[ 59%] \x1b[32mBuilding CXX object CMakeFiles/ublox_msgs__rosidl_typesupport_introspection_cpp.dir/rosidl_typesupport_introspection_cpp/ublox_msgs/msg/detail/rxm_svsisv__type_support.cpp.o\x1b[0m\n'}
[404.384733] (-) TimerEvent: {}
[404.486197] (-) TimerEvent: {}
[404.587699] (-) TimerEvent: {}
[404.688791] (-) TimerEvent: {}
[404.789793] (-) TimerEvent: {}
[404.891069] (-) TimerEvent: {}
[404.992242] (-) TimerEvent: {}
[405.093586] (-) TimerEvent: {}
[405.194862] (-) TimerEvent: {}
[405.267223] (ublox_msgs) StdoutLine: {'line': b'[ 59%] \x1b[32mBuilding CXX object CMakeFiles/ublox_msgs__rosidl_typesupport_fastrtps_c.dir/rosidl_typesupport_fastrtps_c/ublox_msgs/msg/detail/upd_sos__type_support_c.cpp.o\x1b[0m\n'}
[405.295128] (-) TimerEvent: {}
[405.396218] (-) TimerEvent: {}
[405.503583] (-) TimerEvent: {}
[405.608240] (-) TimerEvent: {}
[405.710703] (-) TimerEvent: {}
[405.812094] (-) TimerEvent: {}
[405.913353] (-) TimerEvent: {}
[406.014439] (-) TimerEvent: {}
[406.115810] (-) TimerEvent: {}
[406.218035] (-) TimerEvent: {}
[406.319726] (-) TimerEvent: {}
[406.421557] (-) TimerEvent: {}
[406.523018] (-) TimerEvent: {}
[406.624400] (-) TimerEvent: {}
[406.726050] (-) TimerEvent: {}
[406.827543] (-) TimerEvent: {}
[406.929069] (-) TimerEvent: {}
[407.030918] (-) TimerEvent: {}
[407.131876] (-) TimerEvent: {}
[407.232842] (-) TimerEvent: {}
[407.248357] (ublox_msgs) StdoutLine: {'line': b'[ 59%] \x1b[32mBuilding CXX object CMakeFiles/ublox_msgs__rosidl_typesupport_fastrtps_cpp.dir/rosidl_typesupport_fastrtps_cpp/ublox_msgs/msg/detail/dds_fastrtps/rxm_rawx__type_support.cpp.o\x1b[0m\n'}
[407.333104] (-) TimerEvent: {}
[407.360443] (ublox_msgs) StdoutLine: {'line': b'[ 59%] \x1b[32mBuilding CXX object CMakeFiles/ublox_msgs__rosidl_typesupport_introspection_cpp.dir/rosidl_typesupport_introspection_cpp/ublox_msgs/msg/detail/tim_tm2__type_support.cpp.o\x1b[0m\n'}
[407.433368] (-) TimerEvent: {}
[407.534266] (-) TimerEvent: {}
[407.635072] (-) TimerEvent: {}
[407.735850] (-) TimerEvent: {}
[407.844604] (-) TimerEvent: {}
[407.946244] (-) TimerEvent: {}
[408.048311] (-) TimerEvent: {}
[408.099299] (ublox_msgs) StdoutLine: {'line': b'[ 60%] \x1b[32m\x1b[1mLinking CXX shared library libublox_msgs__rosidl_typesupport_fastrtps_c.so\x1b[0m\n'}
[408.148595] (-) TimerEvent: {}
[408.250084] (-) TimerEvent: {}
[408.352011] (-) TimerEvent: {}
[408.453955] (-) TimerEvent: {}
[408.555978] (-) TimerEvent: {}
[408.657707] (-) TimerEvent: {}
[408.759115] (-) TimerEvent: {}
[408.817023] (ublox_msgs) StdoutLine: {'line': b'[ 60%] Built target ublox_msgs__rosidl_typesupport_fastrtps_c\n'}
[408.859389] (-) TimerEvent: {}
[408.886098] (ublox_msgs) StdoutLine: {'line': b'[ 60%] \x1b[34m\x1b[1mGenerating C type support dispatch for ROS interfaces\x1b[0m\n'}
[408.959633] (-) TimerEvent: {}
[409.061249] (-) TimerEvent: {}
[409.163284] (-) TimerEvent: {}
[409.265030] (-) TimerEvent: {}
[409.367045] (-) TimerEvent: {}
[409.468629] (-) TimerEvent: {}
[409.570029] (-) TimerEvent: {}
[409.671294] (-) TimerEvent: {}
[409.772190] (-) TimerEvent: {}
[409.873231] (-) TimerEvent: {}
[409.950758] (ublox_msgs) StdoutLine: {'line': b'[ 60%] \x1b[32mBuilding CXX object CMakeFiles/ublox_msgs__rosidl_typesupport_introspection_cpp.dir/rosidl_typesupport_introspection_cpp/ublox_msgs/msg/detail/upd_sos_ack__type_support.cpp.o\x1b[0m\n'}
[409.973525] (-) TimerEvent: {}
[410.074621] (-) TimerEvent: {}
[410.176764] (-) TimerEvent: {}
[410.224753] (ublox_msgs) StdoutLine: {'line': b'[ 60%] \x1b[32mBuilding CXX object CMakeFiles/ublox_msgs__rosidl_typesupport_fastrtps_cpp.dir/rosidl_typesupport_fastrtps_cpp/ublox_msgs/msg/detail/dds_fastrtps/rxm_rtcm__type_support.cpp.o\x1b[0m\n'}
[410.276970] (-) TimerEvent: {}
[410.377911] (-) TimerEvent: {}
[410.478671] (-) TimerEvent: {}
[410.579487] (-) TimerEvent: {}
[410.680823] (-) TimerEvent: {}
[410.781653] (-) TimerEvent: {}
[410.882704] (-) TimerEvent: {}
[410.983828] (-) TimerEvent: {}
[411.085174] (-) TimerEvent: {}
[411.186277] (-) TimerEvent: {}
[411.287299] (-) TimerEvent: {}
[411.388377] (-) TimerEvent: {}
[411.490201] (-) TimerEvent: {}
[411.591439] (-) TimerEvent: {}
[411.692544] (-) TimerEvent: {}
[411.799462] (-) TimerEvent: {}
[411.900497] (-) TimerEvent: {}
[412.002069] (-) TimerEvent: {}
[412.102990] (-) TimerEvent: {}
[412.203933] (-) TimerEvent: {}
[412.304985] (-) TimerEvent: {}
[412.406980] (-) TimerEvent: {}
[412.508705] (-) TimerEvent: {}
[412.610208] (-) TimerEvent: {}
[412.712284] (-) TimerEvent: {}
[412.814422] (-) TimerEvent: {}
[412.916245] (-) TimerEvent: {}
[413.025771] (-) TimerEvent: {}
[413.087023] (ublox_msgs) StdoutLine: {'line': b'[ 60%] \x1b[32mBuilding CXX object CMakeFiles/ublox_msgs__rosidl_typesupport_introspection_cpp.dir/rosidl_typesupport_introspection_cpp/ublox_msgs/msg/detail/upd_sos__type_support.cpp.o\x1b[0m\n'}
[413.126092] (-) TimerEvent: {}
[413.230036] (-) TimerEvent: {}
[413.331286] (-) TimerEvent: {}
[413.432172] (-) TimerEvent: {}
[413.473982] (ublox_msgs) StdoutLine: {'line': b'[ 60%] \x1b[32mBuilding CXX object CMakeFiles/ublox_msgs__rosidl_typesupport_fastrtps_cpp.dir/rosidl_typesupport_fastrtps_cpp/ublox_msgs/msg/detail/dds_fastrtps/rxm_sfrb__type_support.cpp.o\x1b[0m\n'}
[413.532412] (-) TimerEvent: {}
[413.633444] (-) TimerEvent: {}
[413.734478] (-) TimerEvent: {}
[413.835355] (-) TimerEvent: {}
[413.936317] (-) TimerEvent: {}
[414.037648] (-) TimerEvent: {}
[414.139062] (-) TimerEvent: {}
[414.240530] (-) TimerEvent: {}
[414.341888] (-) TimerEvent: {}
[414.450115] (-) TimerEvent: {}
[414.551581] (-) TimerEvent: {}
[414.656964] (-) TimerEvent: {}
[414.757939] (-) TimerEvent: {}
[414.859360] (-) TimerEvent: {}
[414.960667] (-) TimerEvent: {}
[415.074046] (-) TimerEvent: {}
[415.186057] (-) TimerEvent: {}
[415.294095] (-) TimerEvent: {}
[415.395385] (-) TimerEvent: {}
[415.496314] (-) TimerEvent: {}
[415.606126] (-) TimerEvent: {}
[415.714067] (-) TimerEvent: {}
[415.818084] (-) TimerEvent: {}
[415.922068] (-) TimerEvent: {}
[416.027672] (-) TimerEvent: {}
[416.135690] (-) TimerEvent: {}
[416.237399] (-) TimerEvent: {}
[416.346759] (-) TimerEvent: {}
[416.450117] (-) TimerEvent: {}
[416.551921] (-) TimerEvent: {}
[416.654012] (-) TimerEvent: {}
[416.756532] (-) TimerEvent: {}
[416.857501] (-) TimerEvent: {}
[416.958736] (-) TimerEvent: {}
[417.060052] (-) TimerEvent: {}
[417.169503] (-) TimerEvent: {}
[417.270506] (-) TimerEvent: {}
[417.371655] (-) TimerEvent: {}
[417.473598] (-) TimerEvent: {}
[417.582103] (-) TimerEvent: {}
[417.687071] (-) TimerEvent: {}
[417.790025] (-) TimerEvent: {}
[417.808148] (ublox_msgs) StdoutLine: {'line': b'[ 60%] \x1b[32m\x1b[1mLinking CXX shared library libublox_msgs__rosidl_typesupport_introspection_cpp.so\x1b[0m\n'}
[417.869036] (ublox_msgs) StdoutLine: {'line': b'[ 60%] \x1b[32mBuilding CXX object CMakeFiles/ublox_msgs__rosidl_typesupport_fastrtps_cpp.dir/rosidl_typesupport_fastrtps_cpp/ublox_msgs/msg/detail/dds_fastrtps/rxm_sfrbx__type_support.cpp.o\x1b[0m\n'}
[417.890219] (-) TimerEvent: {}
[417.993560] (-) TimerEvent: {}
[418.099406] (-) TimerEvent: {}
[418.200783] (-) TimerEvent: {}
[418.302775] (-) TimerEvent: {}
[418.416282] (-) TimerEvent: {}
[418.517713] (-) TimerEvent: {}
[418.619613] (-) TimerEvent: {}
[418.722656] (-) TimerEvent: {}
[418.824683] (-) TimerEvent: {}
[418.926259] (-) TimerEvent: {}
[419.028188] (-) TimerEvent: {}
[419.129120] (-) TimerEvent: {}
[419.143252] (ublox_msgs) StdoutLine: {'line': b'[ 60%] Built target ublox_msgs__rosidl_typesupport_introspection_cpp\n'}
[419.242042] (-) TimerEvent: {}
[419.346037] (-) TimerEvent: {}
[419.450047] (-) TimerEvent: {}
[419.557489] (-) TimerEvent: {}
[419.659865] (-) TimerEvent: {}
[419.764946] (-) TimerEvent: {}
[419.867933] (-) TimerEvent: {}
[419.971166] (-) TimerEvent: {}
[420.082067] (-) TimerEvent: {}
[420.194057] (-) TimerEvent: {}
[420.295000] (-) TimerEvent: {}
[420.396981] (-) TimerEvent: {}
[420.518051] (-) TimerEvent: {}
[420.622055] (-) TimerEvent: {}
[420.726137] (-) TimerEvent: {}
[420.827690] (-) TimerEvent: {}
[420.929148] (-) TimerEvent: {}
[421.030690] (-) TimerEvent: {}
[421.132099] (-) TimerEvent: {}
[421.233647] (-) TimerEvent: {}
[421.335783] (-) TimerEvent: {}
[421.437209] (-) TimerEvent: {}
[421.538782] (-) TimerEvent: {}
[421.639724] (-) TimerEvent: {}
[421.741024] (-) TimerEvent: {}
[421.842491] (-) TimerEvent: {}
[421.943915] (-) TimerEvent: {}
[422.045346] (-) TimerEvent: {}
[422.146788] (-) TimerEvent: {}
[422.248367] (-) TimerEvent: {}
[422.332860] (ublox_msgs) StdoutLine: {'line': b'[ 60%] \x1b[32mBuilding CXX object CMakeFiles/ublox_msgs__rosidl_typesupport_fastrtps_cpp.dir/rosidl_typesupport_fastrtps_cpp/ublox_msgs/msg/detail/dds_fastrtps/rxm_svsi__type_support.cpp.o\x1b[0m\n'}
[422.348724] (-) TimerEvent: {}
[422.449635] (-) TimerEvent: {}
[422.551875] (-) TimerEvent: {}
[422.653136] (-) TimerEvent: {}
[422.754843] (-) TimerEvent: {}
[422.855736] (-) TimerEvent: {}
[422.956702] (-) TimerEvent: {}
[423.057965] (-) TimerEvent: {}
[423.158868] (-) TimerEvent: {}
[423.262110] (-) TimerEvent: {}
[423.363614] (-) TimerEvent: {}
[423.467195] (-) TimerEvent: {}
[423.568273] (-) TimerEvent: {}
[423.670669] (-) TimerEvent: {}
[423.771927] (-) TimerEvent: {}
[423.876611] (-) TimerEvent: {}
[423.977986] (-) TimerEvent: {}
[424.080458] (-) TimerEvent: {}
[424.189953] (-) TimerEvent: {}
[424.293284] (-) TimerEvent: {}
[424.395237] (-) TimerEvent: {}
[424.496159] (-) TimerEvent: {}
[424.597039] (-) TimerEvent: {}
[424.697818] (-) TimerEvent: {}
[424.798745] (-) TimerEvent: {}
[424.899758] (-) TimerEvent: {}
[425.000572] (-) TimerEvent: {}
[425.101441] (-) TimerEvent: {}
[425.202537] (-) TimerEvent: {}
[425.303325] (-) TimerEvent: {}
[425.404182] (-) TimerEvent: {}
[425.497285] (ublox_msgs) StdoutLine: {'line': b'[ 61%] \x1b[32mBuilding CXX object CMakeFiles/ublox_msgs__rosidl_typesupport_fastrtps_cpp.dir/rosidl_typesupport_fastrtps_cpp/ublox_msgs/msg/detail/dds_fastrtps/rxm_svsisv__type_support.cpp.o\x1b[0m\n'}
[425.504367] (-) TimerEvent: {}
[425.605614] (-) TimerEvent: {}
[425.706840] (-) TimerEvent: {}
[425.808696] (-) TimerEvent: {}
[425.911053] (-) TimerEvent: {}
[426.012029] (-) TimerEvent: {}
[426.112883] (-) TimerEvent: {}
[426.213772] (-) TimerEvent: {}
[426.314689] (-) TimerEvent: {}
[426.415546] (-) TimerEvent: {}
[426.516376] (-) TimerEvent: {}
[426.617175] (-) TimerEvent: {}
[426.718072] (-) TimerEvent: {}
[426.818874] (-) TimerEvent: {}
[426.919758] (-) TimerEvent: {}
[427.020611] (-) TimerEvent: {}
[427.121411] (-) TimerEvent: {}
[427.222406] (-) TimerEvent: {}
[427.326245] (-) TimerEvent: {}
[427.427920] (-) TimerEvent: {}
[427.529596] (-) TimerEvent: {}
[427.631175] (-) TimerEvent: {}
[427.731954] (-) TimerEvent: {}
[427.832829] (-) TimerEvent: {}
[427.892259] (ublox_msgs) StdoutLine: {'line': b'[ 61%] \x1b[32mBuilding CXX object CMakeFiles/ublox_msgs__rosidl_typesupport_fastrtps_cpp.dir/rosidl_typesupport_fastrtps_cpp/ublox_msgs/msg/detail/dds_fastrtps/tim_tm2__type_support.cpp.o\x1b[0m\n'}
[427.933073] (-) TimerEvent: {}
[428.033961] (-) TimerEvent: {}
[428.134734] (-) TimerEvent: {}
[428.235501] (-) TimerEvent: {}
[428.336274] (-) TimerEvent: {}
[428.437036] (-) TimerEvent: {}
[428.537980] (-) TimerEvent: {}
[428.638920] (-) TimerEvent: {}
[428.739697] (-) TimerEvent: {}
[428.840612] (-) TimerEvent: {}
[428.941526] (-) TimerEvent: {}
[429.042585] (-) TimerEvent: {}
[429.143911] (-) TimerEvent: {}
[429.244923] (-) TimerEvent: {}
[429.345877] (-) TimerEvent: {}
[429.446761] (-) TimerEvent: {}
[429.547553] (-) TimerEvent: {}
[429.648399] (-) TimerEvent: {}
[429.749287] (-) TimerEvent: {}
[429.850131] (-) TimerEvent: {}
[429.950903] (-) TimerEvent: {}
[430.051678] (-) TimerEvent: {}
[430.152537] (-) TimerEvent: {}
[430.202631] (ublox_msgs) StdoutLine: {'line': b'[ 61%] \x1b[32mBuilding CXX object CMakeFiles/ublox_msgs__rosidl_typesupport_fastrtps_cpp.dir/rosidl_typesupport_fastrtps_cpp/ublox_msgs/msg/detail/dds_fastrtps/upd_sos_ack__type_support.cpp.o\x1b[0m\n'}
[430.252760] (-) TimerEvent: {}
[430.353512] (-) TimerEvent: {}
[430.454704] (-) TimerEvent: {}
[430.555901] (-) TimerEvent: {}
[430.657047] (-) TimerEvent: {}
[430.758071] (-) TimerEvent: {}
[430.859020] (-) TimerEvent: {}
[430.959810] (-) TimerEvent: {}
[431.060598] (-) TimerEvent: {}
[431.162012] (-) TimerEvent: {}
[431.263308] (-) TimerEvent: {}
[431.364857] (-) TimerEvent: {}
[431.466317] (-) TimerEvent: {}
[431.567624] (-) TimerEvent: {}
[431.669020] (-) TimerEvent: {}
[431.770147] (-) TimerEvent: {}
[431.871292] (-) TimerEvent: {}
[431.972112] (-) TimerEvent: {}
[432.073064] (-) TimerEvent: {}
[432.174549] (-) TimerEvent: {}
[432.275867] (-) TimerEvent: {}
[432.377293] (-) TimerEvent: {}
[432.478468] (-) TimerEvent: {}
[432.512770] (ublox_msgs) StdoutLine: {'line': b'[ 61%] \x1b[32mBuilding CXX object CMakeFiles/ublox_msgs__rosidl_typesupport_fastrtps_cpp.dir/rosidl_typesupport_fastrtps_cpp/ublox_msgs/msg/detail/dds_fastrtps/upd_sos__type_support.cpp.o\x1b[0m\n'}
[432.578667] (-) TimerEvent: {}
[432.679383] (-) TimerEvent: {}
[432.780212] (-) TimerEvent: {}
[432.880993] (-) TimerEvent: {}
[432.981886] (-) TimerEvent: {}
[433.082752] (-) TimerEvent: {}
[433.183483] (-) TimerEvent: {}
[433.284197] (-) TimerEvent: {}
[433.384923] (-) TimerEvent: {}
[433.485680] (-) TimerEvent: {}
[433.586546] (-) TimerEvent: {}
[433.687310] (-) TimerEvent: {}
[433.788076] (-) TimerEvent: {}
[433.888851] (-) TimerEvent: {}
[433.989587] (-) TimerEvent: {}
[434.090426] (-) TimerEvent: {}
[434.191177] (-) TimerEvent: {}
[434.291916] (-) TimerEvent: {}
[434.392808] (-) TimerEvent: {}
[434.493587] (-) TimerEvent: {}
[434.594422] (-) TimerEvent: {}
[434.695163] (-) TimerEvent: {}
[434.743141] (ublox_msgs) StdoutLine: {'line': b'[ 61%] \x1b[32m\x1b[1mLinking CXX shared library libublox_msgs__rosidl_typesupport_fastrtps_cpp.so\x1b[0m\n'}
[434.795433] (-) TimerEvent: {}
[434.896396] (-) TimerEvent: {}
[434.997233] (-) TimerEvent: {}
[435.098366] (-) TimerEvent: {}
[435.199174] (-) TimerEvent: {}
[435.299982] (-) TimerEvent: {}
[435.400731] (-) TimerEvent: {}
[435.500558] (ublox_msgs) StdoutLine: {'line': b'[ 61%] Built target ublox_msgs__rosidl_typesupport_fastrtps_cpp\n'}
[435.501462] (-) TimerEvent: {}
[435.602865] (-) TimerEvent: {}
[435.703893] (-) TimerEvent: {}
[435.804619] (-) TimerEvent: {}
[435.905347] (-) TimerEvent: {}
[436.006153] (-) TimerEvent: {}
[436.106923] (-) TimerEvent: {}
[436.207627] (-) TimerEvent: {}
[436.308357] (-) TimerEvent: {}
[436.409122] (-) TimerEvent: {}
[436.509936] (-) TimerEvent: {}
[436.610680] (-) TimerEvent: {}
[436.711409] (-) TimerEvent: {}
[436.812136] (-) TimerEvent: {}
[436.912885] (-) TimerEvent: {}
[437.013627] (-) TimerEvent: {}
[437.114422] (-) TimerEvent: {}
[437.215129] (-) TimerEvent: {}
[437.315852] (-) TimerEvent: {}
[437.416737] (-) TimerEvent: {}
[437.517769] (-) TimerEvent: {}
[437.618559] (-) TimerEvent: {}
[437.719276] (-) TimerEvent: {}
[437.820000] (-) TimerEvent: {}
[437.920808] (-) TimerEvent: {}
[438.021940] (-) TimerEvent: {}
[438.122673] (-) TimerEvent: {}
[438.223430] (-) TimerEvent: {}
[438.324172] (-) TimerEvent: {}
[438.424903] (-) TimerEvent: {}
[438.525692] (-) TimerEvent: {}
[438.626480] (-) TimerEvent: {}
[438.730885] (-) TimerEvent: {}
[438.831664] (-) TimerEvent: {}
[438.932370] (-) TimerEvent: {}
[439.033139] (-) TimerEvent: {}
[439.133914] (-) TimerEvent: {}
[439.234591] (-) TimerEvent: {}
[439.335313] (-) TimerEvent: {}
[439.436078] (-) TimerEvent: {}
[439.536821] (-) TimerEvent: {}
[439.637575] (-) TimerEvent: {}
[439.738345] (-) TimerEvent: {}
[439.839058] (-) TimerEvent: {}
[439.939787] (-) TimerEvent: {}
[440.040542] (-) TimerEvent: {}
[440.141288] (-) TimerEvent: {}
[440.241999] (-) TimerEvent: {}
[440.342705] (-) TimerEvent: {}
[440.443455] (-) TimerEvent: {}
[440.544396] (-) TimerEvent: {}
[440.645443] (-) TimerEvent: {}
[440.746239] (-) TimerEvent: {}
[440.846921] (-) TimerEvent: {}
[440.947638] (-) TimerEvent: {}
[441.048472] (-) TimerEvent: {}
[441.149398] (-) TimerEvent: {}
[441.250122] (-) TimerEvent: {}
[441.350863] (-) TimerEvent: {}
[441.451750] (-) TimerEvent: {}
[441.552509] (-) TimerEvent: {}
[441.653254] (-) TimerEvent: {}
[441.753953] (-) TimerEvent: {}
[441.854669] (-) TimerEvent: {}
[441.955400] (-) TimerEvent: {}
[442.056117] (-) TimerEvent: {}
[442.156874] (-) TimerEvent: {}
[442.257605] (-) TimerEvent: {}
[442.358360] (-) TimerEvent: {}
[442.459066] (-) TimerEvent: {}
[442.559772] (-) TimerEvent: {}
[442.660492] (-) TimerEvent: {}
[442.761391] (-) TimerEvent: {}
[442.862156] (-) TimerEvent: {}
[442.962859] (-) TimerEvent: {}
[443.063624] (-) TimerEvent: {}
[443.164426] (-) TimerEvent: {}
[443.265208] (-) TimerEvent: {}
[443.365956] (-) TimerEvent: {}
[443.466665] (-) TimerEvent: {}
[443.567368] (-) TimerEvent: {}
[443.668069] (-) TimerEvent: {}
[443.768786] (-) TimerEvent: {}
[443.869553] (-) TimerEvent: {}
[443.970272] (-) TimerEvent: {}
[444.070998] (-) TimerEvent: {}
[444.171804] (-) TimerEvent: {}
[444.272611] (-) TimerEvent: {}
[444.373577] (-) TimerEvent: {}
[444.474347] (-) TimerEvent: {}
[444.575070] (-) TimerEvent: {}
[444.675794] (-) TimerEvent: {}
[444.776591] (-) TimerEvent: {}
[444.877288] (-) TimerEvent: {}
[444.978043] (-) TimerEvent: {}
[445.078709] (-) TimerEvent: {}
[445.179412] (-) TimerEvent: {}
[445.280120] (-) TimerEvent: {}
[445.380865] (-) TimerEvent: {}
[445.481683] (-) TimerEvent: {}
[445.582576] (-) TimerEvent: {}
[445.683685] (-) TimerEvent: {}
[445.784374] (-) TimerEvent: {}
[445.885052] (-) TimerEvent: {}
[445.985845] (-) TimerEvent: {}
[446.086763] (-) TimerEvent: {}
[446.187502] (-) TimerEvent: {}
[446.288203] (-) TimerEvent: {}
[446.388974] (-) TimerEvent: {}
[446.489721] (-) TimerEvent: {}
[446.590435] (-) TimerEvent: {}
[446.691157] (-) TimerEvent: {}
[446.791920] (-) TimerEvent: {}
[446.892654] (-) TimerEvent: {}
[446.993375] (-) TimerEvent: {}
[447.094121] (-) TimerEvent: {}
[447.194889] (-) TimerEvent: {}
[447.295627] (-) TimerEvent: {}
[447.396364] (-) TimerEvent: {}
[447.497232] (-) TimerEvent: {}
[447.598220] (-) TimerEvent: {}
[447.699000] (-) TimerEvent: {}
[447.799876] (-) TimerEvent: {}
[447.900689] (-) TimerEvent: {}
[448.001535] (-) TimerEvent: {}
[448.102281] (-) TimerEvent: {}
[448.203120] (-) TimerEvent: {}
[448.304001] (-) TimerEvent: {}
[448.404753] (-) TimerEvent: {}
[448.505467] (-) TimerEvent: {}
[448.606333] (-) TimerEvent: {}
[448.707252] (-) TimerEvent: {}
[448.808192] (-) TimerEvent: {}
[448.909055] (-) TimerEvent: {}
[449.009795] (-) TimerEvent: {}
[449.110639] (-) TimerEvent: {}
[449.211326] (-) TimerEvent: {}
[449.312010] (-) TimerEvent: {}
[449.412788] (-) TimerEvent: {}
[449.513905] (-) TimerEvent: {}
[449.614681] (-) TimerEvent: {}
[449.715631] (-) TimerEvent: {}
[449.816355] (-) TimerEvent: {}
[449.917155] (-) TimerEvent: {}
[450.018093] (-) TimerEvent: {}
[450.118825] (-) TimerEvent: {}
[450.219567] (-) TimerEvent: {}
[450.320270] (-) TimerEvent: {}
[450.420997] (-) TimerEvent: {}
[450.521732] (-) TimerEvent: {}
[450.622528] (-) TimerEvent: {}
[450.723233] (-) TimerEvent: {}
[450.824037] (-) TimerEvent: {}
[450.925138] (-) TimerEvent: {}
[451.026160] (-) TimerEvent: {}
[451.126860] (-) TimerEvent: {}
[451.227574] (-) TimerEvent: {}
[451.328288] (-) TimerEvent: {}
[451.429084] (-) TimerEvent: {}
[451.529924] (-) TimerEvent: {}
[451.630681] (-) TimerEvent: {}
[451.731384] (-) TimerEvent: {}
[451.832172] (-) TimerEvent: {}
[451.932901] (-) TimerEvent: {}
[452.033638] (-) TimerEvent: {}
[452.134409] (-) TimerEvent: {}
[452.235102] (-) TimerEvent: {}
[452.335884] (-) TimerEvent: {}
[452.436768] (-) TimerEvent: {}
[452.537564] (-) TimerEvent: {}
[452.638518] (-) TimerEvent: {}
[452.739306] (-) TimerEvent: {}
[452.840025] (-) TimerEvent: {}
[452.940724] (-) TimerEvent: {}
[453.041458] (-) TimerEvent: {}
[453.142269] (-) TimerEvent: {}
[453.243004] (-) TimerEvent: {}
[453.343730] (-) TimerEvent: {}
[453.444457] (-) TimerEvent: {}
[453.545207] (-) TimerEvent: {}
[453.646021] (-) TimerEvent: {}
[453.746813] (-) TimerEvent: {}
[453.847848] (-) TimerEvent: {}
[453.948826] (-) TimerEvent: {}
[454.049550] (-) TimerEvent: {}
[454.150362] (-) TimerEvent: {}
[454.251126] (-) TimerEvent: {}
[454.352083] (-) TimerEvent: {}
[454.452835] (-) TimerEvent: {}
[454.553595] (-) TimerEvent: {}
[454.654432] (-) TimerEvent: {}
[454.755165] (-) TimerEvent: {}
[454.855881] (-) TimerEvent: {}
[454.956615] (-) TimerEvent: {}
[455.057345] (-) TimerEvent: {}
[455.158092] (-) TimerEvent: {}
[455.258939] (-) TimerEvent: {}
[455.360214] (-) TimerEvent: {}
[455.461175] (-) TimerEvent: {}
[455.561960] (-) TimerEvent: {}
[455.662646] (-) TimerEvent: {}
[455.763415] (-) TimerEvent: {}
[455.864265] (-) TimerEvent: {}
[455.965131] (-) TimerEvent: {}
[456.065956] (-) TimerEvent: {}
[456.166669] (-) TimerEvent: {}
[456.267381] (-) TimerEvent: {}
[456.368041] (-) TimerEvent: {}
[456.468744] (-) TimerEvent: {}
[456.569499] (-) TimerEvent: {}
[456.670270] (-) TimerEvent: {}
[456.771112] (-) TimerEvent: {}
[456.872370] (-) TimerEvent: {}
[456.973121] (-) TimerEvent: {}
[457.073909] (-) TimerEvent: {}
[457.174625] (-) TimerEvent: {}
[457.275335] (-) TimerEvent: {}
[457.376059] (-) TimerEvent: {}
[457.476808] (-) TimerEvent: {}
[457.577527] (-) TimerEvent: {}
[457.678380] (-) TimerEvent: {}
[457.779098] (-) TimerEvent: {}
[457.879853] (-) TimerEvent: {}
[457.980601] (-) TimerEvent: {}
[458.081306] (-) TimerEvent: {}
[458.182101] (-) TimerEvent: {}
[458.283053] (-) TimerEvent: {}
[458.383748] (-) TimerEvent: {}
[458.484435] (-) TimerEvent: {}
[458.585174] (-) TimerEvent: {}
[458.685922] (-) TimerEvent: {}
[458.786765] (-) TimerEvent: {}
[458.887784] (-) TimerEvent: {}
[458.988534] (-) TimerEvent: {}
[459.089265] (-) TimerEvent: {}
[459.190008] (-) TimerEvent: {}
[459.290774] (-) TimerEvent: {}
[459.391601] (-) TimerEvent: {}
[459.492508] (-) TimerEvent: {}
[459.593216] (-) TimerEvent: {}
[459.693970] (-) TimerEvent: {}
[459.794830] (-) TimerEvent: {}
[459.895850] (-) TimerEvent: {}
[459.996612] (-) TimerEvent: {}
[460.097315] (-) TimerEvent: {}
[460.198084] (-) TimerEvent: {}
[460.298913] (-) TimerEvent: {}
[460.399629] (-) TimerEvent: {}
[460.500322] (-) TimerEvent: {}
[460.601065] (-) TimerEvent: {}
[460.701905] (-) TimerEvent: {}
[460.802660] (-) TimerEvent: {}
[460.903506] (-) TimerEvent: {}
[461.004390] (-) TimerEvent: {}
[461.105072] (-) TimerEvent: {}
[461.205823] (-) TimerEvent: {}
[461.306656] (-) TimerEvent: {}
[461.407485] (-) TimerEvent: {}
[461.508240] (-) TimerEvent: {}
[461.608973] (-) TimerEvent: {}
[461.709699] (-) TimerEvent: {}
[461.810410] (-) TimerEvent: {}
[461.911148] (-) TimerEvent: {}
[462.011871] (-) TimerEvent: {}
[462.112611] (-) TimerEvent: {}
[462.213326] (-) TimerEvent: {}
[462.314031] (-) TimerEvent: {}
[462.414723] (-) TimerEvent: {}
[462.515481] (-) TimerEvent: {}
[462.616189] (-) TimerEvent: {}
[462.716916] (-) TimerEvent: {}
[462.817618] (-) TimerEvent: {}
[462.918380] (-) TimerEvent: {}
[463.019106] (-) TimerEvent: {}
[463.119853] (-) TimerEvent: {}
[463.220600] (-) TimerEvent: {}
[463.321419] (-) TimerEvent: {}
[463.422158] (-) TimerEvent: {}
[463.522864] (-) TimerEvent: {}
[463.623577] (-) TimerEvent: {}
[463.724366] (-) TimerEvent: {}
[463.825139] (-) TimerEvent: {}
[463.926067] (-) TimerEvent: {}
[464.027292] (-) TimerEvent: {}
[464.128196] (-) TimerEvent: {}
[464.228915] (-) TimerEvent: {}
[464.329646] (-) TimerEvent: {}
[464.430384] (-) TimerEvent: {}
[464.531112] (-) TimerEvent: {}
[464.631889] (-) TimerEvent: {}
[464.732700] (-) TimerEvent: {}
[464.833637] (-) TimerEvent: {}
[464.934383] (-) TimerEvent: {}
[465.035107] (-) TimerEvent: {}
[465.135901] (-) TimerEvent: {}
[465.236634] (-) TimerEvent: {}
[465.337353] (-) TimerEvent: {}
[465.438096] (-) TimerEvent: {}
[465.538795] (-) TimerEvent: {}
[465.639546] (-) TimerEvent: {}
[465.740371] (-) TimerEvent: {}
[465.841151] (-) TimerEvent: {}
[465.941931] (-) TimerEvent: {}
[466.042618] (-) TimerEvent: {}
[466.143350] (-) TimerEvent: {}
[466.244114] (-) TimerEvent: {}
[466.344869] (-) TimerEvent: {}
[466.445655] (-) TimerEvent: {}
[466.546402] (-) TimerEvent: {}
[466.647143] (-) TimerEvent: {}
[466.747887] (-) TimerEvent: {}
[466.848754] (-) TimerEvent: {}
[466.949498] (-) TimerEvent: {}
[467.050281] (-) TimerEvent: {}
[467.150966] (-) TimerEvent: {}
[467.251681] (-) TimerEvent: {}
[467.352548] (-) TimerEvent: {}
[467.453602] (-) TimerEvent: {}
[467.554543] (-) TimerEvent: {}
[467.655265] (-) TimerEvent: {}
[467.755986] (-) TimerEvent: {}
[467.856714] (-) TimerEvent: {}
[467.957448] (-) TimerEvent: {}
[468.058198] (-) TimerEvent: {}
[468.158926] (-) TimerEvent: {}
[468.259661] (-) TimerEvent: {}
[468.360412] (-) TimerEvent: {}
[468.461204] (-) TimerEvent: {}
[468.561946] (-) TimerEvent: {}
[468.662661] (-) TimerEvent: {}
[468.763387] (-) TimerEvent: {}
[468.864089] (-) TimerEvent: {}
[468.964932] (-) TimerEvent: {}
[469.065819] (-) TimerEvent: {}
[469.166559] (-) TimerEvent: {}
[469.267289] (-) TimerEvent: {}
[469.367994] (-) TimerEvent: {}
[469.468752] (-) TimerEvent: {}
[469.569431] (-) TimerEvent: {}
[469.670184] (-) TimerEvent: {}
[469.770925] (-) TimerEvent: {}
[469.871773] (-) TimerEvent: {}
[469.972586] (-) TimerEvent: {}
[470.073301] (-) TimerEvent: {}
[470.174098] (-) TimerEvent: {}
[470.274945] (-) TimerEvent: {}
[470.375639] (-) TimerEvent: {}
[470.476365] (-) TimerEvent: {}
[470.577193] (-) TimerEvent: {}
[470.677946] (-) TimerEvent: {}
[470.778653] (-) TimerEvent: {}
[470.879393] (-) TimerEvent: {}
[470.980148] (-) TimerEvent: {}
[471.080905] (-) TimerEvent: {}
[471.181708] (-) TimerEvent: {}
[471.282495] (-) TimerEvent: {}
[471.383187] (-) TimerEvent: {}
[471.483868] (-) TimerEvent: {}
[471.584590] (-) TimerEvent: {}
[471.685332] (-) TimerEvent: {}
[471.786118] (-) TimerEvent: {}
[471.886875] (-) TimerEvent: {}
[471.987565] (-) TimerEvent: {}
[472.088319] (-) TimerEvent: {}
[472.189036] (-) TimerEvent: {}
[472.289892] (-) TimerEvent: {}
[472.390619] (-) TimerEvent: {}
[472.491315] (-) TimerEvent: {}
[472.592200] (-) TimerEvent: {}
[472.693238] (-) TimerEvent: {}
[472.794178] (-) TimerEvent: {}
[472.895348] (-) TimerEvent: {}
[472.996144] (-) TimerEvent: {}
[473.096896] (-) TimerEvent: {}
[473.197709] (-) TimerEvent: {}
[473.298503] (-) TimerEvent: {}
[473.399209] (-) TimerEvent: {}
[473.499930] (-) TimerEvent: {}
[473.600655] (-) TimerEvent: {}
[473.701429] (-) TimerEvent: {}
[473.802325] (-) TimerEvent: {}
[473.903068] (-) TimerEvent: {}
[474.003793] (-) TimerEvent: {}
[474.104950] (-) TimerEvent: {}
[474.205995] (-) TimerEvent: {}
[474.306901] (-) TimerEvent: {}
[474.407625] (-) TimerEvent: {}
[474.508367] (-) TimerEvent: {}
[474.609179] (-) TimerEvent: {}
[474.710164] (-) TimerEvent: {}
[474.810919] (-) TimerEvent: {}
[474.911669] (-) TimerEvent: {}
[475.012400] (-) TimerEvent: {}
[475.113127] (-) TimerEvent: {}
[475.213975] (-) TimerEvent: {}
[475.314693] (-) TimerEvent: {}
[475.415436] (-) TimerEvent: {}
[475.516197] (-) TimerEvent: {}
[475.616911] (-) TimerEvent: {}
[475.717925] (-) TimerEvent: {}
[475.819420] (-) TimerEvent: {}
[475.920390] (-) TimerEvent: {}
[476.021186] (-) TimerEvent: {}
[476.121999] (-) TimerEvent: {}
[476.222664] (-) TimerEvent: {}
[476.323435] (-) TimerEvent: {}
[476.424252] (-) TimerEvent: {}
[476.525027] (-) TimerEvent: {}
[476.625761] (-) TimerEvent: {}
[476.726571] (-) TimerEvent: {}
[476.827360] (-) TimerEvent: {}
[476.928071] (-) TimerEvent: {}
[477.028802] (-) TimerEvent: {}
[477.129547] (-) TimerEvent: {}
[477.230298] (-) TimerEvent: {}
[477.331004] (-) TimerEvent: {}
[477.431724] (-) TimerEvent: {}
[477.532400] (-) TimerEvent: {}
[477.633128] (-) TimerEvent: {}
[477.733904] (-) TimerEvent: {}
[477.834593] (-) TimerEvent: {}
[477.935318] (-) TimerEvent: {}
[478.036059] (-) TimerEvent: {}
[478.136779] (-) TimerEvent: {}
[478.237513] (-) TimerEvent: {}
[478.338289] (-) TimerEvent: {}
[478.439058] (-) TimerEvent: {}
[478.539827] (-) TimerEvent: {}
[478.640613] (-) TimerEvent: {}
[478.741411] (-) TimerEvent: {}
[478.842158] (-) TimerEvent: {}
[478.943021] (-) TimerEvent: {}
[479.043846] (-) TimerEvent: {}
[479.144601] (-) TimerEvent: {}
[479.245550] (-) TimerEvent: {}
[479.346376] (-) TimerEvent: {}
[479.447156] (-) TimerEvent: {}
[479.547887] (-) TimerEvent: {}
[479.648634] (-) TimerEvent: {}
[479.749424] (-) TimerEvent: {}
[479.850214] (-) TimerEvent: {}
[479.950920] (-) TimerEvent: {}
[480.051628] (-) TimerEvent: {}
[480.152355] (-) TimerEvent: {}
[480.253052] (-) TimerEvent: {}
[480.353763] (-) TimerEvent: {}
[480.454601] (-) TimerEvent: {}
[480.555373] (-) TimerEvent: {}
[480.656137] (-) TimerEvent: {}
[480.756793] (-) TimerEvent: {}
[480.857535] (-) TimerEvent: {}
[480.958354] (-) TimerEvent: {}
[481.059085] (-) TimerEvent: {}
[481.159910] (-) TimerEvent: {}
[481.261070] (-) TimerEvent: {}
[481.362774] (-) TimerEvent: {}
[481.463923] (-) TimerEvent: {}
[481.565294] (-) TimerEvent: {}
[481.666200] (-) TimerEvent: {}
[481.767105] (-) TimerEvent: {}
[481.867949] (-) TimerEvent: {}
[481.968902] (-) TimerEvent: {}
[482.070091] (-) TimerEvent: {}
[482.171014] (-) TimerEvent: {}
[482.272355] (-) TimerEvent: {}
[482.373304] (-) TimerEvent: {}
[482.474111] (-) TimerEvent: {}
[482.574979] (-) TimerEvent: {}
[482.675943] (-) TimerEvent: {}
[482.777314] (-) TimerEvent: {}
[482.878438] (-) TimerEvent: {}
[482.979747] (-) TimerEvent: {}
[483.080876] (-) TimerEvent: {}
[483.181808] (-) TimerEvent: {}
[483.282810] (-) TimerEvent: {}
[483.383756] (-) TimerEvent: {}
[483.470868] (ublox_msgs) StdoutLine: {'line': b'[ 62%] \x1b[32mBuilding C object CMakeFiles/ublox_msgs__rosidl_typesupport_introspection_c.dir/rosidl_typesupport_introspection_c/ublox_msgs/msg/detail/ack__type_support.c.o\x1b[0m\n'}
[483.474128] (ublox_msgs) StdoutLine: {'line': b'[ 62%] \x1b[32mBuilding C object CMakeFiles/ublox_msgs__rosidl_typesupport_introspection_c.dir/rosidl_typesupport_introspection_c/ublox_msgs/msg/detail/aid_alm__type_support.c.o\x1b[0m\n'}
[483.483991] (-) TimerEvent: {}
[483.496254] (ublox_msgs) StdoutLine: {'line': b'[ 62%] \x1b[32mBuilding C object CMakeFiles/ublox_msgs__rosidl_typesupport_introspection_c.dir/rosidl_typesupport_introspection_c/ublox_msgs/msg/detail/aid_eph__type_support.c.o\x1b[0m\n'}
[483.584236] (-) TimerEvent: {}
[483.685409] (-) TimerEvent: {}
[483.708917] (ublox_msgs) StdoutLine: {'line': b'[ 62%] \x1b[32mBuilding C object CMakeFiles/ublox_msgs__rosidl_typesupport_introspection_c.dir/rosidl_typesupport_introspection_c/ublox_msgs/msg/detail/aid_hui__type_support.c.o\x1b[0m\n'}
[483.711920] (ublox_msgs) StdoutLine: {'line': b'[ 62%] \x1b[32mBuilding C object CMakeFiles/ublox_msgs__rosidl_typesupport_introspection_c.dir/rosidl_typesupport_introspection_c/ublox_msgs/msg/detail/cfg_ant__type_support.c.o\x1b[0m\n'}
[483.763277] (ublox_msgs) StdoutLine: {'line': b'[ 62%] \x1b[32mBuilding C object CMakeFiles/ublox_msgs__rosidl_typesupport_introspection_c.dir/rosidl_typesupport_introspection_c/ublox_msgs/msg/detail/cfg_cfg__type_support.c.o\x1b[0m\n'}
[483.785651] (-) TimerEvent: {}
[483.886537] (-) TimerEvent: {}
[483.920203] (ublox_msgs) StdoutLine: {'line': b'[ 62%] \x1b[32mBuilding C object CMakeFiles/ublox_msgs__rosidl_typesupport_introspection_c.dir/rosidl_typesupport_introspection_c/ublox_msgs/msg/detail/cfg_dat__type_support.c.o\x1b[0m\n'}
[483.930647] (ublox_msgs) StdoutLine: {'line': b'[ 63%] \x1b[32mBuilding C object CMakeFiles/ublox_msgs__rosidl_typesupport_introspection_c.dir/rosidl_typesupport_introspection_c/ublox_msgs/msg/detail/cfg_dgnss__type_support.c.o\x1b[0m\n'}
[483.976682] (ublox_msgs) StdoutLine: {'line': b'[ 63%] \x1b[32mBuilding C object CMakeFiles/ublox_msgs__rosidl_typesupport_introspection_c.dir/rosidl_typesupport_introspection_c/ublox_msgs/msg/detail/cfg_gnss_block__type_support.c.o\x1b[0m\n'}
[483.986709] (-) TimerEvent: {}
[484.087487] (-) TimerEvent: {}
[484.148737] (ublox_msgs) StdoutLine: {'line': b'[ 63%] \x1b[32mBuilding C object CMakeFiles/ublox_msgs__rosidl_typesupport_introspection_c.dir/rosidl_typesupport_introspection_c/ublox_msgs/msg/detail/cfg_gnss__type_support.c.o\x1b[0m\n'}
[484.154522] (ublox_msgs) StdoutLine: {'line': b'[ 63%] \x1b[32mBuilding C object CMakeFiles/ublox_msgs__rosidl_typesupport_introspection_c.dir/rosidl_typesupport_introspection_c/ublox_msgs/msg/detail/cfg_hnr__type_support.c.o\x1b[0m\n'}
[484.187786] (-) TimerEvent: {}
[484.193588] (ublox_msgs) StdoutLine: {'line': b'[ 63%] \x1b[32mBuilding C object CMakeFiles/ublox_msgs__rosidl_typesupport_introspection_c.dir/rosidl_typesupport_introspection_c/ublox_msgs/msg/detail/cfg_inf_block__type_support.c.o\x1b[0m\n'}
[484.288286] (-) TimerEvent: {}
[484.372217] (ublox_msgs) StdoutLine: {'line': b'[ 63%] \x1b[32mBuilding C object CMakeFiles/ublox_msgs__rosidl_typesupport_introspection_c.dir/rosidl_typesupport_introspection_c/ublox_msgs/msg/detail/cfg_inf__type_support.c.o\x1b[0m\n'}
[484.384778] (ublox_msgs) StdoutLine: {'line': b'[ 64%] \x1b[32mBuilding C object CMakeFiles/ublox_msgs__rosidl_typesupport_introspection_c.dir/rosidl_typesupport_introspection_c/ublox_msgs/msg/detail/cfg_msg__type_support.c.o\x1b[0m\n'}
[484.388454] (-) TimerEvent: {}
[484.426338] (ublox_msgs) StdoutLine: {'line': b'[ 64%] \x1b[32mBuilding C object CMakeFiles/ublox_msgs__rosidl_typesupport_introspection_c.dir/rosidl_typesupport_introspection_c/ublox_msgs/msg/detail/cfg_nav5__type_support.c.o\x1b[0m\n'}
[484.488942] (-) TimerEvent: {}
[484.589962] (-) TimerEvent: {}
[484.596229] (ublox_msgs) StdoutLine: {'line': b'[ 64%] \x1b[32mBuilding C object CMakeFiles/ublox_msgs__rosidl_typesupport_introspection_c.dir/rosidl_typesupport_introspection_c/ublox_msgs/msg/detail/cfg_navx5__type_support.c.o\x1b[0m\n'}
[484.609282] (ublox_msgs) StdoutLine: {'line': b'[ 64%] \x1b[32mBuilding C object CMakeFiles/ublox_msgs__rosidl_typesupport_introspection_c.dir/rosidl_typesupport_introspection_c/ublox_msgs/msg/detail/cfg_nmea6__type_support.c.o\x1b[0m\n'}
[484.677731] (ublox_msgs) StdoutLine: {'line': b'[ 64%] \x1b[32mBuilding C object CMakeFiles/ublox_msgs__rosidl_typesupport_introspection_c.dir/rosidl_typesupport_introspection_c/ublox_msgs/msg/detail/cfg_nmea7__type_support.c.o\x1b[0m\n'}
[484.690067] (-) TimerEvent: {}
[484.791157] (-) TimerEvent: {}
[484.836373] (ublox_msgs) StdoutLine: {'line': b'[ 64%] \x1b[32mBuilding C object CMakeFiles/ublox_msgs__rosidl_typesupport_introspection_c.dir/rosidl_typesupport_introspection_c/ublox_msgs/msg/detail/cfg_nmea__type_support.c.o\x1b[0m\n'}
[484.884300] (ublox_msgs) StdoutLine: {'line': b'[ 65%] \x1b[32mBuilding C object CMakeFiles/ublox_msgs__rosidl_typesupport_introspection_c.dir/rosidl_typesupport_introspection_c/ublox_msgs/msg/detail/cfg_prt__type_support.c.o\x1b[0m\n'}
[484.892151] (-) TimerEvent: {}
[484.913841] (ublox_msgs) StdoutLine: {'line': b'[ 65%] \x1b[32mBuilding C object CMakeFiles/ublox_msgs__rosidl_typesupport_introspection_c.dir/rosidl_typesupport_introspection_c/ublox_msgs/msg/detail/cfg_rate__type_support.c.o\x1b[0m\n'}
[484.992372] (-) TimerEvent: {}
[485.093086] (ublox_msgs) StdoutLine: {'line': b'[ 65%] \x1b[32mBuilding C object CMakeFiles/ublox_msgs__rosidl_typesupport_introspection_c.dir/rosidl_typesupport_introspection_c/ublox_msgs/msg/detail/cfg_rst__type_support.c.o\x1b[0m\n'}
[485.093911] (-) TimerEvent: {}
[485.129043] (ublox_msgs) StdoutLine: {'line': b'[ 65%] \x1b[32mBuilding C object CMakeFiles/ublox_msgs__rosidl_typesupport_introspection_c.dir/rosidl_typesupport_introspection_c/ublox_msgs/msg/detail/cfg_sbas__type_support.c.o\x1b[0m\n'}
[485.155628] (ublox_msgs) StdoutLine: {'line': b'[ 65%] \x1b[32mBuilding C object CMakeFiles/ublox_msgs__rosidl_typesupport_introspection_c.dir/rosidl_typesupport_introspection_c/ublox_msgs/msg/detail/cfg_tmode3__type_support.c.o\x1b[0m\n'}
[485.194142] (-) TimerEvent: {}
[485.295008] (-) TimerEvent: {}
[485.315998] (ublox_msgs) StdoutLine: {'line': b'[ 65%] \x1b[32mBuilding C object CMakeFiles/ublox_msgs__rosidl_typesupport_introspection_c.dir/rosidl_typesupport_introspection_c/ublox_msgs/msg/detail/cfg_usb__type_support.c.o\x1b[0m\n'}
[485.342320] (ublox_msgs) StdoutLine: {'line': b'[ 65%] \x1b[32mBuilding C object CMakeFiles/ublox_msgs__rosidl_typesupport_introspection_c.dir/rosidl_typesupport_introspection_c/ublox_msgs/msg/detail/esf_ins__type_support.c.o\x1b[0m\n'}
[485.395224] (-) TimerEvent: {}
[485.397281] (ublox_msgs) StdoutLine: {'line': b'[ 66%] \x1b[32mBuilding C object CMakeFiles/ublox_msgs__rosidl_typesupport_introspection_c.dir/rosidl_typesupport_introspection_c/ublox_msgs/msg/detail/esf_meas__type_support.c.o\x1b[0m\n'}
[485.495596] (-) TimerEvent: {}
[485.561371] (ublox_msgs) StdoutLine: {'line': b'[ 66%] \x1b[32mBuilding C object CMakeFiles/ublox_msgs__rosidl_typesupport_introspection_c.dir/rosidl_typesupport_introspection_c/ublox_msgs/msg/detail/esf_raw_block__type_support.c.o\x1b[0m\n'}
[485.581725] (ublox_msgs) StdoutLine: {'line': b'[ 66%] \x1b[32mBuilding C object CMakeFiles/ublox_msgs__rosidl_typesupport_introspection_c.dir/rosidl_typesupport_introspection_c/ublox_msgs/msg/detail/esf_raw__type_support.c.o\x1b[0m\n'}
[485.595928] (-) TimerEvent: {}
[485.675368] (ublox_msgs) StdoutLine: {'line': b'[ 66%] \x1b[32mBuilding C object CMakeFiles/ublox_msgs__rosidl_typesupport_introspection_c.dir/rosidl_typesupport_introspection_c/ublox_msgs/msg/detail/esf_status__type_support.c.o\x1b[0m\n'}
[485.696193] (-) TimerEvent: {}
[485.771696] (ublox_msgs) StdoutLine: {'line': b'[ 66%] \x1b[32mBuilding C object CMakeFiles/ublox_msgs__rosidl_typesupport_introspection_c.dir/rosidl_typesupport_introspection_c/ublox_msgs/msg/detail/esf_status_sens__type_support.c.o\x1b[0m\n'}
[485.796423] (-) TimerEvent: {}
[485.833984] (ublox_msgs) StdoutLine: {'line': b'[ 66%] \x1b[32mBuilding C object CMakeFiles/ublox_msgs__rosidl_typesupport_introspection_c.dir/rosidl_typesupport_introspection_c/ublox_msgs/msg/detail/hnr_pvt__type_support.c.o\x1b[0m\n'}
[485.896679] (-) TimerEvent: {}
[485.948059] (ublox_msgs) StdoutLine: {'line': b'[ 67%] \x1b[32mBuilding C object CMakeFiles/ublox_msgs__rosidl_typesupport_introspection_c.dir/rosidl_typesupport_introspection_c/ublox_msgs/msg/detail/inf__type_support.c.o\x1b[0m\n'}
[485.986902] (ublox_msgs) StdoutLine: {'line': b'[ 67%] \x1b[32mBuilding C object CMakeFiles/ublox_msgs__rosidl_typesupport_introspection_c.dir/rosidl_typesupport_introspection_c/ublox_msgs/msg/detail/mga_gal__type_support.c.o\x1b[0m\n'}
[485.996912] (-) TimerEvent: {}
[486.089674] (ublox_msgs) StdoutLine: {'line': b'[ 67%] \x1b[32mBuilding C object CMakeFiles/ublox_msgs__rosidl_typesupport_introspection_c.dir/rosidl_typesupport_introspection_c/ublox_msgs/msg/detail/mon_gnss__type_support.c.o\x1b[0m\n'}
[486.097193] (-) TimerEvent: {}
[486.178771] (ublox_msgs) StdoutLine: {'line': b'[ 67%] \x1b[32mBuilding C object CMakeFiles/ublox_msgs__rosidl_typesupport_introspection_c.dir/rosidl_typesupport_introspection_c/ublox_msgs/msg/detail/mon_hw6__type_support.c.o\x1b[0m\n'}
[486.197431] (-) TimerEvent: {}
[486.224407] (ublox_msgs) StdoutLine: {'line': b'[ 67%] \x1b[32mBuilding C object CMakeFiles/ublox_msgs__rosidl_typesupport_introspection_c.dir/rosidl_typesupport_introspection_c/ublox_msgs/msg/detail/mon_hw__type_support.c.o\x1b[0m\n'}
[486.297628] (-) TimerEvent: {}
[486.349123] (ublox_msgs) StdoutLine: {'line': b'[ 67%] \x1b[32mBuilding C object CMakeFiles/ublox_msgs__rosidl_typesupport_introspection_c.dir/rosidl_typesupport_introspection_c/ublox_msgs/msg/detail/mon_ver_extension__type_support.c.o\x1b[0m\n'}
[486.397911] (-) TimerEvent: {}
[486.416909] (ublox_msgs) StdoutLine: {'line': b'[ 67%] \x1b[32mBuilding C object CMakeFiles/ublox_msgs__rosidl_typesupport_introspection_c.dir/rosidl_typesupport_introspection_c/ublox_msgs/msg/detail/mon_ver__type_support.c.o\x1b[0m\n'}
[486.462316] (ublox_msgs) StdoutLine: {'line': b'[ 68%] \x1b[32mBuilding C object CMakeFiles/ublox_msgs__rosidl_typesupport_introspection_c.dir/rosidl_typesupport_introspection_c/ublox_msgs/msg/detail/nav_att__type_support.c.o\x1b[0m\n'}
[486.498107] (-) TimerEvent: {}
[486.582107] (ublox_msgs) StdoutLine: {'line': b'[ 68%] \x1b[32mBuilding C object CMakeFiles/ublox_msgs__rosidl_typesupport_introspection_c.dir/rosidl_typesupport_introspection_c/ublox_msgs/msg/detail/nav_clock__type_support.c.o\x1b[0m\n'}
[486.598297] (-) TimerEvent: {}
[486.678038] (ublox_msgs) StdoutLine: {'line': b'[ 68%] \x1b[32mBuilding C object CMakeFiles/ublox_msgs__rosidl_typesupport_introspection_c.dir/rosidl_typesupport_introspection_c/ublox_msgs/msg/detail/nav_dgps__type_support.c.o\x1b[0m\n'}
[486.684201] (ublox_msgs) StdoutLine: {'line': b'[ 68%] \x1b[32mBuilding C object CMakeFiles/ublox_msgs__rosidl_typesupport_introspection_c.dir/rosidl_typesupport_introspection_c/ublox_msgs/msg/detail/nav_dgpssv__type_support.c.o\x1b[0m\n'}
[486.698496] (-) TimerEvent: {}
[486.797245] (ublox_msgs) StdoutLine: {'line': b'[ 68%] \x1b[32mBuilding C object CMakeFiles/ublox_msgs__rosidl_typesupport_introspection_c.dir/rosidl_typesupport_introspection_c/ublox_msgs/msg/detail/nav_dop__type_support.c.o\x1b[0m\n'}
[486.798679] (-) TimerEvent: {}
[486.895253] (ublox_msgs) StdoutLine: {'line': b'[ 68%] \x1b[32mBuilding C object CMakeFiles/ublox_msgs__rosidl_typesupport_introspection_c.dir/rosidl_typesupport_introspection_c/ublox_msgs/msg/detail/nav_posecef__type_support.c.o\x1b[0m\n'}
[486.898871] (-) TimerEvent: {}
[486.917577] (ublox_msgs) StdoutLine: {'line': b'[ 69%] \x1b[32mBuilding C object CMakeFiles/ublox_msgs__rosidl_typesupport_introspection_c.dir/rosidl_typesupport_introspection_c/ublox_msgs/msg/detail/nav_posllh__type_support.c.o\x1b[0m\n'}
[486.999171] (-) TimerEvent: {}
[487.010414] (ublox_msgs) StdoutLine: {'line': b'[ 69%] \x1b[32mBuilding C object CMakeFiles/ublox_msgs__rosidl_typesupport_introspection_c.dir/rosidl_typesupport_introspection_c/ublox_msgs/msg/detail/nav_pvt7__type_support.c.o\x1b[0m\n'}
[487.099390] (-) TimerEvent: {}
[487.111142] (ublox_msgs) StdoutLine: {'line': b'[ 69%] \x1b[32mBuilding C object CMakeFiles/ublox_msgs__rosidl_typesupport_introspection_c.dir/rosidl_typesupport_introspection_c/ublox_msgs/msg/detail/nav_pvt__type_support.c.o\x1b[0m\n'}
[487.131718] (ublox_msgs) StdoutLine: {'line': b'[ 69%] \x1b[32mBuilding C object CMakeFiles/ublox_msgs__rosidl_typesupport_introspection_c.dir/rosidl_typesupport_introspection_c/ublox_msgs/msg/detail/nav_relposned9__type_support.c.o\x1b[0m\n'}
[487.199616] (-) TimerEvent: {}
[487.240889] (ublox_msgs) StdoutLine: {'line': b'[ 69%] \x1b[32mBuilding C object CMakeFiles/ublox_msgs__rosidl_typesupport_introspection_c.dir/rosidl_typesupport_introspection_c/ublox_msgs/msg/detail/nav_relposned__type_support.c.o\x1b[0m\n'}
[487.299855] (-) TimerEvent: {}
[487.346162] (ublox_msgs) StdoutLine: {'line': b'[ 69%] \x1b[32mBuilding C object CMakeFiles/ublox_msgs__rosidl_typesupport_introspection_c.dir/rosidl_typesupport_introspection_c/ublox_msgs/msg/detail/nav_sat__type_support.c.o\x1b[0m\n'}
[487.366519] (ublox_msgs) StdoutLine: {'line': b'[ 69%] \x1b[32mBuilding C object CMakeFiles/ublox_msgs__rosidl_typesupport_introspection_c.dir/rosidl_typesupport_introspection_c/ublox_msgs/msg/detail/nav_satsv__type_support.c.o\x1b[0m\n'}
[487.400140] (-) TimerEvent: {}
[487.456642] (ublox_msgs) StdoutLine: {'line': b'[ 70%] \x1b[32mBuilding C object CMakeFiles/ublox_msgs__rosidl_typesupport_introspection_c.dir/rosidl_typesupport_introspection_c/ublox_msgs/msg/detail/nav_sbas__type_support.c.o\x1b[0m\n'}
[487.500481] (-) TimerEvent: {}
[487.578605] (ublox_msgs) StdoutLine: {'line': b'[ 70%] \x1b[32mBuilding C object CMakeFiles/ublox_msgs__rosidl_typesupport_introspection_c.dir/rosidl_typesupport_introspection_c/ublox_msgs/msg/detail/nav_sbassv__type_support.c.o\x1b[0m\n'}
[487.600684] (-) TimerEvent: {}
[487.603921] (ublox_msgs) StdoutLine: {'line': b'[ 70%] \x1b[32mBuilding C object CMakeFiles/ublox_msgs__rosidl_typesupport_introspection_c.dir/rosidl_typesupport_introspection_c/ublox_msgs/msg/detail/nav_sol__type_support.c.o\x1b[0m\n'}
[487.698277] (ublox_msgs) StdoutLine: {'line': b'[ 70%] \x1b[32mBuilding C object CMakeFiles/ublox_msgs__rosidl_typesupport_introspection_c.dir/rosidl_typesupport_introspection_c/ublox_msgs/msg/detail/nav_status__type_support.c.o\x1b[0m\n'}
[487.700865] (-) TimerEvent: {}
[487.795833] (ublox_msgs) StdoutLine: {'line': b'[ 70%] \x1b[32mBuilding C object CMakeFiles/ublox_msgs__rosidl_typesupport_introspection_c.dir/rosidl_typesupport_introspection_c/ublox_msgs/msg/detail/nav_svinfo__type_support.c.o\x1b[0m\n'}
[487.801042] (-) TimerEvent: {}
[487.825771] (ublox_msgs) StdoutLine: {'line': b'[ 70%] \x1b[32mBuilding C object CMakeFiles/ublox_msgs__rosidl_typesupport_introspection_c.dir/rosidl_typesupport_introspection_c/ublox_msgs/msg/detail/nav_svinfosv__type_support.c.o\x1b[0m\n'}
[487.901330] (-) TimerEvent: {}
[487.910969] (ublox_msgs) StdoutLine: {'line': b'[ 71%] \x1b[32mBuilding C object CMakeFiles/ublox_msgs__rosidl_typesupport_introspection_c.dir/rosidl_typesupport_introspection_c/ublox_msgs/msg/detail/nav_svin__type_support.c.o\x1b[0m\n'}
[488.001509] (-) TimerEvent: {}
[488.031896] (ublox_msgs) StdoutLine: {'line': b'[ 71%] \x1b[32mBuilding C object CMakeFiles/ublox_msgs__rosidl_typesupport_introspection_c.dir/rosidl_typesupport_introspection_c/ublox_msgs/msg/detail/nav_timegps__type_support.c.o\x1b[0m\n'}
[488.056029] (ublox_msgs) StdoutLine: {'line': b'[ 71%] \x1b[32mBuilding C object CMakeFiles/ublox_msgs__rosidl_typesupport_introspection_c.dir/rosidl_typesupport_introspection_c/ublox_msgs/msg/detail/nav_timeutc__type_support.c.o\x1b[0m\n'}
[488.101755] (-) TimerEvent: {}
[488.151656] (ublox_msgs) StdoutLine: {'line': b'[ 71%] \x1b[32mBuilding C object CMakeFiles/ublox_msgs__rosidl_typesupport_introspection_c.dir/rosidl_typesupport_introspection_c/ublox_msgs/msg/detail/nav_velecef__type_support.c.o\x1b[0m\n'}
[488.202059] (-) TimerEvent: {}
[488.260115] (ublox_msgs) StdoutLine: {'line': b'[ 71%] \x1b[32mBuilding C object CMakeFiles/ublox_msgs__rosidl_typesupport_introspection_c.dir/rosidl_typesupport_introspection_c/ublox_msgs/msg/detail/nav_velned__type_support.c.o\x1b[0m\n'}
[488.272486] (ublox_msgs) StdoutLine: {'line': b'[ 71%] \x1b[32mBuilding C object CMakeFiles/ublox_msgs__rosidl_typesupport_introspection_c.dir/rosidl_typesupport_introspection_c/ublox_msgs/msg/detail/rxm_alm__type_support.c.o\x1b[0m\n'}
[488.302241] (-) TimerEvent: {}
[488.377424] (ublox_msgs) StdoutLine: {'line': b'[ 72%] \x1b[32mBuilding C object CMakeFiles/ublox_msgs__rosidl_typesupport_introspection_c.dir/rosidl_typesupport_introspection_c/ublox_msgs/msg/detail/rxm_eph__type_support.c.o\x1b[0m\n'}
[488.402494] (-) TimerEvent: {}
[488.491845] (ublox_msgs) StdoutLine: {'line': b'[ 72%] \x1b[32mBuilding C object CMakeFiles/ublox_msgs__rosidl_typesupport_introspection_c.dir/rosidl_typesupport_introspection_c/ublox_msgs/msg/detail/rxm_raw__type_support.c.o\x1b[0m\n'}
[488.502664] (-) TimerEvent: {}
[488.562771] (ublox_msgs) StdoutLine: {'line': b'[ 72%] \x1b[32mBuilding C object CMakeFiles/ublox_msgs__rosidl_typesupport_introspection_c.dir/rosidl_typesupport_introspection_c/ublox_msgs/msg/detail/rxm_rawsv__type_support.c.o\x1b[0m\n'}
[488.602886] (-) TimerEvent: {}
[488.653825] (ublox_msgs) StdoutLine: {'line': b'[ 72%] \x1b[32mBuilding C object CMakeFiles/ublox_msgs__rosidl_typesupport_introspection_c.dir/rosidl_typesupport_introspection_c/ublox_msgs/msg/detail/rxm_rawx_meas__type_support.c.o\x1b[0m\n'}
[488.703444] (-) TimerEvent: {}
[488.724244] (ublox_msgs) StdoutLine: {'line': b'[ 72%] \x1b[32mBuilding C object CMakeFiles/ublox_msgs__rosidl_typesupport_introspection_c.dir/rosidl_typesupport_introspection_c/ublox_msgs/msg/detail/rxm_rawx__type_support.c.o\x1b[0m\n'}
[488.797838] (ublox_msgs) StdoutLine: {'line': b'[ 72%] \x1b[32mBuilding C object CMakeFiles/ublox_msgs__rosidl_typesupport_introspection_c.dir/rosidl_typesupport_introspection_c/ublox_msgs/msg/detail/rxm_rtcm__type_support.c.o\x1b[0m\n'}
[488.803992] (-) TimerEvent: {}
[488.877600] (ublox_msgs) StdoutLine: {'line': b'[ 72%] \x1b[32mBuilding C object CMakeFiles/ublox_msgs__rosidl_typesupport_introspection_c.dir/rosidl_typesupport_introspection_c/ublox_msgs/msg/detail/rxm_sfrb__type_support.c.o\x1b[0m\n'}
[488.904298] (-) TimerEvent: {}
[488.974771] (ublox_msgs) StdoutLine: {'line': b'[ 73%] \x1b[32mBuilding C object CMakeFiles/ublox_msgs__rosidl_typesupport_introspection_c.dir/rosidl_typesupport_introspection_c/ublox_msgs/msg/detail/rxm_sfrbx__type_support.c.o\x1b[0m\n'}
[489.004538] (-) TimerEvent: {}
[489.042682] (ublox_msgs) StdoutLine: {'line': b'[ 73%] \x1b[32mBuilding C object CMakeFiles/ublox_msgs__rosidl_typesupport_introspection_c.dir/rosidl_typesupport_introspection_c/ublox_msgs/msg/detail/rxm_svsi__type_support.c.o\x1b[0m\n'}
[489.102548] (ublox_msgs) StdoutLine: {'line': b'[ 73%] \x1b[32mBuilding C object CMakeFiles/ublox_msgs__rosidl_typesupport_introspection_c.dir/rosidl_typesupport_introspection_c/ublox_msgs/msg/detail/rxm_svsisv__type_support.c.o\x1b[0m\n'}
[489.104798] (-) TimerEvent: {}
[489.206184] (-) TimerEvent: {}
[489.216294] (ublox_msgs) StdoutLine: {'line': b'[ 73%] \x1b[32mBuilding C object CMakeFiles/ublox_msgs__rosidl_typesupport_introspection_c.dir/rosidl_typesupport_introspection_c/ublox_msgs/msg/detail/tim_tm2__type_support.c.o\x1b[0m\n'}
[489.276400] (ublox_msgs) StdoutLine: {'line': b'[ 73%] \x1b[32mBuilding C object CMakeFiles/ublox_msgs__rosidl_typesupport_introspection_c.dir/rosidl_typesupport_introspection_c/ublox_msgs/msg/detail/upd_sos_ack__type_support.c.o\x1b[0m\n'}
[489.306360] (-) TimerEvent: {}
[489.345585] (ublox_msgs) StdoutLine: {'line': b'[ 73%] \x1b[32mBuilding C object CMakeFiles/ublox_msgs__rosidl_typesupport_introspection_c.dir/rosidl_typesupport_introspection_c/ublox_msgs/msg/detail/upd_sos__type_support.c.o\x1b[0m\n'}
[489.406540] (-) TimerEvent: {}
[489.507790] (-) TimerEvent: {}
[489.555226] (ublox_msgs) StdoutLine: {'line': b'[ 74%] \x1b[32m\x1b[1mLinking C shared library libublox_msgs__rosidl_typesupport_introspection_c.so\x1b[0m\n'}
[489.607965] (-) TimerEvent: {}
[489.708638] (-) TimerEvent: {}
[489.809731] (-) TimerEvent: {}
[489.854533] (ublox_msgs) StdoutLine: {'line': b'[ 74%] Built target ublox_msgs__rosidl_typesupport_introspection_c\n'}
[489.909920] (-) TimerEvent: {}
[490.010583] (-) TimerEvent: {}
[490.111230] (-) TimerEvent: {}
[490.211908] (-) TimerEvent: {}
[490.312737] (-) TimerEvent: {}
[490.413466] (-) TimerEvent: {}
[490.514159] (-) TimerEvent: {}
[490.614797] (-) TimerEvent: {}
[490.715436] (-) TimerEvent: {}
[490.816084] (-) TimerEvent: {}
[490.916762] (-) TimerEvent: {}
[491.017413] (-) TimerEvent: {}
[491.118052] (-) TimerEvent: {}
[491.218698] (-) TimerEvent: {}
[491.319342] (-) TimerEvent: {}
[491.419976] (-) TimerEvent: {}
[491.520788] (-) TimerEvent: {}
[491.621640] (-) TimerEvent: {}
[491.722321] (-) TimerEvent: {}
[491.822995] (-) TimerEvent: {}
[491.923641] (-) TimerEvent: {}
[492.024294] (-) TimerEvent: {}
[492.125007] (-) TimerEvent: {}
[492.225681] (-) TimerEvent: {}
[492.326334] (-) TimerEvent: {}
[492.426987] (-) TimerEvent: {}
[492.527611] (-) TimerEvent: {}
[492.628266] (-) TimerEvent: {}
[492.728953] (-) TimerEvent: {}
[492.829695] (-) TimerEvent: {}
[492.930397] (-) TimerEvent: {}
[493.031055] (-) TimerEvent: {}
[493.131734] (-) TimerEvent: {}
[493.232391] (-) TimerEvent: {}
[493.333197] (-) TimerEvent: {}
[493.434227] (-) TimerEvent: {}
[493.535233] (-) TimerEvent: {}
[493.636485] (-) TimerEvent: {}
[493.737641] (-) TimerEvent: {}
[493.838593] (-) TimerEvent: {}
[493.939444] (-) TimerEvent: {}
[494.040414] (-) TimerEvent: {}
[494.141649] (-) TimerEvent: {}
[494.242796] (-) TimerEvent: {}
[494.333773] (ublox_msgs) StdoutLine: {'line': b'[ 75%] \x1b[32mBuilding CXX object CMakeFiles/ublox_msgs__rosidl_typesupport_c.dir/rosidl_typesupport_c/ublox_msgs/msg/ack__type_support.cpp.o\x1b[0m\n'}
[494.337960] (ublox_msgs) StdoutLine: {'line': b'[ 75%] \x1b[32mBuilding CXX object CMakeFiles/ublox_msgs__rosidl_typesupport_c.dir/rosidl_typesupport_c/ublox_msgs/msg/aid_alm__type_support.cpp.o\x1b[0m\n'}
[494.340643] (ublox_msgs) StdoutLine: {'line': b'[ 75%] \x1b[32mBuilding CXX object CMakeFiles/ublox_msgs__rosidl_typesupport_c.dir/rosidl_typesupport_c/ublox_msgs/msg/aid_eph__type_support.cpp.o\x1b[0m\n'}
[494.343164] (-) TimerEvent: {}
[494.360768] (ublox_msgs) StdoutLine: {'line': b'[ 75%] \x1b[32mBuilding CXX object CMakeFiles/ublox_msgs__rosidl_typesupport_c.dir/rosidl_typesupport_c/ublox_msgs/msg/aid_hui__type_support.cpp.o\x1b[0m\n'}
[494.443347] (-) TimerEvent: {}
[494.520213] (ublox_msgs) StdoutLine: {'line': b'[ 75%] \x1b[32mBuilding CXX object CMakeFiles/ublox_msgs__rosidl_typesupport_c.dir/rosidl_typesupport_c/ublox_msgs/msg/cfg_ant__type_support.cpp.o\x1b[0m\n'}
[494.532182] (ublox_msgs) StdoutLine: {'line': b'[ 75%] \x1b[32mBuilding CXX object CMakeFiles/ublox_msgs__rosidl_typesupport_c.dir/rosidl_typesupport_c/ublox_msgs/msg/cfg_cfg__type_support.cpp.o\x1b[0m\n'}
[494.534809] (ublox_msgs) StdoutLine: {'line': b'[ 76%] \x1b[32mBuilding CXX object CMakeFiles/ublox_msgs__rosidl_typesupport_c.dir/rosidl_typesupport_c/ublox_msgs/msg/cfg_dat__type_support.cpp.o\x1b[0m\n'}
[494.543620] (-) TimerEvent: {}
[494.549036] (ublox_msgs) StdoutLine: {'line': b'[ 76%] \x1b[32mBuilding CXX object CMakeFiles/ublox_msgs__rosidl_typesupport_c.dir/rosidl_typesupport_c/ublox_msgs/msg/cfg_dgnss__type_support.cpp.o\x1b[0m\n'}
[494.643877] (-) TimerEvent: {}
[494.700042] (ublox_msgs) StdoutLine: {'line': b'[ 76%] \x1b[32mBuilding CXX object CMakeFiles/ublox_msgs__rosidl_typesupport_c.dir/rosidl_typesupport_c/ublox_msgs/msg/cfg_gnss_block__type_support.cpp.o\x1b[0m\n'}
[494.708566] (ublox_msgs) StdoutLine: {'line': b'[ 76%] \x1b[32mBuilding CXX object CMakeFiles/ublox_msgs__rosidl_typesupport_c.dir/rosidl_typesupport_c/ublox_msgs/msg/cfg_gnss__type_support.cpp.o\x1b[0m\n'}
[494.734885] (ublox_msgs) StdoutLine: {'line': b'[ 76%] \x1b[32mBuilding CXX object CMakeFiles/ublox_msgs__rosidl_typesupport_c.dir/rosidl_typesupport_c/ublox_msgs/msg/cfg_hnr__type_support.cpp.o\x1b[0m\n'}
[494.744153] (-) TimerEvent: {}
[494.746737] (ublox_msgs) StdoutLine: {'line': b'[ 76%] \x1b[32mBuilding CXX object CMakeFiles/ublox_msgs__rosidl_typesupport_c.dir/rosidl_typesupport_c/ublox_msgs/msg/cfg_inf_block__type_support.cpp.o\x1b[0m\n'}
[494.844390] (-) TimerEvent: {}
[494.883648] (ublox_msgs) StdoutLine: {'line': b'[ 76%] \x1b[32mBuilding CXX object CMakeFiles/ublox_msgs__rosidl_typesupport_c.dir/rosidl_typesupport_c/ublox_msgs/msg/cfg_inf__type_support.cpp.o\x1b[0m\n'}
[494.892436] (ublox_msgs) StdoutLine: {'line': b'[ 77%] \x1b[32mBuilding CXX object CMakeFiles/ublox_msgs__rosidl_typesupport_c.dir/rosidl_typesupport_c/ublox_msgs/msg/cfg_msg__type_support.cpp.o\x1b[0m\n'}
[494.933307] (ublox_msgs) StdoutLine: {'line': b'[ 77%] \x1b[32mBuilding CXX object CMakeFiles/ublox_msgs__rosidl_typesupport_c.dir/rosidl_typesupport_c/ublox_msgs/msg/cfg_nav5__type_support.cpp.o\x1b[0m\n'}
[494.941090] (ublox_msgs) StdoutLine: {'line': b'[ 77%] \x1b[32mBuilding CXX object CMakeFiles/ublox_msgs__rosidl_typesupport_c.dir/rosidl_typesupport_c/ublox_msgs/msg/cfg_navx5__type_support.cpp.o\x1b[0m\n'}
[494.945037] (-) TimerEvent: {}
[495.046493] (-) TimerEvent: {}
[495.070267] (ublox_msgs) StdoutLine: {'line': b'[ 77%] \x1b[32mBuilding CXX object CMakeFiles/ublox_msgs__rosidl_typesupport_c.dir/rosidl_typesupport_c/ublox_msgs/msg/cfg_nmea6__type_support.cpp.o\x1b[0m\n'}
[495.092941] (ublox_msgs) StdoutLine: {'line': b'[ 77%] \x1b[32mBuilding CXX object CMakeFiles/ublox_msgs__rosidl_typesupport_c.dir/rosidl_typesupport_c/ublox_msgs/msg/cfg_nmea7__type_support.cpp.o\x1b[0m\n'}
[495.119246] (ublox_msgs) StdoutLine: {'line': b'[ 77%] \x1b[32mBuilding CXX object CMakeFiles/ublox_msgs__rosidl_typesupport_c.dir/rosidl_typesupport_c/ublox_msgs/msg/cfg_nmea__type_support.cpp.o\x1b[0m\n'}
[495.125158] (ublox_msgs) StdoutLine: {'line': b'[ 78%] \x1b[32mBuilding CXX object CMakeFiles/ublox_msgs__rosidl_typesupport_c.dir/rosidl_typesupport_c/ublox_msgs/msg/cfg_prt__type_support.cpp.o\x1b[0m\n'}
[495.146792] (-) TimerEvent: {}
[495.247834] (-) TimerEvent: {}
[495.265484] (ublox_msgs) StdoutLine: {'line': b'[ 78%] \x1b[32mBuilding CXX object CMakeFiles/ublox_msgs__rosidl_typesupport_c.dir/rosidl_typesupport_c/ublox_msgs/msg/cfg_rate__type_support.cpp.o\x1b[0m\n'}
[495.274976] (ublox_msgs) StdoutLine: {'line': b'[ 78%] \x1b[32mBuilding CXX object CMakeFiles/ublox_msgs__rosidl_typesupport_c.dir/rosidl_typesupport_c/ublox_msgs/msg/cfg_rst__type_support.cpp.o\x1b[0m\n'}
[495.304032] (ublox_msgs) StdoutLine: {'line': b'[ 78%] \x1b[32mBuilding CXX object CMakeFiles/ublox_msgs__rosidl_typesupport_c.dir/rosidl_typesupport_c/ublox_msgs/msg/cfg_sbas__type_support.cpp.o\x1b[0m\n'}
[495.309119] (ublox_msgs) StdoutLine: {'line': b'[ 78%] \x1b[32mBuilding CXX object CMakeFiles/ublox_msgs__rosidl_typesupport_c.dir/rosidl_typesupport_c/ublox_msgs/msg/cfg_tmode3__type_support.cpp.o\x1b[0m\n'}
[495.348161] (-) TimerEvent: {}
[495.449573] (-) TimerEvent: {}
[495.458955] (ublox_msgs) StdoutLine: {'line': b'[ 78%] \x1b[32mBuilding CXX object CMakeFiles/ublox_msgs__rosidl_typesupport_c.dir/rosidl_typesupport_c/ublox_msgs/msg/cfg_usb__type_support.cpp.o\x1b[0m\n'}
[495.467616] (ublox_msgs) StdoutLine: {'line': b'[ 79%] \x1b[32mBuilding CXX object CMakeFiles/ublox_msgs__rosidl_typesupport_c.dir/rosidl_typesupport_c/ublox_msgs/msg/esf_ins__type_support.cpp.o\x1b[0m\n'}
[495.484285] (ublox_msgs) StdoutLine: {'line': b'[ 79%] \x1b[32mBuilding CXX object CMakeFiles/ublox_msgs__rosidl_typesupport_c.dir/rosidl_typesupport_c/ublox_msgs/msg/esf_meas__type_support.cpp.o\x1b[0m\n'}
[495.491991] (ublox_msgs) StdoutLine: {'line': b'[ 79%] \x1b[32mBuilding CXX object CMakeFiles/ublox_msgs__rosidl_typesupport_c.dir/rosidl_typesupport_c/ublox_msgs/msg/esf_raw_block__type_support.cpp.o\x1b[0m\n'}
[495.549821] (-) TimerEvent: {}
[495.645056] (ublox_msgs) StdoutLine: {'line': b'[ 79%] \x1b[32mBuilding CXX object CMakeFiles/ublox_msgs__rosidl_typesupport_c.dir/rosidl_typesupport_c/ublox_msgs/msg/esf_raw__type_support.cpp.o\x1b[0m\n'}
[495.650204] (-) TimerEvent: {}
[495.665645] (ublox_msgs) StdoutLine: {'line': b'[ 79%] \x1b[32mBuilding CXX object CMakeFiles/ublox_msgs__rosidl_typesupport_c.dir/rosidl_typesupport_c/ublox_msgs/msg/esf_status__type_support.cpp.o\x1b[0m\n'}
[495.668725] (ublox_msgs) StdoutLine: {'line': b'[ 79%] \x1b[32mBuilding CXX object CMakeFiles/ublox_msgs__rosidl_typesupport_c.dir/rosidl_typesupport_c/ublox_msgs/msg/esf_status_sens__type_support.cpp.o\x1b[0m\n'}
[495.675676] (ublox_msgs) StdoutLine: {'line': b'[ 79%] \x1b[32mBuilding CXX object CMakeFiles/ublox_msgs__rosidl_typesupport_c.dir/rosidl_typesupport_c/ublox_msgs/msg/hnr_pvt__type_support.cpp.o\x1b[0m\n'}
[495.750444] (-) TimerEvent: {}
[495.833183] (ublox_msgs) StdoutLine: {'line': b'[ 80%] \x1b[32mBuilding CXX object CMakeFiles/ublox_msgs__rosidl_typesupport_c.dir/rosidl_typesupport_c/ublox_msgs/msg/inf__type_support.cpp.o\x1b[0m\n'}
[495.850655] (-) TimerEvent: {}
[495.851485] (ublox_msgs) StdoutLine: {'line': b'[ 80%] \x1b[32mBuilding CXX object CMakeFiles/ublox_msgs__rosidl_typesupport_c.dir/rosidl_typesupport_c/ublox_msgs/msg/mon_gnss__type_support.cpp.o\x1b[0m\n'}
[495.853351] (ublox_msgs) StdoutLine: {'line': b'[ 80%] \x1b[32mBuilding CXX object CMakeFiles/ublox_msgs__rosidl_typesupport_c.dir/rosidl_typesupport_c/ublox_msgs/msg/mga_gal__type_support.cpp.o\x1b[0m\n'}
[495.874418] (ublox_msgs) StdoutLine: {'line': b'[ 80%] \x1b[32mBuilding CXX object CMakeFiles/ublox_msgs__rosidl_typesupport_c.dir/rosidl_typesupport_c/ublox_msgs/msg/mon_hw6__type_support.cpp.o\x1b[0m\n'}
[495.950874] (-) TimerEvent: {}
[496.024994] (ublox_msgs) StdoutLine: {'line': b'[ 80%] \x1b[32mBuilding CXX object CMakeFiles/ublox_msgs__rosidl_typesupport_c.dir/rosidl_typesupport_c/ublox_msgs/msg/mon_hw__type_support.cpp.o\x1b[0m\n'}
[496.034181] (ublox_msgs) StdoutLine: {'line': b'[ 80%] \x1b[32mBuilding CXX object CMakeFiles/ublox_msgs__rosidl_typesupport_c.dir/rosidl_typesupport_c/ublox_msgs/msg/mon_ver_extension__type_support.cpp.o\x1b[0m\n'}
[496.037962] (ublox_msgs) StdoutLine: {'line': b'[ 81%] \x1b[32mBuilding CXX object CMakeFiles/ublox_msgs__rosidl_typesupport_c.dir/rosidl_typesupport_c/ublox_msgs/msg/mon_ver__type_support.cpp.o\x1b[0m\n'}
[496.051087] (-) TimerEvent: {}
[496.095716] (ublox_msgs) StdoutLine: {'line': b'[ 81%] \x1b[32mBuilding CXX object CMakeFiles/ublox_msgs__rosidl_typesupport_c.dir/rosidl_typesupport_c/ublox_msgs/msg/nav_att__type_support.cpp.o\x1b[0m\n'}
[496.151441] (-) TimerEvent: {}
[496.218293] (ublox_msgs) StdoutLine: {'line': b'[ 81%] \x1b[32mBuilding CXX object CMakeFiles/ublox_msgs__rosidl_typesupport_c.dir/rosidl_typesupport_c/ublox_msgs/msg/nav_dgps__type_support.cpp.o\x1b[0m\n'}
[496.221938] (ublox_msgs) StdoutLine: {'line': b'[ 81%] \x1b[32mBuilding CXX object CMakeFiles/ublox_msgs__rosidl_typesupport_c.dir/rosidl_typesupport_c/ublox_msgs/msg/nav_clock__type_support.cpp.o\x1b[0m\n'}
[496.235181] (ublox_msgs) StdoutLine: {'line': b'[ 81%] \x1b[32mBuilding CXX object CMakeFiles/ublox_msgs__rosidl_typesupport_c.dir/rosidl_typesupport_c/ublox_msgs/msg/nav_dgpssv__type_support.cpp.o\x1b[0m\n'}
[496.251736] (-) TimerEvent: {}
[496.292022] (ublox_msgs) StdoutLine: {'line': b'[ 81%] \x1b[32mBuilding CXX object CMakeFiles/ublox_msgs__rosidl_typesupport_c.dir/rosidl_typesupport_c/ublox_msgs/msg/nav_dop__type_support.cpp.o\x1b[0m\n'}
[496.351974] (-) TimerEvent: {}
[496.405648] (ublox_msgs) StdoutLine: {'line': b'[ 81%] \x1b[32mBuilding CXX object CMakeFiles/ublox_msgs__rosidl_typesupport_c.dir/rosidl_typesupport_c/ublox_msgs/msg/nav_posecef__type_support.cpp.o\x1b[0m\n'}
[496.413585] (ublox_msgs) StdoutLine: {'line': b'[ 82%] \x1b[32mBuilding CXX object CMakeFiles/ublox_msgs__rosidl_typesupport_c.dir/rosidl_typesupport_c/ublox_msgs/msg/nav_posllh__type_support.cpp.o\x1b[0m\n'}
[496.424180] (ublox_msgs) StdoutLine: {'line': b'[ 82%] \x1b[32mBuilding CXX object CMakeFiles/ublox_msgs__rosidl_typesupport_c.dir/rosidl_typesupport_c/ublox_msgs/msg/nav_pvt7__type_support.cpp.o\x1b[0m\n'}
[496.452229] (-) TimerEvent: {}
[496.488910] (ublox_msgs) StdoutLine: {'line': b'[ 82%] \x1b[32mBuilding CXX object CMakeFiles/ublox_msgs__rosidl_typesupport_c.dir/rosidl_typesupport_c/ublox_msgs/msg/nav_pvt__type_support.cpp.o\x1b[0m\n'}
[496.552530] (-) TimerEvent: {}
[496.585834] (ublox_msgs) StdoutLine: {'line': b'[ 82%] \x1b[32mBuilding CXX object CMakeFiles/ublox_msgs__rosidl_typesupport_c.dir/rosidl_typesupport_c/ublox_msgs/msg/nav_relposned9__type_support.cpp.o\x1b[0m\n'}
[496.611745] (ublox_msgs) StdoutLine: {'line': b'[ 82%] \x1b[32mBuilding CXX object CMakeFiles/ublox_msgs__rosidl_typesupport_c.dir/rosidl_typesupport_c/ublox_msgs/msg/nav_sat__type_support.cpp.o\x1b[0m\n'}
[496.613398] (ublox_msgs) StdoutLine: {'line': b'[ 82%] \x1b[32mBuilding CXX object CMakeFiles/ublox_msgs__rosidl_typesupport_c.dir/rosidl_typesupport_c/ublox_msgs/msg/nav_relposned__type_support.cpp.o\x1b[0m\n'}
[496.652842] (-) TimerEvent: {}
[496.672238] (ublox_msgs) StdoutLine: {'line': b'[ 83%] \x1b[32mBuilding CXX object CMakeFiles/ublox_msgs__rosidl_typesupport_c.dir/rosidl_typesupport_c/ublox_msgs/msg/nav_satsv__type_support.cpp.o\x1b[0m\n'}
[496.753090] (-) TimerEvent: {}
[496.766903] (ublox_msgs) StdoutLine: {'line': b'[ 83%] \x1b[32mBuilding CXX object CMakeFiles/ublox_msgs__rosidl_typesupport_c.dir/rosidl_typesupport_c/ublox_msgs/msg/nav_sbas__type_support.cpp.o\x1b[0m\n'}
[496.800986] (ublox_msgs) StdoutLine: {'line': b'[ 83%] \x1b[32mBuilding CXX object CMakeFiles/ublox_msgs__rosidl_typesupport_c.dir/rosidl_typesupport_c/ublox_msgs/msg/nav_sbassv__type_support.cpp.o\x1b[0m\n'}
[496.807633] (ublox_msgs) StdoutLine: {'line': b'[ 83%] \x1b[32mBuilding CXX object CMakeFiles/ublox_msgs__rosidl_typesupport_c.dir/rosidl_typesupport_c/ublox_msgs/msg/nav_sol__type_support.cpp.o\x1b[0m\n'}
[496.853474] (-) TimerEvent: {}
[496.863154] (ublox_msgs) StdoutLine: {'line': b'[ 83%] \x1b[32mBuilding CXX object CMakeFiles/ublox_msgs__rosidl_typesupport_c.dir/rosidl_typesupport_c/ublox_msgs/msg/nav_status__type_support.cpp.o\x1b[0m\n'}
[496.952912] (ublox_msgs) StdoutLine: {'line': b'[ 83%] \x1b[32mBuilding CXX object CMakeFiles/ublox_msgs__rosidl_typesupport_c.dir/rosidl_typesupport_c/ublox_msgs/msg/nav_svinfo__type_support.cpp.o\x1b[0m\n'}
[496.953729] (-) TimerEvent: {}
[497.003419] (ublox_msgs) StdoutLine: {'line': b'[ 83%] \x1b[32mBuilding CXX object CMakeFiles/ublox_msgs__rosidl_typesupport_c.dir/rosidl_typesupport_c/ublox_msgs/msg/nav_svin__type_support.cpp.o\x1b[0m\n'}
[497.006472] (ublox_msgs) StdoutLine: {'line': b'[ 84%] \x1b[32mBuilding CXX object CMakeFiles/ublox_msgs__rosidl_typesupport_c.dir/rosidl_typesupport_c/ublox_msgs/msg/nav_svinfosv__type_support.cpp.o\x1b[0m\n'}
[497.052960] (ublox_msgs) StdoutLine: {'line': b'[ 84%] \x1b[32mBuilding CXX object CMakeFiles/ublox_msgs__rosidl_typesupport_c.dir/rosidl_typesupport_c/ublox_msgs/msg/nav_timegps__type_support.cpp.o\x1b[0m\n'}
[497.053964] (-) TimerEvent: {}
[497.137090] (ublox_msgs) StdoutLine: {'line': b'[ 84%] \x1b[32mBuilding CXX object CMakeFiles/ublox_msgs__rosidl_typesupport_c.dir/rosidl_typesupport_c/ublox_msgs/msg/nav_timeutc__type_support.cpp.o\x1b[0m\n'}
[497.154332] (-) TimerEvent: {}
[497.180852] (ublox_msgs) StdoutLine: {'line': b'[ 84%] \x1b[32mBuilding CXX object CMakeFiles/ublox_msgs__rosidl_typesupport_c.dir/rosidl_typesupport_c/ublox_msgs/msg/nav_velecef__type_support.cpp.o\x1b[0m\n'}
[497.189758] (ublox_msgs) StdoutLine: {'line': b'[ 84%] \x1b[32mBuilding CXX object CMakeFiles/ublox_msgs__rosidl_typesupport_c.dir/rosidl_typesupport_c/ublox_msgs/msg/nav_velned__type_support.cpp.o\x1b[0m\n'}
[497.254538] (-) TimerEvent: {}
[497.257088] (ublox_msgs) StdoutLine: {'line': b'[ 84%] \x1b[32mBuilding CXX object CMakeFiles/ublox_msgs__rosidl_typesupport_c.dir/rosidl_typesupport_c/ublox_msgs/msg/rxm_alm__type_support.cpp.o\x1b[0m\n'}
[497.324324] (ublox_msgs) StdoutLine: {'line': b'[ 85%] \x1b[32mBuilding CXX object CMakeFiles/ublox_msgs__rosidl_typesupport_c.dir/rosidl_typesupport_c/ublox_msgs/msg/rxm_eph__type_support.cpp.o\x1b[0m\n'}
[497.354826] (-) TimerEvent: {}
[497.370534] (ublox_msgs) StdoutLine: {'line': b'[ 85%] \x1b[32mBuilding CXX object CMakeFiles/ublox_msgs__rosidl_typesupport_c.dir/rosidl_typesupport_c/ublox_msgs/msg/rxm_raw__type_support.cpp.o\x1b[0m\n'}
[497.382292] (ublox_msgs) StdoutLine: {'line': b'[ 85%] \x1b[32mBuilding CXX object CMakeFiles/ublox_msgs__rosidl_typesupport_c.dir/rosidl_typesupport_c/ublox_msgs/msg/rxm_rawsv__type_support.cpp.o\x1b[0m\n'}
[497.445170] (ublox_msgs) StdoutLine: {'line': b'[ 85%] \x1b[32mBuilding CXX object CMakeFiles/ublox_msgs__rosidl_typesupport_c.dir/rosidl_typesupport_c/ublox_msgs/msg/rxm_rawx_meas__type_support.cpp.o\x1b[0m\n'}
[497.455121] (-) TimerEvent: {}
[497.514394] (ublox_msgs) StdoutLine: {'line': b'[ 85%] \x1b[32mBuilding CXX object CMakeFiles/ublox_msgs__rosidl_typesupport_c.dir/rosidl_typesupport_c/ublox_msgs/msg/rxm_rawx__type_support.cpp.o\x1b[0m\n'}
[497.555539] (-) TimerEvent: {}
[497.565029] (ublox_msgs) StdoutLine: {'line': b'[ 85%] \x1b[32mBuilding CXX object CMakeFiles/ublox_msgs__rosidl_typesupport_c.dir/rosidl_typesupport_c/ublox_msgs/msg/rxm_rtcm__type_support.cpp.o\x1b[0m\n'}
[497.567791] (ublox_msgs) StdoutLine: {'line': b'[ 86%] \x1b[32mBuilding CXX object CMakeFiles/ublox_msgs__rosidl_typesupport_c.dir/rosidl_typesupport_c/ublox_msgs/msg/rxm_sfrb__type_support.cpp.o\x1b[0m\n'}
[497.626240] (ublox_msgs) StdoutLine: {'line': b'[ 86%] \x1b[32mBuilding CXX object CMakeFiles/ublox_msgs__rosidl_typesupport_c.dir/rosidl_typesupport_c/ublox_msgs/msg/rxm_sfrbx__type_support.cpp.o\x1b[0m\n'}
[497.655866] (-) TimerEvent: {}
[497.708717] (ublox_msgs) StdoutLine: {'line': b'[ 86%] \x1b[32mBuilding CXX object CMakeFiles/ublox_msgs__rosidl_typesupport_c.dir/rosidl_typesupport_c/ublox_msgs/msg/rxm_svsi__type_support.cpp.o\x1b[0m\n'}
[497.748447] (ublox_msgs) StdoutLine: {'line': b'[ 86%] \x1b[32mBuilding CXX object CMakeFiles/ublox_msgs__rosidl_typesupport_c.dir/rosidl_typesupport_c/ublox_msgs/msg/rxm_svsisv__type_support.cpp.o\x1b[0m\n'}
[497.755003] (ublox_msgs) StdoutLine: {'line': b'[ 86%] \x1b[32mBuilding CXX object CMakeFiles/ublox_msgs__rosidl_typesupport_c.dir/rosidl_typesupport_c/ublox_msgs/msg/tim_tm2__type_support.cpp.o\x1b[0m\n'}
[497.756008] (-) TimerEvent: {}
[497.808430] (ublox_msgs) StdoutLine: {'line': b'[ 86%] \x1b[32mBuilding CXX object CMakeFiles/ublox_msgs__rosidl_typesupport_c.dir/rosidl_typesupport_c/ublox_msgs/msg/upd_sos_ack__type_support.cpp.o\x1b[0m\n'}
[497.856299] (-) TimerEvent: {}
[497.899667] (ublox_msgs) StdoutLine: {'line': b'[ 86%] \x1b[32mBuilding CXX object CMakeFiles/ublox_msgs__rosidl_typesupport_c.dir/rosidl_typesupport_c/ublox_msgs/msg/upd_sos__type_support.cpp.o\x1b[0m\n'}
[497.956602] (-) TimerEvent: {}
[498.057333] (-) TimerEvent: {}
[498.059807] (ublox_msgs) StdoutLine: {'line': b'[ 87%] \x1b[32m\x1b[1mLinking CXX shared library libublox_msgs__rosidl_typesupport_c.so\x1b[0m\n'}
[498.157566] (-) TimerEvent: {}
[498.258383] (-) TimerEvent: {}
[498.345524] (ublox_msgs) StdoutLine: {'line': b'[ 87%] Built target ublox_msgs__rosidl_typesupport_c\n'}
[498.358588] (-) TimerEvent: {}
[498.439884] (ublox_msgs) StdoutLine: {'line': b'[ 87%] Built target ublox_msgs\n'}
[498.458793] (-) TimerEvent: {}
[498.528975] (ublox_msgs) StdoutLine: {'line': b'[ 87%] \x1b[32mBuilding CXX object CMakeFiles/ublox_msgs_lib.dir/src/ublox_msgs.cpp.o\x1b[0m\n'}
[498.545626] (ublox_msgs) StdoutLine: {'line': b'[ 87%] \x1b[34m\x1b[1mGenerating Python code for ROS interfaces\x1b[0m\n'}
[498.559104] (-) TimerEvent: {}
[498.659982] (-) TimerEvent: {}
[498.760747] (-) TimerEvent: {}
[498.861445] (-) TimerEvent: {}
[498.962370] (-) TimerEvent: {}
[499.063465] (-) TimerEvent: {}
[499.164433] (-) TimerEvent: {}
[499.265287] (-) TimerEvent: {}
[499.366342] (-) TimerEvent: {}
[499.467127] (-) TimerEvent: {}
[499.567924] (-) TimerEvent: {}
[499.668742] (-) TimerEvent: {}
[499.769475] (-) TimerEvent: {}
[499.870278] (-) TimerEvent: {}
[499.971081] (-) TimerEvent: {}
[500.071895] (-) TimerEvent: {}
[500.172687] (-) TimerEvent: {}
[500.274504] (-) TimerEvent: {}
[500.375436] (-) TimerEvent: {}
[500.476271] (-) TimerEvent: {}
[500.577243] (-) TimerEvent: {}
[500.678036] (-) TimerEvent: {}
[500.778855] (-) TimerEvent: {}
[500.879611] (-) TimerEvent: {}
[500.980440] (-) TimerEvent: {}
[501.081218] (-) TimerEvent: {}
[501.182032] (-) TimerEvent: {}
[501.282864] (-) TimerEvent: {}
[501.383627] (-) TimerEvent: {}
[501.484454] (-) TimerEvent: {}
[501.585228] (-) TimerEvent: {}
[501.686021] (-) TimerEvent: {}
[501.786850] (-) TimerEvent: {}
[501.887640] (-) TimerEvent: {}
[501.988445] (-) TimerEvent: {}
[502.089214] (-) TimerEvent: {}
[502.189994] (-) TimerEvent: {}
[502.290806] (-) TimerEvent: {}
[502.391591] (-) TimerEvent: {}
[502.492412] (-) TimerEvent: {}
[502.593204] (-) TimerEvent: {}
[502.694017] (-) TimerEvent: {}
[502.794832] (-) TimerEvent: {}
[502.895635] (-) TimerEvent: {}
[502.996423] (-) TimerEvent: {}
[503.097236] (-) TimerEvent: {}
[503.198053] (-) TimerEvent: {}
[503.298892] (-) TimerEvent: {}
[503.399683] (-) TimerEvent: {}
[503.500473] (-) TimerEvent: {}
[503.601208] (-) TimerEvent: {}
[503.702004] (-) TimerEvent: {}
[503.802771] (-) TimerEvent: {}
[503.903611] (-) TimerEvent: {}
[504.004408] (-) TimerEvent: {}
[504.105194] (-) TimerEvent: {}
[504.206093] (-) TimerEvent: {}
[504.307024] (-) TimerEvent: {}
[504.407831] (-) TimerEvent: {}
[504.508719] (-) TimerEvent: {}
[504.609593] (-) TimerEvent: {}
[504.710439] (-) TimerEvent: {}
[504.811181] (-) TimerEvent: {}
[504.911981] (-) TimerEvent: {}
[505.012778] (-) TimerEvent: {}
[505.113677] (-) TimerEvent: {}
[505.214534] (-) TimerEvent: {}
[505.315367] (-) TimerEvent: {}
[505.416242] (-) TimerEvent: {}
[505.517039] (-) TimerEvent: {}
[505.617827] (-) TimerEvent: {}
[505.718852] (-) TimerEvent: {}
[505.820220] (-) TimerEvent: {}
[505.921233] (-) TimerEvent: {}
[506.022143] (-) TimerEvent: {}
[506.122987] (-) TimerEvent: {}
[506.223803] (-) TimerEvent: {}
[506.324634] (-) TimerEvent: {}
[506.425840] (-) TimerEvent: {}
[506.526737] (-) TimerEvent: {}
[506.627585] (-) TimerEvent: {}
[506.728380] (-) TimerEvent: {}
[506.829207] (-) TimerEvent: {}
[506.930041] (-) TimerEvent: {}
[507.030810] (-) TimerEvent: {}
[507.132433] (-) TimerEvent: {}
[507.233248] (-) TimerEvent: {}
[507.334019] (-) TimerEvent: {}
[507.434768] (-) TimerEvent: {}
[507.535612] (-) TimerEvent: {}
[507.636442] (-) TimerEvent: {}
[507.737558] (-) TimerEvent: {}
[507.838665] (-) TimerEvent: {}
[507.939478] (-) TimerEvent: {}
[508.040291] (-) TimerEvent: {}
[508.141140] (-) TimerEvent: {}
[508.241980] (-) TimerEvent: {}
[508.342754] (-) TimerEvent: {}
[508.443469] (-) TimerEvent: {}
[508.544292] (-) TimerEvent: {}
[508.645149] (-) TimerEvent: {}
[508.746029] (-) TimerEvent: {}
[508.847022] (-) TimerEvent: {}
[508.948123] (-) TimerEvent: {}
[509.048860] (-) TimerEvent: {}
[509.149583] (-) TimerEvent: {}
[509.250312] (-) TimerEvent: {}
[509.351095] (-) TimerEvent: {}
[509.452044] (-) TimerEvent: {}
[509.532499] (ublox_msgs) StdoutLine: {'line': b'[ 88%] \x1b[32m\x1b[1mLinking CXX shared library libublox_msgs_lib.so\x1b[0m\n'}
[509.552284] (-) TimerEvent: {}
[509.653214] (-) TimerEvent: {}
[509.754177] (-) TimerEvent: {}
[509.855043] (-) TimerEvent: {}
[509.956021] (-) TimerEvent: {}
[509.987431] (ublox_msgs) StdoutLine: {'line': b'[ 88%] Built target ublox_msgs_lib\n'}
[510.056226] (-) TimerEvent: {}
[510.156944] (-) TimerEvent: {}
[510.257632] (-) TimerEvent: {}
[510.358287] (-) TimerEvent: {}
[510.458933] (-) TimerEvent: {}
[510.559611] (-) TimerEvent: {}
[510.660279] (-) TimerEvent: {}
[510.760922] (-) TimerEvent: {}
[510.861645] (-) TimerEvent: {}
[510.962363] (-) TimerEvent: {}
[511.063002] (-) TimerEvent: {}
[511.163626] (-) TimerEvent: {}
[511.264253] (-) TimerEvent: {}
[511.364912] (-) TimerEvent: {}
[511.465577] (-) TimerEvent: {}
[511.566301] (-) TimerEvent: {}
[511.667023] (-) TimerEvent: {}
[511.767819] (-) TimerEvent: {}
[511.868482] (-) TimerEvent: {}
[511.969126] (-) TimerEvent: {}
[512.069808] (-) TimerEvent: {}
[512.170545] (-) TimerEvent: {}
[512.271211] (-) TimerEvent: {}
[512.371864] (-) TimerEvent: {}
[512.472563] (-) TimerEvent: {}
[512.573234] (-) TimerEvent: {}
[512.673955] (-) TimerEvent: {}
[512.774651] (-) TimerEvent: {}
[512.875285] (-) TimerEvent: {}
[512.975926] (-) TimerEvent: {}
[513.076598] (-) TimerEvent: {}
[513.177291] (-) TimerEvent: {}
[513.277995] (-) TimerEvent: {}
[513.378656] (-) TimerEvent: {}
[513.479350] (-) TimerEvent: {}
[513.580063] (-) TimerEvent: {}
[513.680845] (-) TimerEvent: {}
[513.781632] (-) TimerEvent: {}
[513.882392] (-) TimerEvent: {}
[513.983006] (-) TimerEvent: {}
[514.083700] (-) TimerEvent: {}
[514.184315] (-) TimerEvent: {}
[514.284969] (-) TimerEvent: {}
[514.385644] (-) TimerEvent: {}
[514.486568] (-) TimerEvent: {}
[514.587239] (-) TimerEvent: {}
[514.688153] (-) TimerEvent: {}
[514.788795] (-) TimerEvent: {}
[514.889473] (-) TimerEvent: {}
[514.990143] (-) TimerEvent: {}
[515.090783] (-) TimerEvent: {}
[515.191426] (-) TimerEvent: {}
[515.292053] (-) TimerEvent: {}
[515.392829] (-) TimerEvent: {}
[515.493521] (-) TimerEvent: {}
[515.594253] (-) TimerEvent: {}
[515.694934] (-) TimerEvent: {}
[515.795591] (-) TimerEvent: {}
[515.896260] (-) TimerEvent: {}
[515.996896] (-) TimerEvent: {}
[516.097726] (-) TimerEvent: {}
[516.198697] (-) TimerEvent: {}
[516.299827] (-) TimerEvent: {}
[516.400782] (-) TimerEvent: {}
[516.501457] (-) TimerEvent: {}
[516.602162] (-) TimerEvent: {}
[516.702845] (-) TimerEvent: {}
[516.803523] (-) TimerEvent: {}
[516.904160] (-) TimerEvent: {}
[517.004788] (-) TimerEvent: {}
[517.105512] (-) TimerEvent: {}
[517.206222] (-) TimerEvent: {}
[517.306894] (-) TimerEvent: {}
[517.407581] (-) TimerEvent: {}
[517.508289] (-) TimerEvent: {}
[517.609062] (-) TimerEvent: {}
[517.709932] (-) TimerEvent: {}
[517.810605] (-) TimerEvent: {}
[517.911279] (-) TimerEvent: {}
[518.011969] (-) TimerEvent: {}
[518.112664] (-) TimerEvent: {}
[518.213353] (-) TimerEvent: {}
[518.314081] (-) TimerEvent: {}
[518.414760] (-) TimerEvent: {}
[518.515423] (-) TimerEvent: {}
[518.616112] (-) TimerEvent: {}
[518.716767] (-) TimerEvent: {}
[518.817356] (-) TimerEvent: {}
[518.917990] (-) TimerEvent: {}
[519.018689] (-) TimerEvent: {}
[519.119339] (-) TimerEvent: {}
[519.219994] (-) TimerEvent: {}
[519.320681] (-) TimerEvent: {}
[519.421328] (-) TimerEvent: {}
[519.521993] (-) TimerEvent: {}
[519.622646] (-) TimerEvent: {}
[519.723622] (-) TimerEvent: {}
[519.824314] (-) TimerEvent: {}
[519.925003] (-) TimerEvent: {}
[520.025672] (-) TimerEvent: {}
[520.126410] (-) TimerEvent: {}
[520.227260] (-) TimerEvent: {}
[520.327936] (-) TimerEvent: {}
[520.428631] (-) TimerEvent: {}
[520.529328] (-) TimerEvent: {}
[520.629991] (-) TimerEvent: {}
[520.730647] (-) TimerEvent: {}
[520.831298] (-) TimerEvent: {}
[520.931989] (-) TimerEvent: {}
[521.032669] (-) TimerEvent: {}
[521.133273] (-) TimerEvent: {}
[521.233866] (-) TimerEvent: {}
[521.334486] (-) TimerEvent: {}
[521.435136] (-) TimerEvent: {}
[521.535790] (-) TimerEvent: {}
[521.636601] (-) TimerEvent: {}
[521.737321] (-) TimerEvent: {}
[521.837991] (-) TimerEvent: {}
[521.938638] (-) TimerEvent: {}
[522.039289] (-) TimerEvent: {}
[522.139947] (-) TimerEvent: {}
[522.240641] (-) TimerEvent: {}
[522.341384] (-) TimerEvent: {}
[522.442072] (-) TimerEvent: {}
[522.542718] (-) TimerEvent: {}
[522.643385] (-) TimerEvent: {}
[522.744136] (-) TimerEvent: {}
[522.845006] (-) TimerEvent: {}
[522.945689] (-) TimerEvent: {}
[523.046385] (-) TimerEvent: {}
[523.147023] (-) TimerEvent: {}
[523.247692] (-) TimerEvent: {}
[523.348455] (-) TimerEvent: {}
[523.449137] (-) TimerEvent: {}
[523.549929] (-) TimerEvent: {}
[523.650585] (-) TimerEvent: {}
[523.751238] (-) TimerEvent: {}
[523.851880] (-) TimerEvent: {}
[523.952583] (-) TimerEvent: {}
[524.053261] (-) TimerEvent: {}
[524.153972] (-) TimerEvent: {}
[524.254700] (-) TimerEvent: {}
[524.355361] (-) TimerEvent: {}
[524.456035] (-) TimerEvent: {}
[524.556685] (-) TimerEvent: {}
[524.657339] (-) TimerEvent: {}
[524.758191] (-) TimerEvent: {}
[524.858905] (-) TimerEvent: {}
[524.959567] (-) TimerEvent: {}
[525.060247] (-) TimerEvent: {}
[525.160935] (-) TimerEvent: {}
[525.261625] (-) TimerEvent: {}
[525.362323] (-) TimerEvent: {}
[525.463044] (-) TimerEvent: {}
[525.563728] (-) TimerEvent: {}
[525.664423] (-) TimerEvent: {}
[525.765103] (-) TimerEvent: {}
[525.865780] (-) TimerEvent: {}
[525.966493] (-) TimerEvent: {}
[526.067219] (-) TimerEvent: {}
[526.167928] (-) TimerEvent: {}
[526.268717] (-) TimerEvent: {}
[526.369664] (-) TimerEvent: {}
[526.470386] (-) TimerEvent: {}
[526.571063] (-) TimerEvent: {}
[526.671799] (-) TimerEvent: {}
[526.772456] (-) TimerEvent: {}
[526.873145] (-) TimerEvent: {}
[526.973993] (-) TimerEvent: {}
[527.074852] (-) TimerEvent: {}
[527.175540] (-) TimerEvent: {}
[527.276256] (-) TimerEvent: {}
[527.376932] (-) TimerEvent: {}
[527.477619] (-) TimerEvent: {}
[527.578340] (-) TimerEvent: {}
[527.679015] (-) TimerEvent: {}
[527.779683] (-) TimerEvent: {}
[527.880419] (-) TimerEvent: {}
[527.981104] (-) TimerEvent: {}
[528.081791] (-) TimerEvent: {}
[528.182483] (-) TimerEvent: {}
[528.283158] (-) TimerEvent: {}
[528.383833] (-) TimerEvent: {}
[528.484499] (-) TimerEvent: {}
[528.585227] (-) TimerEvent: {}
[528.685942] (-) TimerEvent: {}
[528.786613] (-) TimerEvent: {}
[528.887298] (-) TimerEvent: {}
[528.987965] (-) TimerEvent: {}
[529.088627] (-) TimerEvent: {}
[529.189319] (-) TimerEvent: {}
[529.290070] (-) TimerEvent: {}
[529.390829] (-) TimerEvent: {}
[529.491629] (-) TimerEvent: {}
[529.592325] (-) TimerEvent: {}
[529.693018] (-) TimerEvent: {}
[529.797319] (-) TimerEvent: {}
[529.897999] (-) TimerEvent: {}
[529.998674] (-) TimerEvent: {}
[530.099376] (-) TimerEvent: {}
[530.200119] (-) TimerEvent: {}
[530.300743] (-) TimerEvent: {}
[530.401382] (-) TimerEvent: {}
[530.502094] (-) TimerEvent: {}
[530.602777] (-) TimerEvent: {}
[530.703460] (-) TimerEvent: {}
[530.804192] (-) TimerEvent: {}
[530.904870] (-) TimerEvent: {}
[531.005556] (-) TimerEvent: {}
[531.106272] (-) TimerEvent: {}
[531.206957] (-) TimerEvent: {}
[531.307626] (-) TimerEvent: {}
[531.408322] (-) TimerEvent: {}
[531.509053] (-) TimerEvent: {}
[531.609774] (-) TimerEvent: {}
[531.710483] (-) TimerEvent: {}
[531.811173] (-) TimerEvent: {}
[531.911851] (-) TimerEvent: {}
[532.012495] (-) TimerEvent: {}
[532.113205] (-) TimerEvent: {}
[532.214072] (-) TimerEvent: {}
[532.315018] (-) TimerEvent: {}
[532.415696] (-) TimerEvent: {}
[532.516376] (-) TimerEvent: {}
[532.617100] (-) TimerEvent: {}
[532.717775] (-) TimerEvent: {}
[532.818530] (-) TimerEvent: {}
[532.919191] (-) TimerEvent: {}
[533.019874] (-) TimerEvent: {}
[533.120560] (-) TimerEvent: {}
[533.221270] (-) TimerEvent: {}
[533.322004] (-) TimerEvent: {}
[533.422683] (-) TimerEvent: {}
[533.523355] (-) TimerEvent: {}
[533.624043] (-) TimerEvent: {}
[533.724704] (-) TimerEvent: {}
[533.825371] (-) TimerEvent: {}
[533.926219] (-) TimerEvent: {}
[534.027162] (-) TimerEvent: {}
[534.127858] (-) TimerEvent: {}
[534.228522] (-) TimerEvent: {}
[534.329178] (-) TimerEvent: {}
[534.429886] (-) TimerEvent: {}
[534.530583] (-) TimerEvent: {}
[534.631234] (-) TimerEvent: {}
[534.731875] (-) TimerEvent: {}
[534.832638] (-) TimerEvent: {}
[534.933306] (-) TimerEvent: {}
[535.033957] (-) TimerEvent: {}
[535.134592] (-) TimerEvent: {}
[535.235261] (-) TimerEvent: {}
[535.335969] (-) TimerEvent: {}
[535.436741] (-) TimerEvent: {}
[535.537404] (-) TimerEvent: {}
[535.638095] (-) TimerEvent: {}
[535.738851] (-) TimerEvent: {}
[535.840190] (-) TimerEvent: {}
[535.940862] (-) TimerEvent: {}
[536.041551] (-) TimerEvent: {}
[536.142237] (-) TimerEvent: {}
[536.243000] (-) TimerEvent: {}
[536.343874] (-) TimerEvent: {}
[536.444532] (-) TimerEvent: {}
[536.545214] (-) TimerEvent: {}
[536.645917] (-) TimerEvent: {}
[536.746584] (-) TimerEvent: {}
[536.847231] (-) TimerEvent: {}
[536.947895] (-) TimerEvent: {}
[537.048537] (-) TimerEvent: {}
[537.149209] (-) TimerEvent: {}
[537.249941] (-) TimerEvent: {}
[537.350592] (-) TimerEvent: {}
[537.451239] (-) TimerEvent: {}
[537.551926] (-) TimerEvent: {}
[537.652653] (-) TimerEvent: {}
[537.753351] (-) TimerEvent: {}
[537.854003] (-) TimerEvent: {}
[537.954660] (-) TimerEvent: {}
[538.055320] (-) TimerEvent: {}
[538.155965] (-) TimerEvent: {}
[538.256608] (-) TimerEvent: {}
[538.357510] (-) TimerEvent: {}
[538.458406] (-) TimerEvent: {}
[538.559092] (-) TimerEvent: {}
[538.659766] (-) TimerEvent: {}
[538.760458] (-) TimerEvent: {}
[538.861173] (-) TimerEvent: {}
[538.962021] (-) TimerEvent: {}
[539.062786] (-) TimerEvent: {}
[539.163446] (-) TimerEvent: {}
[539.264123] (-) TimerEvent: {}
[539.364786] (-) TimerEvent: {}
[539.465499] (-) TimerEvent: {}
[539.566228] (-) TimerEvent: {}
[539.666896] (-) TimerEvent: {}
[539.767518] (-) TimerEvent: {}
[539.868327] (-) TimerEvent: {}
[539.968994] (-) TimerEvent: {}
[540.069725] (-) TimerEvent: {}
[540.170413] (-) TimerEvent: {}
[540.271110] (-) TimerEvent: {}
[540.371771] (-) TimerEvent: {}
[540.472421] (-) TimerEvent: {}
[540.573124] (-) TimerEvent: {}
[540.673812] (-) TimerEvent: {}
[540.774564] (-) TimerEvent: {}
[540.875240] (-) TimerEvent: {}
[540.975923] (-) TimerEvent: {}
[541.076604] (-) TimerEvent: {}
[541.177290] (-) TimerEvent: {}
[541.277989] (-) TimerEvent: {}
[541.378699] (-) TimerEvent: {}
[541.479394] (-) TimerEvent: {}
[541.580078] (-) TimerEvent: {}
[541.680744] (-) TimerEvent: {}
[541.781405] (-) TimerEvent: {}
[541.882106] (-) TimerEvent: {}
[541.982826] (-) TimerEvent: {}
[542.083632] (-) TimerEvent: {}
[542.184377] (-) TimerEvent: {}
[542.285056] (-) TimerEvent: {}
[542.385727] (-) TimerEvent: {}
[542.486458] (-) TimerEvent: {}
[542.587131] (-) TimerEvent: {}
[542.687857] (-) TimerEvent: {}
[542.788550] (-) TimerEvent: {}
[542.889236] (-) TimerEvent: {}
[542.989963] (-) TimerEvent: {}
[543.090664] (-) TimerEvent: {}
[543.191349] (-) TimerEvent: {}
[543.292111] (-) TimerEvent: {}
[543.392821] (-) TimerEvent: {}
[543.493475] (-) TimerEvent: {}
[543.594129] (-) TimerEvent: {}
[543.694801] (-) TimerEvent: {}
[543.795426] (-) TimerEvent: {}
[543.896119] (-) TimerEvent: {}
[543.996834] (-) TimerEvent: {}
[544.097514] (-) TimerEvent: {}
[544.198231] (-) TimerEvent: {}
[544.298868] (-) TimerEvent: {}
[544.399517] (-) TimerEvent: {}
[544.500194] (-) TimerEvent: {}
[544.600895] (-) TimerEvent: {}
[544.701573] (-) TimerEvent: {}
[544.802284] (-) TimerEvent: {}
[544.903120] (-) TimerEvent: {}
[545.003799] (-) TimerEvent: {}
[545.104446] (-) TimerEvent: {}
[545.205261] (-) TimerEvent: {}
[545.306087] (-) TimerEvent: {}
[545.406778] (-) TimerEvent: {}
[545.507461] (-) TimerEvent: {}
[545.608257] (-) TimerEvent: {}
[545.709343] (-) TimerEvent: {}
[545.809998] (-) TimerEvent: {}
[545.910647] (-) TimerEvent: {}
[546.011315] (-) TimerEvent: {}
[546.111989] (-) TimerEvent: {}
[546.212665] (-) TimerEvent: {}
[546.313490] (-) TimerEvent: {}
[546.414437] (-) TimerEvent: {}
[546.515068] (-) TimerEvent: {}
[546.615715] (-) TimerEvent: {}
[546.716414] (-) TimerEvent: {}
[546.817093] (-) TimerEvent: {}
[546.917755] (-) TimerEvent: {}
[547.018515] (-) TimerEvent: {}
[547.119172] (-) TimerEvent: {}
[547.219820] (-) TimerEvent: {}
[547.320496] (-) TimerEvent: {}
[547.421169] (-) TimerEvent: {}
[547.521905] (-) TimerEvent: {}
[547.622611] (-) TimerEvent: {}
[547.723278] (-) TimerEvent: {}
[547.823954] (-) TimerEvent: {}
[547.924638] (-) TimerEvent: {}
[548.025316] (-) TimerEvent: {}
[548.126006] (-) TimerEvent: {}
[548.226688] (-) TimerEvent: {}
[548.327383] (-) TimerEvent: {}
[548.428174] (-) TimerEvent: {}
[548.528860] (-) TimerEvent: {}
[548.629595] (-) TimerEvent: {}
[548.730355] (-) TimerEvent: {}
[548.831097] (-) TimerEvent: {}
[548.931807] (-) TimerEvent: {}
[549.032492] (-) TimerEvent: {}
[549.133304] (-) TimerEvent: {}
[549.234168] (-) TimerEvent: {}
[549.334813] (-) TimerEvent: {}
[549.435483] (-) TimerEvent: {}
[549.536113] (-) TimerEvent: {}
[549.636788] (-) TimerEvent: {}
[549.737430] (-) TimerEvent: {}
[549.838147] (-) TimerEvent: {}
[549.938918] (-) TimerEvent: {}
[550.039556] (-) TimerEvent: {}
[550.140267] (-) TimerEvent: {}
[550.240942] (-) TimerEvent: {}
[550.341651] (-) TimerEvent: {}
[550.442347] (-) TimerEvent: {}
[550.543032] (-) TimerEvent: {}
[550.643688] (-) TimerEvent: {}
[550.744318] (-) TimerEvent: {}
[550.845042] (-) TimerEvent: {}
[550.945695] (-) TimerEvent: {}
[551.046357] (-) TimerEvent: {}
[551.146981] (-) TimerEvent: {}
[551.247606] (-) TimerEvent: {}
[551.348242] (-) TimerEvent: {}
[551.448891] (-) TimerEvent: {}
[551.549596] (-) TimerEvent: {}
[551.650298] (-) TimerEvent: {}
[551.750928] (-) TimerEvent: {}
[551.851645] (-) TimerEvent: {}
[551.952432] (-) TimerEvent: {}
[552.053314] (-) TimerEvent: {}
[552.153980] (-) TimerEvent: {}
[552.254693] (-) TimerEvent: {}
[552.355490] (-) TimerEvent: {}
[552.456199] (-) TimerEvent: {}
[552.556804] (-) TimerEvent: {}
[552.657438] (-) TimerEvent: {}
[552.758145] (-) TimerEvent: {}
[552.858771] (-) TimerEvent: {}
[552.959417] (-) TimerEvent: {}
[553.060098] (-) TimerEvent: {}
[553.160764] (-) TimerEvent: {}
[553.261410] (-) TimerEvent: {}
[553.362113] (-) TimerEvent: {}
[553.462794] (-) TimerEvent: {}
[553.563462] (-) TimerEvent: {}
[553.664167] (-) TimerEvent: {}
[553.764872] (-) TimerEvent: {}
[553.865568] (-) TimerEvent: {}
[553.966289] (-) TimerEvent: {}
[554.066954] (-) TimerEvent: {}
[554.167668] (-) TimerEvent: {}
[554.268344] (-) TimerEvent: {}
[554.369002] (-) TimerEvent: {}
[554.469691] (-) TimerEvent: {}
[554.570421] (-) TimerEvent: {}
[554.671131] (-) TimerEvent: {}
[554.771877] (-) TimerEvent: {}
[554.872636] (-) TimerEvent: {}
[554.973447] (-) TimerEvent: {}
[555.074139] (-) TimerEvent: {}
[555.174814] (-) TimerEvent: {}
[555.275477] (-) TimerEvent: {}
[555.376176] (-) TimerEvent: {}
[555.476842] (-) TimerEvent: {}
[555.577504] (-) TimerEvent: {}
[555.678209] (-) TimerEvent: {}
[555.778883] (-) TimerEvent: {}
[555.879558] (-) TimerEvent: {}
[555.980246] (-) TimerEvent: {}
[556.081036] (-) TimerEvent: {}
[556.181784] (-) TimerEvent: {}
[556.282540] (-) TimerEvent: {}
[556.383222] (-) TimerEvent: {}
[556.483833] (-) TimerEvent: {}
[556.584461] (-) TimerEvent: {}
[556.685150] (-) TimerEvent: {}
[556.785800] (-) TimerEvent: {}
[556.886487] (-) TimerEvent: {}
[556.987146] (-) TimerEvent: {}
[557.087815] (-) TimerEvent: {}
[557.188561] (-) TimerEvent: {}
[557.289282] (-) TimerEvent: {}
[557.389981] (-) TimerEvent: {}
[557.490638] (-) TimerEvent: {}
[557.591300] (-) TimerEvent: {}
[557.692000] (-) TimerEvent: {}
[557.792831] (-) TimerEvent: {}
[557.893713] (-) TimerEvent: {}
[557.994419] (-) TimerEvent: {}
[558.095063] (-) TimerEvent: {}
[558.195720] (-) TimerEvent: {}
[558.296423] (-) TimerEvent: {}
[558.397742] (-) TimerEvent: {}
[558.498468] (-) TimerEvent: {}
[558.599175] (-) TimerEvent: {}
[558.699974] (-) TimerEvent: {}
[558.800572] (-) TimerEvent: {}
[558.901195] (-) TimerEvent: {}
[559.001906] (-) TimerEvent: {}
[559.102565] (-) TimerEvent: {}
[559.203238] (-) TimerEvent: {}
[559.303903] (-) TimerEvent: {}
[559.404598] (-) TimerEvent: {}
[559.505270] (-) TimerEvent: {}
[559.605967] (-) TimerEvent: {}
[559.706676] (-) TimerEvent: {}
[559.807346] (-) TimerEvent: {}
[559.908053] (-) TimerEvent: {}
[560.008762] (-) TimerEvent: {}
[560.109469] (-) TimerEvent: {}
[560.210274] (-) TimerEvent: {}
[560.310974] (-) TimerEvent: {}
[560.411647] (-) TimerEvent: {}
[560.512369] (-) TimerEvent: {}
[560.613085] (-) TimerEvent: {}
[560.713770] (-) TimerEvent: {}
[560.814487] (-) TimerEvent: {}
[560.915278] (-) TimerEvent: {}
[561.016162] (-) TimerEvent: {}
[561.116826] (-) TimerEvent: {}
[561.217641] (-) TimerEvent: {}
[561.318475] (-) TimerEvent: {}
[561.419195] (-) TimerEvent: {}
[561.519849] (-) TimerEvent: {}
[561.620512] (-) TimerEvent: {}
[561.721205] (-) TimerEvent: {}
[561.821932] (-) TimerEvent: {}
[561.922581] (-) TimerEvent: {}
[562.023230] (-) TimerEvent: {}
[562.123940] (-) TimerEvent: {}
[562.224627] (-) TimerEvent: {}
[562.325315] (-) TimerEvent: {}
[562.425987] (-) TimerEvent: {}
[562.526661] (-) TimerEvent: {}
[562.627332] (-) TimerEvent: {}
[562.728006] (-) TimerEvent: {}
[562.828846] (-) TimerEvent: {}
[562.929753] (-) TimerEvent: {}
[563.030443] (-) TimerEvent: {}
[563.131129] (-) TimerEvent: {}
[563.231856] (-) TimerEvent: {}
[563.332676] (-) TimerEvent: {}
[563.433366] (-) TimerEvent: {}
[563.534009] (-) TimerEvent: {}
[563.634679] (-) TimerEvent: {}
[563.735353] (-) TimerEvent: {}
[563.836059] (-) TimerEvent: {}
[563.936731] (-) TimerEvent: {}
[564.037420] (-) TimerEvent: {}
[564.138132] (-) TimerEvent: {}
[564.238810] (-) TimerEvent: {}
[564.339491] (-) TimerEvent: {}
[564.440167] (-) TimerEvent: {}
[564.540858] (-) TimerEvent: {}
[564.641594] (-) TimerEvent: {}
[564.742376] (-) TimerEvent: {}
[564.843038] (-) TimerEvent: {}
[564.943677] (-) TimerEvent: {}
[565.044346] (-) TimerEvent: {}
[565.145022] (-) TimerEvent: {}
[565.245842] (-) TimerEvent: {}
[565.346772] (-) TimerEvent: {}
[565.447648] (-) TimerEvent: {}
[565.548314] (-) TimerEvent: {}
[565.649048] (-) TimerEvent: {}
[565.750053] (-) TimerEvent: {}
[565.850692] (-) TimerEvent: {}
[565.951375] (-) TimerEvent: {}
[566.052058] (-) TimerEvent: {}
[566.152774] (-) TimerEvent: {}
[566.253507] (-) TimerEvent: {}
[566.354264] (-) TimerEvent: {}
[566.454952] (-) TimerEvent: {}
[566.555714] (-) TimerEvent: {}
[566.656519] (-) TimerEvent: {}
[566.757227] (-) TimerEvent: {}
[566.858012] (-) TimerEvent: {}
[566.958806] (-) TimerEvent: {}
[567.059465] (-) TimerEvent: {}
[567.160119] (-) TimerEvent: {}
[567.260888] (-) TimerEvent: {}
[567.362003] (-) TimerEvent: {}
[567.462879] (-) TimerEvent: {}
[567.563570] (-) TimerEvent: {}
[567.664268] (-) TimerEvent: {}
[567.764942] (-) TimerEvent: {}
[567.865619] (-) TimerEvent: {}
[567.966347] (-) TimerEvent: {}
[568.067007] (-) TimerEvent: {}
[568.167666] (-) TimerEvent: {}
[568.268339] (-) TimerEvent: {}
[568.369001] (-) TimerEvent: {}
[568.469675] (-) TimerEvent: {}
[568.570376] (-) TimerEvent: {}
[568.671112] (-) TimerEvent: {}
[568.771828] (-) TimerEvent: {}
[568.872548] (-) TimerEvent: {}
[568.973228] (-) TimerEvent: {}
[569.073920] (-) TimerEvent: {}
[569.174583] (-) TimerEvent: {}
[569.275247] (-) TimerEvent: {}
[569.375953] (-) TimerEvent: {}
[569.476613] (-) TimerEvent: {}
[569.577291] (-) TimerEvent: {}
[569.677976] (-) TimerEvent: {}
[569.778620] (-) TimerEvent: {}
[569.879274] (-) TimerEvent: {}
[569.979956] (-) TimerEvent: {}
[570.080956] (-) TimerEvent: {}
[570.181711] (-) TimerEvent: {}
[570.282415] (-) TimerEvent: {}
[570.383091] (-) TimerEvent: {}
[570.483753] (-) TimerEvent: {}
[570.584523] (-) TimerEvent: {}
[570.685211] (-) TimerEvent: {}
[570.785914] (-) TimerEvent: {}
[570.886594] (-) TimerEvent: {}
[570.987288] (-) TimerEvent: {}
[571.088133] (-) TimerEvent: {}
[571.189274] (-) TimerEvent: {}
[571.289962] (-) TimerEvent: {}
[571.390625] (-) TimerEvent: {}
[571.491317] (-) TimerEvent: {}
[571.592012] (-) TimerEvent: {}
[571.692703] (-) TimerEvent: {}
[571.793431] (-) TimerEvent: {}
[571.894164] (-) TimerEvent: {}
[571.994862] (-) TimerEvent: {}
[572.095541] (-) TimerEvent: {}
[572.196228] (-) TimerEvent: {}
[572.296928] (-) TimerEvent: {}
[572.397605] (-) TimerEvent: {}
[572.498309] (-) TimerEvent: {}
[572.598987] (-) TimerEvent: {}
[572.699669] (-) TimerEvent: {}
[572.800317] (-) TimerEvent: {}
[572.900978] (-) TimerEvent: {}
[573.001718] (-) TimerEvent: {}
[573.102458] (-) TimerEvent: {}
[573.203152] (-) TimerEvent: {}
[573.303897] (-) TimerEvent: {}
[573.404650] (-) TimerEvent: {}
[573.505382] (-) TimerEvent: {}
[573.606213] (-) TimerEvent: {}
[573.707038] (-) TimerEvent: {}
[573.807722] (-) TimerEvent: {}
[573.908412] (-) TimerEvent: {}
[574.009121] (-) TimerEvent: {}
[574.109912] (-) TimerEvent: {}
[574.210620] (-) TimerEvent: {}
[574.311289] (-) TimerEvent: {}
[574.411978] (-) TimerEvent: {}
[574.512639] (-) TimerEvent: {}
[574.613341] (-) TimerEvent: {}
[574.714032] (-) TimerEvent: {}
[574.814794] (-) TimerEvent: {}
[574.915477] (-) TimerEvent: {}
[575.016097] (-) TimerEvent: {}
[575.116755] (-) TimerEvent: {}
[575.217415] (-) TimerEvent: {}
[575.318052] (-) TimerEvent: {}
[575.418800] (-) TimerEvent: {}
[575.519500] (-) TimerEvent: {}
[575.620143] (-) TimerEvent: {}
[575.720812] (-) TimerEvent: {}
[575.821497] (-) TimerEvent: {}
[575.922212] (-) TimerEvent: {}
[576.022873] (-) TimerEvent: {}
[576.123603] (-) TimerEvent: {}
[576.224262] (-) TimerEvent: {}
[576.324943] (-) TimerEvent: {}
[576.425604] (-) TimerEvent: {}
[576.526304] (-) TimerEvent: {}
[576.626981] (-) TimerEvent: {}
[576.727771] (-) TimerEvent: {}
[576.828743] (-) TimerEvent: {}
[576.929494] (-) TimerEvent: {}
[577.030164] (-) TimerEvent: {}
[577.130816] (-) TimerEvent: {}
[577.231496] (-) TimerEvent: {}
[577.332169] (-) TimerEvent: {}
[577.432855] (-) TimerEvent: {}
[577.533497] (-) TimerEvent: {}
[577.634260] (-) TimerEvent: {}
[577.734933] (-) TimerEvent: {}
[577.835671] (-) TimerEvent: {}
[577.936368] (-) TimerEvent: {}
[578.037099] (-) TimerEvent: {}
[578.137759] (-) TimerEvent: {}
[578.238432] (-) TimerEvent: {}
[578.339093] (-) TimerEvent: {}
[578.439773] (-) TimerEvent: {}
[578.540452] (-) TimerEvent: {}
[578.641160] (-) TimerEvent: {}
[578.741897] (-) TimerEvent: {}
[578.842532] (-) TimerEvent: {}
[578.943177] (-) TimerEvent: {}
[579.043879] (-) TimerEvent: {}
[579.144567] (-) TimerEvent: {}
[579.245259] (-) TimerEvent: {}
[579.346009] (-) TimerEvent: {}
[579.446667] (-) TimerEvent: {}
[579.547356] (-) TimerEvent: {}
[579.648029] (-) TimerEvent: {}
[579.748719] (-) TimerEvent: {}
[579.849539] (-) TimerEvent: {}
[579.950618] (-) TimerEvent: {}
[580.051302] (-) TimerEvent: {}
[580.151916] (-) TimerEvent: {}
[580.252596] (-) TimerEvent: {}
[580.353489] (-) TimerEvent: {}
[580.454633] (-) TimerEvent: {}
[580.555318] (-) TimerEvent: {}
[580.656003] (-) TimerEvent: {}
[580.756686] (-) TimerEvent: {}
[580.857342] (-) TimerEvent: {}
[580.958023] (-) TimerEvent: {}
[581.058703] (-) TimerEvent: {}
[581.159344] (-) TimerEvent: {}
[581.260053] (-) TimerEvent: {}
[581.360735] (-) TimerEvent: {}
[581.461404] (-) TimerEvent: {}
[581.562115] (-) TimerEvent: {}
[581.662846] (-) TimerEvent: {}
[581.763486] (-) TimerEvent: {}
[581.864144] (-) TimerEvent: {}
[581.964823] (-) TimerEvent: {}
[582.065512] (-) TimerEvent: {}
[582.166219] (-) TimerEvent: {}
[582.266867] (-) TimerEvent: {}
[582.367572] (-) TimerEvent: {}
[582.468258] (-) TimerEvent: {}
[582.568941] (-) TimerEvent: {}
[582.669689] (-) TimerEvent: {}
[582.770421] (-) TimerEvent: {}
[582.871054] (-) TimerEvent: {}
[582.971711] (-) TimerEvent: {}
[583.072438] (-) TimerEvent: {}
[583.173132] (-) TimerEvent: {}
[583.273813] (-) TimerEvent: {}
[583.374515] (-) TimerEvent: {}
[583.475363] (-) TimerEvent: {}
[583.576255] (-) TimerEvent: {}
[583.676939] (-) TimerEvent: {}
[583.777615] (-) TimerEvent: {}
[583.878372] (-) TimerEvent: {}
[583.979089] (-) TimerEvent: {}
[584.079764] (-) TimerEvent: {}
[584.180449] (-) TimerEvent: {}
[584.281165] (-) TimerEvent: {}
[584.381826] (-) TimerEvent: {}
[584.482517] (-) TimerEvent: {}
[584.583167] (-) TimerEvent: {}
[584.683826] (-) TimerEvent: {}
[584.784524] (-) TimerEvent: {}
[584.885240] (-) TimerEvent: {}
[584.985960] (-) TimerEvent: {}
[585.086788] (-) TimerEvent: {}
[585.187475] (-) TimerEvent: {}
[585.288175] (-) TimerEvent: {}
[585.388840] (-) TimerEvent: {}
[585.489541] (-) TimerEvent: {}
[585.590264] (-) TimerEvent: {}
[585.690941] (-) TimerEvent: {}
[585.791620] (-) TimerEvent: {}
[585.892308] (-) TimerEvent: {}
[585.993026] (-) TimerEvent: {}
[586.093731] (-) TimerEvent: {}
[586.194492] (-) TimerEvent: {}
[586.295130] (-) TimerEvent: {}
[586.395797] (-) TimerEvent: {}
[586.496499] (-) TimerEvent: {}
[586.597208] (-) TimerEvent: {}
[586.697906] (-) TimerEvent: {}
[586.798608] (-) TimerEvent: {}
[586.899297] (-) TimerEvent: {}
[586.999965] (-) TimerEvent: {}
[587.100631] (-) TimerEvent: {}
[587.201303] (-) TimerEvent: {}
[587.302014] (-) TimerEvent: {}
[587.402740] (-) TimerEvent: {}
[587.503426] (-) TimerEvent: {}
[587.604123] (-) TimerEvent: {}
[587.704819] (-) TimerEvent: {}
[587.805501] (-) TimerEvent: {}
[587.906225] (-) TimerEvent: {}
[588.006908] (-) TimerEvent: {}
[588.107648] (-) TimerEvent: {}
[588.208337] (-) TimerEvent: {}
[588.309021] (-) TimerEvent: {}
[588.409704] (-) TimerEvent: {}
[588.510408] (-) TimerEvent: {}
[588.611067] (-) TimerEvent: {}
[588.711802] (-) TimerEvent: {}
[588.812469] (-) TimerEvent: {}
[588.913158] (-) TimerEvent: {}
[589.013846] (-) TimerEvent: {}
[589.114545] (-) TimerEvent: {}
[589.215226] (-) TimerEvent: {}
[589.315903] (-) TimerEvent: {}
[589.416582] (-) TimerEvent: {}
[589.517225] (-) TimerEvent: {}
[589.617913] (-) TimerEvent: {}
[589.718677] (-) TimerEvent: {}
[589.819513] (-) TimerEvent: {}
[589.920173] (-) TimerEvent: {}
[590.020912] (-) TimerEvent: {}
[590.121712] (-) TimerEvent: {}
[590.222425] (-) TimerEvent: {}
[590.323114] (-) TimerEvent: {}
[590.423799] (-) TimerEvent: {}
[590.524546] (-) TimerEvent: {}
[590.625218] (-) TimerEvent: {}
[590.725945] (-) TimerEvent: {}
[590.826637] (-) TimerEvent: {}
[590.927318] (-) TimerEvent: {}
[591.028018] (-) TimerEvent: {}
[591.128696] (-) TimerEvent: {}
[591.229430] (-) TimerEvent: {}
[591.330137] (-) TimerEvent: {}
[591.430811] (-) TimerEvent: {}
[591.531489] (-) TimerEvent: {}
[591.632160] (-) TimerEvent: {}
[591.732829] (-) TimerEvent: {}
[591.833504] (-) TimerEvent: {}
[591.934264] (-) TimerEvent: {}
[592.034938] (-) TimerEvent: {}
[592.135695] (-) TimerEvent: {}
[592.236545] (-) TimerEvent: {}
[592.337319] (-) TimerEvent: {}
[592.438261] (-) TimerEvent: {}
[592.538940] (-) TimerEvent: {}
[592.639624] (-) TimerEvent: {}
[592.740363] (-) TimerEvent: {}
[592.841035] (-) TimerEvent: {}
[592.941734] (-) TimerEvent: {}
[593.042508] (-) TimerEvent: {}
[593.143208] (-) TimerEvent: {}
[593.243902] (-) TimerEvent: {}
[593.344605] (-) TimerEvent: {}
[593.445289] (-) TimerEvent: {}
[593.545998] (-) TimerEvent: {}
[593.646738] (-) TimerEvent: {}
[593.747416] (-) TimerEvent: {}
[593.848100] (-) TimerEvent: {}
[593.948898] (-) TimerEvent: {}
[594.049875] (-) TimerEvent: {}
[594.150849] (-) TimerEvent: {}
[594.251727] (-) TimerEvent: {}
[594.352433] (-) TimerEvent: {}
[594.453116] (-) TimerEvent: {}
[594.553970] (-) TimerEvent: {}
[594.654955] (-) TimerEvent: {}
[594.755639] (-) TimerEvent: {}
[594.856341] (-) TimerEvent: {}
[594.957030] (-) TimerEvent: {}
[595.057728] (-) TimerEvent: {}
[595.158633] (-) TimerEvent: {}
[595.259302] (-) TimerEvent: {}
[595.359993] (-) TimerEvent: {}
[595.460666] (-) TimerEvent: {}
[595.561376] (-) TimerEvent: {}
[595.662087] (-) TimerEvent: {}
[595.762772] (-) TimerEvent: {}
[595.863491] (-) TimerEvent: {}
[595.964177] (-) TimerEvent: {}
[596.064868] (-) TimerEvent: {}
[596.165548] (-) TimerEvent: {}
[596.266258] (-) TimerEvent: {}
[596.366909] (-) TimerEvent: {}
[596.467565] (-) TimerEvent: {}
[596.568323] (-) TimerEvent: {}
[596.669023] (-) TimerEvent: {}
[596.769703] (-) TimerEvent: {}
[596.870446] (-) TimerEvent: {}
[596.971134] (-) TimerEvent: {}
[597.071935] (-) TimerEvent: {}
[597.172962] (-) TimerEvent: {}
[597.273674] (-) TimerEvent: {}
[597.374394] (-) TimerEvent: {}
[597.475073] (-) TimerEvent: {}
[597.575739] (-) TimerEvent: {}
[597.676477] (-) TimerEvent: {}
[597.777181] (-) TimerEvent: {}
[597.877903] (-) TimerEvent: {}
[597.978603] (-) TimerEvent: {}
[598.079286] (-) TimerEvent: {}
[598.179963] (-) TimerEvent: {}
[598.280686] (-) TimerEvent: {}
[598.381383] (-) TimerEvent: {}
[598.482083] (-) TimerEvent: {}
[598.582762] (-) TimerEvent: {}
[598.683429] (-) TimerEvent: {}
[598.784192] (-) TimerEvent: {}
[598.885001] (-) TimerEvent: {}
[598.985693] (-) TimerEvent: {}
[599.086422] (-) TimerEvent: {}
[599.187106] (-) TimerEvent: {}
[599.287796] (-) TimerEvent: {}
[599.388496] (-) TimerEvent: {}
[599.489272] (-) TimerEvent: {}
[599.590179] (-) TimerEvent: {}
[599.690874] (-) TimerEvent: {}
[599.791550] (-) TimerEvent: {}
[599.892248] (-) TimerEvent: {}
[599.992943] (-) TimerEvent: {}
[600.093677] (-) TimerEvent: {}
[600.194517] (-) TimerEvent: {}
[600.295226] (-) TimerEvent: {}
[600.395920] (-) TimerEvent: {}
[600.496590] (-) TimerEvent: {}
[600.597265] (-) TimerEvent: {}
[600.698008] (-) TimerEvent: {}
[600.798674] (-) TimerEvent: {}
[600.899379] (-) TimerEvent: {}
[601.000149] (-) TimerEvent: {}
[601.100821] (-) TimerEvent: {}
[601.201651] (-) TimerEvent: {}
[601.302475] (-) TimerEvent: {}
[601.403152] (-) TimerEvent: {}
[601.503812] (-) TimerEvent: {}
[601.604499] (-) TimerEvent: {}
[601.705213] (-) TimerEvent: {}
[601.806018] (-) TimerEvent: {}
[601.906853] (-) TimerEvent: {}
[602.007561] (-) TimerEvent: {}
[602.108265] (-) TimerEvent: {}
[602.208963] (-) TimerEvent: {}
[602.309671] (-) TimerEvent: {}
[602.410412] (-) TimerEvent: {}
[602.511081] (-) TimerEvent: {}
[602.611734] (-) TimerEvent: {}
[602.712424] (-) TimerEvent: {}
[602.813128] (-) TimerEvent: {}
[602.913947] (-) TimerEvent: {}
[603.014660] (-) TimerEvent: {}
[603.115389] (-) TimerEvent: {}
[603.216081] (-) TimerEvent: {}
[603.316742] (-) TimerEvent: {}
[603.417493] (-) TimerEvent: {}
[603.518191] (-) TimerEvent: {}
[603.618860] (-) TimerEvent: {}
[603.719534] (-) TimerEvent: {}
[603.820307] (-) TimerEvent: {}
[603.920984] (-) TimerEvent: {}
[604.021677] (-) TimerEvent: {}
[604.122528] (-) TimerEvent: {}
[604.223746] (-) TimerEvent: {}
[604.324584] (-) TimerEvent: {}
[604.425277] (-) TimerEvent: {}
[604.525981] (-) TimerEvent: {}
[604.626661] (-) TimerEvent: {}
[604.727345] (-) TimerEvent: {}
[604.828078] (-) TimerEvent: {}
[604.928795] (-) TimerEvent: {}
[605.029638] (-) TimerEvent: {}
[605.130542] (-) TimerEvent: {}
[605.231351] (-) TimerEvent: {}
[605.332127] (-) TimerEvent: {}
[605.432826] (-) TimerEvent: {}
[605.533471] (-) TimerEvent: {}
[605.634182] (-) TimerEvent: {}
[605.734899] (-) TimerEvent: {}
[605.835561] (-) TimerEvent: {}
[605.936305] (-) TimerEvent: {}
[606.036967] (-) TimerEvent: {}
[606.137658] (-) TimerEvent: {}
[606.238362] (-) TimerEvent: {}
[606.339036] (-) TimerEvent: {}
[606.439723] (-) TimerEvent: {}
[606.540407] (-) TimerEvent: {}
[606.641171] (-) TimerEvent: {}
[606.742111] (-) TimerEvent: {}
[606.842947] (-) TimerEvent: {}
[606.943632] (-) TimerEvent: {}
[607.044323] (-) TimerEvent: {}
[607.145054] (-) TimerEvent: {}
[607.245739] (-) TimerEvent: {}
[607.346452] (-) TimerEvent: {}
[607.447139] (-) TimerEvent: {}
[607.547823] (-) TimerEvent: {}
[607.648503] (-) TimerEvent: {}
[607.749238] (-) TimerEvent: {}
[607.849918] (-) TimerEvent: {}
[607.950572] (-) TimerEvent: {}
[608.051238] (-) TimerEvent: {}
[608.151907] (-) TimerEvent: {}
[608.252584] (-) TimerEvent: {}
[608.353275] (-) TimerEvent: {}
[608.453989] (-) TimerEvent: {}
[608.554682] (-) TimerEvent: {}
[608.655386] (-) TimerEvent: {}
[608.756116] (-) TimerEvent: {}
[608.856847] (-) TimerEvent: {}
[608.957544] (-) TimerEvent: {}
[609.058357] (-) TimerEvent: {}
[609.159113] (-) TimerEvent: {}
[609.259951] (-) TimerEvent: {}
[609.360680] (-) TimerEvent: {}
[609.461600] (-) TimerEvent: {}
[609.562360] (-) TimerEvent: {}
[609.663041] (-) TimerEvent: {}
[609.763714] (-) TimerEvent: {}
[609.864398] (-) TimerEvent: {}
[609.965098] (-) TimerEvent: {}
[610.065778] (-) TimerEvent: {}
[610.166528] (-) TimerEvent: {}
[610.267292] (-) TimerEvent: {}
[610.368101] (-) TimerEvent: {}
[610.468777] (-) TimerEvent: {}
[610.569471] (-) TimerEvent: {}
[610.670172] (-) TimerEvent: {}
[610.770886] (-) TimerEvent: {}
[610.871571] (-) TimerEvent: {}
[610.972318] (-) TimerEvent: {}
[611.073094] (-) TimerEvent: {}
[611.173766] (-) TimerEvent: {}
[611.274473] (-) TimerEvent: {}
[611.375182] (-) TimerEvent: {}
[611.475946] (-) TimerEvent: {}
[611.576803] (-) TimerEvent: {}
[611.677493] (-) TimerEvent: {}
[611.778207] (-) TimerEvent: {}
[611.878889] (-) TimerEvent: {}
[611.979626] (-) TimerEvent: {}
[612.080345] (-) TimerEvent: {}
[612.181089] (-) TimerEvent: {}
[612.281763] (-) TimerEvent: {}
[612.382468] (-) TimerEvent: {}
[612.483127] (-) TimerEvent: {}
[612.583842] (-) TimerEvent: {}
[612.684512] (-) TimerEvent: {}
[612.785182] (-) TimerEvent: {}
[612.885884] (-) TimerEvent: {}
[612.986557] (-) TimerEvent: {}
[613.087216] (-) TimerEvent: {}
[613.187895] (-) TimerEvent: {}
[613.288627] (-) TimerEvent: {}
[613.389310] (-) TimerEvent: {}
[613.490072] (-) TimerEvent: {}
[613.590902] (-) TimerEvent: {}
[613.691582] (-) TimerEvent: {}
[613.792261] (-) TimerEvent: {}
[613.892975] (-) TimerEvent: {}
[613.993644] (-) TimerEvent: {}
[614.094499] (-) TimerEvent: {}
[614.195482] (-) TimerEvent: {}
[614.296171] (-) TimerEvent: {}
[614.396927] (-) TimerEvent: {}
[614.497637] (-) TimerEvent: {}
[614.598347] (-) TimerEvent: {}
[614.699022] (-) TimerEvent: {}
[614.799693] (-) TimerEvent: {}
[614.900334] (-) TimerEvent: {}
[615.001076] (-) TimerEvent: {}
[615.101795] (-) TimerEvent: {}
[615.202512] (-) TimerEvent: {}
[615.303269] (-) TimerEvent: {}
[615.403958] (-) TimerEvent: {}
[615.504626] (-) TimerEvent: {}
[615.605296] (-) TimerEvent: {}
[615.706012] (-) TimerEvent: {}
[615.806695] (-) TimerEvent: {}
[615.907372] (-) TimerEvent: {}
[616.008065] (-) TimerEvent: {}
[616.108750] (-) TimerEvent: {}
[616.209473] (-) TimerEvent: {}
[616.310255] (-) TimerEvent: {}
[616.410939] (-) TimerEvent: {}
[616.511588] (-) TimerEvent: {}
[616.612348] (-) TimerEvent: {}
[616.713247] (-) TimerEvent: {}
[616.813963] (-) TimerEvent: {}
[616.914748] (-) TimerEvent: {}
[617.015426] (-) TimerEvent: {}
[617.116092] (-) TimerEvent: {}
[617.216748] (-) TimerEvent: {}
[617.317404] (-) TimerEvent: {}
[617.418107] (-) TimerEvent: {}
[617.518833] (-) TimerEvent: {}
[617.619503] (-) TimerEvent: {}
[617.720181] (-) TimerEvent: {}
[617.820849] (-) TimerEvent: {}
[617.921525] (-) TimerEvent: {}
[618.022236] (-) TimerEvent: {}
[618.122920] (-) TimerEvent: {}
[618.223601] (-) TimerEvent: {}
[618.324290] (-) TimerEvent: {}
[618.424972] (-) TimerEvent: {}
[618.525647] (-) TimerEvent: {}
[618.626362] (-) TimerEvent: {}
[618.727048] (-) TimerEvent: {}
[618.827774] (-) TimerEvent: {}
[618.928446] (-) TimerEvent: {}
[619.029132] (-) TimerEvent: {}
[619.129953] (-) TimerEvent: {}
[619.230765] (-) TimerEvent: {}
[619.331451] (-) TimerEvent: {}
[619.432192] (-) TimerEvent: {}
[619.532863] (-) TimerEvent: {}
[619.633515] (-) TimerEvent: {}
[619.734215] (-) TimerEvent: {}
[619.834886] (-) TimerEvent: {}
[619.935553] (-) TimerEvent: {}
[620.036284] (-) TimerEvent: {}
[620.136976] (-) TimerEvent: {}
[620.237678] (-) TimerEvent: {}
[620.338494] (-) TimerEvent: {}
[620.439179] (-) TimerEvent: {}
[620.539845] (-) TimerEvent: {}
[620.640516] (-) TimerEvent: {}
[620.741249] (-) TimerEvent: {}
[620.841976] (-) TimerEvent: {}
[620.942650] (-) TimerEvent: {}
[621.043330] (-) TimerEvent: {}
[621.144022] (-) TimerEvent: {}
[621.244713] (-) TimerEvent: {}
[621.345503] (-) TimerEvent: {}
[621.446423] (-) TimerEvent: {}
[621.547111] (-) TimerEvent: {}
[621.647793] (-) TimerEvent: {}
[621.748476] (-) TimerEvent: {}
[621.849263] (-) TimerEvent: {}
[621.950200] (-) TimerEvent: {}
[622.050874] (-) TimerEvent: {}
[622.151545] (-) TimerEvent: {}
[622.252208] (-) TimerEvent: {}
[622.352904] (-) TimerEvent: {}
[622.453627] (-) TimerEvent: {}
[622.554350] (-) TimerEvent: {}
[622.655035] (-) TimerEvent: {}
[622.755718] (-) TimerEvent: {}
[622.856401] (-) TimerEvent: {}
[622.957123] (-) TimerEvent: {}
[623.057832] (-) TimerEvent: {}
[623.158592] (-) TimerEvent: {}
[623.259299] (-) TimerEvent: {}
[623.359988] (-) TimerEvent: {}
[623.460693] (-) TimerEvent: {}
[623.561375] (-) TimerEvent: {}
[623.662033] (-) TimerEvent: {}
[623.762741] (-) TimerEvent: {}
[623.863403] (-) TimerEvent: {}
[623.964091] (-) TimerEvent: {}
[624.064789] (-) TimerEvent: {}
[624.165506] (-) TimerEvent: {}
[624.266209] (-) TimerEvent: {}
[624.366895] (-) TimerEvent: {}
[624.467582] (-) TimerEvent: {}
[624.568299] (-) TimerEvent: {}
[624.668977] (-) TimerEvent: {}
[624.769764] (-) TimerEvent: {}
[624.870628] (-) TimerEvent: {}
[624.971378] (-) TimerEvent: {}
[625.072065] (-) TimerEvent: {}
[625.172741] (-) TimerEvent: {}
[625.273411] (-) TimerEvent: {}
[625.374220] (-) TimerEvent: {}
[625.475001] (-) TimerEvent: {}
[625.575721] (-) TimerEvent: {}
[625.676424] (-) TimerEvent: {}
[625.777096] (-) TimerEvent: {}
[625.877773] (-) TimerEvent: {}
[625.978484] (-) TimerEvent: {}
[626.079154] (-) TimerEvent: {}
[626.179851] (-) TimerEvent: {}
[626.280571] (-) TimerEvent: {}
[626.381262] (-) TimerEvent: {}
[626.481953] (-) TimerEvent: {}
[626.582643] (-) TimerEvent: {}
[626.683302] (-) TimerEvent: {}
[626.783959] (-) TimerEvent: {}
[626.884700] (-) TimerEvent: {}
[626.985454] (-) TimerEvent: {}
[627.086583] (-) TimerEvent: {}
[627.187264] (-) TimerEvent: {}
[627.287924] (-) TimerEvent: {}
[627.388649] (-) TimerEvent: {}
[627.489337] (-) TimerEvent: {}
[627.589992] (-) TimerEvent: {}
[627.690657] (-) TimerEvent: {}
[627.791334] (-) TimerEvent: {}
[627.892023] (-) TimerEvent: {}
[627.992718] (-) TimerEvent: {}
[628.093392] (-) TimerEvent: {}
[628.194098] (-) TimerEvent: {}
[628.294769] (-) TimerEvent: {}
[628.395446] (-) TimerEvent: {}
[628.496138] (-) TimerEvent: {}
[628.596824] (-) TimerEvent: {}
[628.697558] (-) TimerEvent: {}
[628.798255] (-) TimerEvent: {}
[628.898924] (-) TimerEvent: {}
[628.999604] (-) TimerEvent: {}
[629.100229] (-) TimerEvent: {}
[629.200973] (-) TimerEvent: {}
[629.301639] (-) TimerEvent: {}
[629.402362] (-) TimerEvent: {}
[629.503013] (-) TimerEvent: {}
[629.603762] (-) TimerEvent: {}
[629.704621] (-) TimerEvent: {}
[629.805283] (-) TimerEvent: {}
[629.905966] (-) TimerEvent: {}
[630.006644] (-) TimerEvent: {}
[630.107297] (-) TimerEvent: {}
[630.207931] (-) TimerEvent: {}
[630.308586] (-) TimerEvent: {}
[630.410904] (-) TimerEvent: {}
[630.511587] (-) TimerEvent: {}
[630.612293] (-) TimerEvent: {}
[630.712973] (-) TimerEvent: {}
[630.813624] (-) TimerEvent: {}
[630.914335] (-) TimerEvent: {}
[631.014997] (-) TimerEvent: {}
[631.115643] (-) TimerEvent: {}
[631.216282] (-) TimerEvent: {}
[631.316944] (-) TimerEvent: {}
[631.417622] (-) TimerEvent: {}
[631.518316] (-) TimerEvent: {}
[631.619010] (-) TimerEvent: {}
[631.719691] (-) TimerEvent: {}
[631.820384] (-) TimerEvent: {}
[631.921021] (-) TimerEvent: {}
[632.021679] (-) TimerEvent: {}
[632.122351] (-) TimerEvent: {}
[632.223083] (-) TimerEvent: {}
[632.323994] (-) TimerEvent: {}
[632.424757] (-) TimerEvent: {}
[632.525497] (-) TimerEvent: {}
[632.626191] (-) TimerEvent: {}
[632.726883] (-) TimerEvent: {}
[632.827592] (-) TimerEvent: {}
[632.928237] (-) TimerEvent: {}
[633.028897] (-) TimerEvent: {}
[633.129556] (-) TimerEvent: {}
[633.230229] (-) TimerEvent: {}
[633.330864] (-) TimerEvent: {}
[633.431500] (-) TimerEvent: {}
[633.532196] (-) TimerEvent: {}
[633.632854] (-) TimerEvent: {}
[633.733480] (-) TimerEvent: {}
[633.834176] (-) TimerEvent: {}
[633.934847] (-) TimerEvent: {}
[634.035511] (-) TimerEvent: {}
[634.136185] (-) TimerEvent: {}
[634.236879] (-) TimerEvent: {}
[634.337503] (-) TimerEvent: {}
[634.438284] (-) TimerEvent: {}
[634.539208] (-) TimerEvent: {}
[634.639964] (-) TimerEvent: {}
[634.740701] (-) TimerEvent: {}
[634.841365] (-) TimerEvent: {}
[634.942100] (-) TimerEvent: {}
[635.042790] (-) TimerEvent: {}
[635.143437] (-) TimerEvent: {}
[635.244079] (-) TimerEvent: {}
[635.344692] (-) TimerEvent: {}
[635.445540] (-) TimerEvent: {}
[635.546269] (-) TimerEvent: {}
[635.646922] (-) TimerEvent: {}
[635.747607] (-) TimerEvent: {}
[635.848274] (-) TimerEvent: {}
[635.948982] (-) TimerEvent: {}
[636.049626] (-) TimerEvent: {}
[636.150307] (-) TimerEvent: {}
[636.250936] (-) TimerEvent: {}
[636.351577] (-) TimerEvent: {}
[636.452227] (-) TimerEvent: {}
[636.552923] (-) TimerEvent: {}
[636.653642] (-) TimerEvent: {}
[636.754345] (-) TimerEvent: {}
[636.855141] (-) TimerEvent: {}
[636.956158] (-) TimerEvent: {}
[637.056844] (-) TimerEvent: {}
[637.157478] (-) TimerEvent: {}
[637.258113] (-) TimerEvent: {}
[637.358801] (-) TimerEvent: {}
[637.459465] (-) TimerEvent: {}
[637.560128] (-) TimerEvent: {}
[637.660855] (-) TimerEvent: {}
[637.761566] (-) TimerEvent: {}
[637.862219] (-) TimerEvent: {}
[637.962847] (-) TimerEvent: {}
[638.063537] (-) TimerEvent: {}
[638.164164] (-) TimerEvent: {}
[638.264890] (-) TimerEvent: {}
[638.365576] (-) TimerEvent: {}
[638.466273] (-) TimerEvent: {}
[638.566943] (-) TimerEvent: {}
[638.667600] (-) TimerEvent: {}
[638.768328] (-) TimerEvent: {}
[638.869027] (-) TimerEvent: {}
[638.969688] (-) TimerEvent: {}
[639.070376] (-) TimerEvent: {}
[639.171054] (-) TimerEvent: {}
[639.271729] (-) TimerEvent: {}
[639.372441] (-) TimerEvent: {}
[639.473134] (-) TimerEvent: {}
[639.573805] (-) TimerEvent: {}
[639.674513] (-) TimerEvent: {}
[639.775236] (-) TimerEvent: {}
[639.876059] (-) TimerEvent: {}
[639.976816] (-) TimerEvent: {}
[640.077515] (-) TimerEvent: {}
[640.178241] (-) TimerEvent: {}
[640.278910] (-) TimerEvent: {}
[640.379591] (-) TimerEvent: {}
[640.480482] (-) TimerEvent: {}
[640.581160] (-) TimerEvent: {}
[640.681872] (-) TimerEvent: {}
[640.782553] (-) TimerEvent: {}
[640.883203] (-) TimerEvent: {}
[640.983867] (-) TimerEvent: {}
[641.084539] (-) TimerEvent: {}
[641.185262] (-) TimerEvent: {}
[641.285982] (-) TimerEvent: {}
[641.386644] (-) TimerEvent: {}
[641.487317] (-) TimerEvent: {}
[641.588051] (-) TimerEvent: {}
[641.688826] (-) TimerEvent: {}
[641.789507] (-) TimerEvent: {}
[641.890298] (-) TimerEvent: {}
[641.990969] (-) TimerEvent: {}
[642.091722] (-) TimerEvent: {}
[642.192403] (-) TimerEvent: {}
[642.293100] (-) TimerEvent: {}
[642.393780] (-) TimerEvent: {}
[642.494626] (-) TimerEvent: {}
[642.595642] (-) TimerEvent: {}
[642.696331] (-) TimerEvent: {}
[642.797014] (-) TimerEvent: {}
[642.897690] (-) TimerEvent: {}
[642.998437] (-) TimerEvent: {}
[643.099121] (-) TimerEvent: {}
[643.199778] (-) TimerEvent: {}
[643.300420] (-) TimerEvent: {}
[643.401101] (-) TimerEvent: {}
[643.501813] (-) TimerEvent: {}
[643.602623] (-) TimerEvent: {}
[643.703303] (-) TimerEvent: {}
[643.803964] (-) TimerEvent: {}
[643.904646] (-) TimerEvent: {}
[644.005346] (-) TimerEvent: {}
[644.106031] (-) TimerEvent: {}
[644.206715] (-) TimerEvent: {}
[644.307442] (-) TimerEvent: {}
[644.408101] (-) TimerEvent: {}
[644.508916] (-) TimerEvent: {}
[644.609765] (-) TimerEvent: {}
[644.710493] (-) TimerEvent: {}
[644.811228] (-) TimerEvent: {}
[644.911924] (-) TimerEvent: {}
[645.012585] (-) TimerEvent: {}
[645.113374] (-) TimerEvent: {}
[645.214188] (-) TimerEvent: {}
[645.314872] (-) TimerEvent: {}
[645.415600] (-) TimerEvent: {}
[645.516357] (-) TimerEvent: {}
[645.617005] (-) TimerEvent: {}
[645.717687] (-) TimerEvent: {}
[645.818406] (-) TimerEvent: {}
[645.919087] (-) TimerEvent: {}
[646.019819] (-) TimerEvent: {}
[646.120487] (-) TimerEvent: {}
[646.221174] (-) TimerEvent: {}
[646.321869] (-) TimerEvent: {}
[646.422555] (-) TimerEvent: {}
[646.523265] (-) TimerEvent: {}
[646.623942] (-) TimerEvent: {}
[646.724676] (-) TimerEvent: {}
[646.825339] (-) TimerEvent: {}
[646.926026] (-) TimerEvent: {}
[647.026797] (-) TimerEvent: {}
[647.127697] (-) TimerEvent: {}
[647.228370] (-) TimerEvent: {}
[647.329060] (-) TimerEvent: {}
[647.429747] (-) TimerEvent: {}
[647.530446] (-) TimerEvent: {}
[647.631120] (-) TimerEvent: {}
[647.731918] (-) TimerEvent: {}
[647.832957] (-) TimerEvent: {}
[647.933638] (-) TimerEvent: {}
[648.034361] (-) TimerEvent: {}
[648.135019] (-) TimerEvent: {}
[648.235695] (-) TimerEvent: {}
[648.336374] (-) TimerEvent: {}
[648.437125] (-) TimerEvent: {}
[648.537792] (-) TimerEvent: {}
[648.638516] (-) TimerEvent: {}
[648.739203] (-) TimerEvent: {}
[648.839880] (-) TimerEvent: {}
[648.940591] (-) TimerEvent: {}
[649.041289] (-) TimerEvent: {}
[649.142022] (-) TimerEvent: {}
[649.242690] (-) TimerEvent: {}
[649.343361] (-) TimerEvent: {}
[649.444047] (-) TimerEvent: {}
[649.544736] (-) TimerEvent: {}
[649.645393] (-) TimerEvent: {}
[649.746082] (-) TimerEvent: {}
[649.846801] (-) TimerEvent: {}
[649.947489] (-) TimerEvent: {}
[650.048204] (-) TimerEvent: {}
[650.148950] (-) TimerEvent: {}
[650.249715] (-) TimerEvent: {}
[650.350612] (-) TimerEvent: {}
[650.451296] (-) TimerEvent: {}
[650.552042] (-) TimerEvent: {}
[650.652740] (-) TimerEvent: {}
[650.753618] (-) TimerEvent: {}
[650.854602] (-) TimerEvent: {}
[650.955331] (-) TimerEvent: {}
[651.056091] (-) TimerEvent: {}
[651.156784] (-) TimerEvent: {}
[651.257459] (-) TimerEvent: {}
[651.358168] (-) TimerEvent: {}
[651.458877] (-) TimerEvent: {}
[651.559560] (-) TimerEvent: {}
[651.660242] (-) TimerEvent: {}
[651.760921] (-) TimerEvent: {}
[651.861595] (-) TimerEvent: {}
[651.962342] (-) TimerEvent: {}
[652.063105] (-) TimerEvent: {}
[652.163858] (-) TimerEvent: {}
[652.264748] (-) TimerEvent: {}
[652.365554] (-) TimerEvent: {}
[652.466255] (-) TimerEvent: {}
[652.566905] (-) TimerEvent: {}
[652.667747] (-) TimerEvent: {}
[652.768740] (-) TimerEvent: {}
[652.869406] (-) TimerEvent: {}
[652.970103] (-) TimerEvent: {}
[653.070777] (-) TimerEvent: {}
[653.171511] (-) TimerEvent: {}
[653.272184] (-) TimerEvent: {}
[653.372874] (-) TimerEvent: {}
[653.473626] (-) TimerEvent: {}
[653.574331] (-) TimerEvent: {}
[653.675006] (-) TimerEvent: {}
[653.775759] (-) TimerEvent: {}
[653.876495] (-) TimerEvent: {}
[653.977185] (-) TimerEvent: {}
[654.077959] (-) TimerEvent: {}
[654.178635] (-) TimerEvent: {}
[654.279318] (-) TimerEvent: {}
[654.379983] (-) TimerEvent: {}
[654.480722] (-) TimerEvent: {}
[654.581402] (-) TimerEvent: {}
[654.682139] (-) TimerEvent: {}
[654.782810] (-) TimerEvent: {}
[654.883444] (-) TimerEvent: {}
[654.984132] (-) TimerEvent: {}
[655.084827] (-) TimerEvent: {}
[655.185461] (-) TimerEvent: {}
[655.286104] (-) TimerEvent: {}
[655.386725] (-) TimerEvent: {}
[655.487360] (-) TimerEvent: {}
[655.588145] (-) TimerEvent: {}
[655.688805] (-) TimerEvent: {}
[655.789506] (-) TimerEvent: {}
[655.890168] (-) TimerEvent: {}
[655.990802] (-) TimerEvent: {}
[656.091436] (-) TimerEvent: {}
[656.192102] (-) TimerEvent: {}
[656.292751] (-) TimerEvent: {}
[656.393381] (-) TimerEvent: {}
[656.494015] (-) TimerEvent: {}
[656.594718] (-) TimerEvent: {}
[656.695343] (-) TimerEvent: {}
[656.795983] (-) TimerEvent: {}
[656.896613] (-) TimerEvent: {}
[656.997273] (-) TimerEvent: {}
[657.097914] (-) TimerEvent: {}
[657.198543] (-) TimerEvent: {}
[657.299251] (-) TimerEvent: {}
[657.399848] (-) TimerEvent: {}
[657.500487] (-) TimerEvent: {}
[657.601108] (-) TimerEvent: {}
[657.701747] (-) TimerEvent: {}
[657.802452] (-) TimerEvent: {}
[657.903080] (-) TimerEvent: {}
[658.003777] (-) TimerEvent: {}
[658.104407] (-) TimerEvent: {}
[658.205037] (-) TimerEvent: {}
[658.305683] (-) TimerEvent: {}
[658.406367] (-) TimerEvent: {}
[658.506984] (-) TimerEvent: {}
[658.607642] (-) TimerEvent: {}
[658.708313] (-) TimerEvent: {}
[658.808967] (-) TimerEvent: {}
[658.909610] (-) TimerEvent: {}
[659.010396] (-) TimerEvent: {}
[659.111554] (-) TimerEvent: {}
[659.213228] (-) TimerEvent: {}
[659.314394] (-) TimerEvent: {}
[659.415580] (-) TimerEvent: {}
[659.516757] (-) TimerEvent: {}
[659.617679] (-) TimerEvent: {}
[659.718808] (-) TimerEvent: {}
[659.819981] (-) TimerEvent: {}
[659.921308] (-) TimerEvent: {}
[660.023187] (-) TimerEvent: {}
[660.124185] (-) TimerEvent: {}
[660.225459] (-) TimerEvent: {}
[660.327911] (-) TimerEvent: {}
[660.429178] (-) TimerEvent: {}
[660.530788] (-) TimerEvent: {}
[660.631961] (-) TimerEvent: {}
[660.695706] (ublox_msgs) StdoutLine: {'line': b'[ 88%] Built target ublox_msgs__py\n'}
[660.732167] (-) TimerEvent: {}
[660.809497] (ublox_msgs) StdoutLine: {'line': b'[ 88%] \x1b[32mBuilding C object CMakeFiles/ublox_msgs__rosidl_generator_py.dir/rosidl_generator_py/ublox_msgs/msg/_ack_s.c.o\x1b[0m\n'}
[660.810828] (ublox_msgs) StdoutLine: {'line': b'[ 88%] \x1b[32mBuilding C object CMakeFiles/ublox_msgs__rosidl_generator_py.dir/rosidl_generator_py/ublox_msgs/msg/_aid_alm_s.c.o\x1b[0m\n'}
[660.814460] (ublox_msgs) StdoutLine: {'line': b'[ 89%] \x1b[32mBuilding C object CMakeFiles/ublox_msgs__rosidl_generator_py.dir/rosidl_generator_py/ublox_msgs/msg/_aid_eph_s.c.o\x1b[0m\n'}
[660.820661] (ublox_msgs) StdoutLine: {'line': b'[ 89%] \x1b[32mBuilding C object CMakeFiles/ublox_msgs__rosidl_generator_py.dir/rosidl_generator_py/ublox_msgs/msg/_aid_hui_s.c.o\x1b[0m\n'}
[660.832394] (-) TimerEvent: {}
[660.933354] (-) TimerEvent: {}
[661.034674] (-) TimerEvent: {}
[661.135786] (-) TimerEvent: {}
[661.236593] (-) TimerEvent: {}
[661.337690] (-) TimerEvent: {}
[661.438903] (-) TimerEvent: {}
[661.540211] (-) TimerEvent: {}
[661.550892] (ublox_msgs) StdoutLine: {'line': b'[ 89%] \x1b[32mBuilding C object CMakeFiles/ublox_msgs__rosidl_generator_py.dir/rosidl_generator_py/ublox_msgs/msg/_cfg_ant_s.c.o\x1b[0m\n'}
[661.578733] (ublox_msgs) StdoutLine: {'line': b'[ 89%] \x1b[32mBuilding C object CMakeFiles/ublox_msgs__rosidl_generator_py.dir/rosidl_generator_py/ublox_msgs/msg/_cfg_cfg_s.c.o\x1b[0m\n'}
[661.604096] (ublox_msgs) StdoutLine: {'line': b'[ 89%] \x1b[32mBuilding C object CMakeFiles/ublox_msgs__rosidl_generator_py.dir/rosidl_generator_py/ublox_msgs/msg/_cfg_dat_s.c.o\x1b[0m\n'}
[661.640474] (-) TimerEvent: {}
[661.644150] (ublox_msgs) StdoutLine: {'line': b'[ 89%] \x1b[32mBuilding C object CMakeFiles/ublox_msgs__rosidl_generator_py.dir/rosidl_generator_py/ublox_msgs/msg/_cfg_dgnss_s.c.o\x1b[0m\n'}
[661.740762] (-) TimerEvent: {}
[661.841833] (-) TimerEvent: {}
[661.942838] (-) TimerEvent: {}
[662.043787] (-) TimerEvent: {}
[662.138633] (ublox_msgs) StdoutLine: {'line': b'[ 90%] \x1b[32mBuilding C object CMakeFiles/ublox_msgs__rosidl_generator_py.dir/rosidl_generator_py/ublox_msgs/msg/_cfg_gnss_block_s.c.o\x1b[0m\n'}
[662.144033] (-) TimerEvent: {}
[662.200530] (ublox_msgs) StdoutLine: {'line': b'[ 90%] \x1b[32mBuilding C object CMakeFiles/ublox_msgs__rosidl_generator_py.dir/rosidl_generator_py/ublox_msgs/msg/_cfg_gnss_s.c.o\x1b[0m\n'}
[662.244313] (-) TimerEvent: {}
[662.249993] (ublox_msgs) StdoutLine: {'line': b'[ 90%] \x1b[32mBuilding C object CMakeFiles/ublox_msgs__rosidl_generator_py.dir/rosidl_generator_py/ublox_msgs/msg/_cfg_hnr_s.c.o\x1b[0m\n'}
[662.275938] (ublox_msgs) StdoutLine: {'line': b'[ 90%] \x1b[32mBuilding C object CMakeFiles/ublox_msgs__rosidl_generator_py.dir/rosidl_generator_py/ublox_msgs/msg/_cfg_inf_block_s.c.o\x1b[0m\n'}
[662.344560] (-) TimerEvent: {}
[662.445558] (-) TimerEvent: {}
[662.546460] (-) TimerEvent: {}
[662.647466] (-) TimerEvent: {}
[662.718901] (ublox_msgs) StdoutLine: {'line': b'[ 90%] \x1b[32mBuilding C object CMakeFiles/ublox_msgs__rosidl_generator_py.dir/rosidl_generator_py/ublox_msgs/msg/_cfg_inf_s.c.o\x1b[0m\n'}
[662.747912] (-) TimerEvent: {}
[662.845757] (ublox_msgs) StdoutLine: {'line': b'[ 90%] \x1b[32mBuilding C object CMakeFiles/ublox_msgs__rosidl_generator_py.dir/rosidl_generator_py/ublox_msgs/msg/_cfg_msg_s.c.o\x1b[0m\n'}
[662.848270] (-) TimerEvent: {}
[662.875270] (ublox_msgs) StdoutLine: {'line': b'[ 90%] \x1b[32mBuilding C object CMakeFiles/ublox_msgs__rosidl_generator_py.dir/rosidl_generator_py/ublox_msgs/msg/_cfg_nav5_s.c.o\x1b[0m\n'}
[662.911661] (ublox_msgs) StdoutLine: {'line': b'[ 91%] \x1b[32mBuilding C object CMakeFiles/ublox_msgs__rosidl_generator_py.dir/rosidl_generator_py/ublox_msgs/msg/_cfg_navx5_s.c.o\x1b[0m\n'}
[662.948565] (-) TimerEvent: {}
[663.049503] (-) TimerEvent: {}
[663.150396] (-) TimerEvent: {}
[663.251305] (-) TimerEvent: {}
[663.310640] (ublox_msgs) StdoutLine: {'line': b'[ 91%] \x1b[32mBuilding C object CMakeFiles/ublox_msgs__rosidl_generator_py.dir/rosidl_generator_py/ublox_msgs/msg/_cfg_nmea6_s.c.o\x1b[0m\n'}
[663.351944] (-) TimerEvent: {}
[663.454786] (-) TimerEvent: {}
[663.461398] (ublox_msgs) StdoutLine: {'line': b'[ 91%] \x1b[32mBuilding C object CMakeFiles/ublox_msgs__rosidl_generator_py.dir/rosidl_generator_py/ublox_msgs/msg/_cfg_nmea7_s.c.o\x1b[0m\n'}
[663.555153] (-) TimerEvent: {}
[663.598414] (ublox_msgs) StdoutLine: {'line': b'[ 91%] \x1b[32mBuilding C object CMakeFiles/ublox_msgs__rosidl_generator_py.dir/rosidl_generator_py/ublox_msgs/msg/_cfg_nmea_s.c.o\x1b[0m\n'}
[663.655376] (-) TimerEvent: {}
[663.661457] (ublox_msgs) StdoutLine: {'line': b'[ 91%] \x1b[32mBuilding C object CMakeFiles/ublox_msgs__rosidl_generator_py.dir/rosidl_generator_py/ublox_msgs/msg/_cfg_prt_s.c.o\x1b[0m\n'}
[663.755674] (-) TimerEvent: {}
[663.856751] (-) TimerEvent: {}
[663.944958] (ublox_msgs) StdoutLine: {'line': b'[ 91%] \x1b[32mBuilding C object CMakeFiles/ublox_msgs__rosidl_generator_py.dir/rosidl_generator_py/ublox_msgs/msg/_cfg_rate_s.c.o\x1b[0m\n'}
[663.957074] (-) TimerEvent: {}
[664.058264] (-) TimerEvent: {}
[664.074738] (ublox_msgs) StdoutLine: {'line': b'[ 92%] \x1b[32mBuilding C object CMakeFiles/ublox_msgs__rosidl_generator_py.dir/rosidl_generator_py/ublox_msgs/msg/_cfg_rst_s.c.o\x1b[0m\n'}
[664.158475] (-) TimerEvent: {}
[664.258941] (ublox_msgs) StdoutLine: {'line': b'[ 92%] \x1b[32mBuilding C object CMakeFiles/ublox_msgs__rosidl_generator_py.dir/rosidl_generator_py/ublox_msgs/msg/_cfg_sbas_s.c.o\x1b[0m\n'}
[664.260529] (-) TimerEvent: {}
[664.279990] (ublox_msgs) StdoutLine: {'line': b'[ 92%] \x1b[32mBuilding C object CMakeFiles/ublox_msgs__rosidl_generator_py.dir/rosidl_generator_py/ublox_msgs/msg/_cfg_tmode3_s.c.o\x1b[0m\n'}
[664.360801] (-) TimerEvent: {}
[664.461788] (-) TimerEvent: {}
[664.557052] (ublox_msgs) StdoutLine: {'line': b'[ 92%] \x1b[32mBuilding C object CMakeFiles/ublox_msgs__rosidl_generator_py.dir/rosidl_generator_py/ublox_msgs/msg/_cfg_usb_s.c.o\x1b[0m\n'}
[664.562038] (-) TimerEvent: {}
[664.662914] (-) TimerEvent: {}
[664.671958] (ublox_msgs) StdoutLine: {'line': b'[ 92%] \x1b[32mBuilding C object CMakeFiles/ublox_msgs__rosidl_generator_py.dir/rosidl_generator_py/ublox_msgs/msg/_esf_ins_s.c.o\x1b[0m\n'}
[664.763152] (-) TimerEvent: {}
[664.850568] (ublox_msgs) StdoutLine: {'line': b'[ 92%] \x1b[32mBuilding C object CMakeFiles/ublox_msgs__rosidl_generator_py.dir/rosidl_generator_py/ublox_msgs/msg/_esf_meas_s.c.o\x1b[0m\n'}
[664.863349] (-) TimerEvent: {}
[664.937880] (ublox_msgs) StdoutLine: {'line': b'[ 93%] \x1b[32mBuilding C object CMakeFiles/ublox_msgs__rosidl_generator_py.dir/rosidl_generator_py/ublox_msgs/msg/_esf_raw_block_s.c.o\x1b[0m\n'}
[664.963618] (-) TimerEvent: {}
[665.064926] (-) TimerEvent: {}
[665.167798] (-) TimerEvent: {}
[665.268984] (-) TimerEvent: {}
[665.309546] (ublox_msgs) StdoutLine: {'line': b'[ 93%] \x1b[32mBuilding C object CMakeFiles/ublox_msgs__rosidl_generator_py.dir/rosidl_generator_py/ublox_msgs/msg/_esf_raw_s.c.o\x1b[0m\n'}
[665.313316] (ublox_msgs) StdoutLine: {'line': b'[ 93%] \x1b[32mBuilding C object CMakeFiles/ublox_msgs__rosidl_generator_py.dir/rosidl_generator_py/ublox_msgs/msg/_esf_status_s.c.o\x1b[0m\n'}
[665.369165] (-) TimerEvent: {}
[665.470037] (-) TimerEvent: {}
[665.539593] (ublox_msgs) StdoutLine: {'line': b'[ 93%] \x1b[32mBuilding C object CMakeFiles/ublox_msgs__rosidl_generator_py.dir/rosidl_generator_py/ublox_msgs/msg/_esf_status_sens_s.c.o\x1b[0m\n'}
[665.568000] (ublox_msgs) StdoutLine: {'line': b'[ 93%] \x1b[32mBuilding C object CMakeFiles/ublox_msgs__rosidl_generator_py.dir/rosidl_generator_py/ublox_msgs/msg/_hnr_pvt_s.c.o\x1b[0m\n'}
[665.570332] (-) TimerEvent: {}
[665.671580] (-) TimerEvent: {}
[665.772869] (-) TimerEvent: {}
[665.874747] (-) TimerEvent: {}
[665.922071] (ublox_msgs) StdoutLine: {'line': b'[ 93%] \x1b[32mBuilding C object CMakeFiles/ublox_msgs__rosidl_generator_py.dir/rosidl_generator_py/ublox_msgs/msg/_inf_s.c.o\x1b[0m\n'}
[665.975006] (-) TimerEvent: {}
[665.979144] (ublox_msgs) StdoutLine: {'line': b'[ 93%] \x1b[32mBuilding C object CMakeFiles/ublox_msgs__rosidl_generator_py.dir/rosidl_generator_py/ublox_msgs/msg/_mga_gal_s.c.o\x1b[0m\n'}
[666.075464] (-) TimerEvent: {}
[666.167617] (ublox_msgs) StdoutLine: {'line': b'[ 94%] \x1b[32mBuilding C object CMakeFiles/ublox_msgs__rosidl_generator_py.dir/rosidl_generator_py/ublox_msgs/msg/_mon_gnss_s.c.o\x1b[0m\n'}
[666.175672] (-) TimerEvent: {}
[666.273735] (ublox_msgs) StdoutLine: {'line': b'[ 94%] \x1b[32mBuilding C object CMakeFiles/ublox_msgs__rosidl_generator_py.dir/rosidl_generator_py/ublox_msgs/msg/_mon_hw6_s.c.o\x1b[0m\n'}
[666.275923] (-) TimerEvent: {}
[666.376902] (-) TimerEvent: {}
[666.477837] (-) TimerEvent: {}
[666.549153] (ublox_msgs) StdoutLine: {'line': b'[ 94%] \x1b[32mBuilding C object CMakeFiles/ublox_msgs__rosidl_generator_py.dir/rosidl_generator_py/ublox_msgs/msg/_mon_hw_s.c.o\x1b[0m\n'}
[666.578138] (-) TimerEvent: {}
[666.679575] (-) TimerEvent: {}
[666.763987] (ublox_msgs) StdoutLine: {'line': b'[ 94%] \x1b[32mBuilding C object CMakeFiles/ublox_msgs__rosidl_generator_py.dir/rosidl_generator_py/ublox_msgs/msg/_mon_ver_extension_s.c.o\x1b[0m\n'}
[666.779970] (-) TimerEvent: {}
[666.850585] (ublox_msgs) StdoutLine: {'line': b'[ 94%] \x1b[32mBuilding C object CMakeFiles/ublox_msgs__rosidl_generator_py.dir/rosidl_generator_py/ublox_msgs/msg/_mon_ver_s.c.o\x1b[0m\n'}
[666.880213] (-) TimerEvent: {}
[666.960815] (ublox_msgs) StdoutLine: {'line': b'[ 94%] \x1b[32mBuilding C object CMakeFiles/ublox_msgs__rosidl_generator_py.dir/rosidl_generator_py/ublox_msgs/msg/_nav_att_s.c.o\x1b[0m\n'}
[666.980550] (-) TimerEvent: {}
[667.081637] (-) TimerEvent: {}
[667.182619] (-) TimerEvent: {}
[667.247992] (ublox_msgs) StdoutLine: {'line': b'[ 95%] \x1b[32mBuilding C object CMakeFiles/ublox_msgs__rosidl_generator_py.dir/rosidl_generator_py/ublox_msgs/msg/_nav_clock_s.c.o\x1b[0m\n'}
[667.282885] (-) TimerEvent: {}
[667.384013] (-) TimerEvent: {}
[667.401981] (ublox_msgs) StdoutLine: {'line': b'[ 95%] \x1b[32mBuilding C object CMakeFiles/ublox_msgs__rosidl_generator_py.dir/rosidl_generator_py/ublox_msgs/msg/_nav_dgps_s.c.o\x1b[0m\n'}
[667.484210] (-) TimerEvent: {}
[667.488779] (ublox_msgs) StdoutLine: {'line': b'[ 95%] \x1b[32mBuilding C object CMakeFiles/ublox_msgs__rosidl_generator_py.dir/rosidl_generator_py/ublox_msgs/msg/_nav_dgpssv_s.c.o\x1b[0m\n'}
[667.584507] (-) TimerEvent: {}
[667.617263] (ublox_msgs) StdoutLine: {'line': b'[ 95%] \x1b[32mBuilding C object CMakeFiles/ublox_msgs__rosidl_generator_py.dir/rosidl_generator_py/ublox_msgs/msg/_nav_dop_s.c.o\x1b[0m\n'}
[667.684747] (-) TimerEvent: {}
[667.785727] (-) TimerEvent: {}
[667.845631] (ublox_msgs) StdoutLine: {'line': b'[ 95%] \x1b[32mBuilding C object CMakeFiles/ublox_msgs__rosidl_generator_py.dir/rosidl_generator_py/ublox_msgs/msg/_nav_posecef_s.c.o\x1b[0m\n'}
[667.886016] (-) TimerEvent: {}
[667.987038] (-) TimerEvent: {}
[668.070063] (ublox_msgs) StdoutLine: {'line': b'[ 95%] \x1b[32mBuilding C object CMakeFiles/ublox_msgs__rosidl_generator_py.dir/rosidl_generator_py/ublox_msgs/msg/_nav_posllh_s.c.o\x1b[0m\n'}
[668.083108] (ublox_msgs) StdoutLine: {'line': b'[ 95%] \x1b[32mBuilding C object CMakeFiles/ublox_msgs__rosidl_generator_py.dir/rosidl_generator_py/ublox_msgs/msg/_nav_pvt7_s.c.o\x1b[0m\n'}
[668.087249] (-) TimerEvent: {}
[668.188590] (-) TimerEvent: {}
[668.241377] (ublox_msgs) StdoutLine: {'line': b'[ 96%] \x1b[32mBuilding C object CMakeFiles/ublox_msgs__rosidl_generator_py.dir/rosidl_generator_py/ublox_msgs/msg/_nav_pvt_s.c.o\x1b[0m\n'}
[668.288984] (-) TimerEvent: {}
[668.391650] (-) TimerEvent: {}
[668.455773] (ublox_msgs) StdoutLine: {'line': b'[ 96%] \x1b[32mBuilding C object CMakeFiles/ublox_msgs__rosidl_generator_py.dir/rosidl_generator_py/ublox_msgs/msg/_nav_relposned9_s.c.o\x1b[0m\n'}
[668.491934] (-) TimerEvent: {}
[668.593096] (-) TimerEvent: {}
[668.658664] (ublox_msgs) StdoutLine: {'line': b'[ 96%] \x1b[32mBuilding C object CMakeFiles/ublox_msgs__rosidl_generator_py.dir/rosidl_generator_py/ublox_msgs/msg/_nav_relposned_s.c.o\x1b[0m\n'}
[668.693443] (-) TimerEvent: {}
[668.794734] (-) TimerEvent: {}
[668.851857] (ublox_msgs) StdoutLine: {'line': b'[ 96%] \x1b[32mBuilding C object CMakeFiles/ublox_msgs__rosidl_generator_py.dir/rosidl_generator_py/ublox_msgs/msg/_nav_sat_s.c.o\x1b[0m\n'}
[668.895020] (-) TimerEvent: {}
[668.996407] (-) TimerEvent: {}
[669.012830] (ublox_msgs) StdoutLine: {'line': b'[ 96%] \x1b[32mBuilding C object CMakeFiles/ublox_msgs__rosidl_generator_py.dir/rosidl_generator_py/ublox_msgs/msg/_nav_satsv_s.c.o\x1b[0m\n'}
[669.096686] (-) TimerEvent: {}
[669.197718] (-) TimerEvent: {}
[669.200269] (ublox_msgs) StdoutLine: {'line': b'[ 96%] \x1b[32mBuilding C object CMakeFiles/ublox_msgs__rosidl_generator_py.dir/rosidl_generator_py/ublox_msgs/msg/_nav_sbas_s.c.o\x1b[0m\n'}
[669.298057] (-) TimerEvent: {}
[669.301380] (ublox_msgs) StdoutLine: {'line': b'[ 97%] \x1b[32mBuilding C object CMakeFiles/ublox_msgs__rosidl_generator_py.dir/rosidl_generator_py/ublox_msgs/msg/_nav_sbassv_s.c.o\x1b[0m\n'}
[669.398414] (-) TimerEvent: {}
[669.499549] (-) TimerEvent: {}
[669.600439] (-) TimerEvent: {}
[669.608603] (ublox_msgs) StdoutLine: {'line': b'[ 97%] \x1b[32mBuilding C object CMakeFiles/ublox_msgs__rosidl_generator_py.dir/rosidl_generator_py/ublox_msgs/msg/_nav_sol_s.c.o\x1b[0m\n'}
[669.700709] (-) TimerEvent: {}
[669.756609] (ublox_msgs) StdoutLine: {'line': b'[ 97%] \x1b[32mBuilding C object CMakeFiles/ublox_msgs__rosidl_generator_py.dir/rosidl_generator_py/ublox_msgs/msg/_nav_status_s.c.o\x1b[0m\n'}
[669.800972] (-) TimerEvent: {}
[669.902477] (-) TimerEvent: {}
[670.003833] (-) TimerEvent: {}
[670.007949] (ublox_msgs) StdoutLine: {'line': b'[ 97%] \x1b[32mBuilding C object CMakeFiles/ublox_msgs__rosidl_generator_py.dir/rosidl_generator_py/ublox_msgs/msg/_nav_svinfo_s.c.o\x1b[0m\n'}
[670.040563] (ublox_msgs) StdoutLine: {'line': b'[ 97%] \x1b[32mBuilding C object CMakeFiles/ublox_msgs__rosidl_generator_py.dir/rosidl_generator_py/ublox_msgs/msg/_nav_svinfosv_s.c.o\x1b[0m\n'}
[670.104091] (-) TimerEvent: {}
[670.205206] (-) TimerEvent: {}
[670.306870] (-) TimerEvent: {}
[670.315584] (ublox_msgs) StdoutLine: {'line': b'[ 97%] \x1b[32mBuilding C object CMakeFiles/ublox_msgs__rosidl_generator_py.dir/rosidl_generator_py/ublox_msgs/msg/_nav_svin_s.c.o\x1b[0m\n'}
[670.407130] (-) TimerEvent: {}
[670.446976] (ublox_msgs) StdoutLine: {'line': b'[ 97%] \x1b[32mBuilding C object CMakeFiles/ublox_msgs__rosidl_generator_py.dir/rosidl_generator_py/ublox_msgs/msg/_nav_timegps_s.c.o\x1b[0m\n'}
[670.507383] (-) TimerEvent: {}
[670.608576] (-) TimerEvent: {}
[670.706316] (ublox_msgs) StdoutLine: {'line': b'[ 98%] \x1b[32mBuilding C object CMakeFiles/ublox_msgs__rosidl_generator_py.dir/rosidl_generator_py/ublox_msgs/msg/_nav_timeutc_s.c.o\x1b[0m\n'}
[670.709011] (-) TimerEvent: {}
[670.726265] (ublox_msgs) StdoutLine: {'line': b'[ 98%] \x1b[32mBuilding C object CMakeFiles/ublox_msgs__rosidl_generator_py.dir/rosidl_generator_py/ublox_msgs/msg/_nav_velecef_s.c.o\x1b[0m\n'}
[670.809260] (-) TimerEvent: {}
[670.910396] (-) TimerEvent: {}
[671.011411] (-) TimerEvent: {}
[671.016155] (ublox_msgs) StdoutLine: {'line': b'[ 98%] \x1b[32mBuilding C object CMakeFiles/ublox_msgs__rosidl_generator_py.dir/rosidl_generator_py/ublox_msgs/msg/_nav_velned_s.c.o\x1b[0m\n'}
[671.067145] (ublox_msgs) StdoutLine: {'line': b'[ 98%] \x1b[32mBuilding C object CMakeFiles/ublox_msgs__rosidl_generator_py.dir/rosidl_generator_py/ublox_msgs/msg/_rxm_alm_s.c.o\x1b[0m\n'}
[671.111684] (-) TimerEvent: {}
[671.212737] (-) TimerEvent: {}
[671.312409] (ublox_msgs) StdoutLine: {'line': b'[ 98%] \x1b[32mBuilding C object CMakeFiles/ublox_msgs__rosidl_generator_py.dir/rosidl_generator_py/ublox_msgs/msg/_rxm_eph_s.c.o\x1b[0m\n'}
[671.313197] (-) TimerEvent: {}
[671.349050] (ublox_msgs) StdoutLine: {'line': b'[ 98%] \x1b[32mBuilding C object CMakeFiles/ublox_msgs__rosidl_generator_py.dir/rosidl_generator_py/ublox_msgs/msg/_rxm_raw_s.c.o\x1b[0m\n'}
[671.413475] (-) TimerEvent: {}
[671.514363] (-) TimerEvent: {}
[671.615392] (-) TimerEvent: {}
[671.668061] (ublox_msgs) StdoutLine: {'line': b'[ 99%] \x1b[32mBuilding C object CMakeFiles/ublox_msgs__rosidl_generator_py.dir/rosidl_generator_py/ublox_msgs/msg/_rxm_rawsv_s.c.o\x1b[0m\n'}
[671.696742] (ublox_msgs) StdoutLine: {'line': b'[ 99%] \x1b[32mBuilding C object CMakeFiles/ublox_msgs__rosidl_generator_py.dir/rosidl_generator_py/ublox_msgs/msg/_rxm_rawx_meas_s.c.o\x1b[0m\n'}
[671.715645] (-) TimerEvent: {}
[671.816659] (-) TimerEvent: {}
[671.917621] (-) TimerEvent: {}
[672.004566] (ublox_msgs) StdoutLine: {'line': b'[ 99%] \x1b[32mBuilding C object CMakeFiles/ublox_msgs__rosidl_generator_py.dir/rosidl_generator_py/ublox_msgs/msg/_rxm_rawx_s.c.o\x1b[0m\n'}
[672.014538] (ublox_msgs) StdoutLine: {'line': b'[ 99%] \x1b[32mBuilding C object CMakeFiles/ublox_msgs__rosidl_generator_py.dir/rosidl_generator_py/ublox_msgs/msg/_rxm_rtcm_s.c.o\x1b[0m\n'}
[672.018156] (-) TimerEvent: {}
[672.119670] (-) TimerEvent: {}
[672.220774] (-) TimerEvent: {}
[672.302716] (ublox_msgs) StdoutLine: {'line': b'[ 99%] \x1b[32mBuilding C object CMakeFiles/ublox_msgs__rosidl_generator_py.dir/rosidl_generator_py/ublox_msgs/msg/_rxm_sfrb_s.c.o\x1b[0m\n'}
[672.317837] (ublox_msgs) StdoutLine: {'line': b'[ 99%] \x1b[32mBuilding C object CMakeFiles/ublox_msgs__rosidl_generator_py.dir/rosidl_generator_py/ublox_msgs/msg/_rxm_sfrbx_s.c.o\x1b[0m\n'}
[672.320959] (-) TimerEvent: {}
[672.422006] (-) TimerEvent: {}
[672.522975] (-) TimerEvent: {}
[672.624898] (-) TimerEvent: {}
[672.659544] (ublox_msgs) StdoutLine: {'line': b'[100%] \x1b[32mBuilding C object CMakeFiles/ublox_msgs__rosidl_generator_py.dir/rosidl_generator_py/ublox_msgs/msg/_rxm_svsi_s.c.o\x1b[0m\n'}
[672.670363] (ublox_msgs) StdoutLine: {'line': b'[100%] \x1b[32mBuilding C object CMakeFiles/ublox_msgs__rosidl_generator_py.dir/rosidl_generator_py/ublox_msgs/msg/_rxm_svsisv_s.c.o\x1b[0m\n'}
[672.725139] (-) TimerEvent: {}
[672.826370] (-) TimerEvent: {}
[672.911256] (ublox_msgs) StdoutLine: {'line': b'[100%] \x1b[32mBuilding C object CMakeFiles/ublox_msgs__rosidl_generator_py.dir/rosidl_generator_py/ublox_msgs/msg/_tim_tm2_s.c.o\x1b[0m\n'}
[672.926581] (-) TimerEvent: {}
[672.994724] (ublox_msgs) StdoutLine: {'line': b'[100%] \x1b[32mBuilding C object CMakeFiles/ublox_msgs__rosidl_generator_py.dir/rosidl_generator_py/ublox_msgs/msg/_upd_sos_ack_s.c.o\x1b[0m\n'}
[673.026836] (-) TimerEvent: {}
[673.127748] (-) TimerEvent: {}
[673.228576] (-) TimerEvent: {}
[673.261383] (ublox_msgs) StdoutLine: {'line': b'[100%] \x1b[32mBuilding C object CMakeFiles/ublox_msgs__rosidl_generator_py.dir/rosidl_generator_py/ublox_msgs/msg/_upd_sos_s.c.o\x1b[0m\n'}
[673.328837] (-) TimerEvent: {}
[673.429662] (-) TimerEvent: {}
[673.530520] (-) TimerEvent: {}
[673.631298] (-) TimerEvent: {}
[673.732035] (-) TimerEvent: {}
[673.797483] (ublox_msgs) StdoutLine: {'line': b'[100%] \x1b[32m\x1b[1mLinking C shared library rosidl_generator_py/ublox_msgs/libublox_msgs__rosidl_generator_py.so\x1b[0m\n'}
[673.832243] (-) TimerEvent: {}
[673.933026] (-) TimerEvent: {}
[674.034027] (-) TimerEvent: {}
[674.134768] (-) TimerEvent: {}
[674.146754] (ublox_msgs) StdoutLine: {'line': b'[100%] Built target ublox_msgs__rosidl_generator_py\n'}
[674.234988] (-) TimerEvent: {}
[674.244795] (ublox_msgs) StdoutLine: {'line': b'[100%] \x1b[32mBuilding C object CMakeFiles/ublox_msgs__rosidl_typesupport_introspection_c__pyext.dir/rosidl_generator_py/ublox_msgs/_ublox_msgs_s.ep.rosidl_typesupport_introspection_c.c.o\x1b[0m\n'}
[674.247545] (ublox_msgs) StdoutLine: {'line': b'[100%] \x1b[32mBuilding C object CMakeFiles/ublox_msgs__rosidl_typesupport_fastrtps_c__pyext.dir/rosidl_generator_py/ublox_msgs/_ublox_msgs_s.ep.rosidl_typesupport_fastrtps_c.c.o\x1b[0m\n'}
[674.249351] (ublox_msgs) StdoutLine: {'line': b'[100%] \x1b[32mBuilding C object CMakeFiles/ublox_msgs__rosidl_typesupport_c__pyext.dir/rosidl_generator_py/ublox_msgs/_ublox_msgs_s.ep.rosidl_typesupport_c.c.o\x1b[0m\n'}
[674.335232] (-) TimerEvent: {}
[674.435961] (-) TimerEvent: {}
[674.536751] (-) TimerEvent: {}
[674.637594] (-) TimerEvent: {}
[674.738672] (-) TimerEvent: {}
[674.839475] (-) TimerEvent: {}
[674.940405] (-) TimerEvent: {}
[675.041429] (-) TimerEvent: {}
[675.142371] (-) TimerEvent: {}
[675.243421] (-) TimerEvent: {}
[675.344271] (-) TimerEvent: {}
[675.445228] (-) TimerEvent: {}
[675.546093] (-) TimerEvent: {}
[675.646966] (-) TimerEvent: {}
[675.747865] (-) TimerEvent: {}
[675.848708] (-) TimerEvent: {}
[675.949666] (-) TimerEvent: {}
[676.026745] (ublox_msgs) StdoutLine: {'line': b'[100%] \x1b[32m\x1b[1mLinking C shared library rosidl_generator_py/ublox_msgs/ublox_msgs_s__rosidl_typesupport_introspection_c.cpython-310-aarch64-linux-gnu.so\x1b[0m\n'}
[676.038347] (ublox_msgs) StdoutLine: {'line': b'[100%] \x1b[32m\x1b[1mLinking C shared library rosidl_generator_py/ublox_msgs/ublox_msgs_s__rosidl_typesupport_fastrtps_c.cpython-310-aarch64-linux-gnu.so\x1b[0m\n'}
[676.050065] (-) TimerEvent: {}
[676.052321] (ublox_msgs) StdoutLine: {'line': b'[100%] \x1b[32m\x1b[1mLinking C shared library rosidl_generator_py/ublox_msgs/ublox_msgs_s__rosidl_typesupport_c.cpython-310-aarch64-linux-gnu.so\x1b[0m\n'}
[676.150350] (-) TimerEvent: {}
[676.251887] (-) TimerEvent: {}
[676.353605] (-) TimerEvent: {}
[676.421589] (ublox_msgs) StdoutLine: {'line': b'[100%] Built target ublox_msgs__rosidl_typesupport_introspection_c__pyext\n'}
[676.438750] (ublox_msgs) StdoutLine: {'line': b'[100%] Built target ublox_msgs__rosidl_typesupport_fastrtps_c__pyext\n'}
[676.446661] (ublox_msgs) StdoutLine: {'line': b'[100%] Built target ublox_msgs__rosidl_typesupport_c__pyext\n'}
[676.453776] (-) TimerEvent: {}
[676.499419] (ublox_msgs) CommandEnded: {'returncode': 0}
[676.503187] (ublox_msgs) JobProgress: {'identifier': 'ublox_msgs', 'progress': 'install'}
[676.511368] (ublox_msgs) Command: {'cmd': ['/usr/bin/cmake', '--install', '/home/amigo-pi/amigo_ros2_pi/build/ublox_msgs'], 'cwd': '/home/amigo-pi/amigo_ros2_pi/build/ublox_msgs', 'env': OrderedDict([('LESSOPEN', '| /usr/bin/lesspipe %s'), ('USER', 'amigo-pi'), ('XDG_SESSION_TYPE', 'wayland'), ('SHLVL', '1'), ('LD_LIBRARY_PATH', '/opt/ros/humble/opt/rviz_ogre_vendor/lib:/opt/ros/humble/lib/aarch64-linux-gnu:/opt/ros/humble/lib'), ('HOME', '/home/amigo-pi'), ('OLDPWD', '/home/amigo-pi/amigo_ros2_pi/src'), ('DESKTOP_SESSION', 'ubuntu'), ('ROS_PYTHON_VERSION', '3'), ('GNOME_SHELL_SESSION_MODE', 'ubuntu'), ('GTK_MODULES', 'gail:atk-bridge'), ('SYSTEMD_EXEC_PID', '1688'), ('DBUS_SESSION_BUS_ADDRESS', 'unix:path=/run/user/1000/bus'), ('COLORTERM', 'truecolor'), ('IM_CONFIG_PHASE', '1'), ('WAYLAND_DISPLAY', 'wayland-0'), ('COLCON_PREFIX_PATH', '/home/amigo-pi/amigo_ros2_pi/install'), ('ROS_DISTRO', 'humble'), ('LOGNAME', 'amigo-pi'), ('_', '/usr/bin/colcon'), ('ROS_VERSION', '2'), ('XDG_SESSION_CLASS', 'user'), ('USERNAME', 'amigo-pi'), ('TERM', 'xterm-256color'), ('GNOME_DESKTOP_SESSION_ID', 'this-is-deprecated'), ('ROS_LOCALHOST_ONLY', '0'), ('PATH', '/opt/ros/humble/bin:/home/amigo-pi/.local/bin:/usr/local/sbin:/usr/local/bin:/usr/sbin:/usr/bin:/sbin:/bin:/usr/games:/usr/local/games:/snap/bin:/snap/bin'), ('SESSION_MANAGER', 'local/amigopi-desktop:@/tmp/.ICE-unix/1656,unix/amigopi-desktop:/tmp/.ICE-unix/1656'), ('XDG_MENU_PREFIX', 'gnome-'), ('GNOME_TERMINAL_SCREEN', '/org/gnome/Terminal/screen/377ea5d9_cb09_4d5c_9fe5_c2e0dc79847d'), ('GNOME_SETUP_DISPLAY', ':1'), ('XDG_RUNTIME_DIR', '/run/user/1000'), ('DISPLAY', ':0'), ('LANG', 'en_US.UTF-8'), ('XDG_CURRENT_DESKTOP', 'ubuntu:GNOME'), ('XMODIFIERS', '@im=ibus'), ('XDG_SESSION_DESKTOP', 'ubuntu'), ('XAUTHORITY', '/run/user/1000/.mutter-Xwaylandauth.6Z6D32'), ('LS_COLORS', 'rs=0:di=01;34:ln=01;36:mh=00:pi=40;33:so=01;35:do=01;35:bd=40;33;01:cd=40;33;01:or=40;31;01:mi=00:su=37;41:sg=30;43:ca=30;41:tw=30;42:ow=34;42:st=37;44:ex=01;32:*.tar=01;31:*.tgz=01;31:*.arc=01;31:*.arj=01;31:*.taz=01;31:*.lha=01;31:*.lz4=01;31:*.lzh=01;31:*.lzma=01;31:*.tlz=01;31:*.txz=01;31:*.tzo=01;31:*.t7z=01;31:*.zip=01;31:*.z=01;31:*.dz=01;31:*.gz=01;31:*.lrz=01;31:*.lz=01;31:*.lzo=01;31:*.xz=01;31:*.zst=01;31:*.tzst=01;31:*.bz2=01;31:*.bz=01;31:*.tbz=01;31:*.tbz2=01;31:*.tz=01;31:*.deb=01;31:*.rpm=01;31:*.jar=01;31:*.war=01;31:*.ear=01;31:*.sar=01;31:*.rar=01;31:*.alz=01;31:*.ace=01;31:*.zoo=01;31:*.cpio=01;31:*.7z=01;31:*.rz=01;31:*.cab=01;31:*.wim=01;31:*.swm=01;31:*.dwm=01;31:*.esd=01;31:*.jpg=01;35:*.jpeg=01;35:*.mjpg=01;35:*.mjpeg=01;35:*.gif=01;35:*.bmp=01;35:*.pbm=01;35:*.pgm=01;35:*.ppm=01;35:*.tga=01;35:*.xbm=01;35:*.xpm=01;35:*.tif=01;35:*.tiff=01;35:*.png=01;35:*.svg=01;35:*.svgz=01;35:*.mng=01;35:*.pcx=01;35:*.mov=01;35:*.mpg=01;35:*.mpeg=01;35:*.m2v=01;35:*.mkv=01;35:*.webm=01;35:*.webp=01;35:*.ogm=01;35:*.mp4=01;35:*.m4v=01;35:*.mp4v=01;35:*.vob=01;35:*.qt=01;35:*.nuv=01;35:*.wmv=01;35:*.asf=01;35:*.rm=01;35:*.rmvb=01;35:*.flc=01;35:*.avi=01;35:*.fli=01;35:*.flv=01;35:*.gl=01;35:*.dl=01;35:*.xcf=01;35:*.xwd=01;35:*.yuv=01;35:*.cgm=01;35:*.emf=01;35:*.ogv=01;35:*.ogx=01;35:*.aac=00;36:*.au=00;36:*.flac=00;36:*.m4a=00;36:*.mid=00;36:*.midi=00;36:*.mka=00;36:*.mp3=00;36:*.mpc=00;36:*.ogg=00;36:*.ra=00;36:*.wav=00;36:*.oga=00;36:*.opus=00;36:*.spx=00;36:*.xspf=00;36:'), ('GNOME_TERMINAL_SERVICE', ':1.123'), ('SSH_AGENT_LAUNCHER', 'gnome-keyring'), ('SSH_AUTH_SOCK', '/run/user/1000/keyring/ssh'), ('AMENT_PREFIX_PATH', '/home/amigo-pi/amigo_ros2_pi/install/ublox_serialization:/home/amigo-pi/amigo_ros2_pi/install/camera_control:/opt/ros/humble'), ('SHELL', '/bin/bash'), ('QT_ACCESSIBILITY', '1'), ('GDMSESSION', 'ubuntu'), ('LESSCLOSE', '/usr/bin/lesspipe %s %s'), ('QT_IM_MODULE', 'ibus'), ('PWD', '/home/amigo-pi/amigo_ros2_pi/build/ublox_msgs'), ('LC_ALL', 'en_US.UTF-8'), ('XDG_CONFIG_DIRS', '/etc/xdg/xdg-ubuntu:/etc/xdg'), ('XDG_DATA_DIRS', '/usr/share/ubuntu:/usr/local/share/:/usr/share/:/var/lib/snapd/desktop'), ('PYTHONPATH', '/home/amigopi/workspaces/amigo_ros2_pi/build/camera_control:/home/amigo-pi/amigo_ros2_pi/install/camera_control/lib/python3.10/site-packages:/opt/ros/humble/lib/python3.10/site-packages:/opt/ros/humble/local/lib/python3.10/dist-packages'), ('COLCON', '1'), ('VTE_VERSION', '6800'), ('CMAKE_PREFIX_PATH', '/home/amigo-pi/amigo_ros2_pi/install/ublox_serialization:/home/amigo-pi/amigo_ros2_pi/install/camera_control:/opt/ros/humble')]), 'shell': False}
[676.544827] (ublox_msgs) StdoutLine: {'line': b'-- Install configuration: ""\n'}
[676.545964] (ublox_msgs) StdoutLine: {'line': b'-- Installing: /home/amigo-pi/amigo_ros2_pi/install/ublox_msgs/share/ament_index/resource_index/rosidl_interfaces/ublox_msgs\n'}
[676.547312] (ublox_msgs) StdoutLine: {'line': b'-- Installing: /home/amigo-pi/amigo_ros2_pi/install/ublox_msgs/include/ublox_msgs/ublox_msgs\n'}
[676.548022] (ublox_msgs) StdoutLine: {'line': b'-- Installing: /home/amigo-pi/amigo_ros2_pi/install/ublox_msgs/include/ublox_msgs/ublox_msgs/msg\n'}
[676.549333] (ublox_msgs) StdoutLine: {'line': b'-- Installing: /home/amigo-pi/amigo_ros2_pi/install/ublox_msgs/include/ublox_msgs/ublox_msgs/msg/mon_ver.h\n'}
[676.550419] (ublox_msgs) StdoutLine: {'line': b'-- Installing: /home/amigo-pi/amigo_ros2_pi/install/ublox_msgs/include/ublox_msgs/ublox_msgs/msg/cfg_nav5.h\n'}
[676.551373] (ublox_msgs) StdoutLine: {'line': b'-- Installing: /home/amigo-pi/amigo_ros2_pi/install/ublox_msgs/include/ublox_msgs/ublox_msgs/msg/rxm_rawx.h\n'}
[676.552350] (ublox_msgs) StdoutLine: {'line': b'-- Installing: /home/amigo-pi/amigo_ros2_pi/install/ublox_msgs/include/ublox_msgs/ublox_msgs/msg/nav_satsv.h\n'}
[676.553263] (ublox_msgs) StdoutLine: {'line': b'-- Installing: /home/amigo-pi/amigo_ros2_pi/install/ublox_msgs/include/ublox_msgs/ublox_msgs/msg/cfg_rst.h\n'}
[676.553888] (-) TimerEvent: {}
[676.554332] (ublox_msgs) StdoutLine: {'line': b'-- Installing: /home/amigo-pi/amigo_ros2_pi/install/ublox_msgs/include/ublox_msgs/ublox_msgs/msg/esf_status.h\n'}
[676.555328] (ublox_msgs) StdoutLine: {'line': b'-- Installing: /home/amigo-pi/amigo_ros2_pi/install/ublox_msgs/include/ublox_msgs/ublox_msgs/msg/rxm_raw.h\n'}
[676.556267] (ublox_msgs) StdoutLine: {'line': b'-- Installing: /home/amigo-pi/amigo_ros2_pi/install/ublox_msgs/include/ublox_msgs/ublox_msgs/msg/esf_meas.h\n'}
[676.557242] (ublox_msgs) StdoutLine: {'line': b'-- Installing: /home/amigo-pi/amigo_ros2_pi/install/ublox_msgs/include/ublox_msgs/ublox_msgs/msg/nav_sbas.h\n'}
[676.558217] (ublox_msgs) StdoutLine: {'line': b'-- Installing: /home/amigo-pi/amigo_ros2_pi/install/ublox_msgs/include/ublox_msgs/ublox_msgs/msg/rxm_rawsv.h\n'}
[676.559200] (ublox_msgs) StdoutLine: {'line': b'-- Installing: /home/amigo-pi/amigo_ros2_pi/install/ublox_msgs/include/ublox_msgs/ublox_msgs/msg/nav_pvt7.h\n'}
[676.560125] (ublox_msgs) StdoutLine: {'line': b'-- Installing: /home/amigo-pi/amigo_ros2_pi/install/ublox_msgs/include/ublox_msgs/ublox_msgs/msg/cfg_navx5.h\n'}
[676.561042] (ublox_msgs) StdoutLine: {'line': b'-- Installing: /home/amigo-pi/amigo_ros2_pi/install/ublox_msgs/include/ublox_msgs/ublox_msgs/msg/cfg_hnr.h\n'}
[676.562109] (ublox_msgs) StdoutLine: {'line': b'-- Installing: /home/amigo-pi/amigo_ros2_pi/install/ublox_msgs/include/ublox_msgs/ublox_msgs/msg/rosidl_generator_c__visibility_control.h\n'}
[676.563161] (ublox_msgs) StdoutLine: {'line': b'-- Installing: /home/amigo-pi/amigo_ros2_pi/install/ublox_msgs/include/ublox_msgs/ublox_msgs/msg/rxm_svsi.h\n'}
[676.564090] (ublox_msgs) StdoutLine: {'line': b'-- Installing: /home/amigo-pi/amigo_ros2_pi/install/ublox_msgs/include/ublox_msgs/ublox_msgs/msg/hnr_pvt.h\n'}
[676.565136] (ublox_msgs) StdoutLine: {'line': b'-- Installing: /home/amigo-pi/amigo_ros2_pi/install/ublox_msgs/include/ublox_msgs/ublox_msgs/msg/mon_gnss.h\n'}
[676.566182] (ublox_msgs) StdoutLine: {'line': b'-- Installing: /home/amigo-pi/amigo_ros2_pi/install/ublox_msgs/include/ublox_msgs/ublox_msgs/msg/nav_sbassv.h\n'}
[676.567238] (ublox_msgs) StdoutLine: {'line': b'-- Installing: /home/amigo-pi/amigo_ros2_pi/install/ublox_msgs/include/ublox_msgs/ublox_msgs/msg/cfg_rate.h\n'}
[676.568211] (ublox_msgs) StdoutLine: {'line': b'-- Installing: /home/amigo-pi/amigo_ros2_pi/install/ublox_msgs/include/ublox_msgs/ublox_msgs/msg/cfg_tmode3.h\n'}
[676.569121] (ublox_msgs) StdoutLine: {'line': b'-- Installing: /home/amigo-pi/amigo_ros2_pi/install/ublox_msgs/include/ublox_msgs/ublox_msgs/msg/cfg_usb.h\n'}
[676.570099] (ublox_msgs) StdoutLine: {'line': b'-- Installing: /home/amigo-pi/amigo_ros2_pi/install/ublox_msgs/include/ublox_msgs/ublox_msgs/msg/nav_relposned9.h\n'}
[676.571068] (ublox_msgs) StdoutLine: {'line': b'-- Installing: /home/amigo-pi/amigo_ros2_pi/install/ublox_msgs/include/ublox_msgs/ublox_msgs/msg/nav_timeutc.h\n'}
[676.572092] (ublox_msgs) StdoutLine: {'line': b'-- Installing: /home/amigo-pi/amigo_ros2_pi/install/ublox_msgs/include/ublox_msgs/ublox_msgs/msg/cfg_gnss_block.h\n'}
[676.573044] (ublox_msgs) StdoutLine: {'line': b'-- Installing: /home/amigo-pi/amigo_ros2_pi/install/ublox_msgs/include/ublox_msgs/ublox_msgs/msg/cfg_dgnss.h\n'}
[676.574142] (ublox_msgs) StdoutLine: {'line': b'-- Installing: /home/amigo-pi/amigo_ros2_pi/install/ublox_msgs/include/ublox_msgs/ublox_msgs/msg/cfg_inf.h\n'}
[676.575129] (ublox_msgs) StdoutLine: {'line': b'-- Installing: /home/amigo-pi/amigo_ros2_pi/install/ublox_msgs/include/ublox_msgs/ublox_msgs/msg/mon_hw.h\n'}
[676.576058] (ublox_msgs) StdoutLine: {'line': b'-- Installing: /home/amigo-pi/amigo_ros2_pi/install/ublox_msgs/include/ublox_msgs/ublox_msgs/msg/nav_dop.h\n'}
[676.577019] (ublox_msgs) StdoutLine: {'line': b'-- Installing: /home/amigo-pi/amigo_ros2_pi/install/ublox_msgs/include/ublox_msgs/ublox_msgs/msg/nav_timegps.h\n'}
[676.577976] (ublox_msgs) StdoutLine: {'line': b'-- Installing: /home/amigo-pi/amigo_ros2_pi/install/ublox_msgs/include/ublox_msgs/ublox_msgs/msg/cfg_ant.h\n'}
[676.578955] (ublox_msgs) StdoutLine: {'line': b'-- Installing: /home/amigo-pi/amigo_ros2_pi/install/ublox_msgs/include/ublox_msgs/ublox_msgs/msg/nav_sat.h\n'}
[676.580062] (ublox_msgs) StdoutLine: {'line': b'-- Installing: /home/amigo-pi/amigo_ros2_pi/install/ublox_msgs/include/ublox_msgs/ublox_msgs/msg/upd_sos_ack.h\n'}
[676.581328] (ublox_msgs) StdoutLine: {'line': b'-- Installing: /home/amigo-pi/amigo_ros2_pi/install/ublox_msgs/include/ublox_msgs/ublox_msgs/msg/mga_gal.h\n'}
[676.582402] (ublox_msgs) StdoutLine: {'line': b'-- Installing: /home/amigo-pi/amigo_ros2_pi/install/ublox_msgs/include/ublox_msgs/ublox_msgs/msg/nav_sol.h\n'}
[676.583521] (ublox_msgs) StdoutLine: {'line': b'-- Installing: /home/amigo-pi/amigo_ros2_pi/install/ublox_msgs/include/ublox_msgs/ublox_msgs/msg/cfg_nmea6.h\n'}
[676.585308] (ublox_msgs) StdoutLine: {'line': b'-- Installing: /home/amigo-pi/amigo_ros2_pi/install/ublox_msgs/include/ublox_msgs/ublox_msgs/msg/nav_svinfo.h\n'}
[676.586565] (ublox_msgs) StdoutLine: {'line': b'-- Installing: /home/amigo-pi/amigo_ros2_pi/install/ublox_msgs/include/ublox_msgs/ublox_msgs/msg/nav_dgps.h\n'}
[676.588050] (ublox_msgs) StdoutLine: {'line': b'-- Installing: /home/amigo-pi/amigo_ros2_pi/install/ublox_msgs/include/ublox_msgs/ublox_msgs/msg/inf.h\n'}
[676.589221] (ublox_msgs) StdoutLine: {'line': b'-- Installing: /home/amigo-pi/amigo_ros2_pi/install/ublox_msgs/include/ublox_msgs/ublox_msgs/msg/cfg_dat.h\n'}
[676.590289] (ublox_msgs) StdoutLine: {'line': b'-- Installing: /home/amigo-pi/amigo_ros2_pi/install/ublox_msgs/include/ublox_msgs/ublox_msgs/msg/upd_sos.h\n'}
[676.591254] (ublox_msgs) StdoutLine: {'line': b'-- Installing: /home/amigo-pi/amigo_ros2_pi/install/ublox_msgs/include/ublox_msgs/ublox_msgs/msg/cfg_gnss.h\n'}
[676.592212] (ublox_msgs) StdoutLine: {'line': b'-- Installing: /home/amigo-pi/amigo_ros2_pi/install/ublox_msgs/include/ublox_msgs/ublox_msgs/msg/aid_eph.h\n'}
[676.593191] (ublox_msgs) StdoutLine: {'line': b'-- Installing: /home/amigo-pi/amigo_ros2_pi/install/ublox_msgs/include/ublox_msgs/ublox_msgs/msg/esf_raw.h\n'}
[676.594339] (ublox_msgs) StdoutLine: {'line': b'-- Installing: /home/amigo-pi/amigo_ros2_pi/install/ublox_msgs/include/ublox_msgs/ublox_msgs/msg/mon_ver_extension.h\n'}
[676.595308] (ublox_msgs) StdoutLine: {'line': b'-- Installing: /home/amigo-pi/amigo_ros2_pi/install/ublox_msgs/include/ublox_msgs/ublox_msgs/msg/rxm_alm.h\n'}
[676.596279] (ublox_msgs) StdoutLine: {'line': b'-- Installing: /home/amigo-pi/amigo_ros2_pi/install/ublox_msgs/include/ublox_msgs/ublox_msgs/msg/esf_status_sens.h\n'}
[676.597235] (ublox_msgs) StdoutLine: {'line': b'-- Installing: /home/amigo-pi/amigo_ros2_pi/install/ublox_msgs/include/ublox_msgs/ublox_msgs/msg/rxm_sfrbx.h\n'}
[676.598240] (ublox_msgs) StdoutLine: {'line': b'-- Installing: /home/amigo-pi/amigo_ros2_pi/install/ublox_msgs/include/ublox_msgs/ublox_msgs/msg/nav_pvt.h\n'}
[676.599202] (ublox_msgs) StdoutLine: {'line': b'-- Installing: /home/amigo-pi/amigo_ros2_pi/install/ublox_msgs/include/ublox_msgs/ublox_msgs/msg/esf_raw_block.h\n'}
[676.600279] (ublox_msgs) StdoutLine: {'line': b'-- Installing: /home/amigo-pi/amigo_ros2_pi/install/ublox_msgs/include/ublox_msgs/ublox_msgs/msg/rxm_sfrb.h\n'}
[676.601225] (ublox_msgs) StdoutLine: {'line': b'-- Installing: /home/amigo-pi/amigo_ros2_pi/install/ublox_msgs/include/ublox_msgs/ublox_msgs/msg/detail\n'}
[676.604865] (ublox_msgs) StdoutLine: {'line': b'-- Installing: /home/amigo-pi/amigo_ros2_pi/install/ublox_msgs/include/ublox_msgs/ublox_msgs/msg/detail/inf__functions.h\n'}
[676.605997] (ublox_msgs) StdoutLine: {'line': b'-- Installing: /home/amigo-pi/amigo_ros2_pi/install/ublox_msgs/include/ublox_msgs/ublox_msgs/msg/detail/ack__type_support.h\n'}
[676.607041] (ublox_msgs) StdoutLine: {'line': b'-- Installing: /home/amigo-pi/amigo_ros2_pi/install/ublox_msgs/include/ublox_msgs/ublox_msgs/msg/detail/rxm_sfrb__functions.c\n'}
[676.608090] (ublox_msgs) StdoutLine: {'line': b'-- Installing: /home/amigo-pi/amigo_ros2_pi/install/ublox_msgs/include/ublox_msgs/ublox_msgs/msg/detail/cfg_navx5__struct.h\n'}
[676.609132] (ublox_msgs) StdoutLine: {'line': b'-- Installing: /home/amigo-pi/amigo_ros2_pi/install/ublox_msgs/include/ublox_msgs/ublox_msgs/msg/detail/mga_gal__type_support.h\n'}
[676.610198] (ublox_msgs) StdoutLine: {'line': b'-- Installing: /home/amigo-pi/amigo_ros2_pi/install/ublox_msgs/include/ublox_msgs/ublox_msgs/msg/detail/ack__functions.c\n'}
[676.611317] (ublox_msgs) StdoutLine: {'line': b'-- Installing: /home/amigo-pi/amigo_ros2_pi/install/ublox_msgs/include/ublox_msgs/ublox_msgs/msg/detail/aid_hui__functions.h\n'}
[676.612408] (ublox_msgs) StdoutLine: {'line': b'-- Installing: /home/amigo-pi/amigo_ros2_pi/install/ublox_msgs/include/ublox_msgs/ublox_msgs/msg/detail/cfg_tmode3__type_support.h\n'}
[676.613435] (ublox_msgs) StdoutLine: {'line': b'-- Installing: /home/amigo-pi/amigo_ros2_pi/install/ublox_msgs/include/ublox_msgs/ublox_msgs/msg/detail/rxm_rawx__functions.h\n'}
[676.614677] (ublox_msgs) StdoutLine: {'line': b'-- Installing: /home/amigo-pi/amigo_ros2_pi/install/ublox_msgs/include/ublox_msgs/ublox_msgs/msg/detail/nav_sbassv__type_support.h\n'}
[676.615748] (ublox_msgs) StdoutLine: {'line': b'-- Installing: /home/amigo-pi/amigo_ros2_pi/install/ublox_msgs/include/ublox_msgs/ublox_msgs/msg/detail/cfg_gnss_block__struct.h\n'}
[676.616806] (ublox_msgs) StdoutLine: {'line': b'-- Installing: /home/amigo-pi/amigo_ros2_pi/install/ublox_msgs/include/ublox_msgs/ublox_msgs/msg/detail/cfg_nmea7__struct.h\n'}
[676.617874] (ublox_msgs) StdoutLine: {'line': b'-- Installing: /home/amigo-pi/amigo_ros2_pi/install/ublox_msgs/include/ublox_msgs/ublox_msgs/msg/detail/rxm_alm__struct.h\n'}
[676.618936] (ublox_msgs) StdoutLine: {'line': b'-- Installing: /home/amigo-pi/amigo_ros2_pi/install/ublox_msgs/include/ublox_msgs/ublox_msgs/msg/detail/cfg_inf_block__type_support.h\n'}
[676.620007] (ublox_msgs) StdoutLine: {'line': b'-- Installing: /home/amigo-pi/amigo_ros2_pi/install/ublox_msgs/include/ublox_msgs/ublox_msgs/msg/detail/nav_posecef__struct.h\n'}
[676.621080] (ublox_msgs) StdoutLine: {'line': b'-- Installing: /home/amigo-pi/amigo_ros2_pi/install/ublox_msgs/include/ublox_msgs/ublox_msgs/msg/detail/cfg_sbas__type_support.h\n'}
[676.622146] (ublox_msgs) StdoutLine: {'line': b'-- Installing: /home/amigo-pi/amigo_ros2_pi/install/ublox_msgs/include/ublox_msgs/ublox_msgs/msg/detail/nav_dgps__struct.h\n'}
[676.623160] (ublox_msgs) StdoutLine: {'line': b'-- Installing: /home/amigo-pi/amigo_ros2_pi/install/ublox_msgs/include/ublox_msgs/ublox_msgs/msg/detail/ack__struct.h\n'}
[676.624120] (ublox_msgs) StdoutLine: {'line': b'-- Installing: /home/amigo-pi/amigo_ros2_pi/install/ublox_msgs/include/ublox_msgs/ublox_msgs/msg/detail/tim_tm2__struct.h\n'}
[676.625121] (ublox_msgs) StdoutLine: {'line': b'-- Installing: /home/amigo-pi/amigo_ros2_pi/install/ublox_msgs/include/ublox_msgs/ublox_msgs/msg/detail/cfg_ant__functions.c\n'}
[676.626290] (ublox_msgs) StdoutLine: {'line': b'-- Installing: /home/amigo-pi/amigo_ros2_pi/install/ublox_msgs/include/ublox_msgs/ublox_msgs/msg/detail/esf_status__type_support.h\n'}
[676.627337] (ublox_msgs) StdoutLine: {'line': b'-- Installing: /home/amigo-pi/amigo_ros2_pi/install/ublox_msgs/include/ublox_msgs/ublox_msgs/msg/detail/tim_tm2__functions.c\n'}
[676.628408] (ublox_msgs) StdoutLine: {'line': b'-- Installing: /home/amigo-pi/amigo_ros2_pi/install/ublox_msgs/include/ublox_msgs/ublox_msgs/msg/detail/rxm_sfrbx__functions.h\n'}
[676.629487] (ublox_msgs) StdoutLine: {'line': b'-- Installing: /home/amigo-pi/amigo_ros2_pi/install/ublox_msgs/include/ublox_msgs/ublox_msgs/msg/detail/nav_clock__functions.h\n'}
[676.630578] (ublox_msgs) StdoutLine: {'line': b'-- Installing: /home/amigo-pi/amigo_ros2_pi/install/ublox_msgs/include/ublox_msgs/ublox_msgs/msg/detail/nav_timeutc__functions.h\n'}
[676.631647] (ublox_msgs) StdoutLine: {'line': b'-- Installing: /home/amigo-pi/amigo_ros2_pi/install/ublox_msgs/include/ublox_msgs/ublox_msgs/msg/detail/nav_svin__functions.c\n'}
[676.632729] (ublox_msgs) StdoutLine: {'line': b'-- Installing: /home/amigo-pi/amigo_ros2_pi/install/ublox_msgs/include/ublox_msgs/ublox_msgs/msg/detail/rxm_rawx_meas__functions.h\n'}
[676.633789] (ublox_msgs) StdoutLine: {'line': b'-- Installing: /home/amigo-pi/amigo_ros2_pi/install/ublox_msgs/include/ublox_msgs/ublox_msgs/msg/detail/cfg_ant__functions.h\n'}
[676.635227] (ublox_msgs) StdoutLine: {'line': b'-- Installing: /home/amigo-pi/amigo_ros2_pi/install/ublox_msgs/include/ublox_msgs/ublox_msgs/msg/detail/cfg_dat__type_support.h\n'}
[676.636239] (ublox_msgs) StdoutLine: {'line': b'-- Installing: /home/amigo-pi/amigo_ros2_pi/install/ublox_msgs/include/ublox_msgs/ublox_msgs/msg/detail/mon_ver_extension__functions.h\n'}
[676.637309] (ublox_msgs) StdoutLine: {'line': b'-- Installing: /home/amigo-pi/amigo_ros2_pi/install/ublox_msgs/include/ublox_msgs/ublox_msgs/msg/detail/aid_alm__functions.h\n'}
[676.638399] (ublox_msgs) StdoutLine: {'line': b'-- Installing: /home/amigo-pi/amigo_ros2_pi/install/ublox_msgs/include/ublox_msgs/ublox_msgs/msg/detail/mon_ver__functions.h\n'}
[676.639457] (ublox_msgs) StdoutLine: {'line': b'-- Installing: /home/amigo-pi/amigo_ros2_pi/install/ublox_msgs/include/ublox_msgs/ublox_msgs/msg/detail/aid_eph__struct.h\n'}
[676.640545] (ublox_msgs) StdoutLine: {'line': b'-- Installing: /home/amigo-pi/amigo_ros2_pi/install/ublox_msgs/include/ublox_msgs/ublox_msgs/msg/detail/nav_velned__type_support.h\n'}
[676.641551] (ublox_msgs) StdoutLine: {'line': b'-- Installing: /home/amigo-pi/amigo_ros2_pi/install/ublox_msgs/include/ublox_msgs/ublox_msgs/msg/detail/cfg_rst__functions.h\n'}
[676.642891] (ublox_msgs) StdoutLine: {'line': b'-- Installing: /home/amigo-pi/amigo_ros2_pi/install/ublox_msgs/include/ublox_msgs/ublox_msgs/msg/detail/nav_svinfosv__functions.h\n'}
[676.643964] (ublox_msgs) StdoutLine: {'line': b'-- Installing: /home/amigo-pi/amigo_ros2_pi/install/ublox_msgs/include/ublox_msgs/ublox_msgs/msg/detail/cfg_msg__struct.h\n'}
[676.645005] (ublox_msgs) StdoutLine: {'line': b'-- Installing: /home/amigo-pi/amigo_ros2_pi/install/ublox_msgs/include/ublox_msgs/ublox_msgs/msg/detail/cfg_rst__struct.h\n'}
[676.646075] (ublox_msgs) StdoutLine: {'line': b'-- Installing: /home/amigo-pi/amigo_ros2_pi/install/ublox_msgs/include/ublox_msgs/ublox_msgs/msg/detail/nav_satsv__functions.c\n'}
[676.647179] (ublox_msgs) StdoutLine: {'line': b'-- Installing: /home/amigo-pi/amigo_ros2_pi/install/ublox_msgs/include/ublox_msgs/ublox_msgs/msg/detail/nav_velecef__functions.c\n'}
[676.648232] (ublox_msgs) StdoutLine: {'line': b'-- Installing: /home/amigo-pi/amigo_ros2_pi/install/ublox_msgs/include/ublox_msgs/ublox_msgs/msg/detail/nav_svin__functions.h\n'}
[676.649268] (ublox_msgs) StdoutLine: {'line': b'-- Installing: /home/amigo-pi/amigo_ros2_pi/install/ublox_msgs/include/ublox_msgs/ublox_msgs/msg/detail/hnr_pvt__struct.h\n'}
[676.650591] (ublox_msgs) StdoutLine: {'line': b'-- Installing: /home/amigo-pi/amigo_ros2_pi/install/ublox_msgs/include/ublox_msgs/ublox_msgs/msg/detail/cfg_gnss__functions.h\n'}
[676.651634] (ublox_msgs) StdoutLine: {'line': b'-- Installing: /home/amigo-pi/amigo_ros2_pi/install/ublox_msgs/include/ublox_msgs/ublox_msgs/msg/detail/nav_sat__functions.h\n'}
[676.652685] (ublox_msgs) StdoutLine: {'line': b'-- Installing: /home/amigo-pi/amigo_ros2_pi/install/ublox_msgs/include/ublox_msgs/ublox_msgs/msg/detail/nav_status__functions.h\n'}
[676.653726] (ublox_msgs) StdoutLine: {'line': b'-- Installing: /home/amigo-pi/amigo_ros2_pi/install/ublox_msgs/include/ublox_msgs/ublox_msgs/msg/detail/mon_gnss__functions.h\n'}
[676.654124] (-) TimerEvent: {}
[676.654891] (ublox_msgs) StdoutLine: {'line': b'-- Installing: /home/amigo-pi/amigo_ros2_pi/install/ublox_msgs/include/ublox_msgs/ublox_msgs/msg/detail/cfg_nmea__functions.c\n'}
[676.656037] (ublox_msgs) StdoutLine: {'line': b'-- Installing: /home/amigo-pi/amigo_ros2_pi/install/ublox_msgs/include/ublox_msgs/ublox_msgs/msg/detail/nav_dgps__type_support.h\n'}
[676.657056] (ublox_msgs) StdoutLine: {'line': b'-- Installing: /home/amigo-pi/amigo_ros2_pi/install/ublox_msgs/include/ublox_msgs/ublox_msgs/msg/detail/cfg_navx5__functions.h\n'}
[676.658147] (ublox_msgs) StdoutLine: {'line': b'-- Installing: /home/amigo-pi/amigo_ros2_pi/install/ublox_msgs/include/ublox_msgs/ublox_msgs/msg/detail/nav_pvt7__functions.c\n'}
[676.659276] (ublox_msgs) StdoutLine: {'line': b'-- Installing: /home/amigo-pi/amigo_ros2_pi/install/ublox_msgs/include/ublox_msgs/ublox_msgs/msg/detail/esf_status_sens__struct.h\n'}
[676.660349] (ublox_msgs) StdoutLine: {'line': b'-- Installing: /home/amigo-pi/amigo_ros2_pi/install/ublox_msgs/include/ublox_msgs/ublox_msgs/msg/detail/nav_posllh__struct.h\n'}
[676.661386] (ublox_msgs) StdoutLine: {'line': b'-- Installing: /home/amigo-pi/amigo_ros2_pi/install/ublox_msgs/include/ublox_msgs/ublox_msgs/msg/detail/nav_dgpssv__type_support.h\n'}
[676.662511] (ublox_msgs) StdoutLine: {'line': b'-- Installing: /home/amigo-pi/amigo_ros2_pi/install/ublox_msgs/include/ublox_msgs/ublox_msgs/msg/detail/nav_timeutc__type_support.h\n'}
[676.663552] (ublox_msgs) StdoutLine: {'line': b'-- Installing: /home/amigo-pi/amigo_ros2_pi/install/ublox_msgs/include/ublox_msgs/ublox_msgs/msg/detail/rxm_svsi__type_support.h\n'}
[676.664650] (ublox_msgs) StdoutLine: {'line': b'-- Installing: /home/amigo-pi/amigo_ros2_pi/install/ublox_msgs/include/ublox_msgs/ublox_msgs/msg/detail/nav_timeutc__struct.h\n'}
[676.665827] (ublox_msgs) StdoutLine: {'line': b'-- Installing: /home/amigo-pi/amigo_ros2_pi/install/ublox_msgs/include/ublox_msgs/ublox_msgs/msg/detail/cfg_nmea6__functions.c\n'}
[676.667115] (ublox_msgs) StdoutLine: {'line': b'-- Installing: /home/amigo-pi/amigo_ros2_pi/install/ublox_msgs/include/ublox_msgs/ublox_msgs/msg/detail/rxm_svsi__functions.h\n'}
[676.668151] (ublox_msgs) StdoutLine: {'line': b'-- Installing: /home/amigo-pi/amigo_ros2_pi/install/ublox_msgs/include/ublox_msgs/ublox_msgs/msg/detail/cfg_nmea7__type_support.h\n'}
[676.669189] (ublox_msgs) StdoutLine: {'line': b'-- Installing: /home/amigo-pi/amigo_ros2_pi/install/ublox_msgs/include/ublox_msgs/ublox_msgs/msg/detail/aid_hui__type_support.h\n'}
[676.670272] (ublox_msgs) StdoutLine: {'line': b'-- Installing: /home/amigo-pi/amigo_ros2_pi/install/ublox_msgs/include/ublox_msgs/ublox_msgs/msg/detail/esf_meas__functions.h\n'}
[676.671376] (ublox_msgs) StdoutLine: {'line': b'-- Installing: /home/amigo-pi/amigo_ros2_pi/install/ublox_msgs/include/ublox_msgs/ublox_msgs/msg/detail/cfg_sbas__struct.h\n'}
[676.672371] (ublox_msgs) StdoutLine: {'line': b'-- Installing: /home/amigo-pi/amigo_ros2_pi/install/ublox_msgs/include/ublox_msgs/ublox_msgs/msg/detail/aid_alm__functions.c\n'}
[676.673431] (ublox_msgs) StdoutLine: {'line': b'-- Installing: /home/amigo-pi/amigo_ros2_pi/install/ublox_msgs/include/ublox_msgs/ublox_msgs/msg/detail/cfg_gnss_block__functions.c\n'}
[676.674737] (ublox_msgs) StdoutLine: {'line': b'-- Installing: /home/amigo-pi/amigo_ros2_pi/install/ublox_msgs/include/ublox_msgs/ublox_msgs/msg/detail/rxm_rtcm__functions.c\n'}
[676.675782] (ublox_msgs) StdoutLine: {'line': b'-- Installing: /home/amigo-pi/amigo_ros2_pi/install/ublox_msgs/include/ublox_msgs/ublox_msgs/msg/detail/cfg_dat__struct.h\n'}
[676.676806] (ublox_msgs) StdoutLine: {'line': b'-- Installing: /home/amigo-pi/amigo_ros2_pi/install/ublox_msgs/include/ublox_msgs/ublox_msgs/msg/detail/upd_sos_ack__functions.h\n'}
[676.678097] (ublox_msgs) StdoutLine: {'line': b'-- Installing: /home/amigo-pi/amigo_ros2_pi/install/ublox_msgs/include/ublox_msgs/ublox_msgs/msg/detail/rxm_rtcm__struct.h\n'}
[676.679184] (ublox_msgs) StdoutLine: {'line': b'-- Installing: /home/amigo-pi/amigo_ros2_pi/install/ublox_msgs/include/ublox_msgs/ublox_msgs/msg/detail/aid_alm__type_support.h\n'}
[676.680225] (ublox_msgs) StdoutLine: {'line': b'-- Installing: /home/amigo-pi/amigo_ros2_pi/install/ublox_msgs/include/ublox_msgs/ublox_msgs/msg/detail/nav_velecef__type_support.h\n'}
[676.681544] (ublox_msgs) StdoutLine: {'line': b'-- Installing: /home/amigo-pi/amigo_ros2_pi/install/ublox_msgs/include/ublox_msgs/ublox_msgs/msg/detail/cfg_inf__struct.h\n'}
[676.682767] (ublox_msgs) StdoutLine: {'line': b'-- Installing: /home/amigo-pi/amigo_ros2_pi/install/ublox_msgs/include/ublox_msgs/ublox_msgs/msg/detail/esf_status_sens__type_support.h\n'}
[676.683976] (ublox_msgs) StdoutLine: {'line': b'-- Installing: /home/amigo-pi/amigo_ros2_pi/install/ublox_msgs/include/ublox_msgs/ublox_msgs/msg/detail/aid_eph__functions.c\n'}
[676.685791] (ublox_msgs) StdoutLine: {'line': b'-- Installing: /home/amigo-pi/amigo_ros2_pi/install/ublox_msgs/include/ublox_msgs/ublox_msgs/msg/detail/nav_svin__type_support.h\n'}
[676.686977] (ublox_msgs) StdoutLine: {'line': b'-- Installing: /home/amigo-pi/amigo_ros2_pi/install/ublox_msgs/include/ublox_msgs/ublox_msgs/msg/detail/cfg_gnss_block__functions.h\n'}
[676.688673] (ublox_msgs) StdoutLine: {'line': b'-- Installing: /home/amigo-pi/amigo_ros2_pi/install/ublox_msgs/include/ublox_msgs/ublox_msgs/msg/detail/cfg_tmode3__functions.c\n'}
[676.689900] (ublox_msgs) StdoutLine: {'line': b'-- Installing: /home/amigo-pi/amigo_ros2_pi/install/ublox_msgs/include/ublox_msgs/ublox_msgs/msg/detail/cfg_nmea__functions.h\n'}
[676.691034] (ublox_msgs) StdoutLine: {'line': b'-- Installing: /home/amigo-pi/amigo_ros2_pi/install/ublox_msgs/include/ublox_msgs/ublox_msgs/msg/detail/nav_pvt7__struct.h\n'}
[676.692151] (ublox_msgs) StdoutLine: {'line': b'-- Installing: /home/amigo-pi/amigo_ros2_pi/install/ublox_msgs/include/ublox_msgs/ublox_msgs/msg/detail/rxm_rawx__struct.h\n'}
[676.693161] (ublox_msgs) StdoutLine: {'line': b'-- Installing: /home/amigo-pi/amigo_ros2_pi/install/ublox_msgs/include/ublox_msgs/ublox_msgs/msg/detail/rxm_sfrbx__struct.h\n'}
[676.694401] (ublox_msgs) StdoutLine: {'line': b'-- Installing: /home/amigo-pi/amigo_ros2_pi/install/ublox_msgs/include/ublox_msgs/ublox_msgs/msg/detail/nav_timegps__functions.h\n'}
[676.695491] (ublox_msgs) StdoutLine: {'line': b'-- Installing: /home/amigo-pi/amigo_ros2_pi/install/ublox_msgs/include/ublox_msgs/ublox_msgs/msg/detail/cfg_nav5__functions.c\n'}
[676.696699] (ublox_msgs) StdoutLine: {'line': b'-- Installing: /home/amigo-pi/amigo_ros2_pi/install/ublox_msgs/include/ublox_msgs/ublox_msgs/msg/detail/cfg_rate__struct.h\n'}
[676.697708] (ublox_msgs) StdoutLine: {'line': b'-- Installing: /home/amigo-pi/amigo_ros2_pi/install/ublox_msgs/include/ublox_msgs/ublox_msgs/msg/detail/nav_sat__functions.c\n'}
[676.698854] (ublox_msgs) StdoutLine: {'line': b'-- Installing: /home/amigo-pi/amigo_ros2_pi/install/ublox_msgs/include/ublox_msgs/ublox_msgs/msg/detail/cfg_nmea6__struct.h\n'}
[676.699944] (ublox_msgs) StdoutLine: {'line': b'-- Installing: /home/amigo-pi/amigo_ros2_pi/install/ublox_msgs/include/ublox_msgs/ublox_msgs/msg/detail/cfg_msg__functions.c\n'}
[676.701066] (ublox_msgs) StdoutLine: {'line': b'-- Installing: /home/amigo-pi/amigo_ros2_pi/install/ublox_msgs/include/ublox_msgs/ublox_msgs/msg/detail/nav_dop__type_support.h\n'}
[676.702332] (ublox_msgs) StdoutLine: {'line': b'-- Installing: /home/amigo-pi/amigo_ros2_pi/install/ublox_msgs/include/ublox_msgs/ublox_msgs/msg/detail/nav_pvt7__type_support.h\n'}
[676.703373] (ublox_msgs) StdoutLine: {'line': b'-- Installing: /home/amigo-pi/amigo_ros2_pi/install/ublox_msgs/include/ublox_msgs/ublox_msgs/msg/detail/nav_status__struct.h\n'}
[676.704435] (ublox_msgs) StdoutLine: {'line': b'-- Installing: /home/amigo-pi/amigo_ros2_pi/install/ublox_msgs/include/ublox_msgs/ublox_msgs/msg/detail/nav_posllh__functions.h\n'}
[676.705515] (ublox_msgs) StdoutLine: {'line': b'-- Installing: /home/amigo-pi/amigo_ros2_pi/install/ublox_msgs/include/ublox_msgs/ublox_msgs/msg/detail/nav_relposned9__type_support.h\n'}
[676.706598] (ublox_msgs) StdoutLine: {'line': b'-- Installing: /home/amigo-pi/amigo_ros2_pi/install/ublox_msgs/include/ublox_msgs/ublox_msgs/msg/detail/rxm_eph__functions.h\n'}
[676.707651] (ublox_msgs) StdoutLine: {'line': b'-- Installing: /home/amigo-pi/amigo_ros2_pi/install/ublox_msgs/include/ublox_msgs/ublox_msgs/msg/detail/nav_dop__functions.h\n'}
[676.708735] (ublox_msgs) StdoutLine: {'line': b'-- Installing: /home/amigo-pi/amigo_ros2_pi/install/ublox_msgs/include/ublox_msgs/ublox_msgs/msg/detail/esf_ins__type_support.h\n'}
[676.709761] (ublox_msgs) StdoutLine: {'line': b'-- Installing: /home/amigo-pi/amigo_ros2_pi/install/ublox_msgs/include/ublox_msgs/ublox_msgs/msg/detail/nav_timegps__struct.h\n'}
[676.710898] (ublox_msgs) StdoutLine: {'line': b'-- Installing: /home/amigo-pi/amigo_ros2_pi/install/ublox_msgs/include/ublox_msgs/ublox_msgs/msg/detail/nav_svinfo__type_support.h\n'}
[676.712227] (ublox_msgs) StdoutLine: {'line': b'-- Installing: /home/amigo-pi/amigo_ros2_pi/install/ublox_msgs/include/ublox_msgs/ublox_msgs/msg/detail/nav_svinfo__functions.h\n'}
[676.713395] (ublox_msgs) StdoutLine: {'line': b'-- Installing: /home/amigo-pi/amigo_ros2_pi/install/ublox_msgs/include/ublox_msgs/ublox_msgs/msg/detail/cfg_tmode3__struct.h\n'}
[676.714699] (ublox_msgs) StdoutLine: {'line': b'-- Installing: /home/amigo-pi/amigo_ros2_pi/install/ublox_msgs/include/ublox_msgs/ublox_msgs/msg/detail/cfg_prt__functions.c\n'}
[676.715805] (ublox_msgs) StdoutLine: {'line': b'-- Installing: /home/amigo-pi/amigo_ros2_pi/install/ublox_msgs/include/ublox_msgs/ublox_msgs/msg/detail/nav_relposned9__struct.h\n'}
[676.716883] (ublox_msgs) StdoutLine: {'line': b'-- Installing: /home/amigo-pi/amigo_ros2_pi/install/ublox_msgs/include/ublox_msgs/ublox_msgs/msg/detail/nav_sat__type_support.h\n'}
[676.717935] (ublox_msgs) StdoutLine: {'line': b'-- Installing: /home/amigo-pi/amigo_ros2_pi/install/ublox_msgs/include/ublox_msgs/ublox_msgs/msg/detail/nav_status__type_support.h\n'}
[676.719018] (ublox_msgs) StdoutLine: {'line': b'-- Installing: /home/amigo-pi/amigo_ros2_pi/install/ublox_msgs/include/ublox_msgs/ublox_msgs/msg/detail/nav_dop__struct.h\n'}
[676.720282] (ublox_msgs) StdoutLine: {'line': b'-- Installing: /home/amigo-pi/amigo_ros2_pi/install/ublox_msgs/include/ublox_msgs/ublox_msgs/msg/detail/cfg_sbas__functions.h\n'}
[676.721978] (ublox_msgs) StdoutLine: {'line': b'-- Installing: /home/amigo-pi/amigo_ros2_pi/install/ublox_msgs/include/ublox_msgs/ublox_msgs/msg/detail/cfg_nmea__struct.h\n'}
[676.723150] (ublox_msgs) StdoutLine: {'line': b'-- Installing: /home/amigo-pi/amigo_ros2_pi/install/ublox_msgs/include/ublox_msgs/ublox_msgs/msg/detail/cfg_tmode3__functions.h\n'}
[676.724223] (ublox_msgs) StdoutLine: {'line': b'-- Installing: /home/amigo-pi/amigo_ros2_pi/install/ublox_msgs/include/ublox_msgs/ublox_msgs/msg/detail/esf_raw_block__type_support.h\n'}
[676.725287] (ublox_msgs) StdoutLine: {'line': b'-- Installing: /home/amigo-pi/amigo_ros2_pi/install/ublox_msgs/include/ublox_msgs/ublox_msgs/msg/detail/rxm_svsi__struct.h\n'}
[676.726409] (ublox_msgs) StdoutLine: {'line': b'-- Installing: /home/amigo-pi/amigo_ros2_pi/install/ublox_msgs/include/ublox_msgs/ublox_msgs/msg/detail/nav_velecef__functions.h\n'}
[676.727531] (ublox_msgs) StdoutLine: {'line': b'-- Installing: /home/amigo-pi/amigo_ros2_pi/install/ublox_msgs/include/ublox_msgs/ublox_msgs/msg/detail/nav_svinfosv__type_support.h\n'}
[676.728608] (ublox_msgs) StdoutLine: {'line': b'-- Installing: /home/amigo-pi/amigo_ros2_pi/install/ublox_msgs/include/ublox_msgs/ublox_msgs/msg/detail/tim_tm2__type_support.h\n'}
[676.729684] (ublox_msgs) StdoutLine: {'line': b'-- Installing: /home/amigo-pi/amigo_ros2_pi/install/ublox_msgs/include/ublox_msgs/ublox_msgs/msg/detail/rxm_rawx_meas__functions.c\n'}
[676.730856] (ublox_msgs) StdoutLine: {'line': b'-- Installing: /home/amigo-pi/amigo_ros2_pi/install/ublox_msgs/include/ublox_msgs/ublox_msgs/msg/detail/cfg_msg__functions.h\n'}
[676.731931] (ublox_msgs) StdoutLine: {'line': b'-- Installing: /home/amigo-pi/amigo_ros2_pi/install/ublox_msgs/include/ublox_msgs/ublox_msgs/msg/detail/rxm_rawsv__type_support.h\n'}
[676.733076] (ublox_msgs) StdoutLine: {'line': b'-- Installing: /home/amigo-pi/amigo_ros2_pi/install/ublox_msgs/include/ublox_msgs/ublox_msgs/msg/detail/esf_status_sens__functions.h\n'}
[676.734270] (ublox_msgs) StdoutLine: {'line': b'-- Installing: /home/amigo-pi/amigo_ros2_pi/install/ublox_msgs/include/ublox_msgs/ublox_msgs/msg/detail/nav_sbassv__functions.c\n'}
[676.735366] (ublox_msgs) StdoutLine: {'line': b'-- Installing: /home/amigo-pi/amigo_ros2_pi/install/ublox_msgs/include/ublox_msgs/ublox_msgs/msg/detail/rxm_sfrbx__type_support.h\n'}
[676.736419] (ublox_msgs) StdoutLine: {'line': b'-- Installing: /home/amigo-pi/amigo_ros2_pi/install/ublox_msgs/include/ublox_msgs/ublox_msgs/msg/detail/cfg_hnr__functions.c\n'}
[676.737479] (ublox_msgs) StdoutLine: {'line': b'-- Installing: /home/amigo-pi/amigo_ros2_pi/install/ublox_msgs/include/ublox_msgs/ublox_msgs/msg/detail/nav_posecef__functions.c\n'}
[676.739001] (ublox_msgs) StdoutLine: {'line': b'-- Installing: /home/amigo-pi/amigo_ros2_pi/install/ublox_msgs/include/ublox_msgs/ublox_msgs/msg/detail/nav_pvt__functions.c\n'}
[676.740132] (ublox_msgs) StdoutLine: {'line': b'-- Installing: /home/amigo-pi/amigo_ros2_pi/install/ublox_msgs/include/ublox_msgs/ublox_msgs/msg/detail/cfg_inf_block__struct.h\n'}
[676.741175] (ublox_msgs) StdoutLine: {'line': b'-- Installing: /home/amigo-pi/amigo_ros2_pi/install/ublox_msgs/include/ublox_msgs/ublox_msgs/msg/detail/nav_dgps__functions.c\n'}
[676.742284] (ublox_msgs) StdoutLine: {'line': b'-- Installing: /home/amigo-pi/amigo_ros2_pi/install/ublox_msgs/include/ublox_msgs/ublox_msgs/msg/detail/rxm_eph__functions.c\n'}
[676.743435] (ublox_msgs) StdoutLine: {'line': b'-- Installing: /home/amigo-pi/amigo_ros2_pi/install/ublox_msgs/include/ublox_msgs/ublox_msgs/msg/detail/cfg_usb__struct.h\n'}
[676.744451] (ublox_msgs) StdoutLine: {'line': b'-- Installing: /home/amigo-pi/amigo_ros2_pi/install/ublox_msgs/include/ublox_msgs/ublox_msgs/msg/detail/cfg_dat__functions.h\n'}
[676.745502] (ublox_msgs) StdoutLine: {'line': b'-- Installing: /home/amigo-pi/amigo_ros2_pi/install/ublox_msgs/include/ublox_msgs/ublox_msgs/msg/detail/nav_svin__struct.h\n'}
[676.746705] (ublox_msgs) StdoutLine: {'line': b'-- Installing: /home/amigo-pi/amigo_ros2_pi/install/ublox_msgs/include/ublox_msgs/ublox_msgs/msg/detail/aid_alm__struct.h\n'}
[676.747778] (ublox_msgs) StdoutLine: {'line': b'-- Installing: /home/amigo-pi/amigo_ros2_pi/install/ublox_msgs/include/ublox_msgs/ublox_msgs/msg/detail/nav_relposned9__functions.h\n'}
[676.748864] (ublox_msgs) StdoutLine: {'line': b'-- Installing: /home/amigo-pi/amigo_ros2_pi/install/ublox_msgs/include/ublox_msgs/ublox_msgs/msg/detail/esf_meas__struct.h\n'}
[676.749957] (ublox_msgs) StdoutLine: {'line': b'-- Installing: /home/amigo-pi/amigo_ros2_pi/install/ublox_msgs/include/ublox_msgs/ublox_msgs/msg/detail/upd_sos__type_support.h\n'}
[676.751254] (ublox_msgs) StdoutLine: {'line': b'-- Installing: /home/amigo-pi/amigo_ros2_pi/install/ublox_msgs/include/ublox_msgs/ublox_msgs/msg/detail/nav_sol__functions.c\n'}
[676.752323] (ublox_msgs) StdoutLine: {'line': b'-- Installing: /home/amigo-pi/amigo_ros2_pi/install/ublox_msgs/include/ublox_msgs/ublox_msgs/msg/detail/cfg_nav5__type_support.h\n'}
[676.753388] (ublox_msgs) StdoutLine: {'line': b'-- Installing: /home/amigo-pi/amigo_ros2_pi/install/ublox_msgs/include/ublox_msgs/ublox_msgs/msg/detail/nav_clock__struct.h\n'}
[676.754233] (-) TimerEvent: {}
[676.754912] (ublox_msgs) StdoutLine: {'line': b'-- Installing: /home/amigo-pi/amigo_ros2_pi/install/ublox_msgs/include/ublox_msgs/ublox_msgs/msg/detail/upd_sos_ack__type_support.h\n'}
[676.755671] (ublox_msgs) StdoutLine: {'line': b'-- Installing: /home/amigo-pi/amigo_ros2_pi/install/ublox_msgs/include/ublox_msgs/ublox_msgs/msg/detail/esf_meas__functions.c\n'}
[676.756791] (ublox_msgs) StdoutLine: {'line': b'-- Installing: /home/amigo-pi/amigo_ros2_pi/install/ublox_msgs/include/ublox_msgs/ublox_msgs/msg/detail/upd_sos__functions.h\n'}
[676.757927] (ublox_msgs) StdoutLine: {'line': b'-- Installing: /home/amigo-pi/amigo_ros2_pi/install/ublox_msgs/include/ublox_msgs/ublox_msgs/msg/detail/cfg_sbas__functions.c\n'}
[676.759057] (ublox_msgs) StdoutLine: {'line': b'-- Installing: /home/amigo-pi/amigo_ros2_pi/install/ublox_msgs/include/ublox_msgs/ublox_msgs/msg/detail/mon_hw__struct.h\n'}
[676.760280] (ublox_msgs) StdoutLine: {'line': b'-- Installing: /home/amigo-pi/amigo_ros2_pi/install/ublox_msgs/include/ublox_msgs/ublox_msgs/msg/detail/cfg_navx5__type_support.h\n'}
[676.761331] (ublox_msgs) StdoutLine: {'line': b'-- Installing: /home/amigo-pi/amigo_ros2_pi/install/ublox_msgs/include/ublox_msgs/ublox_msgs/msg/detail/rxm_rtcm__functions.h\n'}
[676.762602] (ublox_msgs) StdoutLine: {'line': b'-- Installing: /home/amigo-pi/amigo_ros2_pi/install/ublox_msgs/include/ublox_msgs/ublox_msgs/msg/detail/cfg_ant__struct.h\n'}
[676.763638] (ublox_msgs) StdoutLine: {'line': b'-- Installing: /home/amigo-pi/amigo_ros2_pi/install/ublox_msgs/include/ublox_msgs/ublox_msgs/msg/detail/rxm_rawx_meas__type_support.h\n'}
[676.764705] (ublox_msgs) StdoutLine: {'line': b'-- Installing: /home/amigo-pi/amigo_ros2_pi/install/ublox_msgs/include/ublox_msgs/ublox_msgs/msg/detail/nav_att__type_support.h\n'}
[676.765817] (ublox_msgs) StdoutLine: {'line': b'-- Installing: /home/amigo-pi/amigo_ros2_pi/install/ublox_msgs/include/ublox_msgs/ublox_msgs/msg/detail/nav_velecef__struct.h\n'}
[676.766918] (ublox_msgs) StdoutLine: {'line': b'-- Installing: /home/amigo-pi/amigo_ros2_pi/install/ublox_msgs/include/ublox_msgs/ublox_msgs/msg/detail/nav_svinfo__functions.c\n'}
[676.768075] (ublox_msgs) StdoutLine: {'line': b'-- Installing: /home/amigo-pi/amigo_ros2_pi/install/ublox_msgs/include/ublox_msgs/ublox_msgs/msg/detail/esf_status_sens__functions.c\n'}
[676.769161] (ublox_msgs) StdoutLine: {'line': b'-- Installing: /home/amigo-pi/amigo_ros2_pi/install/ublox_msgs/include/ublox_msgs/ublox_msgs/msg/detail/nav_satsv__functions.h\n'}
[676.770283] (ublox_msgs) StdoutLine: {'line': b'-- Installing: /home/amigo-pi/amigo_ros2_pi/install/ublox_msgs/include/ublox_msgs/ublox_msgs/msg/detail/cfg_nav5__struct.h\n'}
[676.771502] (ublox_msgs) StdoutLine: {'line': b'-- Installing: /home/amigo-pi/amigo_ros2_pi/install/ublox_msgs/include/ublox_msgs/ublox_msgs/msg/detail/esf_meas__type_support.h\n'}
[676.772564] (ublox_msgs) StdoutLine: {'line': b'-- Installing: /home/amigo-pi/amigo_ros2_pi/install/ublox_msgs/include/ublox_msgs/ublox_msgs/msg/detail/esf_status__functions.c\n'}
[676.773661] (ublox_msgs) StdoutLine: {'line': b'-- Installing: /home/amigo-pi/amigo_ros2_pi/install/ublox_msgs/include/ublox_msgs/ublox_msgs/msg/detail/nav_timeutc__functions.c\n'}
[676.774840] (ublox_msgs) StdoutLine: {'line': b'-- Installing: /home/amigo-pi/amigo_ros2_pi/install/ublox_msgs/include/ublox_msgs/ublox_msgs/msg/detail/esf_ins__struct.h\n'}
[676.775878] (ublox_msgs) StdoutLine: {'line': b'-- Installing: /home/amigo-pi/amigo_ros2_pi/install/ublox_msgs/include/ublox_msgs/ublox_msgs/msg/detail/nav_dgpssv__functions.c\n'}
[676.776992] (ublox_msgs) StdoutLine: {'line': b'-- Installing: /home/amigo-pi/amigo_ros2_pi/install/ublox_msgs/include/ublox_msgs/ublox_msgs/msg/detail/nav_clock__functions.c\n'}
[676.778050] (ublox_msgs) StdoutLine: {'line': b'-- Installing: /home/amigo-pi/amigo_ros2_pi/install/ublox_msgs/include/ublox_msgs/ublox_msgs/msg/detail/nav_sbas__type_support.h\n'}
[676.779174] (ublox_msgs) StdoutLine: {'line': b'-- Installing: /home/amigo-pi/amigo_ros2_pi/install/ublox_msgs/include/ublox_msgs/ublox_msgs/msg/detail/mon_ver__functions.c\n'}
[676.780257] (ublox_msgs) StdoutLine: {'line': b'-- Installing: /home/amigo-pi/amigo_ros2_pi/install/ublox_msgs/include/ublox_msgs/ublox_msgs/msg/detail/rxm_sfrb__struct.h\n'}
[676.781423] (ublox_msgs) StdoutLine: {'line': b'-- Installing: /home/amigo-pi/amigo_ros2_pi/install/ublox_msgs/include/ublox_msgs/ublox_msgs/msg/detail/mon_hw6__functions.h\n'}
[676.782942] (ublox_msgs) StdoutLine: {'line': b'-- Installing: /home/amigo-pi/amigo_ros2_pi/install/ublox_msgs/include/ublox_msgs/ublox_msgs/msg/detail/cfg_cfg__functions.c\n'}
[676.784217] (ublox_msgs) StdoutLine: {'line': b'-- Installing: /home/amigo-pi/amigo_ros2_pi/install/ublox_msgs/include/ublox_msgs/ublox_msgs/msg/detail/nav_pvt7__functions.h\n'}
[676.786115] (ublox_msgs) StdoutLine: {'line': b'-- Installing: /home/amigo-pi/amigo_ros2_pi/install/ublox_msgs/include/ublox_msgs/ublox_msgs/msg/detail/rxm_sfrb__functions.h\n'}
[676.787330] (ublox_msgs) StdoutLine: {'line': b'-- Installing: /home/amigo-pi/amigo_ros2_pi/install/ublox_msgs/include/ublox_msgs/ublox_msgs/msg/detail/nav_sbas__functions.c\n'}
[676.789082] (ublox_msgs) StdoutLine: {'line': b'-- Installing: /home/amigo-pi/amigo_ros2_pi/install/ublox_msgs/include/ublox_msgs/ublox_msgs/msg/detail/cfg_dgnss__functions.c\n'}
[676.790190] (ublox_msgs) StdoutLine: {'line': b'-- Installing: /home/amigo-pi/amigo_ros2_pi/install/ublox_msgs/include/ublox_msgs/ublox_msgs/msg/detail/esf_raw_block__functions.h\n'}
[676.791329] (ublox_msgs) StdoutLine: {'line': b'-- Installing: /home/amigo-pi/amigo_ros2_pi/install/ublox_msgs/include/ublox_msgs/ublox_msgs/msg/detail/mon_hw6__functions.c\n'}
[676.792476] (ublox_msgs) StdoutLine: {'line': b'-- Installing: /home/amigo-pi/amigo_ros2_pi/install/ublox_msgs/include/ublox_msgs/ublox_msgs/msg/detail/mon_gnss__functions.c\n'}
[676.793546] (ublox_msgs) StdoutLine: {'line': b'-- Installing: /home/amigo-pi/amigo_ros2_pi/install/ublox_msgs/include/ublox_msgs/ublox_msgs/msg/detail/nav_status__functions.c\n'}
[676.794762] (ublox_msgs) StdoutLine: {'line': b'-- Installing: /home/amigo-pi/amigo_ros2_pi/install/ublox_msgs/include/ublox_msgs/ublox_msgs/msg/detail/rxm_svsisv__type_support.h\n'}
[676.795798] (ublox_msgs) StdoutLine: {'line': b'-- Installing: /home/amigo-pi/amigo_ros2_pi/install/ublox_msgs/include/ublox_msgs/ublox_msgs/msg/detail/hnr_pvt__functions.c\n'}
[676.796937] (ublox_msgs) StdoutLine: {'line': b'-- Installing: /home/amigo-pi/amigo_ros2_pi/install/ublox_msgs/include/ublox_msgs/ublox_msgs/msg/detail/esf_raw__type_support.h\n'}
[676.798207] (ublox_msgs) StdoutLine: {'line': b'-- Installing: /home/amigo-pi/amigo_ros2_pi/install/ublox_msgs/include/ublox_msgs/ublox_msgs/msg/detail/cfg_gnss__type_support.h\n'}
[676.799264] (ublox_msgs) StdoutLine: {'line': b'-- Installing: /home/amigo-pi/amigo_ros2_pi/install/ublox_msgs/include/ublox_msgs/ublox_msgs/msg/detail/cfg_rst__functions.c\n'}
[676.800447] (ublox_msgs) StdoutLine: {'line': b'-- Installing: /home/amigo-pi/amigo_ros2_pi/install/ublox_msgs/include/ublox_msgs/ublox_msgs/msg/detail/upd_sos__struct.h\n'}
[676.801523] (ublox_msgs) StdoutLine: {'line': b'-- Installing: /home/amigo-pi/amigo_ros2_pi/install/ublox_msgs/include/ublox_msgs/ublox_msgs/msg/detail/cfg_cfg__functions.h\n'}
[676.802645] (ublox_msgs) StdoutLine: {'line': b'-- Installing: /home/amigo-pi/amigo_ros2_pi/install/ublox_msgs/include/ublox_msgs/ublox_msgs/msg/detail/aid_eph__functions.h\n'}
[676.803712] (ublox_msgs) StdoutLine: {'line': b'-- Installing: /home/amigo-pi/amigo_ros2_pi/install/ublox_msgs/include/ublox_msgs/ublox_msgs/msg/detail/mon_hw__type_support.h\n'}
[676.804759] (ublox_msgs) StdoutLine: {'line': b'-- Installing: /home/amigo-pi/amigo_ros2_pi/install/ublox_msgs/include/ublox_msgs/ublox_msgs/msg/detail/rxm_eph__struct.h\n'}
[676.805802] (ublox_msgs) StdoutLine: {'line': b'-- Installing: /home/amigo-pi/amigo_ros2_pi/install/ublox_msgs/include/ublox_msgs/ublox_msgs/msg/detail/cfg_hnr__struct.h\n'}
[676.806912] (ublox_msgs) StdoutLine: {'line': b'-- Installing: /home/amigo-pi/amigo_ros2_pi/install/ublox_msgs/include/ublox_msgs/ublox_msgs/msg/detail/cfg_usb__type_support.h\n'}
[676.807961] (ublox_msgs) StdoutLine: {'line': b'-- Installing: /home/amigo-pi/amigo_ros2_pi/install/ublox_msgs/include/ublox_msgs/ublox_msgs/msg/detail/nav_relposned__type_support.h\n'}
[676.809020] (ublox_msgs) StdoutLine: {'line': b'-- Installing: /home/amigo-pi/amigo_ros2_pi/install/ublox_msgs/include/ublox_msgs/ublox_msgs/msg/detail/nav_dgpssv__functions.h\n'}
[676.810418] (ublox_msgs) StdoutLine: {'line': b'-- Installing: /home/amigo-pi/amigo_ros2_pi/install/ublox_msgs/include/ublox_msgs/ublox_msgs/msg/detail/aid_hui__struct.h\n'}
[676.811528] (ublox_msgs) StdoutLine: {'line': b'-- Installing: /home/amigo-pi/amigo_ros2_pi/install/ublox_msgs/include/ublox_msgs/ublox_msgs/msg/detail/cfg_inf__functions.h\n'}
[676.812669] (ublox_msgs) StdoutLine: {'line': b'-- Installing: /home/amigo-pi/amigo_ros2_pi/install/ublox_msgs/include/ublox_msgs/ublox_msgs/msg/detail/nav_posecef__type_support.h\n'}
[676.813714] (ublox_msgs) StdoutLine: {'line': b'-- Installing: /home/amigo-pi/amigo_ros2_pi/install/ublox_msgs/include/ublox_msgs/ublox_msgs/msg/detail/nav_sol__type_support.h\n'}
[676.814788] (ublox_msgs) StdoutLine: {'line': b'-- Installing: /home/amigo-pi/amigo_ros2_pi/install/ublox_msgs/include/ublox_msgs/ublox_msgs/msg/detail/cfg_dat__functions.c\n'}
[676.815870] (ublox_msgs) StdoutLine: {'line': b'-- Installing: /home/amigo-pi/amigo_ros2_pi/install/ublox_msgs/include/ublox_msgs/ublox_msgs/msg/detail/cfg_inf_block__functions.c\n'}
[676.817002] (ublox_msgs) StdoutLine: {'line': b'-- Installing: /home/amigo-pi/amigo_ros2_pi/install/ublox_msgs/include/ublox_msgs/ublox_msgs/msg/detail/nav_relposned9__functions.c\n'}
[676.818173] (ublox_msgs) StdoutLine: {'line': b'-- Installing: /home/amigo-pi/amigo_ros2_pi/install/ublox_msgs/include/ublox_msgs/ublox_msgs/msg/detail/nav_att__struct.h\n'}
[676.819211] (ublox_msgs) StdoutLine: {'line': b'-- Installing: /home/amigo-pi/amigo_ros2_pi/install/ublox_msgs/include/ublox_msgs/ublox_msgs/msg/detail/rxm_rawsv__functions.c\n'}
[676.820282] (ublox_msgs) StdoutLine: {'line': b'-- Installing: /home/amigo-pi/amigo_ros2_pi/install/ublox_msgs/include/ublox_msgs/ublox_msgs/msg/detail/esf_raw_block__struct.h\n'}
[676.821335] (ublox_msgs) StdoutLine: {'line': b'-- Installing: /home/amigo-pi/amigo_ros2_pi/install/ublox_msgs/include/ublox_msgs/ublox_msgs/msg/detail/nav_svinfo__struct.h\n'}
[676.822575] (ublox_msgs) StdoutLine: {'line': b'-- Installing: /home/amigo-pi/amigo_ros2_pi/install/ublox_msgs/include/ublox_msgs/ublox_msgs/msg/detail/nav_pvt__struct.h\n'}
[676.823662] (ublox_msgs) StdoutLine: {'line': b'-- Installing: /home/amigo-pi/amigo_ros2_pi/install/ublox_msgs/include/ublox_msgs/ublox_msgs/msg/detail/cfg_prt__functions.h\n'}
[676.824725] (ublox_msgs) StdoutLine: {'line': b'-- Installing: /home/amigo-pi/amigo_ros2_pi/install/ublox_msgs/include/ublox_msgs/ublox_msgs/msg/detail/nav_sbas__functions.h\n'}
[676.825872] (ublox_msgs) StdoutLine: {'line': b'-- Installing: /home/amigo-pi/amigo_ros2_pi/install/ublox_msgs/include/ublox_msgs/ublox_msgs/msg/detail/inf__functions.c\n'}
[676.826907] (ublox_msgs) StdoutLine: {'line': b'-- Installing: /home/amigo-pi/amigo_ros2_pi/install/ublox_msgs/include/ublox_msgs/ublox_msgs/msg/detail/cfg_nmea7__functions.c\n'}
[676.828151] (ublox_msgs) StdoutLine: {'line': b'-- Installing: /home/amigo-pi/amigo_ros2_pi/install/ublox_msgs/include/ublox_msgs/ublox_msgs/msg/detail/nav_velned__struct.h\n'}
[676.829176] (ublox_msgs) StdoutLine: {'line': b'-- Installing: /home/amigo-pi/amigo_ros2_pi/install/ublox_msgs/include/ublox_msgs/ublox_msgs/msg/detail/cfg_rst__type_support.h\n'}
[676.830273] (ublox_msgs) StdoutLine: {'line': b'-- Installing: /home/amigo-pi/amigo_ros2_pi/install/ublox_msgs/include/ublox_msgs/ublox_msgs/msg/detail/esf_raw__struct.h\n'}
[676.831348] (ublox_msgs) StdoutLine: {'line': b'-- Installing: /home/amigo-pi/amigo_ros2_pi/install/ublox_msgs/include/ublox_msgs/ublox_msgs/msg/detail/nav_relposned__functions.c\n'}
[676.832495] (ublox_msgs) StdoutLine: {'line': b'-- Installing: /home/amigo-pi/amigo_ros2_pi/install/ublox_msgs/include/ublox_msgs/ublox_msgs/msg/detail/cfg_dgnss__type_support.h\n'}
[676.833515] (ublox_msgs) StdoutLine: {'line': b'-- Installing: /home/amigo-pi/amigo_ros2_pi/install/ublox_msgs/include/ublox_msgs/ublox_msgs/msg/detail/nav_posecef__functions.h\n'}
[676.834766] (ublox_msgs) StdoutLine: {'line': b'-- Installing: /home/amigo-pi/amigo_ros2_pi/install/ublox_msgs/include/ublox_msgs/ublox_msgs/msg/detail/esf_raw_block__functions.c\n'}
[676.835932] (ublox_msgs) StdoutLine: {'line': b'-- Installing: /home/amigo-pi/amigo_ros2_pi/install/ublox_msgs/include/ublox_msgs/ublox_msgs/msg/detail/cfg_nmea6__type_support.h\n'}
[676.836951] (ublox_msgs) StdoutLine: {'line': b'-- Installing: /home/amigo-pi/amigo_ros2_pi/install/ublox_msgs/include/ublox_msgs/ublox_msgs/msg/detail/cfg_dgnss__struct.h\n'}
[676.838063] (ublox_msgs) StdoutLine: {'line': b'-- Installing: /home/amigo-pi/amigo_ros2_pi/install/ublox_msgs/include/ublox_msgs/ublox_msgs/msg/detail/mon_ver_extension__struct.h\n'}
[676.839211] (ublox_msgs) StdoutLine: {'line': b'-- Installing: /home/amigo-pi/amigo_ros2_pi/install/ublox_msgs/include/ublox_msgs/ublox_msgs/msg/detail/cfg_gnss__functions.c\n'}
[676.840302] (ublox_msgs) StdoutLine: {'line': b'-- Installing: /home/amigo-pi/amigo_ros2_pi/install/ublox_msgs/include/ublox_msgs/ublox_msgs/msg/detail/nav_dgps__functions.h\n'}
[676.841403] (ublox_msgs) StdoutLine: {'line': b'-- Installing: /home/amigo-pi/amigo_ros2_pi/install/ublox_msgs/include/ublox_msgs/ublox_msgs/msg/detail/mon_gnss__type_support.h\n'}
[676.842481] (ublox_msgs) StdoutLine: {'line': b'-- Installing: /home/amigo-pi/amigo_ros2_pi/install/ublox_msgs/include/ublox_msgs/ublox_msgs/msg/detail/esf_ins__functions.h\n'}
[676.843561] (ublox_msgs) StdoutLine: {'line': b'-- Installing: /home/amigo-pi/amigo_ros2_pi/install/ublox_msgs/include/ublox_msgs/ublox_msgs/msg/detail/mga_gal__functions.c\n'}
[676.844660] (ublox_msgs) StdoutLine: {'line': b'-- Installing: /home/amigo-pi/amigo_ros2_pi/install/ublox_msgs/include/ublox_msgs/ublox_msgs/msg/detail/rxm_svsisv__functions.h\n'}
[676.845751] (ublox_msgs) StdoutLine: {'line': b'-- Installing: /home/amigo-pi/amigo_ros2_pi/install/ublox_msgs/include/ublox_msgs/ublox_msgs/msg/detail/rxm_svsi__functions.c\n'}
[676.846983] (ublox_msgs) StdoutLine: {'line': b'-- Installing: /home/amigo-pi/amigo_ros2_pi/install/ublox_msgs/include/ublox_msgs/ublox_msgs/msg/detail/cfg_nmea__type_support.h\n'}
[676.848034] (ublox_msgs) StdoutLine: {'line': b'-- Installing: /home/amigo-pi/amigo_ros2_pi/install/ublox_msgs/include/ublox_msgs/ublox_msgs/msg/detail/tim_tm2__functions.h\n'}
[676.849087] (ublox_msgs) StdoutLine: {'line': b'-- Installing: /home/amigo-pi/amigo_ros2_pi/install/ublox_msgs/include/ublox_msgs/ublox_msgs/msg/detail/rxm_alm__functions.h\n'}
[676.850420] (ublox_msgs) StdoutLine: {'line': b'-- Installing: /home/amigo-pi/amigo_ros2_pi/install/ublox_msgs/include/ublox_msgs/ublox_msgs/msg/detail/rxm_eph__type_support.h\n'}
[676.851416] (ublox_msgs) StdoutLine: {'line': b'-- Installing: /home/amigo-pi/amigo_ros2_pi/install/ublox_msgs/include/ublox_msgs/ublox_msgs/msg/detail/cfg_gnss__struct.h\n'}
[676.852453] (ublox_msgs) StdoutLine: {'line': b'-- Installing: /home/amigo-pi/amigo_ros2_pi/install/ublox_msgs/include/ublox_msgs/ublox_msgs/msg/detail/cfg_navx5__functions.c\n'}
[676.853568] (ublox_msgs) StdoutLine: {'line': b'-- Installing: /home/amigo-pi/amigo_ros2_pi/install/ublox_msgs/include/ublox_msgs/ublox_msgs/msg/detail/nav_posllh__type_support.h\n'}
[676.854346] (-) TimerEvent: {}
[676.854957] (ublox_msgs) StdoutLine: {'line': b'-- Installing: /home/amigo-pi/amigo_ros2_pi/install/ublox_msgs/include/ublox_msgs/ublox_msgs/msg/detail/rxm_raw__functions.h\n'}
[676.855972] (ublox_msgs) StdoutLine: {'line': b'-- Installing: /home/amigo-pi/amigo_ros2_pi/install/ublox_msgs/include/ublox_msgs/ublox_msgs/msg/detail/mon_ver_extension__type_support.h\n'}
[676.857051] (ublox_msgs) StdoutLine: {'line': b'-- Installing: /home/amigo-pi/amigo_ros2_pi/install/ublox_msgs/include/ublox_msgs/ublox_msgs/msg/detail/rxm_rawx__type_support.h\n'}
[676.858126] (ublox_msgs) StdoutLine: {'line': b'-- Installing: /home/amigo-pi/amigo_ros2_pi/install/ublox_msgs/include/ublox_msgs/ublox_msgs/msg/detail/cfg_prt__type_support.h\n'}
[676.859160] (ublox_msgs) StdoutLine: {'line': b'-- Installing: /home/amigo-pi/amigo_ros2_pi/install/ublox_msgs/include/ublox_msgs/ublox_msgs/msg/detail/cfg_nmea6__functions.h\n'}
[676.860427] (ublox_msgs) StdoutLine: {'line': b'-- Installing: /home/amigo-pi/amigo_ros2_pi/install/ublox_msgs/include/ublox_msgs/ublox_msgs/msg/detail/nav_timegps__functions.c\n'}
[676.861512] (ublox_msgs) StdoutLine: {'line': b'-- Installing: /home/amigo-pi/amigo_ros2_pi/install/ublox_msgs/include/ublox_msgs/ublox_msgs/msg/detail/rxm_rawx__functions.c\n'}
[676.862672] (ublox_msgs) StdoutLine: {'line': b'-- Installing: /home/amigo-pi/amigo_ros2_pi/install/ublox_msgs/include/ublox_msgs/ublox_msgs/msg/detail/cfg_gnss_block__type_support.h\n'}
[676.863717] (ublox_msgs) StdoutLine: {'line': b'-- Installing: /home/amigo-pi/amigo_ros2_pi/install/ublox_msgs/include/ublox_msgs/ublox_msgs/msg/detail/nav_pvt__type_support.h\n'}
[676.864728] (ublox_msgs) StdoutLine: {'line': b'-- Installing: /home/amigo-pi/amigo_ros2_pi/install/ublox_msgs/include/ublox_msgs/ublox_msgs/msg/detail/mga_gal__struct.h\n'}
[676.866097] (ublox_msgs) StdoutLine: {'line': b'-- Installing: /home/amigo-pi/amigo_ros2_pi/install/ublox_msgs/include/ublox_msgs/ublox_msgs/msg/detail/nav_posllh__functions.c\n'}
[676.867392] (ublox_msgs) StdoutLine: {'line': b'-- Installing: /home/amigo-pi/amigo_ros2_pi/install/ublox_msgs/include/ublox_msgs/ublox_msgs/msg/detail/cfg_usb__functions.c\n'}
[676.868434] (ublox_msgs) StdoutLine: {'line': b'-- Installing: /home/amigo-pi/amigo_ros2_pi/install/ublox_msgs/include/ublox_msgs/ublox_msgs/msg/detail/nav_timegps__type_support.h\n'}
[676.869481] (ublox_msgs) StdoutLine: {'line': b'-- Installing: /home/amigo-pi/amigo_ros2_pi/install/ublox_msgs/include/ublox_msgs/ublox_msgs/msg/detail/rxm_raw__functions.c\n'}
[676.870683] (ublox_msgs) StdoutLine: {'line': b'-- Installing: /home/amigo-pi/amigo_ros2_pi/install/ublox_msgs/include/ublox_msgs/ublox_msgs/msg/detail/mon_ver__type_support.h\n'}
[676.871717] (ublox_msgs) StdoutLine: {'line': b'-- Installing: /home/amigo-pi/amigo_ros2_pi/install/ublox_msgs/include/ublox_msgs/ublox_msgs/msg/detail/cfg_nmea7__functions.h\n'}
[676.872782] (ublox_msgs) StdoutLine: {'line': b'-- Installing: /home/amigo-pi/amigo_ros2_pi/install/ublox_msgs/include/ublox_msgs/ublox_msgs/msg/detail/hnr_pvt__functions.h\n'}
[676.873877] (ublox_msgs) StdoutLine: {'line': b'-- Installing: /home/amigo-pi/amigo_ros2_pi/install/ublox_msgs/include/ublox_msgs/ublox_msgs/msg/detail/mon_hw6__type_support.h\n'}
[676.875131] (ublox_msgs) StdoutLine: {'line': b'-- Installing: /home/amigo-pi/amigo_ros2_pi/install/ublox_msgs/include/ublox_msgs/ublox_msgs/msg/detail/rxm_rawx_meas__struct.h\n'}
[676.876174] (ublox_msgs) StdoutLine: {'line': b'-- Installing: /home/amigo-pi/amigo_ros2_pi/install/ublox_msgs/include/ublox_msgs/ublox_msgs/msg/detail/mon_hw__functions.h\n'}
[676.877199] (ublox_msgs) StdoutLine: {'line': b'-- Installing: /home/amigo-pi/amigo_ros2_pi/install/ublox_msgs/include/ublox_msgs/ublox_msgs/msg/detail/nav_sbassv__struct.h\n'}
[676.878255] (ublox_msgs) StdoutLine: {'line': b'-- Installing: /home/amigo-pi/amigo_ros2_pi/install/ublox_msgs/include/ublox_msgs/ublox_msgs/msg/detail/esf_raw__functions.c\n'}
[676.879340] (ublox_msgs) StdoutLine: {'line': b'-- Installing: /home/amigo-pi/amigo_ros2_pi/install/ublox_msgs/include/ublox_msgs/ublox_msgs/msg/detail/nav_satsv__struct.h\n'}
[676.880444] (ublox_msgs) StdoutLine: {'line': b'-- Installing: /home/amigo-pi/amigo_ros2_pi/install/ublox_msgs/include/ublox_msgs/ublox_msgs/msg/detail/nav_pvt__functions.h\n'}
[676.881787] (ublox_msgs) StdoutLine: {'line': b'-- Installing: /home/amigo-pi/amigo_ros2_pi/install/ublox_msgs/include/ublox_msgs/ublox_msgs/msg/detail/cfg_rate__functions.h\n'}
[676.883085] (ublox_msgs) StdoutLine: {'line': b'-- Installing: /home/amigo-pi/amigo_ros2_pi/install/ublox_msgs/include/ublox_msgs/ublox_msgs/msg/detail/cfg_inf_block__functions.h\n'}
[676.884431] (ublox_msgs) StdoutLine: {'line': b'-- Installing: /home/amigo-pi/amigo_ros2_pi/install/ublox_msgs/include/ublox_msgs/ublox_msgs/msg/detail/cfg_inf__type_support.h\n'}
[676.888648] (ublox_msgs) StdoutLine: {'line': b'-- Installing: /home/amigo-pi/amigo_ros2_pi/install/ublox_msgs/include/ublox_msgs/ublox_msgs/msg/detail/esf_status__functions.h\n'}
[676.889167] (ublox_msgs) StdoutLine: {'line': b'-- Installing: /home/amigo-pi/amigo_ros2_pi/install/ublox_msgs/include/ublox_msgs/ublox_msgs/msg/detail/cfg_usb__functions.h\n'}
[676.889647] (ublox_msgs) StdoutLine: {'line': b'-- Installing: /home/amigo-pi/amigo_ros2_pi/install/ublox_msgs/include/ublox_msgs/ublox_msgs/msg/detail/nav_svinfosv__functions.c\n'}
[676.890619] (ublox_msgs) StdoutLine: {'line': b'-- Installing: /home/amigo-pi/amigo_ros2_pi/install/ublox_msgs/include/ublox_msgs/ublox_msgs/msg/detail/cfg_prt__struct.h\n'}
[676.891712] (ublox_msgs) StdoutLine: {'line': b'-- Installing: /home/amigo-pi/amigo_ros2_pi/install/ublox_msgs/include/ublox_msgs/ublox_msgs/msg/detail/inf__struct.h\n'}
[676.892697] (ublox_msgs) StdoutLine: {'line': b'-- Installing: /home/amigo-pi/amigo_ros2_pi/install/ublox_msgs/include/ublox_msgs/ublox_msgs/msg/detail/esf_raw__functions.h\n'}
[676.893809] (ublox_msgs) StdoutLine: {'line': b'-- Installing: /home/amigo-pi/amigo_ros2_pi/install/ublox_msgs/include/ublox_msgs/ublox_msgs/msg/detail/upd_sos_ack__functions.c\n'}
[676.895002] (ublox_msgs) StdoutLine: {'line': b'-- Installing: /home/amigo-pi/amigo_ros2_pi/install/ublox_msgs/include/ublox_msgs/ublox_msgs/msg/detail/rxm_alm__type_support.h\n'}
[676.896030] (ublox_msgs) StdoutLine: {'line': b'-- Installing: /home/amigo-pi/amigo_ros2_pi/install/ublox_msgs/include/ublox_msgs/ublox_msgs/msg/detail/rxm_raw__struct.h\n'}
[676.897044] (ublox_msgs) StdoutLine: {'line': b'-- Installing: /home/amigo-pi/amigo_ros2_pi/install/ublox_msgs/include/ublox_msgs/ublox_msgs/msg/detail/upd_sos_ack__struct.h\n'}
[676.898241] (ublox_msgs) StdoutLine: {'line': b'-- Installing: /home/amigo-pi/amigo_ros2_pi/install/ublox_msgs/include/ublox_msgs/ublox_msgs/msg/detail/cfg_nav5__functions.h\n'}
[676.899449] (ublox_msgs) StdoutLine: {'line': b'-- Installing: /home/amigo-pi/amigo_ros2_pi/install/ublox_msgs/include/ublox_msgs/ublox_msgs/msg/detail/rxm_rawsv__functions.h\n'}
[676.900613] (ublox_msgs) StdoutLine: {'line': b'-- Installing: /home/amigo-pi/amigo_ros2_pi/install/ublox_msgs/include/ublox_msgs/ublox_msgs/msg/detail/nav_velned__functions.h\n'}
[676.901713] (ublox_msgs) StdoutLine: {'line': b'-- Installing: /home/amigo-pi/amigo_ros2_pi/install/ublox_msgs/include/ublox_msgs/ublox_msgs/msg/detail/mon_gnss__struct.h\n'}
[676.902971] (ublox_msgs) StdoutLine: {'line': b'-- Installing: /home/amigo-pi/amigo_ros2_pi/install/ublox_msgs/include/ublox_msgs/ublox_msgs/msg/detail/hnr_pvt__type_support.h\n'}
[676.904048] (ublox_msgs) StdoutLine: {'line': b'-- Installing: /home/amigo-pi/amigo_ros2_pi/install/ublox_msgs/include/ublox_msgs/ublox_msgs/msg/detail/rxm_raw__type_support.h\n'}
[676.905107] (ublox_msgs) StdoutLine: {'line': b'-- Installing: /home/amigo-pi/amigo_ros2_pi/install/ublox_msgs/include/ublox_msgs/ublox_msgs/msg/detail/nav_svinfosv__struct.h\n'}
[676.906299] (ublox_msgs) StdoutLine: {'line': b'-- Installing: /home/amigo-pi/amigo_ros2_pi/install/ublox_msgs/include/ublox_msgs/ublox_msgs/msg/detail/nav_dop__functions.c\n'}
[676.907369] (ublox_msgs) StdoutLine: {'line': b'-- Installing: /home/amigo-pi/amigo_ros2_pi/install/ublox_msgs/include/ublox_msgs/ublox_msgs/msg/detail/rxm_svsisv__struct.h\n'}
[676.908376] (ublox_msgs) StdoutLine: {'line': b'-- Installing: /home/amigo-pi/amigo_ros2_pi/install/ublox_msgs/include/ublox_msgs/ublox_msgs/msg/detail/nav_sbas__struct.h\n'}
[676.909415] (ublox_msgs) StdoutLine: {'line': b'-- Installing: /home/amigo-pi/amigo_ros2_pi/install/ublox_msgs/include/ublox_msgs/ublox_msgs/msg/detail/cfg_hnr__type_support.h\n'}
[676.910483] (ublox_msgs) StdoutLine: {'line': b'-- Installing: /home/amigo-pi/amigo_ros2_pi/install/ublox_msgs/include/ublox_msgs/ublox_msgs/msg/detail/esf_status__struct.h\n'}
[676.911564] (ublox_msgs) StdoutLine: {'line': b'-- Installing: /home/amigo-pi/amigo_ros2_pi/install/ublox_msgs/include/ublox_msgs/ublox_msgs/msg/detail/nav_sat__struct.h\n'}
[676.912601] (ublox_msgs) StdoutLine: {'line': b'-- Installing: /home/amigo-pi/amigo_ros2_pi/install/ublox_msgs/include/ublox_msgs/ublox_msgs/msg/detail/upd_sos__functions.c\n'}
[676.913662] (ublox_msgs) StdoutLine: {'line': b'-- Installing: /home/amigo-pi/amigo_ros2_pi/install/ublox_msgs/include/ublox_msgs/ublox_msgs/msg/detail/inf__type_support.h\n'}
[676.914782] (ublox_msgs) StdoutLine: {'line': b'-- Installing: /home/amigo-pi/amigo_ros2_pi/install/ublox_msgs/include/ublox_msgs/ublox_msgs/msg/detail/cfg_cfg__struct.h\n'}
[676.915810] (ublox_msgs) StdoutLine: {'line': b'-- Installing: /home/amigo-pi/amigo_ros2_pi/install/ublox_msgs/include/ublox_msgs/ublox_msgs/msg/detail/mon_ver__struct.h\n'}
[676.916821] (ublox_msgs) StdoutLine: {'line': b'-- Installing: /home/amigo-pi/amigo_ros2_pi/install/ublox_msgs/include/ublox_msgs/ublox_msgs/msg/detail/nav_velned__functions.c\n'}
[676.917983] (ublox_msgs) StdoutLine: {'line': b'-- Installing: /home/amigo-pi/amigo_ros2_pi/install/ublox_msgs/include/ublox_msgs/ublox_msgs/msg/detail/cfg_rate__functions.c\n'}
[676.919062] (ublox_msgs) StdoutLine: {'line': b'-- Installing: /home/amigo-pi/amigo_ros2_pi/install/ublox_msgs/include/ublox_msgs/ublox_msgs/msg/detail/ack__functions.h\n'}
[676.920112] (ublox_msgs) StdoutLine: {'line': b'-- Installing: /home/amigo-pi/amigo_ros2_pi/install/ublox_msgs/include/ublox_msgs/ublox_msgs/msg/detail/nav_satsv__type_support.h\n'}
[676.921180] (ublox_msgs) StdoutLine: {'line': b'-- Installing: /home/amigo-pi/amigo_ros2_pi/install/ublox_msgs/include/ublox_msgs/ublox_msgs/msg/detail/esf_ins__functions.c\n'}
[676.922424] (ublox_msgs) StdoutLine: {'line': b'-- Installing: /home/amigo-pi/amigo_ros2_pi/install/ublox_msgs/include/ublox_msgs/ublox_msgs/msg/detail/mon_ver_extension__functions.c\n'}
[676.923509] (ublox_msgs) StdoutLine: {'line': b'-- Installing: /home/amigo-pi/amigo_ros2_pi/install/ublox_msgs/include/ublox_msgs/ublox_msgs/msg/detail/rxm_sfrb__type_support.h\n'}
[676.924569] (ublox_msgs) StdoutLine: {'line': b'-- Installing: /home/amigo-pi/amigo_ros2_pi/install/ublox_msgs/include/ublox_msgs/ublox_msgs/msg/detail/cfg_inf__functions.c\n'}
[676.925637] (ublox_msgs) StdoutLine: {'line': b'-- Installing: /home/amigo-pi/amigo_ros2_pi/install/ublox_msgs/include/ublox_msgs/ublox_msgs/msg/detail/cfg_rate__type_support.h\n'}
[676.926704] (ublox_msgs) StdoutLine: {'line': b'-- Installing: /home/amigo-pi/amigo_ros2_pi/install/ublox_msgs/include/ublox_msgs/ublox_msgs/msg/detail/nav_att__functions.c\n'}
[676.927778] (ublox_msgs) StdoutLine: {'line': b'-- Installing: /home/amigo-pi/amigo_ros2_pi/install/ublox_msgs/include/ublox_msgs/ublox_msgs/msg/detail/mon_hw__functions.c\n'}
[676.928913] (ublox_msgs) StdoutLine: {'line': b'-- Installing: /home/amigo-pi/amigo_ros2_pi/install/ublox_msgs/include/ublox_msgs/ublox_msgs/msg/detail/nav_relposned__struct.h\n'}
[676.930003] (ublox_msgs) StdoutLine: {'line': b'-- Installing: /home/amigo-pi/amigo_ros2_pi/install/ublox_msgs/include/ublox_msgs/ublox_msgs/msg/detail/rxm_rtcm__type_support.h\n'}
[676.931075] (ublox_msgs) StdoutLine: {'line': b'-- Installing: /home/amigo-pi/amigo_ros2_pi/install/ublox_msgs/include/ublox_msgs/ublox_msgs/msg/detail/nav_sol__functions.h\n'}
[676.932144] (ublox_msgs) StdoutLine: {'line': b'-- Installing: /home/amigo-pi/amigo_ros2_pi/install/ublox_msgs/include/ublox_msgs/ublox_msgs/msg/detail/cfg_cfg__type_support.h\n'}
[676.933158] (ublox_msgs) StdoutLine: {'line': b'-- Installing: /home/amigo-pi/amigo_ros2_pi/install/ublox_msgs/include/ublox_msgs/ublox_msgs/msg/detail/rxm_alm__functions.c\n'}
[676.934445] (ublox_msgs) StdoutLine: {'line': b'-- Installing: /home/amigo-pi/amigo_ros2_pi/install/ublox_msgs/include/ublox_msgs/ublox_msgs/msg/detail/nav_sbassv__functions.h\n'}
[676.935516] (ublox_msgs) StdoutLine: {'line': b'-- Installing: /home/amigo-pi/amigo_ros2_pi/install/ublox_msgs/include/ublox_msgs/ublox_msgs/msg/detail/mon_hw6__struct.h\n'}
[676.936547] (ublox_msgs) StdoutLine: {'line': b'-- Installing: /home/amigo-pi/amigo_ros2_pi/install/ublox_msgs/include/ublox_msgs/ublox_msgs/msg/detail/nav_dgpssv__struct.h\n'}
[676.937555] (ublox_msgs) StdoutLine: {'line': b'-- Installing: /home/amigo-pi/amigo_ros2_pi/install/ublox_msgs/include/ublox_msgs/ublox_msgs/msg/detail/cfg_dgnss__functions.h\n'}
[676.938736] (ublox_msgs) StdoutLine: {'line': b'-- Installing: /home/amigo-pi/amigo_ros2_pi/install/ublox_msgs/include/ublox_msgs/ublox_msgs/msg/detail/nav_att__functions.h\n'}
[676.939775] (ublox_msgs) StdoutLine: {'line': b'-- Installing: /home/amigo-pi/amigo_ros2_pi/install/ublox_msgs/include/ublox_msgs/ublox_msgs/msg/detail/aid_eph__type_support.h\n'}
[676.940880] (ublox_msgs) StdoutLine: {'line': b'-- Installing: /home/amigo-pi/amigo_ros2_pi/install/ublox_msgs/include/ublox_msgs/ublox_msgs/msg/detail/rxm_rawsv__struct.h\n'}
[676.941911] (ublox_msgs) StdoutLine: {'line': b'-- Installing: /home/amigo-pi/amigo_ros2_pi/install/ublox_msgs/include/ublox_msgs/ublox_msgs/msg/detail/cfg_ant__type_support.h\n'}
[676.942949] (ublox_msgs) StdoutLine: {'line': b'-- Installing: /home/amigo-pi/amigo_ros2_pi/install/ublox_msgs/include/ublox_msgs/ublox_msgs/msg/detail/cfg_hnr__functions.h\n'}
[676.944096] (ublox_msgs) StdoutLine: {'line': b'-- Installing: /home/amigo-pi/amigo_ros2_pi/install/ublox_msgs/include/ublox_msgs/ublox_msgs/msg/detail/cfg_msg__type_support.h\n'}
[676.945123] (ublox_msgs) StdoutLine: {'line': b'-- Installing: /home/amigo-pi/amigo_ros2_pi/install/ublox_msgs/include/ublox_msgs/ublox_msgs/msg/detail/rxm_sfrbx__functions.c\n'}
[676.946228] (ublox_msgs) StdoutLine: {'line': b'-- Installing: /home/amigo-pi/amigo_ros2_pi/install/ublox_msgs/include/ublox_msgs/ublox_msgs/msg/detail/aid_hui__functions.c\n'}
[676.947343] (ublox_msgs) StdoutLine: {'line': b'-- Installing: /home/amigo-pi/amigo_ros2_pi/install/ublox_msgs/include/ublox_msgs/ublox_msgs/msg/detail/nav_clock__type_support.h\n'}
[676.948401] (ublox_msgs) StdoutLine: {'line': b'-- Installing: /home/amigo-pi/amigo_ros2_pi/install/ublox_msgs/include/ublox_msgs/ublox_msgs/msg/detail/nav_relposned__functions.h\n'}
[676.949509] (ublox_msgs) StdoutLine: {'line': b'-- Installing: /home/amigo-pi/amigo_ros2_pi/install/ublox_msgs/include/ublox_msgs/ublox_msgs/msg/detail/nav_sol__struct.h\n'}
[676.950856] (ublox_msgs) StdoutLine: {'line': b'-- Installing: /home/amigo-pi/amigo_ros2_pi/install/ublox_msgs/include/ublox_msgs/ublox_msgs/msg/detail/mga_gal__functions.h\n'}
[676.952099] (ublox_msgs) StdoutLine: {'line': b'-- Installing: /home/amigo-pi/amigo_ros2_pi/install/ublox_msgs/include/ublox_msgs/ublox_msgs/msg/detail/rxm_svsisv__functions.c\n'}
[676.953281] (ublox_msgs) StdoutLine: {'line': b'-- Installing: /home/amigo-pi/amigo_ros2_pi/install/ublox_msgs/include/ublox_msgs/ublox_msgs/msg/mon_hw6.h\n'}
[676.954292] (ublox_msgs) StdoutLine: {'line': b'-- Installing: /home/amigo-pi/amigo_ros2_pi/install/ublox_msgs/include/ublox_msgs/ublox_msgs/msg/esf_ins.h\n'}
[676.954654] (-) TimerEvent: {}
[676.955285] (ublox_msgs) StdoutLine: {'line': b'-- Installing: /home/amigo-pi/amigo_ros2_pi/install/ublox_msgs/include/ublox_msgs/ublox_msgs/msg/rxm_rawx_meas.h\n'}
[676.956345] (ublox_msgs) StdoutLine: {'line': b'-- Installing: /home/amigo-pi/amigo_ros2_pi/install/ublox_msgs/include/ublox_msgs/ublox_msgs/msg/nav_velecef.h\n'}
[676.957280] (ublox_msgs) StdoutLine: {'line': b'-- Installing: /home/amigo-pi/amigo_ros2_pi/install/ublox_msgs/include/ublox_msgs/ublox_msgs/msg/nav_relposned.h\n'}
[676.958271] (ublox_msgs) StdoutLine: {'line': b'-- Installing: /home/amigo-pi/amigo_ros2_pi/install/ublox_msgs/include/ublox_msgs/ublox_msgs/msg/nav_status.h\n'}
[676.959210] (ublox_msgs) StdoutLine: {'line': b'-- Installing: /home/amigo-pi/amigo_ros2_pi/install/ublox_msgs/include/ublox_msgs/ublox_msgs/msg/nav_dgpssv.h\n'}
[676.960153] (ublox_msgs) StdoutLine: {'line': b'-- Installing: /home/amigo-pi/amigo_ros2_pi/install/ublox_msgs/include/ublox_msgs/ublox_msgs/msg/cfg_cfg.h\n'}
[676.961070] (ublox_msgs) StdoutLine: {'line': b'-- Installing: /home/amigo-pi/amigo_ros2_pi/install/ublox_msgs/include/ublox_msgs/ublox_msgs/msg/rxm_svsisv.h\n'}
[676.962036] (ublox_msgs) StdoutLine: {'line': b'-- Installing: /home/amigo-pi/amigo_ros2_pi/install/ublox_msgs/include/ublox_msgs/ublox_msgs/msg/nav_clock.h\n'}
[676.963016] (ublox_msgs) StdoutLine: {'line': b'-- Installing: /home/amigo-pi/amigo_ros2_pi/install/ublox_msgs/include/ublox_msgs/ublox_msgs/msg/rxm_eph.h\n'}
[676.963956] (ublox_msgs) StdoutLine: {'line': b'-- Installing: /home/amigo-pi/amigo_ros2_pi/install/ublox_msgs/include/ublox_msgs/ublox_msgs/msg/cfg_nmea.h\n'}
[676.964893] (ublox_msgs) StdoutLine: {'line': b'-- Installing: /home/amigo-pi/amigo_ros2_pi/install/ublox_msgs/include/ublox_msgs/ublox_msgs/msg/cfg_sbas.h\n'}
[676.966025] (ublox_msgs) StdoutLine: {'line': b'-- Installing: /home/amigo-pi/amigo_ros2_pi/install/ublox_msgs/include/ublox_msgs/ublox_msgs/msg/cfg_msg.h\n'}
[676.966977] (ublox_msgs) StdoutLine: {'line': b'-- Installing: /home/amigo-pi/amigo_ros2_pi/install/ublox_msgs/include/ublox_msgs/ublox_msgs/msg/nav_svinfosv.h\n'}
[676.968030] (ublox_msgs) StdoutLine: {'line': b'-- Installing: /home/amigo-pi/amigo_ros2_pi/install/ublox_msgs/include/ublox_msgs/ublox_msgs/msg/aid_alm.h\n'}
[676.968964] (ublox_msgs) StdoutLine: {'line': b'-- Installing: /home/amigo-pi/amigo_ros2_pi/install/ublox_msgs/include/ublox_msgs/ublox_msgs/msg/cfg_nmea7.h\n'}
[676.969910] (ublox_msgs) StdoutLine: {'line': b'-- Installing: /home/amigo-pi/amigo_ros2_pi/install/ublox_msgs/include/ublox_msgs/ublox_msgs/msg/nav_posllh.h\n'}
[676.970864] (ublox_msgs) StdoutLine: {'line': b'-- Installing: /home/amigo-pi/amigo_ros2_pi/install/ublox_msgs/include/ublox_msgs/ublox_msgs/msg/cfg_inf_block.h\n'}
[676.971853] (ublox_msgs) StdoutLine: {'line': b'-- Installing: /home/amigo-pi/amigo_ros2_pi/install/ublox_msgs/include/ublox_msgs/ublox_msgs/msg/aid_hui.h\n'}
[676.972781] (ublox_msgs) StdoutLine: {'line': b'-- Installing: /home/amigo-pi/amigo_ros2_pi/install/ublox_msgs/include/ublox_msgs/ublox_msgs/msg/nav_velned.h\n'}
[676.973710] (ublox_msgs) StdoutLine: {'line': b'-- Installing: /home/amigo-pi/amigo_ros2_pi/install/ublox_msgs/include/ublox_msgs/ublox_msgs/msg/rxm_rtcm.h\n'}
[676.974817] (ublox_msgs) StdoutLine: {'line': b'-- Installing: /home/amigo-pi/amigo_ros2_pi/install/ublox_msgs/include/ublox_msgs/ublox_msgs/msg/tim_tm2.h\n'}
[676.975746] (ublox_msgs) StdoutLine: {'line': b'-- Installing: /home/amigo-pi/amigo_ros2_pi/install/ublox_msgs/include/ublox_msgs/ublox_msgs/msg/nav_posecef.h\n'}
[676.976682] (ublox_msgs) StdoutLine: {'line': b'-- Installing: /home/amigo-pi/amigo_ros2_pi/install/ublox_msgs/include/ublox_msgs/ublox_msgs/msg/nav_svin.h\n'}
[676.977658] (ublox_msgs) StdoutLine: {'line': b'-- Installing: /home/amigo-pi/amigo_ros2_pi/install/ublox_msgs/include/ublox_msgs/ublox_msgs/msg/ack.h\n'}
[676.978591] (ublox_msgs) StdoutLine: {'line': b'-- Installing: /home/amigo-pi/amigo_ros2_pi/install/ublox_msgs/include/ublox_msgs/ublox_msgs/msg/nav_att.h\n'}
[676.979532] (ublox_msgs) StdoutLine: {'line': b'-- Installing: /home/amigo-pi/amigo_ros2_pi/install/ublox_msgs/include/ublox_msgs/ublox_msgs/msg/cfg_prt.h\n'}
[676.981482] (ublox_msgs) StdoutLine: {'line': b'-- Installing: /home/amigo-pi/amigo_ros2_pi/install/ublox_msgs/share/ublox_msgs/environment/library_path.sh\n'}
[676.983340] (ublox_msgs) StdoutLine: {'line': b'-- Installing: /home/amigo-pi/amigo_ros2_pi/install/ublox_msgs/share/ublox_msgs/environment/library_path.dsv\n'}
[676.986634] (ublox_msgs) StdoutLine: {'line': b'-- Installing: /home/amigo-pi/amigo_ros2_pi/install/ublox_msgs/lib/libublox_msgs__rosidl_generator_c.so\n'}
[676.992995] (ublox_msgs) StdoutLine: {'line': b'-- Set runtime path of "/home/amigo-pi/amigo_ros2_pi/install/ublox_msgs/lib/libublox_msgs__rosidl_generator_c.so" to ""\n'}
[676.993624] (ublox_msgs) StdoutLine: {'line': b'-- Up-to-date: /home/amigo-pi/amigo_ros2_pi/install/ublox_msgs/include/ublox_msgs/ublox_msgs\n'}
[676.994044] (ublox_msgs) StdoutLine: {'line': b'-- Up-to-date: /home/amigo-pi/amigo_ros2_pi/install/ublox_msgs/include/ublox_msgs/ublox_msgs/msg\n'}
[676.994325] (ublox_msgs) StdoutLine: {'line': b'-- Up-to-date: /home/amigo-pi/amigo_ros2_pi/install/ublox_msgs/include/ublox_msgs/ublox_msgs/msg/detail\n'}
[676.995837] (ublox_msgs) StdoutLine: {'line': b'-- Installing: /home/amigo-pi/amigo_ros2_pi/install/ublox_msgs/include/ublox_msgs/ublox_msgs/msg/detail/cfg_usb__rosidl_typesupport_fastrtps_c.h\n'}
[676.997137] (ublox_msgs) StdoutLine: {'line': b'-- Installing: /home/amigo-pi/amigo_ros2_pi/install/ublox_msgs/include/ublox_msgs/ublox_msgs/msg/detail/cfg_rst__rosidl_typesupport_fastrtps_c.h\n'}
[676.998646] (ublox_msgs) StdoutLine: {'line': b'-- Installing: /home/amigo-pi/amigo_ros2_pi/install/ublox_msgs/include/ublox_msgs/ublox_msgs/msg/detail/inf__rosidl_typesupport_fastrtps_c.h\n'}
[676.999876] (ublox_msgs) StdoutLine: {'line': b'-- Installing: /home/amigo-pi/amigo_ros2_pi/install/ublox_msgs/include/ublox_msgs/ublox_msgs/msg/detail/cfg_inf_block__rosidl_typesupport_fastrtps_c.h\n'}
[677.001065] (ublox_msgs) StdoutLine: {'line': b'-- Installing: /home/amigo-pi/amigo_ros2_pi/install/ublox_msgs/include/ublox_msgs/ublox_msgs/msg/detail/nav_sbassv__rosidl_typesupport_fastrtps_c.h\n'}
[677.002327] (ublox_msgs) StdoutLine: {'line': b'-- Installing: /home/amigo-pi/amigo_ros2_pi/install/ublox_msgs/include/ublox_msgs/ublox_msgs/msg/detail/esf_raw__rosidl_typesupport_fastrtps_c.h\n'}
[677.003513] (ublox_msgs) StdoutLine: {'line': b'-- Installing: /home/amigo-pi/amigo_ros2_pi/install/ublox_msgs/include/ublox_msgs/ublox_msgs/msg/detail/rxm_alm__rosidl_typesupport_fastrtps_c.h\n'}
[677.004658] (ublox_msgs) StdoutLine: {'line': b'-- Installing: /home/amigo-pi/amigo_ros2_pi/install/ublox_msgs/include/ublox_msgs/ublox_msgs/msg/detail/nav_pvt7__rosidl_typesupport_fastrtps_c.h\n'}
[677.005794] (ublox_msgs) StdoutLine: {'line': b'-- Installing: /home/amigo-pi/amigo_ros2_pi/install/ublox_msgs/include/ublox_msgs/ublox_msgs/msg/detail/rxm_rtcm__rosidl_typesupport_fastrtps_c.h\n'}
[677.007119] (ublox_msgs) StdoutLine: {'line': b'-- Installing: /home/amigo-pi/amigo_ros2_pi/install/ublox_msgs/include/ublox_msgs/ublox_msgs/msg/detail/mon_ver_extension__rosidl_typesupport_fastrtps_c.h\n'}
[677.008270] (ublox_msgs) StdoutLine: {'line': b'-- Installing: /home/amigo-pi/amigo_ros2_pi/install/ublox_msgs/include/ublox_msgs/ublox_msgs/msg/detail/aid_hui__rosidl_typesupport_fastrtps_c.h\n'}
[677.009437] (ublox_msgs) StdoutLine: {'line': b'-- Installing: /home/amigo-pi/amigo_ros2_pi/install/ublox_msgs/include/ublox_msgs/ublox_msgs/msg/detail/rxm_eph__rosidl_typesupport_fastrtps_c.h\n'}
[677.010663] (ublox_msgs) StdoutLine: {'line': b'-- Installing: /home/amigo-pi/amigo_ros2_pi/install/ublox_msgs/include/ublox_msgs/ublox_msgs/msg/detail/rxm_raw__rosidl_typesupport_fastrtps_c.h\n'}
[677.011908] (ublox_msgs) StdoutLine: {'line': b'-- Installing: /home/amigo-pi/amigo_ros2_pi/install/ublox_msgs/include/ublox_msgs/ublox_msgs/msg/detail/nav_velned__rosidl_typesupport_fastrtps_c.h\n'}
[677.013034] (ublox_msgs) StdoutLine: {'line': b'-- Installing: /home/amigo-pi/amigo_ros2_pi/install/ublox_msgs/include/ublox_msgs/ublox_msgs/msg/detail/cfg_ant__rosidl_typesupport_fastrtps_c.h\n'}
[677.014286] (ublox_msgs) StdoutLine: {'line': b'-- Installing: /home/amigo-pi/amigo_ros2_pi/install/ublox_msgs/include/ublox_msgs/ublox_msgs/msg/detail/cfg_cfg__rosidl_typesupport_fastrtps_c.h\n'}
[677.015435] (ublox_msgs) StdoutLine: {'line': b'-- Installing: /home/amigo-pi/amigo_ros2_pi/install/ublox_msgs/include/ublox_msgs/ublox_msgs/msg/detail/rxm_sfrb__rosidl_typesupport_fastrtps_c.h\n'}
[677.016577] (ublox_msgs) StdoutLine: {'line': b'-- Installing: /home/amigo-pi/amigo_ros2_pi/install/ublox_msgs/include/ublox_msgs/ublox_msgs/msg/detail/cfg_rate__rosidl_typesupport_fastrtps_c.h\n'}
[677.017742] (ublox_msgs) StdoutLine: {'line': b'-- Installing: /home/amigo-pi/amigo_ros2_pi/install/ublox_msgs/include/ublox_msgs/ublox_msgs/msg/detail/tim_tm2__rosidl_typesupport_fastrtps_c.h\n'}
[677.018952] (ublox_msgs) StdoutLine: {'line': b'-- Installing: /home/amigo-pi/amigo_ros2_pi/install/ublox_msgs/include/ublox_msgs/ublox_msgs/msg/detail/upd_sos__rosidl_typesupport_fastrtps_c.h\n'}
[677.020100] (ublox_msgs) StdoutLine: {'line': b'-- Installing: /home/amigo-pi/amigo_ros2_pi/install/ublox_msgs/include/ublox_msgs/ublox_msgs/msg/detail/esf_status_sens__rosidl_typesupport_fastrtps_c.h\n'}
[677.021274] (ublox_msgs) StdoutLine: {'line': b'-- Installing: /home/amigo-pi/amigo_ros2_pi/install/ublox_msgs/include/ublox_msgs/ublox_msgs/msg/detail/cfg_nav5__rosidl_typesupport_fastrtps_c.h\n'}
[677.022637] (ublox_msgs) StdoutLine: {'line': b'-- Installing: /home/amigo-pi/amigo_ros2_pi/install/ublox_msgs/include/ublox_msgs/ublox_msgs/msg/detail/upd_sos_ack__rosidl_typesupport_fastrtps_c.h\n'}
[677.023792] (ublox_msgs) StdoutLine: {'line': b'-- Installing: /home/amigo-pi/amigo_ros2_pi/install/ublox_msgs/include/ublox_msgs/ublox_msgs/msg/detail/nav_satsv__rosidl_typesupport_fastrtps_c.h\n'}
[677.024923] (ublox_msgs) StdoutLine: {'line': b'-- Installing: /home/amigo-pi/amigo_ros2_pi/install/ublox_msgs/include/ublox_msgs/ublox_msgs/msg/detail/nav_svin__rosidl_typesupport_fastrtps_c.h\n'}
[677.026100] (ublox_msgs) StdoutLine: {'line': b'-- Installing: /home/amigo-pi/amigo_ros2_pi/install/ublox_msgs/include/ublox_msgs/ublox_msgs/msg/detail/nav_relposned__rosidl_typesupport_fastrtps_c.h\n'}
[677.027324] (ublox_msgs) StdoutLine: {'line': b'-- Installing: /home/amigo-pi/amigo_ros2_pi/install/ublox_msgs/include/ublox_msgs/ublox_msgs/msg/detail/mon_ver__rosidl_typesupport_fastrtps_c.h\n'}
[677.028475] (ublox_msgs) StdoutLine: {'line': b'-- Installing: /home/amigo-pi/amigo_ros2_pi/install/ublox_msgs/include/ublox_msgs/ublox_msgs/msg/detail/aid_eph__rosidl_typesupport_fastrtps_c.h\n'}
[677.029614] (ublox_msgs) StdoutLine: {'line': b'-- Installing: /home/amigo-pi/amigo_ros2_pi/install/ublox_msgs/include/ublox_msgs/ublox_msgs/msg/detail/rxm_rawsv__rosidl_typesupport_fastrtps_c.h\n'}
[677.030984] (ublox_msgs) StdoutLine: {'line': b'-- Installing: /home/amigo-pi/amigo_ros2_pi/install/ublox_msgs/include/ublox_msgs/ublox_msgs/msg/detail/cfg_msg__rosidl_typesupport_fastrtps_c.h\n'}
[677.032168] (ublox_msgs) StdoutLine: {'line': b'-- Installing: /home/amigo-pi/amigo_ros2_pi/install/ublox_msgs/include/ublox_msgs/ublox_msgs/msg/detail/cfg_hnr__rosidl_typesupport_fastrtps_c.h\n'}
[677.033315] (ublox_msgs) StdoutLine: {'line': b'-- Installing: /home/amigo-pi/amigo_ros2_pi/install/ublox_msgs/include/ublox_msgs/ublox_msgs/msg/detail/esf_meas__rosidl_typesupport_fastrtps_c.h\n'}
[677.034479] (ublox_msgs) StdoutLine: {'line': b'-- Installing: /home/amigo-pi/amigo_ros2_pi/install/ublox_msgs/include/ublox_msgs/ublox_msgs/msg/detail/mon_hw6__rosidl_typesupport_fastrtps_c.h\n'}
[677.035630] (ublox_msgs) StdoutLine: {'line': b'-- Installing: /home/amigo-pi/amigo_ros2_pi/install/ublox_msgs/include/ublox_msgs/ublox_msgs/msg/detail/nav_sat__rosidl_typesupport_fastrtps_c.h\n'}
[677.036763] (ublox_msgs) StdoutLine: {'line': b'-- Installing: /home/amigo-pi/amigo_ros2_pi/install/ublox_msgs/include/ublox_msgs/ublox_msgs/msg/detail/nav_svinfosv__rosidl_typesupport_fastrtps_c.h\n'}
[677.037951] (ublox_msgs) StdoutLine: {'line': b'-- Installing: /home/amigo-pi/amigo_ros2_pi/install/ublox_msgs/include/ublox_msgs/ublox_msgs/msg/detail/nav_sol__rosidl_typesupport_fastrtps_c.h\n'}
[677.039225] (ublox_msgs) StdoutLine: {'line': b'-- Installing: /home/amigo-pi/amigo_ros2_pi/install/ublox_msgs/include/ublox_msgs/ublox_msgs/msg/detail/cfg_gnss_block__rosidl_typesupport_fastrtps_c.h\n'}
[677.040377] (ublox_msgs) StdoutLine: {'line': b'-- Installing: /home/amigo-pi/amigo_ros2_pi/install/ublox_msgs/include/ublox_msgs/ublox_msgs/msg/detail/cfg_inf__rosidl_typesupport_fastrtps_c.h\n'}
[677.041546] (ublox_msgs) StdoutLine: {'line': b'-- Installing: /home/amigo-pi/amigo_ros2_pi/install/ublox_msgs/include/ublox_msgs/ublox_msgs/msg/detail/nav_relposned9__rosidl_typesupport_fastrtps_c.h\n'}
[677.042797] (ublox_msgs) StdoutLine: {'line': b'-- Installing: /home/amigo-pi/amigo_ros2_pi/install/ublox_msgs/include/ublox_msgs/ublox_msgs/msg/detail/cfg_nmea7__rosidl_typesupport_fastrtps_c.h\n'}
[677.043946] (ublox_msgs) StdoutLine: {'line': b'-- Installing: /home/amigo-pi/amigo_ros2_pi/install/ublox_msgs/include/ublox_msgs/ublox_msgs/msg/detail/nav_pvt__rosidl_typesupport_fastrtps_c.h\n'}
[677.045087] (ublox_msgs) StdoutLine: {'line': b'-- Installing: /home/amigo-pi/amigo_ros2_pi/install/ublox_msgs/include/ublox_msgs/ublox_msgs/msg/detail/rxm_svsi__rosidl_typesupport_fastrtps_c.h\n'}
[677.046286] (ublox_msgs) StdoutLine: {'line': b'-- Installing: /home/amigo-pi/amigo_ros2_pi/install/ublox_msgs/include/ublox_msgs/ublox_msgs/msg/detail/rxm_sfrbx__rosidl_typesupport_fastrtps_c.h\n'}
[677.047460] (ublox_msgs) StdoutLine: {'line': b'-- Installing: /home/amigo-pi/amigo_ros2_pi/install/ublox_msgs/include/ublox_msgs/ublox_msgs/msg/detail/cfg_dat__rosidl_typesupport_fastrtps_c.h\n'}
[677.048595] (ublox_msgs) StdoutLine: {'line': b'-- Installing: /home/amigo-pi/amigo_ros2_pi/install/ublox_msgs/include/ublox_msgs/ublox_msgs/msg/detail/esf_status__rosidl_typesupport_fastrtps_c.h\n'}
[677.049713] (ublox_msgs) StdoutLine: {'line': b'-- Installing: /home/amigo-pi/amigo_ros2_pi/install/ublox_msgs/include/ublox_msgs/ublox_msgs/msg/detail/mga_gal__rosidl_typesupport_fastrtps_c.h\n'}
[677.051053] (ublox_msgs) StdoutLine: {'line': b'-- Installing: /home/amigo-pi/amigo_ros2_pi/install/ublox_msgs/include/ublox_msgs/ublox_msgs/msg/detail/nav_timegps__rosidl_typesupport_fastrtps_c.h\n'}
[677.052122] (ublox_msgs) StdoutLine: {'line': b'-- Installing: /home/amigo-pi/amigo_ros2_pi/install/ublox_msgs/include/ublox_msgs/ublox_msgs/msg/detail/cfg_tmode3__rosidl_typesupport_fastrtps_c.h\n'}
[677.053270] (ublox_msgs) StdoutLine: {'line': b'-- Installing: /home/amigo-pi/amigo_ros2_pi/install/ublox_msgs/include/ublox_msgs/ublox_msgs/msg/detail/nav_status__rosidl_typesupport_fastrtps_c.h\n'}
[677.054496] (ublox_msgs) StdoutLine: {'line': b'-- Installing: /home/amigo-pi/amigo_ros2_pi/install/ublox_msgs/include/ublox_msgs/ublox_msgs/msg/detail/nav_sbas__rosidl_typesupport_fastrtps_c.h\n'}
[677.054883] (-) TimerEvent: {}
[677.055705] (ublox_msgs) StdoutLine: {'line': b'-- Installing: /home/amigo-pi/amigo_ros2_pi/install/ublox_msgs/include/ublox_msgs/ublox_msgs/msg/detail/nav_clock__rosidl_typesupport_fastrtps_c.h\n'}
[677.056947] (ublox_msgs) StdoutLine: {'line': b'-- Installing: /home/amigo-pi/amigo_ros2_pi/install/ublox_msgs/include/ublox_msgs/ublox_msgs/msg/detail/cfg_sbas__rosidl_typesupport_fastrtps_c.h\n'}
[677.058227] (ublox_msgs) StdoutLine: {'line': b'-- Installing: /home/amigo-pi/amigo_ros2_pi/install/ublox_msgs/include/ublox_msgs/ublox_msgs/msg/detail/cfg_navx5__rosidl_typesupport_fastrtps_c.h\n'}
[677.059397] (ublox_msgs) StdoutLine: {'line': b'-- Installing: /home/amigo-pi/amigo_ros2_pi/install/ublox_msgs/include/ublox_msgs/ublox_msgs/msg/detail/esf_ins__rosidl_typesupport_fastrtps_c.h\n'}
[677.060529] (ublox_msgs) StdoutLine: {'line': b'-- Installing: /home/amigo-pi/amigo_ros2_pi/install/ublox_msgs/include/ublox_msgs/ublox_msgs/msg/detail/nav_svinfo__rosidl_typesupport_fastrtps_c.h\n'}
[677.061727] (ublox_msgs) StdoutLine: {'line': b'-- Installing: /home/amigo-pi/amigo_ros2_pi/install/ublox_msgs/include/ublox_msgs/ublox_msgs/msg/detail/cfg_gnss__rosidl_typesupport_fastrtps_c.h\n'}
[677.063016] (ublox_msgs) StdoutLine: {'line': b'-- Installing: /home/amigo-pi/amigo_ros2_pi/install/ublox_msgs/include/ublox_msgs/ublox_msgs/msg/detail/nav_velecef__rosidl_typesupport_fastrtps_c.h\n'}
[677.064180] (ublox_msgs) StdoutLine: {'line': b'-- Installing: /home/amigo-pi/amigo_ros2_pi/install/ublox_msgs/include/ublox_msgs/ublox_msgs/msg/detail/mon_gnss__rosidl_typesupport_fastrtps_c.h\n'}
[677.065292] (ublox_msgs) StdoutLine: {'line': b'-- Installing: /home/amigo-pi/amigo_ros2_pi/install/ublox_msgs/include/ublox_msgs/ublox_msgs/msg/detail/ack__rosidl_typesupport_fastrtps_c.h\n'}
[677.066705] (ublox_msgs) StdoutLine: {'line': b'-- Installing: /home/amigo-pi/amigo_ros2_pi/install/ublox_msgs/include/ublox_msgs/ublox_msgs/msg/detail/nav_timeutc__rosidl_typesupport_fastrtps_c.h\n'}
[677.067860] (ublox_msgs) StdoutLine: {'line': b'-- Installing: /home/amigo-pi/amigo_ros2_pi/install/ublox_msgs/include/ublox_msgs/ublox_msgs/msg/detail/cfg_dgnss__rosidl_typesupport_fastrtps_c.h\n'}
[677.069009] (ublox_msgs) StdoutLine: {'line': b'-- Installing: /home/amigo-pi/amigo_ros2_pi/install/ublox_msgs/include/ublox_msgs/ublox_msgs/msg/detail/cfg_prt__rosidl_typesupport_fastrtps_c.h\n'}
[677.070219] (ublox_msgs) StdoutLine: {'line': b'-- Installing: /home/amigo-pi/amigo_ros2_pi/install/ublox_msgs/include/ublox_msgs/ublox_msgs/msg/detail/hnr_pvt__rosidl_typesupport_fastrtps_c.h\n'}
[677.071412] (ublox_msgs) StdoutLine: {'line': b'-- Installing: /home/amigo-pi/amigo_ros2_pi/install/ublox_msgs/include/ublox_msgs/ublox_msgs/msg/detail/mon_hw__rosidl_typesupport_fastrtps_c.h\n'}
[677.072548] (ublox_msgs) StdoutLine: {'line': b'-- Installing: /home/amigo-pi/amigo_ros2_pi/install/ublox_msgs/include/ublox_msgs/ublox_msgs/msg/detail/rxm_svsisv__rosidl_typesupport_fastrtps_c.h\n'}
[677.073682] (ublox_msgs) StdoutLine: {'line': b'-- Installing: /home/amigo-pi/amigo_ros2_pi/install/ublox_msgs/include/ublox_msgs/ublox_msgs/msg/detail/aid_alm__rosidl_typesupport_fastrtps_c.h\n'}
[677.074895] (ublox_msgs) StdoutLine: {'line': b'-- Installing: /home/amigo-pi/amigo_ros2_pi/install/ublox_msgs/include/ublox_msgs/ublox_msgs/msg/detail/rxm_rawx__rosidl_typesupport_fastrtps_c.h\n'}
[677.076070] (ublox_msgs) StdoutLine: {'line': b'-- Installing: /home/amigo-pi/amigo_ros2_pi/install/ublox_msgs/include/ublox_msgs/ublox_msgs/msg/detail/cfg_nmea__rosidl_typesupport_fastrtps_c.h\n'}
[677.077368] (ublox_msgs) StdoutLine: {'line': b'-- Installing: /home/amigo-pi/amigo_ros2_pi/install/ublox_msgs/include/ublox_msgs/ublox_msgs/msg/detail/nav_att__rosidl_typesupport_fastrtps_c.h\n'}
[677.078814] (ublox_msgs) StdoutLine: {'line': b'-- Installing: /home/amigo-pi/amigo_ros2_pi/install/ublox_msgs/include/ublox_msgs/ublox_msgs/msg/detail/nav_dgps__rosidl_typesupport_fastrtps_c.h\n'}
[677.079995] (ublox_msgs) StdoutLine: {'line': b'-- Installing: /home/amigo-pi/amigo_ros2_pi/install/ublox_msgs/include/ublox_msgs/ublox_msgs/msg/detail/nav_dop__rosidl_typesupport_fastrtps_c.h\n'}
[677.081233] (ublox_msgs) StdoutLine: {'line': b'-- Installing: /home/amigo-pi/amigo_ros2_pi/install/ublox_msgs/include/ublox_msgs/ublox_msgs/msg/detail/nav_posllh__rosidl_typesupport_fastrtps_c.h\n'}
[677.082644] (ublox_msgs) StdoutLine: {'line': b'-- Installing: /home/amigo-pi/amigo_ros2_pi/install/ublox_msgs/include/ublox_msgs/ublox_msgs/msg/detail/rxm_rawx_meas__rosidl_typesupport_fastrtps_c.h\n'}
[677.083965] (ublox_msgs) StdoutLine: {'line': b'-- Installing: /home/amigo-pi/amigo_ros2_pi/install/ublox_msgs/include/ublox_msgs/ublox_msgs/msg/detail/nav_dgpssv__rosidl_typesupport_fastrtps_c.h\n'}
[677.085337] (ublox_msgs) StdoutLine: {'line': b'-- Installing: /home/amigo-pi/amigo_ros2_pi/install/ublox_msgs/include/ublox_msgs/ublox_msgs/msg/detail/nav_posecef__rosidl_typesupport_fastrtps_c.h\n'}
[677.087401] (ublox_msgs) StdoutLine: {'line': b'-- Installing: /home/amigo-pi/amigo_ros2_pi/install/ublox_msgs/include/ublox_msgs/ublox_msgs/msg/detail/cfg_nmea6__rosidl_typesupport_fastrtps_c.h\n'}
[677.089164] (ublox_msgs) StdoutLine: {'line': b'-- Installing: /home/amigo-pi/amigo_ros2_pi/install/ublox_msgs/include/ublox_msgs/ublox_msgs/msg/detail/esf_raw_block__rosidl_typesupport_fastrtps_c.h\n'}
[677.090527] (ublox_msgs) StdoutLine: {'line': b'-- Installing: /home/amigo-pi/amigo_ros2_pi/install/ublox_msgs/include/ublox_msgs/ublox_msgs/msg/rosidl_typesupport_fastrtps_c__visibility_control.h\n'}
[677.092232] (ublox_msgs) StdoutLine: {'line': b'-- Installing: /home/amigo-pi/amigo_ros2_pi/install/ublox_msgs/lib/libublox_msgs__rosidl_typesupport_fastrtps_c.so\n'}
[677.097745] (ublox_msgs) StdoutLine: {'line': b'-- Set runtime path of "/home/amigo-pi/amigo_ros2_pi/install/ublox_msgs/lib/libublox_msgs__rosidl_typesupport_fastrtps_c.so" to ""\n'}
[677.098320] (ublox_msgs) StdoutLine: {'line': b'-- Up-to-date: /home/amigo-pi/amigo_ros2_pi/install/ublox_msgs/include/ublox_msgs/ublox_msgs\n'}
[677.098721] (ublox_msgs) StdoutLine: {'line': b'-- Up-to-date: /home/amigo-pi/amigo_ros2_pi/install/ublox_msgs/include/ublox_msgs/ublox_msgs/msg\n'}
[677.099085] (ublox_msgs) StdoutLine: {'line': b'-- Up-to-date: /home/amigo-pi/amigo_ros2_pi/install/ublox_msgs/include/ublox_msgs/ublox_msgs/msg/detail\n'}
[677.100880] (ublox_msgs) StdoutLine: {'line': b'-- Installing: /home/amigo-pi/amigo_ros2_pi/install/ublox_msgs/include/ublox_msgs/ublox_msgs/msg/detail/nav_timegps__type_support.c\n'}
[677.102263] (ublox_msgs) StdoutLine: {'line': b'-- Installing: /home/amigo-pi/amigo_ros2_pi/install/ublox_msgs/include/ublox_msgs/ublox_msgs/msg/detail/cfg_nav5__rosidl_typesupport_introspection_c.h\n'}
[677.103441] (ublox_msgs) StdoutLine: {'line': b'-- Installing: /home/amigo-pi/amigo_ros2_pi/install/ublox_msgs/include/ublox_msgs/ublox_msgs/msg/detail/mon_hw6__rosidl_typesupport_introspection_c.h\n'}
[677.104584] (ublox_msgs) StdoutLine: {'line': b'-- Installing: /home/amigo-pi/amigo_ros2_pi/install/ublox_msgs/include/ublox_msgs/ublox_msgs/msg/detail/cfg_rate__type_support.c\n'}
[677.105763] (ublox_msgs) StdoutLine: {'line': b'-- Installing: /home/amigo-pi/amigo_ros2_pi/install/ublox_msgs/include/ublox_msgs/ublox_msgs/msg/detail/esf_meas__rosidl_typesupport_introspection_c.h\n'}
[677.106943] (ublox_msgs) StdoutLine: {'line': b'-- Installing: /home/amigo-pi/amigo_ros2_pi/install/ublox_msgs/include/ublox_msgs/ublox_msgs/msg/detail/cfg_inf_block__type_support.c\n'}
[677.108110] (ublox_msgs) StdoutLine: {'line': b'-- Installing: /home/amigo-pi/amigo_ros2_pi/install/ublox_msgs/include/ublox_msgs/ublox_msgs/msg/detail/cfg_cfg__type_support.c\n'}
[677.109190] (ublox_msgs) StdoutLine: {'line': b'-- Installing: /home/amigo-pi/amigo_ros2_pi/install/ublox_msgs/include/ublox_msgs/ublox_msgs/msg/detail/inf__type_support.c\n'}
[677.110437] (ublox_msgs) StdoutLine: {'line': b'-- Installing: /home/amigo-pi/amigo_ros2_pi/install/ublox_msgs/include/ublox_msgs/ublox_msgs/msg/detail/cfg_cfg__rosidl_typesupport_introspection_c.h\n'}
[677.111628] (ublox_msgs) StdoutLine: {'line': b'-- Installing: /home/amigo-pi/amigo_ros2_pi/install/ublox_msgs/include/ublox_msgs/ublox_msgs/msg/detail/nav_att__rosidl_typesupport_introspection_c.h\n'}
[677.112808] (ublox_msgs) StdoutLine: {'line': b'-- Installing: /home/amigo-pi/amigo_ros2_pi/install/ublox_msgs/include/ublox_msgs/ublox_msgs/msg/detail/esf_ins__rosidl_typesupport_introspection_c.h\n'}
[677.113988] (ublox_msgs) StdoutLine: {'line': b'-- Installing: /home/amigo-pi/amigo_ros2_pi/install/ublox_msgs/include/ublox_msgs/ublox_msgs/msg/detail/nav_svinfo__type_support.c\n'}
[677.115206] (ublox_msgs) StdoutLine: {'line': b'-- Installing: /home/amigo-pi/amigo_ros2_pi/install/ublox_msgs/include/ublox_msgs/ublox_msgs/msg/detail/nav_clock__rosidl_typesupport_introspection_c.h\n'}
[677.116360] (ublox_msgs) StdoutLine: {'line': b'-- Installing: /home/amigo-pi/amigo_ros2_pi/install/ublox_msgs/include/ublox_msgs/ublox_msgs/msg/detail/nav_sbas__type_support.c\n'}
[677.117553] (ublox_msgs) StdoutLine: {'line': b'-- Installing: /home/amigo-pi/amigo_ros2_pi/install/ublox_msgs/include/ublox_msgs/ublox_msgs/msg/detail/rxm_sfrbx__rosidl_typesupport_introspection_c.h\n'}
[677.118762] (ublox_msgs) StdoutLine: {'line': b'-- Installing: /home/amigo-pi/amigo_ros2_pi/install/ublox_msgs/include/ublox_msgs/ublox_msgs/msg/detail/tim_tm2__type_support.c\n'}
[677.119918] (ublox_msgs) StdoutLine: {'line': b'-- Installing: /home/amigo-pi/amigo_ros2_pi/install/ublox_msgs/include/ublox_msgs/ublox_msgs/msg/detail/aid_hui__type_support.c\n'}
[677.121099] (ublox_msgs) StdoutLine: {'line': b'-- Installing: /home/amigo-pi/amigo_ros2_pi/install/ublox_msgs/include/ublox_msgs/ublox_msgs/msg/detail/rxm_rtcm__type_support.c\n'}
[677.122482] (ublox_msgs) StdoutLine: {'line': b'-- Installing: /home/amigo-pi/amigo_ros2_pi/install/ublox_msgs/include/ublox_msgs/ublox_msgs/msg/detail/ack__rosidl_typesupport_introspection_c.h\n'}
[677.123617] (ublox_msgs) StdoutLine: {'line': b'-- Installing: /home/amigo-pi/amigo_ros2_pi/install/ublox_msgs/include/ublox_msgs/ublox_msgs/msg/detail/mon_hw__type_support.c\n'}
[677.124867] (ublox_msgs) StdoutLine: {'line': b'-- Installing: /home/amigo-pi/amigo_ros2_pi/install/ublox_msgs/include/ublox_msgs/ublox_msgs/msg/detail/mon_gnss__rosidl_typesupport_introspection_c.h\n'}
[677.126068] (ublox_msgs) StdoutLine: {'line': b'-- Installing: /home/amigo-pi/amigo_ros2_pi/install/ublox_msgs/include/ublox_msgs/ublox_msgs/msg/detail/cfg_inf_block__rosidl_typesupport_introspection_c.h\n'}
[677.127271] (ublox_msgs) StdoutLine: {'line': b'-- Installing: /home/amigo-pi/amigo_ros2_pi/install/ublox_msgs/include/ublox_msgs/ublox_msgs/msg/detail/nav_velned__rosidl_typesupport_introspection_c.h\n'}
[677.128555] (ublox_msgs) StdoutLine: {'line': b'-- Installing: /home/amigo-pi/amigo_ros2_pi/install/ublox_msgs/include/ublox_msgs/ublox_msgs/msg/detail/cfg_gnss__type_support.c\n'}
[677.129705] (ublox_msgs) StdoutLine: {'line': b'-- Installing: /home/amigo-pi/amigo_ros2_pi/install/ublox_msgs/include/ublox_msgs/ublox_msgs/msg/detail/nav_att__type_support.c\n'}
[677.130976] (ublox_msgs) StdoutLine: {'line': b'-- Installing: /home/amigo-pi/amigo_ros2_pi/install/ublox_msgs/include/ublox_msgs/ublox_msgs/msg/detail/nav_relposned9__rosidl_typesupport_introspection_c.h\n'}
[677.132193] (ublox_msgs) StdoutLine: {'line': b'-- Installing: /home/amigo-pi/amigo_ros2_pi/install/ublox_msgs/include/ublox_msgs/ublox_msgs/msg/detail/upd_sos_ack__type_support.c\n'}
[677.133354] (ublox_msgs) StdoutLine: {'line': b'-- Installing: /home/amigo-pi/amigo_ros2_pi/install/ublox_msgs/include/ublox_msgs/ublox_msgs/msg/detail/nav_status__rosidl_typesupport_introspection_c.h\n'}
[677.134644] (ublox_msgs) StdoutLine: {'line': b'-- Installing: /home/amigo-pi/amigo_ros2_pi/install/ublox_msgs/include/ublox_msgs/ublox_msgs/msg/detail/cfg_rst__type_support.c\n'}
[677.135772] (ublox_msgs) StdoutLine: {'line': b'-- Installing: /home/amigo-pi/amigo_ros2_pi/install/ublox_msgs/include/ublox_msgs/ublox_msgs/msg/detail/ack__type_support.c\n'}
[677.136880] (ublox_msgs) StdoutLine: {'line': b'-- Installing: /home/amigo-pi/amigo_ros2_pi/install/ublox_msgs/include/ublox_msgs/ublox_msgs/msg/detail/nav_velecef__rosidl_typesupport_introspection_c.h\n'}
[677.138083] (ublox_msgs) StdoutLine: {'line': b'-- Installing: /home/amigo-pi/amigo_ros2_pi/install/ublox_msgs/include/ublox_msgs/ublox_msgs/msg/detail/aid_alm__rosidl_typesupport_introspection_c.h\n'}
[677.139261] (ublox_msgs) StdoutLine: {'line': b'-- Installing: /home/amigo-pi/amigo_ros2_pi/install/ublox_msgs/include/ublox_msgs/ublox_msgs/msg/detail/nav_timeutc__type_support.c\n'}
[677.140410] (ublox_msgs) StdoutLine: {'line': b'-- Installing: /home/amigo-pi/amigo_ros2_pi/install/ublox_msgs/include/ublox_msgs/ublox_msgs/msg/detail/cfg_ant__rosidl_typesupport_introspection_c.h\n'}
[677.141566] (ublox_msgs) StdoutLine: {'line': b'-- Installing: /home/amigo-pi/amigo_ros2_pi/install/ublox_msgs/include/ublox_msgs/ublox_msgs/msg/detail/nav_dgps__type_support.c\n'}
[677.143023] (ublox_msgs) StdoutLine: {'line': b'-- Installing: /home/amigo-pi/amigo_ros2_pi/install/ublox_msgs/include/ublox_msgs/ublox_msgs/msg/detail/rxm_raw__rosidl_typesupport_introspection_c.h\n'}
[677.144226] (ublox_msgs) StdoutLine: {'line': b'-- Installing: /home/amigo-pi/amigo_ros2_pi/install/ublox_msgs/include/ublox_msgs/ublox_msgs/msg/detail/cfg_nmea6__rosidl_typesupport_introspection_c.h\n'}
[677.145356] (ublox_msgs) StdoutLine: {'line': b'-- Installing: /home/amigo-pi/amigo_ros2_pi/install/ublox_msgs/include/ublox_msgs/ublox_msgs/msg/detail/nav_velned__type_support.c\n'}
[677.146584] (ublox_msgs) StdoutLine: {'line': b'-- Installing: /home/amigo-pi/amigo_ros2_pi/install/ublox_msgs/include/ublox_msgs/ublox_msgs/msg/detail/rxm_svsisv__type_support.c\n'}
[677.147872] (ublox_msgs) StdoutLine: {'line': b'-- Installing: /home/amigo-pi/amigo_ros2_pi/install/ublox_msgs/include/ublox_msgs/ublox_msgs/msg/detail/rxm_sfrb__rosidl_typesupport_introspection_c.h\n'}
[677.149038] (ublox_msgs) StdoutLine: {'line': b'-- Installing: /home/amigo-pi/amigo_ros2_pi/install/ublox_msgs/include/ublox_msgs/ublox_msgs/msg/detail/nav_svinfosv__type_support.c\n'}
[677.150323] (ublox_msgs) StdoutLine: {'line': b'-- Installing: /home/amigo-pi/amigo_ros2_pi/install/ublox_msgs/include/ublox_msgs/ublox_msgs/msg/detail/cfg_usb__rosidl_typesupport_introspection_c.h\n'}
[677.151498] (ublox_msgs) StdoutLine: {'line': b'-- Installing: /home/amigo-pi/amigo_ros2_pi/install/ublox_msgs/include/ublox_msgs/ublox_msgs/msg/detail/inf__rosidl_typesupport_introspection_c.h\n'}
[677.152640] (ublox_msgs) StdoutLine: {'line': b'-- Installing: /home/amigo-pi/amigo_ros2_pi/install/ublox_msgs/include/ublox_msgs/ublox_msgs/msg/detail/rxm_eph__rosidl_typesupport_introspection_c.h\n'}
[677.153799] (ublox_msgs) StdoutLine: {'line': b'-- Installing: /home/amigo-pi/amigo_ros2_pi/install/ublox_msgs/include/ublox_msgs/ublox_msgs/msg/detail/esf_raw_block__type_support.c\n'}
[677.155072] (ublox_msgs) StdoutLine: {'line': b'-- Installing: /home/amigo-pi/amigo_ros2_pi/install/ublox_msgs/include/ublox_msgs/ublox_msgs/msg/detail/rxm_svsi__type_support.c\n'}
[677.155425] (-) TimerEvent: {}
[677.156299] (ublox_msgs) StdoutLine: {'line': b'-- Installing: /home/amigo-pi/amigo_ros2_pi/install/ublox_msgs/include/ublox_msgs/ublox_msgs/msg/detail/nav_timegps__rosidl_typesupport_introspection_c.h\n'}
[677.157538] (ublox_msgs) StdoutLine: {'line': b'-- Installing: /home/amigo-pi/amigo_ros2_pi/install/ublox_msgs/include/ublox_msgs/ublox_msgs/msg/detail/rxm_rtcm__rosidl_typesupport_introspection_c.h\n'}
[677.158812] (ublox_msgs) StdoutLine: {'line': b'-- Installing: /home/amigo-pi/amigo_ros2_pi/install/ublox_msgs/include/ublox_msgs/ublox_msgs/msg/detail/rxm_svsisv__rosidl_typesupport_introspection_c.h\n'}
[677.159973] (ublox_msgs) StdoutLine: {'line': b'-- Installing: /home/amigo-pi/amigo_ros2_pi/install/ublox_msgs/include/ublox_msgs/ublox_msgs/msg/detail/rxm_rawx_meas__type_support.c\n'}
[677.161126] (ublox_msgs) StdoutLine: {'line': b'-- Installing: /home/amigo-pi/amigo_ros2_pi/install/ublox_msgs/include/ublox_msgs/ublox_msgs/msg/detail/esf_raw__type_support.c\n'}
[677.162336] (ublox_msgs) StdoutLine: {'line': b'-- Installing: /home/amigo-pi/amigo_ros2_pi/install/ublox_msgs/include/ublox_msgs/ublox_msgs/msg/detail/upd_sos__type_support.c\n'}
[677.163490] (ublox_msgs) StdoutLine: {'line': b'-- Installing: /home/amigo-pi/amigo_ros2_pi/install/ublox_msgs/include/ublox_msgs/ublox_msgs/msg/detail/nav_svin__type_support.c\n'}
[677.164712] (ublox_msgs) StdoutLine: {'line': b'-- Installing: /home/amigo-pi/amigo_ros2_pi/install/ublox_msgs/include/ublox_msgs/ublox_msgs/msg/detail/cfg_inf__rosidl_typesupport_introspection_c.h\n'}
[677.165900] (ublox_msgs) StdoutLine: {'line': b'-- Installing: /home/amigo-pi/amigo_ros2_pi/install/ublox_msgs/include/ublox_msgs/ublox_msgs/msg/detail/aid_eph__rosidl_typesupport_introspection_c.h\n'}
[677.167311] (ublox_msgs) StdoutLine: {'line': b'-- Installing: /home/amigo-pi/amigo_ros2_pi/install/ublox_msgs/include/ublox_msgs/ublox_msgs/msg/detail/nav_sol__type_support.c\n'}
[677.168504] (ublox_msgs) StdoutLine: {'line': b'-- Installing: /home/amigo-pi/amigo_ros2_pi/install/ublox_msgs/include/ublox_msgs/ublox_msgs/msg/detail/cfg_usb__type_support.c\n'}
[677.169804] (ublox_msgs) StdoutLine: {'line': b'-- Installing: /home/amigo-pi/amigo_ros2_pi/install/ublox_msgs/include/ublox_msgs/ublox_msgs/msg/detail/rxm_rawx_meas__rosidl_typesupport_introspection_c.h\n'}
[677.171102] (ublox_msgs) StdoutLine: {'line': b'-- Installing: /home/amigo-pi/amigo_ros2_pi/install/ublox_msgs/include/ublox_msgs/ublox_msgs/msg/detail/nav_satsv__type_support.c\n'}
[677.172231] (ublox_msgs) StdoutLine: {'line': b'-- Installing: /home/amigo-pi/amigo_ros2_pi/install/ublox_msgs/include/ublox_msgs/ublox_msgs/msg/detail/nav_dgpssv__type_support.c\n'}
[677.173424] (ublox_msgs) StdoutLine: {'line': b'-- Installing: /home/amigo-pi/amigo_ros2_pi/install/ublox_msgs/include/ublox_msgs/ublox_msgs/msg/detail/nav_sbassv__type_support.c\n'}
[677.174854] (ublox_msgs) StdoutLine: {'line': b'-- Installing: /home/amigo-pi/amigo_ros2_pi/install/ublox_msgs/include/ublox_msgs/ublox_msgs/msg/detail/nav_timeutc__rosidl_typesupport_introspection_c.h\n'}
[677.176022] (ublox_msgs) StdoutLine: {'line': b'-- Installing: /home/amigo-pi/amigo_ros2_pi/install/ublox_msgs/include/ublox_msgs/ublox_msgs/msg/detail/mon_ver__rosidl_typesupport_introspection_c.h\n'}
[677.177162] (ublox_msgs) StdoutLine: {'line': b'-- Installing: /home/amigo-pi/amigo_ros2_pi/install/ublox_msgs/include/ublox_msgs/ublox_msgs/msg/detail/rxm_svsi__rosidl_typesupport_introspection_c.h\n'}
[677.178376] (ublox_msgs) StdoutLine: {'line': b'-- Installing: /home/amigo-pi/amigo_ros2_pi/install/ublox_msgs/include/ublox_msgs/ublox_msgs/msg/detail/cfg_dgnss__rosidl_typesupport_introspection_c.h\n'}
[677.179506] (ublox_msgs) StdoutLine: {'line': b'-- Installing: /home/amigo-pi/amigo_ros2_pi/install/ublox_msgs/include/ublox_msgs/ublox_msgs/msg/detail/rxm_rawx__type_support.c\n'}
[677.180672] (ublox_msgs) StdoutLine: {'line': b'-- Installing: /home/amigo-pi/amigo_ros2_pi/install/ublox_msgs/include/ublox_msgs/ublox_msgs/msg/detail/aid_eph__type_support.c\n'}
[677.182074] (ublox_msgs) StdoutLine: {'line': b'-- Installing: /home/amigo-pi/amigo_ros2_pi/install/ublox_msgs/include/ublox_msgs/ublox_msgs/msg/detail/cfg_nmea7__rosidl_typesupport_introspection_c.h\n'}
[677.183429] (ublox_msgs) StdoutLine: {'line': b'-- Installing: /home/amigo-pi/amigo_ros2_pi/install/ublox_msgs/include/ublox_msgs/ublox_msgs/msg/detail/mon_hw6__type_support.c\n'}
[677.184828] (ublox_msgs) StdoutLine: {'line': b'-- Installing: /home/amigo-pi/amigo_ros2_pi/install/ublox_msgs/include/ublox_msgs/ublox_msgs/msg/detail/nav_pvt7__rosidl_typesupport_introspection_c.h\n'}
[677.186831] (ublox_msgs) StdoutLine: {'line': b'-- Installing: /home/amigo-pi/amigo_ros2_pi/install/ublox_msgs/include/ublox_msgs/ublox_msgs/msg/detail/esf_raw_block__rosidl_typesupport_introspection_c.h\n'}
[677.188184] (ublox_msgs) StdoutLine: {'line': b'-- Installing: /home/amigo-pi/amigo_ros2_pi/install/ublox_msgs/include/ublox_msgs/ublox_msgs/msg/detail/cfg_gnss__rosidl_typesupport_introspection_c.h\n'}
[677.189933] (ublox_msgs) StdoutLine: {'line': b'-- Installing: /home/amigo-pi/amigo_ros2_pi/install/ublox_msgs/include/ublox_msgs/ublox_msgs/msg/detail/nav_status__type_support.c\n'}
[677.191158] (ublox_msgs) StdoutLine: {'line': b'-- Installing: /home/amigo-pi/amigo_ros2_pi/install/ublox_msgs/include/ublox_msgs/ublox_msgs/msg/detail/mon_hw__rosidl_typesupport_introspection_c.h\n'}
[677.192370] (ublox_msgs) StdoutLine: {'line': b'-- Installing: /home/amigo-pi/amigo_ros2_pi/install/ublox_msgs/include/ublox_msgs/ublox_msgs/msg/detail/cfg_rst__rosidl_typesupport_introspection_c.h\n'}
[677.193588] (ublox_msgs) StdoutLine: {'line': b'-- Installing: /home/amigo-pi/amigo_ros2_pi/install/ublox_msgs/include/ublox_msgs/ublox_msgs/msg/detail/mon_ver_extension__rosidl_typesupport_introspection_c.h\n'}
[677.194901] (ublox_msgs) StdoutLine: {'line': b'-- Installing: /home/amigo-pi/amigo_ros2_pi/install/ublox_msgs/include/ublox_msgs/ublox_msgs/msg/detail/cfg_navx5__type_support.c\n'}
[677.196194] (ublox_msgs) StdoutLine: {'line': b'-- Installing: /home/amigo-pi/amigo_ros2_pi/install/ublox_msgs/include/ublox_msgs/ublox_msgs/msg/detail/rxm_raw__type_support.c\n'}
[677.197379] (ublox_msgs) StdoutLine: {'line': b'-- Installing: /home/amigo-pi/amigo_ros2_pi/install/ublox_msgs/include/ublox_msgs/ublox_msgs/msg/detail/rxm_alm__rosidl_typesupport_introspection_c.h\n'}
[677.198630] (ublox_msgs) StdoutLine: {'line': b'-- Installing: /home/amigo-pi/amigo_ros2_pi/install/ublox_msgs/include/ublox_msgs/ublox_msgs/msg/detail/nav_sol__rosidl_typesupport_introspection_c.h\n'}
[677.199879] (ublox_msgs) StdoutLine: {'line': b'-- Installing: /home/amigo-pi/amigo_ros2_pi/install/ublox_msgs/include/ublox_msgs/ublox_msgs/msg/detail/nav_svin__rosidl_typesupport_introspection_c.h\n'}
[677.201073] (ublox_msgs) StdoutLine: {'line': b'-- Installing: /home/amigo-pi/amigo_ros2_pi/install/ublox_msgs/include/ublox_msgs/ublox_msgs/msg/detail/rxm_rawsv__rosidl_typesupport_introspection_c.h\n'}
[677.202483] (ublox_msgs) StdoutLine: {'line': b'-- Installing: /home/amigo-pi/amigo_ros2_pi/install/ublox_msgs/include/ublox_msgs/ublox_msgs/msg/detail/cfg_hnr__rosidl_typesupport_introspection_c.h\n'}
[677.203682] (ublox_msgs) StdoutLine: {'line': b'-- Installing: /home/amigo-pi/amigo_ros2_pi/install/ublox_msgs/include/ublox_msgs/ublox_msgs/msg/detail/nav_pvt__type_support.c\n'}
[677.205032] (ublox_msgs) StdoutLine: {'line': b'-- Installing: /home/amigo-pi/amigo_ros2_pi/install/ublox_msgs/include/ublox_msgs/ublox_msgs/msg/detail/cfg_gnss_block__rosidl_typesupport_introspection_c.h\n'}
[677.206221] (ublox_msgs) StdoutLine: {'line': b'-- Installing: /home/amigo-pi/amigo_ros2_pi/install/ublox_msgs/include/ublox_msgs/ublox_msgs/msg/detail/cfg_dgnss__type_support.c\n'}
[677.207580] (ublox_msgs) StdoutLine: {'line': b'-- Installing: /home/amigo-pi/amigo_ros2_pi/install/ublox_msgs/include/ublox_msgs/ublox_msgs/msg/detail/cfg_ant__type_support.c\n'}
[677.208681] (ublox_msgs) StdoutLine: {'line': b'-- Installing: /home/amigo-pi/amigo_ros2_pi/install/ublox_msgs/include/ublox_msgs/ublox_msgs/msg/detail/cfg_dat__rosidl_typesupport_introspection_c.h\n'}
[677.209833] (ublox_msgs) StdoutLine: {'line': b'-- Installing: /home/amigo-pi/amigo_ros2_pi/install/ublox_msgs/include/ublox_msgs/ublox_msgs/msg/detail/upd_sos_ack__rosidl_typesupport_introspection_c.h\n'}
[677.211327] (ublox_msgs) StdoutLine: {'line': b'-- Installing: /home/amigo-pi/amigo_ros2_pi/install/ublox_msgs/include/ublox_msgs/ublox_msgs/msg/detail/nav_pvt__rosidl_typesupport_introspection_c.h\n'}
[677.212496] (ublox_msgs) StdoutLine: {'line': b'-- Installing: /home/amigo-pi/amigo_ros2_pi/install/ublox_msgs/include/ublox_msgs/ublox_msgs/msg/detail/esf_status__type_support.c\n'}
[677.213722] (ublox_msgs) StdoutLine: {'line': b'-- Installing: /home/amigo-pi/amigo_ros2_pi/install/ublox_msgs/include/ublox_msgs/ublox_msgs/msg/detail/nav_svinfosv__rosidl_typesupport_introspection_c.h\n'}
[677.214930] (ublox_msgs) StdoutLine: {'line': b'-- Installing: /home/amigo-pi/amigo_ros2_pi/install/ublox_msgs/include/ublox_msgs/ublox_msgs/msg/detail/cfg_prt__type_support.c\n'}
[677.216073] (ublox_msgs) StdoutLine: {'line': b'-- Installing: /home/amigo-pi/amigo_ros2_pi/install/ublox_msgs/include/ublox_msgs/ublox_msgs/msg/detail/mon_gnss__type_support.c\n'}
[677.217188] (ublox_msgs) StdoutLine: {'line': b'-- Installing: /home/amigo-pi/amigo_ros2_pi/install/ublox_msgs/include/ublox_msgs/ublox_msgs/msg/detail/nav_relposned9__type_support.c\n'}
[677.218586] (ublox_msgs) StdoutLine: {'line': b'-- Installing: /home/amigo-pi/amigo_ros2_pi/install/ublox_msgs/include/ublox_msgs/ublox_msgs/msg/detail/cfg_hnr__type_support.c\n'}
[677.219722] (ublox_msgs) StdoutLine: {'line': b'-- Installing: /home/amigo-pi/amigo_ros2_pi/install/ublox_msgs/include/ublox_msgs/ublox_msgs/msg/detail/nav_posllh__rosidl_typesupport_introspection_c.h\n'}
[677.220883] (ublox_msgs) StdoutLine: {'line': b'-- Installing: /home/amigo-pi/amigo_ros2_pi/install/ublox_msgs/include/ublox_msgs/ublox_msgs/msg/detail/nav_svinfo__rosidl_typesupport_introspection_c.h\n'}
[677.222080] (ublox_msgs) StdoutLine: {'line': b'-- Installing: /home/amigo-pi/amigo_ros2_pi/install/ublox_msgs/include/ublox_msgs/ublox_msgs/msg/detail/mga_gal__type_support.c\n'}
[677.223546] (ublox_msgs) StdoutLine: {'line': b'-- Installing: /home/amigo-pi/amigo_ros2_pi/install/ublox_msgs/include/ublox_msgs/ublox_msgs/msg/detail/cfg_msg__type_support.c\n'}
[677.224633] (ublox_msgs) StdoutLine: {'line': b'-- Installing: /home/amigo-pi/amigo_ros2_pi/install/ublox_msgs/include/ublox_msgs/ublox_msgs/msg/detail/nav_sat__type_support.c\n'}
[677.225813] (ublox_msgs) StdoutLine: {'line': b'-- Installing: /home/amigo-pi/amigo_ros2_pi/install/ublox_msgs/include/ublox_msgs/ublox_msgs/msg/detail/nav_sbas__rosidl_typesupport_introspection_c.h\n'}
[677.227180] (ublox_msgs) StdoutLine: {'line': b'-- Installing: /home/amigo-pi/amigo_ros2_pi/install/ublox_msgs/include/ublox_msgs/ublox_msgs/msg/detail/cfg_nmea__type_support.c\n'}
[677.228359] (ublox_msgs) StdoutLine: {'line': b'-- Installing: /home/amigo-pi/amigo_ros2_pi/install/ublox_msgs/include/ublox_msgs/ublox_msgs/msg/detail/nav_relposned__rosidl_typesupport_introspection_c.h\n'}
[677.229511] (ublox_msgs) StdoutLine: {'line': b'-- Installing: /home/amigo-pi/amigo_ros2_pi/install/ublox_msgs/include/ublox_msgs/ublox_msgs/msg/detail/rxm_alm__type_support.c\n'}
[677.230711] (ublox_msgs) StdoutLine: {'line': b'-- Installing: /home/amigo-pi/amigo_ros2_pi/install/ublox_msgs/include/ublox_msgs/ublox_msgs/msg/detail/esf_status_sens__rosidl_typesupport_introspection_c.h\n'}
[677.231898] (ublox_msgs) StdoutLine: {'line': b'-- Installing: /home/amigo-pi/amigo_ros2_pi/install/ublox_msgs/include/ublox_msgs/ublox_msgs/msg/detail/mon_ver_extension__type_support.c\n'}
[677.233075] (ublox_msgs) StdoutLine: {'line': b'-- Installing: /home/amigo-pi/amigo_ros2_pi/install/ublox_msgs/include/ublox_msgs/ublox_msgs/msg/detail/mga_gal__rosidl_typesupport_introspection_c.h\n'}
[677.234380] (ublox_msgs) StdoutLine: {'line': b'-- Installing: /home/amigo-pi/amigo_ros2_pi/install/ublox_msgs/include/ublox_msgs/ublox_msgs/msg/detail/nav_posecef__rosidl_typesupport_introspection_c.h\n'}
[677.235551] (ublox_msgs) StdoutLine: {'line': b'-- Installing: /home/amigo-pi/amigo_ros2_pi/install/ublox_msgs/include/ublox_msgs/ublox_msgs/msg/detail/cfg_sbas__rosidl_typesupport_introspection_c.h\n'}
[677.236680] (ublox_msgs) StdoutLine: {'line': b'-- Installing: /home/amigo-pi/amigo_ros2_pi/install/ublox_msgs/include/ublox_msgs/ublox_msgs/msg/detail/tim_tm2__rosidl_typesupport_introspection_c.h\n'}
[677.237831] (ublox_msgs) StdoutLine: {'line': b'-- Installing: /home/amigo-pi/amigo_ros2_pi/install/ublox_msgs/include/ublox_msgs/ublox_msgs/msg/detail/esf_status_sens__type_support.c\n'}
[677.239054] (ublox_msgs) StdoutLine: {'line': b'-- Installing: /home/amigo-pi/amigo_ros2_pi/install/ublox_msgs/include/ublox_msgs/ublox_msgs/msg/detail/rxm_sfrbx__type_support.c\n'}
[677.240238] (ublox_msgs) StdoutLine: {'line': b'-- Installing: /home/amigo-pi/amigo_ros2_pi/install/ublox_msgs/include/ublox_msgs/ublox_msgs/msg/detail/cfg_prt__rosidl_typesupport_introspection_c.h\n'}
[677.241393] (ublox_msgs) StdoutLine: {'line': b'-- Installing: /home/amigo-pi/amigo_ros2_pi/install/ublox_msgs/include/ublox_msgs/ublox_msgs/msg/detail/nav_dgps__rosidl_typesupport_introspection_c.h\n'}
[677.242580] (ublox_msgs) StdoutLine: {'line': b'-- Installing: /home/amigo-pi/amigo_ros2_pi/install/ublox_msgs/include/ublox_msgs/ublox_msgs/msg/detail/upd_sos__rosidl_typesupport_introspection_c.h\n'}
[677.243755] (ublox_msgs) StdoutLine: {'line': b'-- Installing: /home/amigo-pi/amigo_ros2_pi/install/ublox_msgs/include/ublox_msgs/ublox_msgs/msg/detail/aid_alm__type_support.c\n'}
[677.244902] (ublox_msgs) StdoutLine: {'line': b'-- Installing: /home/amigo-pi/amigo_ros2_pi/install/ublox_msgs/include/ublox_msgs/ublox_msgs/msg/detail/cfg_rate__rosidl_typesupport_introspection_c.h\n'}
[677.246075] (ublox_msgs) StdoutLine: {'line': b'-- Installing: /home/amigo-pi/amigo_ros2_pi/install/ublox_msgs/include/ublox_msgs/ublox_msgs/msg/detail/nav_relposned__type_support.c\n'}
[677.247322] (ublox_msgs) StdoutLine: {'line': b'-- Installing: /home/amigo-pi/amigo_ros2_pi/install/ublox_msgs/include/ublox_msgs/ublox_msgs/msg/detail/nav_sat__rosidl_typesupport_introspection_c.h\n'}
[677.248453] (ublox_msgs) StdoutLine: {'line': b'-- Installing: /home/amigo-pi/amigo_ros2_pi/install/ublox_msgs/include/ublox_msgs/ublox_msgs/msg/detail/esf_ins__type_support.c\n'}
[677.249594] (ublox_msgs) StdoutLine: {'line': b'-- Installing: /home/amigo-pi/amigo_ros2_pi/install/ublox_msgs/include/ublox_msgs/ublox_msgs/msg/detail/nav_posecef__type_support.c\n'}
[677.250869] (ublox_msgs) StdoutLine: {'line': b'-- Installing: /home/amigo-pi/amigo_ros2_pi/install/ublox_msgs/include/ublox_msgs/ublox_msgs/msg/detail/cfg_gnss_block__type_support.c\n'}
[677.252004] (ublox_msgs) StdoutLine: {'line': b'-- Installing: /home/amigo-pi/amigo_ros2_pi/install/ublox_msgs/include/ublox_msgs/ublox_msgs/msg/detail/nav_posllh__type_support.c\n'}
[677.253114] (ublox_msgs) StdoutLine: {'line': b'-- Installing: /home/amigo-pi/amigo_ros2_pi/install/ublox_msgs/include/ublox_msgs/ublox_msgs/msg/detail/cfg_nav5__type_support.c\n'}
[677.254378] (ublox_msgs) StdoutLine: {'line': b'-- Installing: /home/amigo-pi/amigo_ros2_pi/install/ublox_msgs/include/ublox_msgs/ublox_msgs/msg/detail/hnr_pvt__rosidl_typesupport_introspection_c.h\n'}
[677.255591] (ublox_msgs) StdoutLine: {'line': b'-- Installing: /home/amigo-pi/amigo_ros2_pi/install/ublox_msgs/include/ublox_msgs/ublox_msgs/msg/detail/cfg_tmode3__rosidl_typesupport_introspection_c.h\n'}
[677.255958] (-) TimerEvent: {}
[677.256791] (ublox_msgs) StdoutLine: {'line': b'-- Installing: /home/amigo-pi/amigo_ros2_pi/install/ublox_msgs/include/ublox_msgs/ublox_msgs/msg/detail/nav_dop__type_support.c\n'}
[677.258132] (ublox_msgs) StdoutLine: {'line': b'-- Installing: /home/amigo-pi/amigo_ros2_pi/install/ublox_msgs/include/ublox_msgs/ublox_msgs/msg/detail/cfg_msg__rosidl_typesupport_introspection_c.h\n'}
[677.259214] (ublox_msgs) StdoutLine: {'line': b'-- Installing: /home/amigo-pi/amigo_ros2_pi/install/ublox_msgs/include/ublox_msgs/ublox_msgs/msg/detail/esf_meas__type_support.c\n'}
[677.260451] (ublox_msgs) StdoutLine: {'line': b'-- Installing: /home/amigo-pi/amigo_ros2_pi/install/ublox_msgs/include/ublox_msgs/ublox_msgs/msg/detail/hnr_pvt__type_support.c\n'}
[677.261756] (ublox_msgs) StdoutLine: {'line': b'-- Installing: /home/amigo-pi/amigo_ros2_pi/install/ublox_msgs/include/ublox_msgs/ublox_msgs/msg/detail/nav_dop__rosidl_typesupport_introspection_c.h\n'}
[677.262952] (ublox_msgs) StdoutLine: {'line': b'-- Installing: /home/amigo-pi/amigo_ros2_pi/install/ublox_msgs/include/ublox_msgs/ublox_msgs/msg/detail/nav_clock__type_support.c\n'}
[677.264092] (ublox_msgs) StdoutLine: {'line': b'-- Installing: /home/amigo-pi/amigo_ros2_pi/install/ublox_msgs/include/ublox_msgs/ublox_msgs/msg/detail/cfg_inf__type_support.c\n'}
[677.265251] (ublox_msgs) StdoutLine: {'line': b'-- Installing: /home/amigo-pi/amigo_ros2_pi/install/ublox_msgs/include/ublox_msgs/ublox_msgs/msg/detail/cfg_sbas__type_support.c\n'}
[677.266392] (ublox_msgs) StdoutLine: {'line': b'-- Installing: /home/amigo-pi/amigo_ros2_pi/install/ublox_msgs/include/ublox_msgs/ublox_msgs/msg/detail/mon_ver__type_support.c\n'}
[677.267826] (ublox_msgs) StdoutLine: {'line': b'-- Installing: /home/amigo-pi/amigo_ros2_pi/install/ublox_msgs/include/ublox_msgs/ublox_msgs/msg/detail/esf_raw__rosidl_typesupport_introspection_c.h\n'}
[677.268954] (ublox_msgs) StdoutLine: {'line': b'-- Installing: /home/amigo-pi/amigo_ros2_pi/install/ublox_msgs/include/ublox_msgs/ublox_msgs/msg/detail/cfg_tmode3__type_support.c\n'}
[677.270291] (ublox_msgs) StdoutLine: {'line': b'-- Installing: /home/amigo-pi/amigo_ros2_pi/install/ublox_msgs/include/ublox_msgs/ublox_msgs/msg/detail/rxm_rawsv__type_support.c\n'}
[677.271468] (ublox_msgs) StdoutLine: {'line': b'-- Installing: /home/amigo-pi/amigo_ros2_pi/install/ublox_msgs/include/ublox_msgs/ublox_msgs/msg/detail/rxm_eph__type_support.c\n'}
[677.272657] (ublox_msgs) StdoutLine: {'line': b'-- Installing: /home/amigo-pi/amigo_ros2_pi/install/ublox_msgs/include/ublox_msgs/ublox_msgs/msg/detail/rxm_sfrb__type_support.c\n'}
[677.273813] (ublox_msgs) StdoutLine: {'line': b'-- Installing: /home/amigo-pi/amigo_ros2_pi/install/ublox_msgs/include/ublox_msgs/ublox_msgs/msg/detail/nav_sbassv__rosidl_typesupport_introspection_c.h\n'}
[677.275049] (ublox_msgs) StdoutLine: {'line': b'-- Installing: /home/amigo-pi/amigo_ros2_pi/install/ublox_msgs/include/ublox_msgs/ublox_msgs/msg/detail/esf_status__rosidl_typesupport_introspection_c.h\n'}
[677.276269] (ublox_msgs) StdoutLine: {'line': b'-- Installing: /home/amigo-pi/amigo_ros2_pi/install/ublox_msgs/include/ublox_msgs/ublox_msgs/msg/detail/aid_hui__rosidl_typesupport_introspection_c.h\n'}
[677.277411] (ublox_msgs) StdoutLine: {'line': b'-- Installing: /home/amigo-pi/amigo_ros2_pi/install/ublox_msgs/include/ublox_msgs/ublox_msgs/msg/detail/nav_dgpssv__rosidl_typesupport_introspection_c.h\n'}
[677.278603] (ublox_msgs) StdoutLine: {'line': b'-- Installing: /home/amigo-pi/amigo_ros2_pi/install/ublox_msgs/include/ublox_msgs/ublox_msgs/msg/detail/nav_pvt7__type_support.c\n'}
[677.279849] (ublox_msgs) StdoutLine: {'line': b'-- Installing: /home/amigo-pi/amigo_ros2_pi/install/ublox_msgs/include/ublox_msgs/ublox_msgs/msg/detail/cfg_dat__type_support.c\n'}
[677.281106] (ublox_msgs) StdoutLine: {'line': b'-- Installing: /home/amigo-pi/amigo_ros2_pi/install/ublox_msgs/include/ublox_msgs/ublox_msgs/msg/detail/cfg_nmea__rosidl_typesupport_introspection_c.h\n'}
[677.282597] (ublox_msgs) StdoutLine: {'line': b'-- Installing: /home/amigo-pi/amigo_ros2_pi/install/ublox_msgs/include/ublox_msgs/ublox_msgs/msg/detail/rxm_rawx__rosidl_typesupport_introspection_c.h\n'}
[677.283920] (ublox_msgs) StdoutLine: {'line': b'-- Installing: /home/amigo-pi/amigo_ros2_pi/install/ublox_msgs/include/ublox_msgs/ublox_msgs/msg/detail/nav_satsv__rosidl_typesupport_introspection_c.h\n'}
[677.285239] (ublox_msgs) StdoutLine: {'line': b'-- Installing: /home/amigo-pi/amigo_ros2_pi/install/ublox_msgs/include/ublox_msgs/ublox_msgs/msg/detail/nav_velecef__type_support.c\n'}
[677.287348] (ublox_msgs) StdoutLine: {'line': b'-- Installing: /home/amigo-pi/amigo_ros2_pi/install/ublox_msgs/include/ublox_msgs/ublox_msgs/msg/detail/cfg_nmea7__type_support.c\n'}
[677.288655] (ublox_msgs) StdoutLine: {'line': b'-- Installing: /home/amigo-pi/amigo_ros2_pi/install/ublox_msgs/include/ublox_msgs/ublox_msgs/msg/detail/cfg_navx5__rosidl_typesupport_introspection_c.h\n'}
[677.290638] (ublox_msgs) StdoutLine: {'line': b'-- Installing: /home/amigo-pi/amigo_ros2_pi/install/ublox_msgs/include/ublox_msgs/ublox_msgs/msg/detail/cfg_nmea6__type_support.c\n'}
[677.291948] (ublox_msgs) StdoutLine: {'line': b'-- Installing: /home/amigo-pi/amigo_ros2_pi/install/ublox_msgs/include/ublox_msgs/ublox_msgs/msg/rosidl_typesupport_introspection_c__visibility_control.h\n'}
[677.293741] (ublox_msgs) StdoutLine: {'line': b'-- Installing: /home/amigo-pi/amigo_ros2_pi/install/ublox_msgs/lib/libublox_msgs__rosidl_typesupport_introspection_c.so\n'}
[677.299794] (ublox_msgs) StdoutLine: {'line': b'-- Set runtime path of "/home/amigo-pi/amigo_ros2_pi/install/ublox_msgs/lib/libublox_msgs__rosidl_typesupport_introspection_c.so" to ""\n'}
[677.300510] (ublox_msgs) StdoutLine: {'line': b'-- Installing: /home/amigo-pi/amigo_ros2_pi/install/ublox_msgs/lib/libublox_msgs__rosidl_typesupport_c.so\n'}
[677.304220] (ublox_msgs) StdoutLine: {'line': b'-- Set runtime path of "/home/amigo-pi/amigo_ros2_pi/install/ublox_msgs/lib/libublox_msgs__rosidl_typesupport_c.so" to ""\n'}
[677.304813] (ublox_msgs) StdoutLine: {'line': b'-- Up-to-date: /home/amigo-pi/amigo_ros2_pi/install/ublox_msgs/include/ublox_msgs/ublox_msgs\n'}
[677.305114] (ublox_msgs) StdoutLine: {'line': b'-- Up-to-date: /home/amigo-pi/amigo_ros2_pi/install/ublox_msgs/include/ublox_msgs/ublox_msgs/msg\n'}
[677.305980] (ublox_msgs) StdoutLine: {'line': b'-- Installing: /home/amigo-pi/amigo_ros2_pi/install/ublox_msgs/include/ublox_msgs/ublox_msgs/msg/rosidl_generator_cpp__visibility_control.hpp\n'}
[677.307212] (ublox_msgs) StdoutLine: {'line': b'-- Installing: /home/amigo-pi/amigo_ros2_pi/install/ublox_msgs/include/ublox_msgs/ublox_msgs/msg/cfg_navx5.hpp\n'}
[677.308124] (ublox_msgs) StdoutLine: {'line': b'-- Installing: /home/amigo-pi/amigo_ros2_pi/install/ublox_msgs/include/ublox_msgs/ublox_msgs/msg/mon_ver.hpp\n'}
[677.309061] (ublox_msgs) StdoutLine: {'line': b'-- Installing: /home/amigo-pi/amigo_ros2_pi/install/ublox_msgs/include/ublox_msgs/ublox_msgs/msg/rxm_raw.hpp\n'}
[677.310154] (ublox_msgs) StdoutLine: {'line': b'-- Installing: /home/amigo-pi/amigo_ros2_pi/install/ublox_msgs/include/ublox_msgs/ublox_msgs/msg/mon_hw.hpp\n'}
[677.311156] (ublox_msgs) StdoutLine: {'line': b'-- Installing: /home/amigo-pi/amigo_ros2_pi/install/ublox_msgs/include/ublox_msgs/ublox_msgs/msg/nav_velecef.hpp\n'}
[677.312131] (ublox_msgs) StdoutLine: {'line': b'-- Installing: /home/amigo-pi/amigo_ros2_pi/install/ublox_msgs/include/ublox_msgs/ublox_msgs/msg/mon_gnss.hpp\n'}
[677.313249] (ublox_msgs) StdoutLine: {'line': b'-- Installing: /home/amigo-pi/amigo_ros2_pi/install/ublox_msgs/include/ublox_msgs/ublox_msgs/msg/aid_alm.hpp\n'}
[677.314463] (ublox_msgs) StdoutLine: {'line': b'-- Installing: /home/amigo-pi/amigo_ros2_pi/install/ublox_msgs/include/ublox_msgs/ublox_msgs/msg/cfg_tmode3.hpp\n'}
[677.315519] (ublox_msgs) StdoutLine: {'line': b'-- Installing: /home/amigo-pi/amigo_ros2_pi/install/ublox_msgs/include/ublox_msgs/ublox_msgs/msg/esf_status.hpp\n'}
[677.316515] (ublox_msgs) StdoutLine: {'line': b'-- Installing: /home/amigo-pi/amigo_ros2_pi/install/ublox_msgs/include/ublox_msgs/ublox_msgs/msg/nav_svinfosv.hpp\n'}
[677.317513] (ublox_msgs) StdoutLine: {'line': b'-- Installing: /home/amigo-pi/amigo_ros2_pi/install/ublox_msgs/include/ublox_msgs/ublox_msgs/msg/rxm_eph.hpp\n'}
[677.318568] (ublox_msgs) StdoutLine: {'line': b'-- Installing: /home/amigo-pi/amigo_ros2_pi/install/ublox_msgs/include/ublox_msgs/ublox_msgs/msg/nav_timeutc.hpp\n'}
[677.319700] (ublox_msgs) StdoutLine: {'line': b'-- Installing: /home/amigo-pi/amigo_ros2_pi/install/ublox_msgs/include/ublox_msgs/ublox_msgs/msg/nav_posllh.hpp\n'}
[677.321217] (ublox_msgs) StdoutLine: {'line': b'-- Installing: /home/amigo-pi/amigo_ros2_pi/install/ublox_msgs/include/ublox_msgs/ublox_msgs/msg/esf_raw_block.hpp\n'}
[677.322542] (ublox_msgs) StdoutLine: {'line': b'-- Installing: /home/amigo-pi/amigo_ros2_pi/install/ublox_msgs/include/ublox_msgs/ublox_msgs/msg/nav_pvt.hpp\n'}
[677.323565] (ublox_msgs) StdoutLine: {'line': b'-- Installing: /home/amigo-pi/amigo_ros2_pi/install/ublox_msgs/include/ublox_msgs/ublox_msgs/msg/cfg_cfg.hpp\n'}
[677.324540] (ublox_msgs) StdoutLine: {'line': b'-- Installing: /home/amigo-pi/amigo_ros2_pi/install/ublox_msgs/include/ublox_msgs/ublox_msgs/msg/cfg_gnss_block.hpp\n'}
[677.325576] (ublox_msgs) StdoutLine: {'line': b'-- Installing: /home/amigo-pi/amigo_ros2_pi/install/ublox_msgs/include/ublox_msgs/ublox_msgs/msg/nav_dgpssv.hpp\n'}
[677.326622] (ublox_msgs) StdoutLine: {'line': b'-- Installing: /home/amigo-pi/amigo_ros2_pi/install/ublox_msgs/include/ublox_msgs/ublox_msgs/msg/tim_tm2.hpp\n'}
[677.327574] (ublox_msgs) StdoutLine: {'line': b'-- Installing: /home/amigo-pi/amigo_ros2_pi/install/ublox_msgs/include/ublox_msgs/ublox_msgs/msg/cfg_ant.hpp\n'}
[677.328486] (ublox_msgs) StdoutLine: {'line': b'-- Installing: /home/amigo-pi/amigo_ros2_pi/install/ublox_msgs/include/ublox_msgs/ublox_msgs/msg/mga_gal.hpp\n'}
[677.329459] (ublox_msgs) StdoutLine: {'line': b'-- Installing: /home/amigo-pi/amigo_ros2_pi/install/ublox_msgs/include/ublox_msgs/ublox_msgs/msg/nav_timegps.hpp\n'}
[677.330663] (ublox_msgs) StdoutLine: {'line': b'-- Installing: /home/amigo-pi/amigo_ros2_pi/install/ublox_msgs/include/ublox_msgs/ublox_msgs/msg/nav_clock.hpp\n'}
[677.331612] (ublox_msgs) StdoutLine: {'line': b'-- Installing: /home/amigo-pi/amigo_ros2_pi/install/ublox_msgs/include/ublox_msgs/ublox_msgs/msg/cfg_dgnss.hpp\n'}
[677.332543] (ublox_msgs) StdoutLine: {'line': b'-- Installing: /home/amigo-pi/amigo_ros2_pi/install/ublox_msgs/include/ublox_msgs/ublox_msgs/msg/cfg_sbas.hpp\n'}
[677.333612] (ublox_msgs) StdoutLine: {'line': b'-- Installing: /home/amigo-pi/amigo_ros2_pi/install/ublox_msgs/include/ublox_msgs/ublox_msgs/msg/aid_eph.hpp\n'}
[677.334627] (ublox_msgs) StdoutLine: {'line': b'-- Installing: /home/amigo-pi/amigo_ros2_pi/install/ublox_msgs/include/ublox_msgs/ublox_msgs/msg/esf_raw.hpp\n'}
[677.335601] (ublox_msgs) StdoutLine: {'line': b'-- Installing: /home/amigo-pi/amigo_ros2_pi/install/ublox_msgs/include/ublox_msgs/ublox_msgs/msg/cfg_usb.hpp\n'}
[677.336537] (ublox_msgs) StdoutLine: {'line': b'-- Installing: /home/amigo-pi/amigo_ros2_pi/install/ublox_msgs/include/ublox_msgs/ublox_msgs/msg/inf.hpp\n'}
[677.337458] (ublox_msgs) StdoutLine: {'line': b'-- Installing: /home/amigo-pi/amigo_ros2_pi/install/ublox_msgs/include/ublox_msgs/ublox_msgs/msg/rxm_rawx.hpp\n'}
[677.338609] (ublox_msgs) StdoutLine: {'line': b'-- Installing: /home/amigo-pi/amigo_ros2_pi/install/ublox_msgs/include/ublox_msgs/ublox_msgs/msg/esf_meas.hpp\n'}
[677.339553] (ublox_msgs) StdoutLine: {'line': b'-- Installing: /home/amigo-pi/amigo_ros2_pi/install/ublox_msgs/include/ublox_msgs/ublox_msgs/msg/cfg_nav5.hpp\n'}
[677.340512] (ublox_msgs) StdoutLine: {'line': b'-- Installing: /home/amigo-pi/amigo_ros2_pi/install/ublox_msgs/include/ublox_msgs/ublox_msgs/msg/nav_pvt7.hpp\n'}
[677.341489] (ublox_msgs) StdoutLine: {'line': b'-- Installing: /home/amigo-pi/amigo_ros2_pi/install/ublox_msgs/include/ublox_msgs/ublox_msgs/msg/cfg_prt.hpp\n'}
[677.342464] (ublox_msgs) StdoutLine: {'line': b'-- Installing: /home/amigo-pi/amigo_ros2_pi/install/ublox_msgs/include/ublox_msgs/ublox_msgs/msg/cfg_gnss.hpp\n'}
[677.343474] (ublox_msgs) StdoutLine: {'line': b'-- Installing: /home/amigo-pi/amigo_ros2_pi/install/ublox_msgs/include/ublox_msgs/ublox_msgs/msg/mon_ver_extension.hpp\n'}
[677.344461] (ublox_msgs) StdoutLine: {'line': b'-- Installing: /home/amigo-pi/amigo_ros2_pi/install/ublox_msgs/include/ublox_msgs/ublox_msgs/msg/rxm_svsisv.hpp\n'}
[677.345481] (ublox_msgs) StdoutLine: {'line': b'-- Installing: /home/amigo-pi/amigo_ros2_pi/install/ublox_msgs/include/ublox_msgs/ublox_msgs/msg/upd_sos_ack.hpp\n'}
[677.346512] (ublox_msgs) StdoutLine: {'line': b'-- Installing: /home/amigo-pi/amigo_ros2_pi/install/ublox_msgs/include/ublox_msgs/ublox_msgs/msg/nav_satsv.hpp\n'}
[677.347468] (ublox_msgs) StdoutLine: {'line': b'-- Installing: /home/amigo-pi/amigo_ros2_pi/install/ublox_msgs/include/ublox_msgs/ublox_msgs/msg/rxm_rawsv.hpp\n'}
[677.348434] (ublox_msgs) StdoutLine: {'line': b'-- Installing: /home/amigo-pi/amigo_ros2_pi/install/ublox_msgs/include/ublox_msgs/ublox_msgs/msg/hnr_pvt.hpp\n'}
[677.349335] (ublox_msgs) StdoutLine: {'line': b'-- Installing: /home/amigo-pi/amigo_ros2_pi/install/ublox_msgs/include/ublox_msgs/ublox_msgs/msg/cfg_nmea.hpp\n'}
[677.350509] (ublox_msgs) StdoutLine: {'line': b'-- Installing: /home/amigo-pi/amigo_ros2_pi/install/ublox_msgs/include/ublox_msgs/ublox_msgs/msg/nav_dgps.hpp\n'}
[677.351452] (ublox_msgs) StdoutLine: {'line': b'-- Installing: /home/amigo-pi/amigo_ros2_pi/install/ublox_msgs/include/ublox_msgs/ublox_msgs/msg/cfg_hnr.hpp\n'}
[677.352379] (ublox_msgs) StdoutLine: {'line': b'-- Installing: /home/amigo-pi/amigo_ros2_pi/install/ublox_msgs/include/ublox_msgs/ublox_msgs/msg/nav_relposned.hpp\n'}
[677.353327] (ublox_msgs) StdoutLine: {'line': b'-- Installing: /home/amigo-pi/amigo_ros2_pi/install/ublox_msgs/include/ublox_msgs/ublox_msgs/msg/nav_svin.hpp\n'}
[677.354363] (ublox_msgs) StdoutLine: {'line': b'-- Installing: /home/amigo-pi/amigo_ros2_pi/install/ublox_msgs/include/ublox_msgs/ublox_msgs/msg/cfg_rate.hpp\n'}
[677.355277] (ublox_msgs) StdoutLine: {'line': b'-- Installing: /home/amigo-pi/amigo_ros2_pi/install/ublox_msgs/include/ublox_msgs/ublox_msgs/msg/nav_posecef.hpp\n'}
[677.356067] (-) TimerEvent: {}
[677.356520] (ublox_msgs) StdoutLine: {'line': b'-- Installing: /home/amigo-pi/amigo_ros2_pi/install/ublox_msgs/include/ublox_msgs/ublox_msgs/msg/rxm_sfrb.hpp\n'}
[677.357332] (ublox_msgs) StdoutLine: {'line': b'-- Installing: /home/amigo-pi/amigo_ros2_pi/install/ublox_msgs/include/ublox_msgs/ublox_msgs/msg/nav_dop.hpp\n'}
[677.358406] (ublox_msgs) StdoutLine: {'line': b'-- Installing: /home/amigo-pi/amigo_ros2_pi/install/ublox_msgs/include/ublox_msgs/ublox_msgs/msg/esf_ins.hpp\n'}
[677.359353] (ublox_msgs) StdoutLine: {'line': b'-- Installing: /home/amigo-pi/amigo_ros2_pi/install/ublox_msgs/include/ublox_msgs/ublox_msgs/msg/cfg_inf_block.hpp\n'}
[677.360253] (ublox_msgs) StdoutLine: {'line': b'-- Up-to-date: /home/amigo-pi/amigo_ros2_pi/install/ublox_msgs/include/ublox_msgs/ublox_msgs/msg/detail\n'}
[677.363565] (ublox_msgs) StdoutLine: {'line': b'-- Installing: /home/amigo-pi/amigo_ros2_pi/install/ublox_msgs/include/ublox_msgs/ublox_msgs/msg/detail/nav_sbas__struct.hpp\n'}
[677.364779] (ublox_msgs) StdoutLine: {'line': b'-- Installing: /home/amigo-pi/amigo_ros2_pi/install/ublox_msgs/include/ublox_msgs/ublox_msgs/msg/detail/rxm_raw__struct.hpp\n'}
[677.365816] (ublox_msgs) StdoutLine: {'line': b'-- Installing: /home/amigo-pi/amigo_ros2_pi/install/ublox_msgs/include/ublox_msgs/ublox_msgs/msg/detail/mon_hw__struct.hpp\n'}
[677.367101] (ublox_msgs) StdoutLine: {'line': b'-- Installing: /home/amigo-pi/amigo_ros2_pi/install/ublox_msgs/include/ublox_msgs/ublox_msgs/msg/detail/aid_alm__traits.hpp\n'}
[677.368193] (ublox_msgs) StdoutLine: {'line': b'-- Installing: /home/amigo-pi/amigo_ros2_pi/install/ublox_msgs/include/ublox_msgs/ublox_msgs/msg/detail/rxm_rawx__struct.hpp\n'}
[677.369316] (ublox_msgs) StdoutLine: {'line': b'-- Installing: /home/amigo-pi/amigo_ros2_pi/install/ublox_msgs/include/ublox_msgs/ublox_msgs/msg/detail/upd_sos__struct.hpp\n'}
[677.370675] (ublox_msgs) StdoutLine: {'line': b'-- Installing: /home/amigo-pi/amigo_ros2_pi/install/ublox_msgs/include/ublox_msgs/ublox_msgs/msg/detail/nav_att__type_support.hpp\n'}
[677.371742] (ublox_msgs) StdoutLine: {'line': b'-- Installing: /home/amigo-pi/amigo_ros2_pi/install/ublox_msgs/include/ublox_msgs/ublox_msgs/msg/detail/mon_hw6__traits.hpp\n'}
[677.372854] (ublox_msgs) StdoutLine: {'line': b'-- Installing: /home/amigo-pi/amigo_ros2_pi/install/ublox_msgs/include/ublox_msgs/ublox_msgs/msg/detail/nav_posllh__type_support.hpp\n'}
[677.373974] (ublox_msgs) StdoutLine: {'line': b'-- Installing: /home/amigo-pi/amigo_ros2_pi/install/ublox_msgs/include/ublox_msgs/ublox_msgs/msg/detail/cfg_gnss__builder.hpp\n'}
[677.374998] (ublox_msgs) StdoutLine: {'line': b'-- Installing: /home/amigo-pi/amigo_ros2_pi/install/ublox_msgs/include/ublox_msgs/ublox_msgs/msg/detail/cfg_rate__struct.hpp\n'}
[677.376078] (ublox_msgs) StdoutLine: {'line': b'-- Installing: /home/amigo-pi/amigo_ros2_pi/install/ublox_msgs/include/ublox_msgs/ublox_msgs/msg/detail/nav_relposned9__builder.hpp\n'}
[677.377203] (ublox_msgs) StdoutLine: {'line': b'-- Installing: /home/amigo-pi/amigo_ros2_pi/install/ublox_msgs/include/ublox_msgs/ublox_msgs/msg/detail/esf_raw__builder.hpp\n'}
[677.378300] (ublox_msgs) StdoutLine: {'line': b'-- Installing: /home/amigo-pi/amigo_ros2_pi/install/ublox_msgs/include/ublox_msgs/ublox_msgs/msg/detail/esf_raw_block__type_support.hpp\n'}
[677.379475] (ublox_msgs) StdoutLine: {'line': b'-- Installing: /home/amigo-pi/amigo_ros2_pi/install/ublox_msgs/include/ublox_msgs/ublox_msgs/msg/detail/nav_relposned__builder.hpp\n'}
[677.380610] (ublox_msgs) StdoutLine: {'line': b'-- Installing: /home/amigo-pi/amigo_ros2_pi/install/ublox_msgs/include/ublox_msgs/ublox_msgs/msg/detail/cfg_gnss__traits.hpp\n'}
[677.381657] (ublox_msgs) StdoutLine: {'line': b'-- Installing: /home/amigo-pi/amigo_ros2_pi/install/ublox_msgs/include/ublox_msgs/ublox_msgs/msg/detail/cfg_nmea6__struct.hpp\n'}
[677.382909] (ublox_msgs) StdoutLine: {'line': b'-- Installing: /home/amigo-pi/amigo_ros2_pi/install/ublox_msgs/include/ublox_msgs/ublox_msgs/msg/detail/ack__type_support.hpp\n'}
[677.384134] (ublox_msgs) StdoutLine: {'line': b'-- Installing: /home/amigo-pi/amigo_ros2_pi/install/ublox_msgs/include/ublox_msgs/ublox_msgs/msg/detail/ack__traits.hpp\n'}
[677.385301] (ublox_msgs) StdoutLine: {'line': b'-- Installing: /home/amigo-pi/amigo_ros2_pi/install/ublox_msgs/include/ublox_msgs/ublox_msgs/msg/detail/nav_pvt__builder.hpp\n'}
[677.387231] (ublox_msgs) StdoutLine: {'line': b'-- Installing: /home/amigo-pi/amigo_ros2_pi/install/ublox_msgs/include/ublox_msgs/ublox_msgs/msg/detail/esf_status_sens__type_support.hpp\n'}
[677.388715] (ublox_msgs) StdoutLine: {'line': b'-- Installing: /home/amigo-pi/amigo_ros2_pi/install/ublox_msgs/include/ublox_msgs/ublox_msgs/msg/detail/rxm_svsi__traits.hpp\n'}
[677.390383] (ublox_msgs) StdoutLine: {'line': b'-- Installing: /home/amigo-pi/amigo_ros2_pi/install/ublox_msgs/include/ublox_msgs/ublox_msgs/msg/detail/rxm_alm__builder.hpp\n'}
[677.391514] (ublox_msgs) StdoutLine: {'line': b'-- Installing: /home/amigo-pi/amigo_ros2_pi/install/ublox_msgs/include/ublox_msgs/ublox_msgs/msg/detail/upd_sos_ack__traits.hpp\n'}
[677.392643] (ublox_msgs) StdoutLine: {'line': b'-- Installing: /home/amigo-pi/amigo_ros2_pi/install/ublox_msgs/include/ublox_msgs/ublox_msgs/msg/detail/nav_pvt7__builder.hpp\n'}
[677.393775] (ublox_msgs) StdoutLine: {'line': b'-- Installing: /home/amigo-pi/amigo_ros2_pi/install/ublox_msgs/include/ublox_msgs/ublox_msgs/msg/detail/rxm_rawx__builder.hpp\n'}
[677.394999] (ublox_msgs) StdoutLine: {'line': b'-- Installing: /home/amigo-pi/amigo_ros2_pi/install/ublox_msgs/include/ublox_msgs/ublox_msgs/msg/detail/cfg_hnr__struct.hpp\n'}
[677.396029] (ublox_msgs) StdoutLine: {'line': b'-- Installing: /home/amigo-pi/amigo_ros2_pi/install/ublox_msgs/include/ublox_msgs/ublox_msgs/msg/detail/nav_dgps__builder.hpp\n'}
[677.397170] (ublox_msgs) StdoutLine: {'line': b'-- Installing: /home/amigo-pi/amigo_ros2_pi/install/ublox_msgs/include/ublox_msgs/ublox_msgs/msg/detail/cfg_nmea7__struct.hpp\n'}
[677.398419] (ublox_msgs) StdoutLine: {'line': b'-- Installing: /home/amigo-pi/amigo_ros2_pi/install/ublox_msgs/include/ublox_msgs/ublox_msgs/msg/detail/nav_att__traits.hpp\n'}
[677.399535] (ublox_msgs) StdoutLine: {'line': b'-- Installing: /home/amigo-pi/amigo_ros2_pi/install/ublox_msgs/include/ublox_msgs/ublox_msgs/msg/detail/nav_relposned__traits.hpp\n'}
[677.400733] (ublox_msgs) StdoutLine: {'line': b'-- Installing: /home/amigo-pi/amigo_ros2_pi/install/ublox_msgs/include/ublox_msgs/ublox_msgs/msg/detail/rxm_alm__struct.hpp\n'}
[677.401897] (ublox_msgs) StdoutLine: {'line': b'-- Installing: /home/amigo-pi/amigo_ros2_pi/install/ublox_msgs/include/ublox_msgs/ublox_msgs/msg/detail/rxm_sfrbx__struct.hpp\n'}
[677.402991] (ublox_msgs) StdoutLine: {'line': b'-- Installing: /home/amigo-pi/amigo_ros2_pi/install/ublox_msgs/include/ublox_msgs/ublox_msgs/msg/detail/cfg_prt__traits.hpp\n'}
[677.404089] (ublox_msgs) StdoutLine: {'line': b'-- Installing: /home/amigo-pi/amigo_ros2_pi/install/ublox_msgs/include/ublox_msgs/ublox_msgs/msg/detail/nav_pvt__struct.hpp\n'}
[677.405298] (ublox_msgs) StdoutLine: {'line': b'-- Installing: /home/amigo-pi/amigo_ros2_pi/install/ublox_msgs/include/ublox_msgs/ublox_msgs/msg/detail/esf_meas__builder.hpp\n'}
[677.406721] (ublox_msgs) StdoutLine: {'line': b'-- Installing: /home/amigo-pi/amigo_ros2_pi/install/ublox_msgs/include/ublox_msgs/ublox_msgs/msg/detail/nav_timeutc__type_support.hpp\n'}
[677.407797] (ublox_msgs) StdoutLine: {'line': b'-- Installing: /home/amigo-pi/amigo_ros2_pi/install/ublox_msgs/include/ublox_msgs/ublox_msgs/msg/detail/cfg_rst__builder.hpp\n'}
[677.408872] (ublox_msgs) StdoutLine: {'line': b'-- Installing: /home/amigo-pi/amigo_ros2_pi/install/ublox_msgs/include/ublox_msgs/ublox_msgs/msg/detail/cfg_inf_block__type_support.hpp\n'}
[677.410023] (ublox_msgs) StdoutLine: {'line': b'-- Installing: /home/amigo-pi/amigo_ros2_pi/install/ublox_msgs/include/ublox_msgs/ublox_msgs/msg/detail/nav_timeutc__struct.hpp\n'}
[677.411155] (ublox_msgs) StdoutLine: {'line': b'-- Installing: /home/amigo-pi/amigo_ros2_pi/install/ublox_msgs/include/ublox_msgs/ublox_msgs/msg/detail/mon_gnss__builder.hpp\n'}
[677.412176] (ublox_msgs) StdoutLine: {'line': b'-- Installing: /home/amigo-pi/amigo_ros2_pi/install/ublox_msgs/include/ublox_msgs/ublox_msgs/msg/detail/cfg_usb__traits.hpp\n'}
[677.413259] (ublox_msgs) StdoutLine: {'line': b'-- Installing: /home/amigo-pi/amigo_ros2_pi/install/ublox_msgs/include/ublox_msgs/ublox_msgs/msg/detail/cfg_dgnss__struct.hpp\n'}
[677.414466] (ublox_msgs) StdoutLine: {'line': b'-- Installing: /home/amigo-pi/amigo_ros2_pi/install/ublox_msgs/include/ublox_msgs/ublox_msgs/msg/detail/cfg_nmea7__type_support.hpp\n'}
[677.415512] (ublox_msgs) StdoutLine: {'line': b'-- Installing: /home/amigo-pi/amigo_ros2_pi/install/ublox_msgs/include/ublox_msgs/ublox_msgs/msg/detail/esf_status__traits.hpp\n'}
[677.416615] (ublox_msgs) StdoutLine: {'line': b'-- Installing: /home/amigo-pi/amigo_ros2_pi/install/ublox_msgs/include/ublox_msgs/ublox_msgs/msg/detail/rxm_rawx_meas__type_support.hpp\n'}
[677.417699] (ublox_msgs) StdoutLine: {'line': b'-- Installing: /home/amigo-pi/amigo_ros2_pi/install/ublox_msgs/include/ublox_msgs/ublox_msgs/msg/detail/nav_sat__traits.hpp\n'}
[677.418978] (ublox_msgs) StdoutLine: {'line': b'-- Installing: /home/amigo-pi/amigo_ros2_pi/install/ublox_msgs/include/ublox_msgs/ublox_msgs/msg/detail/cfg_hnr__builder.hpp\n'}
[677.420002] (ublox_msgs) StdoutLine: {'line': b'-- Installing: /home/amigo-pi/amigo_ros2_pi/install/ublox_msgs/include/ublox_msgs/ublox_msgs/msg/detail/esf_meas__type_support.hpp\n'}
[677.421023] (ublox_msgs) StdoutLine: {'line': b'-- Installing: /home/amigo-pi/amigo_ros2_pi/install/ublox_msgs/include/ublox_msgs/ublox_msgs/msg/detail/rxm_eph__struct.hpp\n'}
[677.422116] (ublox_msgs) StdoutLine: {'line': b'-- Installing: /home/amigo-pi/amigo_ros2_pi/install/ublox_msgs/include/ublox_msgs/ublox_msgs/msg/detail/rxm_sfrb__struct.hpp\n'}
[677.423191] (ublox_msgs) StdoutLine: {'line': b'-- Installing: /home/amigo-pi/amigo_ros2_pi/install/ublox_msgs/include/ublox_msgs/ublox_msgs/msg/detail/nav_status__builder.hpp\n'}
[677.424248] (ublox_msgs) StdoutLine: {'line': b'-- Installing: /home/amigo-pi/amigo_ros2_pi/install/ublox_msgs/include/ublox_msgs/ublox_msgs/msg/detail/rxm_eph__builder.hpp\n'}
[677.425286] (ublox_msgs) StdoutLine: {'line': b'-- Installing: /home/amigo-pi/amigo_ros2_pi/install/ublox_msgs/include/ublox_msgs/ublox_msgs/msg/detail/rxm_svsisv__type_support.hpp\n'}
[677.426560] (ublox_msgs) StdoutLine: {'line': b'-- Installing: /home/amigo-pi/amigo_ros2_pi/install/ublox_msgs/include/ublox_msgs/ublox_msgs/msg/detail/esf_ins__struct.hpp\n'}
[677.427659] (ublox_msgs) StdoutLine: {'line': b'-- Installing: /home/amigo-pi/amigo_ros2_pi/install/ublox_msgs/include/ublox_msgs/ublox_msgs/msg/detail/mon_ver__builder.hpp\n'}
[677.428674] (ublox_msgs) StdoutLine: {'line': b'-- Installing: /home/amigo-pi/amigo_ros2_pi/install/ublox_msgs/include/ublox_msgs/ublox_msgs/msg/detail/cfg_nmea6__traits.hpp\n'}
[677.429732] (ublox_msgs) StdoutLine: {'line': b'-- Installing: /home/amigo-pi/amigo_ros2_pi/install/ublox_msgs/include/ublox_msgs/ublox_msgs/msg/detail/hnr_pvt__type_support.hpp\n'}
[677.430844] (ublox_msgs) StdoutLine: {'line': b'-- Installing: /home/amigo-pi/amigo_ros2_pi/install/ublox_msgs/include/ublox_msgs/ublox_msgs/msg/detail/nav_dgps__struct.hpp\n'}
[677.431889] (ublox_msgs) StdoutLine: {'line': b'-- Installing: /home/amigo-pi/amigo_ros2_pi/install/ublox_msgs/include/ublox_msgs/ublox_msgs/msg/detail/cfg_navx5__builder.hpp\n'}
[677.432947] (ublox_msgs) StdoutLine: {'line': b'-- Installing: /home/amigo-pi/amigo_ros2_pi/install/ublox_msgs/include/ublox_msgs/ublox_msgs/msg/detail/rxm_rawsv__builder.hpp\n'}
[677.434094] (ublox_msgs) StdoutLine: {'line': b'-- Installing: /home/amigo-pi/amigo_ros2_pi/install/ublox_msgs/include/ublox_msgs/ublox_msgs/msg/detail/nav_svin__builder.hpp\n'}
[677.435222] (ublox_msgs) StdoutLine: {'line': b'-- Installing: /home/amigo-pi/amigo_ros2_pi/install/ublox_msgs/include/ublox_msgs/ublox_msgs/msg/detail/cfg_rate__builder.hpp\n'}
[677.436248] (ublox_msgs) StdoutLine: {'line': b'-- Installing: /home/amigo-pi/amigo_ros2_pi/install/ublox_msgs/include/ublox_msgs/ublox_msgs/msg/detail/nav_velecef__type_support.hpp\n'}
[677.437293] (ublox_msgs) StdoutLine: {'line': b'-- Installing: /home/amigo-pi/amigo_ros2_pi/install/ublox_msgs/include/ublox_msgs/ublox_msgs/msg/detail/rxm_sfrbx__builder.hpp\n'}
[677.438430] (ublox_msgs) StdoutLine: {'line': b'-- Installing: /home/amigo-pi/amigo_ros2_pi/install/ublox_msgs/include/ublox_msgs/ublox_msgs/msg/detail/cfg_tmode3__builder.hpp\n'}
[677.439544] (ublox_msgs) StdoutLine: {'line': b'-- Installing: /home/amigo-pi/amigo_ros2_pi/install/ublox_msgs/include/ublox_msgs/ublox_msgs/msg/detail/nav_dgps__type_support.hpp\n'}
[677.440611] (ublox_msgs) StdoutLine: {'line': b'-- Installing: /home/amigo-pi/amigo_ros2_pi/install/ublox_msgs/include/ublox_msgs/ublox_msgs/msg/detail/nav_svinfo__traits.hpp\n'}
[677.441663] (ublox_msgs) StdoutLine: {'line': b'-- Installing: /home/amigo-pi/amigo_ros2_pi/install/ublox_msgs/include/ublox_msgs/ublox_msgs/msg/detail/upd_sos_ack__builder.hpp\n'}
[677.442975] (ublox_msgs) StdoutLine: {'line': b'-- Installing: /home/amigo-pi/amigo_ros2_pi/install/ublox_msgs/include/ublox_msgs/ublox_msgs/msg/detail/cfg_rate__type_support.hpp\n'}
[677.444013] (ublox_msgs) StdoutLine: {'line': b'-- Installing: /home/amigo-pi/amigo_ros2_pi/install/ublox_msgs/include/ublox_msgs/ublox_msgs/msg/detail/esf_raw__struct.hpp\n'}
[677.445119] (ublox_msgs) StdoutLine: {'line': b'-- Installing: /home/amigo-pi/amigo_ros2_pi/install/ublox_msgs/include/ublox_msgs/ublox_msgs/msg/detail/nav_timegps__traits.hpp\n'}
[677.446318] (ublox_msgs) StdoutLine: {'line': b'-- Installing: /home/amigo-pi/amigo_ros2_pi/install/ublox_msgs/include/ublox_msgs/ublox_msgs/msg/detail/esf_status_sens__traits.hpp\n'}
[677.447429] (ublox_msgs) StdoutLine: {'line': b'-- Installing: /home/amigo-pi/amigo_ros2_pi/install/ublox_msgs/include/ublox_msgs/ublox_msgs/msg/detail/nav_timegps__type_support.hpp\n'}
[677.448489] (ublox_msgs) StdoutLine: {'line': b'-- Installing: /home/amigo-pi/amigo_ros2_pi/install/ublox_msgs/include/ublox_msgs/ublox_msgs/msg/detail/aid_alm__builder.hpp\n'}
[677.449522] (ublox_msgs) StdoutLine: {'line': b'-- Installing: /home/amigo-pi/amigo_ros2_pi/install/ublox_msgs/include/ublox_msgs/ublox_msgs/msg/detail/cfg_gnss_block__type_support.hpp\n'}
[677.455300] (ublox_msgs) StdoutLine: {'line': b'-- Installing: /home/amigo-pi/amigo_ros2_pi/install/ublox_msgs/include/ublox_msgs/ublox_msgs/msg/detail/rxm_svsisv__builder.hpp\n'}
[677.456190] (-) TimerEvent: {}
[677.456890] (ublox_msgs) StdoutLine: {'line': b'-- Installing: /home/amigo-pi/amigo_ros2_pi/install/ublox_msgs/include/ublox_msgs/ublox_msgs/msg/detail/rxm_sfrb__builder.hpp\n'}
[677.457615] (ublox_msgs) StdoutLine: {'line': b'-- Installing: /home/amigo-pi/amigo_ros2_pi/install/ublox_msgs/include/ublox_msgs/ublox_msgs/msg/detail/mga_gal__type_support.hpp\n'}
[677.458834] (ublox_msgs) StdoutLine: {'line': b'-- Installing: /home/amigo-pi/amigo_ros2_pi/install/ublox_msgs/include/ublox_msgs/ublox_msgs/msg/detail/cfg_rst__type_support.hpp\n'}
[677.459924] (ublox_msgs) StdoutLine: {'line': b'-- Installing: /home/amigo-pi/amigo_ros2_pi/install/ublox_msgs/include/ublox_msgs/ublox_msgs/msg/detail/rxm_rtcm__builder.hpp\n'}
[677.461014] (ublox_msgs) StdoutLine: {'line': b'-- Installing: /home/amigo-pi/amigo_ros2_pi/install/ublox_msgs/include/ublox_msgs/ublox_msgs/msg/detail/mon_gnss__type_support.hpp\n'}
[677.462342] (ublox_msgs) StdoutLine: {'line': b'-- Installing: /home/amigo-pi/amigo_ros2_pi/install/ublox_msgs/include/ublox_msgs/ublox_msgs/msg/detail/cfg_dat__type_support.hpp\n'}
[677.463465] (ublox_msgs) StdoutLine: {'line': b'-- Installing: /home/amigo-pi/amigo_ros2_pi/install/ublox_msgs/include/ublox_msgs/ublox_msgs/msg/detail/nav_dop__struct.hpp\n'}
[677.464811] (ublox_msgs) StdoutLine: {'line': b'-- Installing: /home/amigo-pi/amigo_ros2_pi/install/ublox_msgs/include/ublox_msgs/ublox_msgs/msg/detail/rxm_rawsv__traits.hpp\n'}
[677.466131] (ublox_msgs) StdoutLine: {'line': b'-- Installing: /home/amigo-pi/amigo_ros2_pi/install/ublox_msgs/include/ublox_msgs/ublox_msgs/msg/detail/esf_status_sens__builder.hpp\n'}
[677.467524] (ublox_msgs) StdoutLine: {'line': b'-- Installing: /home/amigo-pi/amigo_ros2_pi/install/ublox_msgs/include/ublox_msgs/ublox_msgs/msg/detail/nav_posecef__type_support.hpp\n'}
[677.468808] (ublox_msgs) StdoutLine: {'line': b'-- Installing: /home/amigo-pi/amigo_ros2_pi/install/ublox_msgs/include/ublox_msgs/ublox_msgs/msg/detail/aid_alm__type_support.hpp\n'}
[677.470322] (ublox_msgs) StdoutLine: {'line': b'-- Installing: /home/amigo-pi/amigo_ros2_pi/install/ublox_msgs/include/ublox_msgs/ublox_msgs/msg/detail/upd_sos__type_support.hpp\n'}
[677.471618] (ublox_msgs) StdoutLine: {'line': b'-- Installing: /home/amigo-pi/amigo_ros2_pi/install/ublox_msgs/include/ublox_msgs/ublox_msgs/msg/detail/nav_timeutc__builder.hpp\n'}
[677.472996] (ublox_msgs) StdoutLine: {'line': b'-- Installing: /home/amigo-pi/amigo_ros2_pi/install/ublox_msgs/include/ublox_msgs/ublox_msgs/msg/detail/nav_posecef__builder.hpp\n'}
[677.474439] (ublox_msgs) StdoutLine: {'line': b'-- Installing: /home/amigo-pi/amigo_ros2_pi/install/ublox_msgs/include/ublox_msgs/ublox_msgs/msg/detail/esf_raw_block__builder.hpp\n'}
[677.475654] (ublox_msgs) StdoutLine: {'line': b'-- Installing: /home/amigo-pi/amigo_ros2_pi/install/ublox_msgs/include/ublox_msgs/ublox_msgs/msg/detail/nav_sbassv__traits.hpp\n'}
[677.476803] (ublox_msgs) StdoutLine: {'line': b'-- Installing: /home/amigo-pi/amigo_ros2_pi/install/ublox_msgs/include/ublox_msgs/ublox_msgs/msg/detail/nav_posecef__struct.hpp\n'}
[677.477936] (ublox_msgs) StdoutLine: {'line': b'-- Installing: /home/amigo-pi/amigo_ros2_pi/install/ublox_msgs/include/ublox_msgs/ublox_msgs/msg/detail/cfg_gnss_block__builder.hpp\n'}
[677.479024] (ublox_msgs) StdoutLine: {'line': b'-- Installing: /home/amigo-pi/amigo_ros2_pi/install/ublox_msgs/include/ublox_msgs/ublox_msgs/msg/detail/mon_ver__traits.hpp\n'}
[677.480074] (ublox_msgs) StdoutLine: {'line': b'-- Installing: /home/amigo-pi/amigo_ros2_pi/install/ublox_msgs/include/ublox_msgs/ublox_msgs/msg/detail/upd_sos__builder.hpp\n'}
[677.481124] (ublox_msgs) StdoutLine: {'line': b'-- Installing: /home/amigo-pi/amigo_ros2_pi/install/ublox_msgs/include/ublox_msgs/ublox_msgs/msg/detail/esf_ins__type_support.hpp\n'}
[677.482285] (ublox_msgs) StdoutLine: {'line': b'-- Installing: /home/amigo-pi/amigo_ros2_pi/install/ublox_msgs/include/ublox_msgs/ublox_msgs/msg/detail/cfg_nav5__builder.hpp\n'}
[677.483567] (ublox_msgs) StdoutLine: {'line': b'-- Installing: /home/amigo-pi/amigo_ros2_pi/install/ublox_msgs/include/ublox_msgs/ublox_msgs/msg/detail/rxm_rtcm__type_support.hpp\n'}
[677.484774] (ublox_msgs) StdoutLine: {'line': b'-- Installing: /home/amigo-pi/amigo_ros2_pi/install/ublox_msgs/include/ublox_msgs/ublox_msgs/msg/detail/cfg_inf_block__builder.hpp\n'}
[677.486056] (ublox_msgs) StdoutLine: {'line': b'-- Installing: /home/amigo-pi/amigo_ros2_pi/install/ublox_msgs/include/ublox_msgs/ublox_msgs/msg/detail/cfg_cfg__type_support.hpp\n'}
[677.488014] (ublox_msgs) StdoutLine: {'line': b'-- Installing: /home/amigo-pi/amigo_ros2_pi/install/ublox_msgs/include/ublox_msgs/ublox_msgs/msg/detail/nav_sbassv__type_support.hpp\n'}
[677.489272] (ublox_msgs) StdoutLine: {'line': b'-- Installing: /home/amigo-pi/amigo_ros2_pi/install/ublox_msgs/include/ublox_msgs/ublox_msgs/msg/detail/cfg_sbas__type_support.hpp\n'}
[677.491072] (ublox_msgs) StdoutLine: {'line': b'-- Installing: /home/amigo-pi/amigo_ros2_pi/install/ublox_msgs/include/ublox_msgs/ublox_msgs/msg/detail/nav_svinfo__type_support.hpp\n'}
[677.492260] (ublox_msgs) StdoutLine: {'line': b'-- Installing: /home/amigo-pi/amigo_ros2_pi/install/ublox_msgs/include/ublox_msgs/ublox_msgs/msg/detail/rxm_svsisv__struct.hpp\n'}
[677.493364] (ublox_msgs) StdoutLine: {'line': b'-- Installing: /home/amigo-pi/amigo_ros2_pi/install/ublox_msgs/include/ublox_msgs/ublox_msgs/msg/detail/nav_att__struct.hpp\n'}
[677.494480] (ublox_msgs) StdoutLine: {'line': b'-- Installing: /home/amigo-pi/amigo_ros2_pi/install/ublox_msgs/include/ublox_msgs/ublox_msgs/msg/detail/rxm_rawx__type_support.hpp\n'}
[677.495554] (ublox_msgs) StdoutLine: {'line': b'-- Installing: /home/amigo-pi/amigo_ros2_pi/install/ublox_msgs/include/ublox_msgs/ublox_msgs/msg/detail/mon_ver_extension__struct.hpp\n'}
[677.496641] (ublox_msgs) StdoutLine: {'line': b'-- Installing: /home/amigo-pi/amigo_ros2_pi/install/ublox_msgs/include/ublox_msgs/ublox_msgs/msg/detail/inf__builder.hpp\n'}
[677.497664] (ublox_msgs) StdoutLine: {'line': b'-- Installing: /home/amigo-pi/amigo_ros2_pi/install/ublox_msgs/include/ublox_msgs/ublox_msgs/msg/detail/nav_relposned__struct.hpp\n'}
[677.499057] (ublox_msgs) StdoutLine: {'line': b'-- Installing: /home/amigo-pi/amigo_ros2_pi/install/ublox_msgs/include/ublox_msgs/ublox_msgs/msg/detail/hnr_pvt__traits.hpp\n'}
[677.500229] (ublox_msgs) StdoutLine: {'line': b'-- Installing: /home/amigo-pi/amigo_ros2_pi/install/ublox_msgs/include/ublox_msgs/ublox_msgs/msg/detail/rxm_sfrb__traits.hpp\n'}
[677.501357] (ublox_msgs) StdoutLine: {'line': b'-- Installing: /home/amigo-pi/amigo_ros2_pi/install/ublox_msgs/include/ublox_msgs/ublox_msgs/msg/detail/nav_timeutc__traits.hpp\n'}
[677.502521] (ublox_msgs) StdoutLine: {'line': b'-- Installing: /home/amigo-pi/amigo_ros2_pi/install/ublox_msgs/include/ublox_msgs/ublox_msgs/msg/detail/nav_clock__type_support.hpp\n'}
[677.503604] (ublox_msgs) StdoutLine: {'line': b'-- Installing: /home/amigo-pi/amigo_ros2_pi/install/ublox_msgs/include/ublox_msgs/ublox_msgs/msg/detail/nav_pvt7__struct.hpp\n'}
[677.504826] (ublox_msgs) StdoutLine: {'line': b'-- Installing: /home/amigo-pi/amigo_ros2_pi/install/ublox_msgs/include/ublox_msgs/ublox_msgs/msg/detail/cfg_navx5__struct.hpp\n'}
[677.506029] (ublox_msgs) StdoutLine: {'line': b'-- Installing: /home/amigo-pi/amigo_ros2_pi/install/ublox_msgs/include/ublox_msgs/ublox_msgs/msg/detail/nav_velecef__builder.hpp\n'}
[677.507250] (ublox_msgs) StdoutLine: {'line': b'-- Installing: /home/amigo-pi/amigo_ros2_pi/install/ublox_msgs/include/ublox_msgs/ublox_msgs/msg/detail/mon_hw6__builder.hpp\n'}
[677.508303] (ublox_msgs) StdoutLine: {'line': b'-- Installing: /home/amigo-pi/amigo_ros2_pi/install/ublox_msgs/include/ublox_msgs/ublox_msgs/msg/detail/upd_sos__traits.hpp\n'}
[677.509356] (ublox_msgs) StdoutLine: {'line': b'-- Installing: /home/amigo-pi/amigo_ros2_pi/install/ublox_msgs/include/ublox_msgs/ublox_msgs/msg/detail/nav_svinfosv__builder.hpp\n'}
[677.510493] (ublox_msgs) StdoutLine: {'line': b'-- Installing: /home/amigo-pi/amigo_ros2_pi/install/ublox_msgs/include/ublox_msgs/ublox_msgs/msg/detail/nav_svinfo__struct.hpp\n'}
[677.511804] (ublox_msgs) StdoutLine: {'line': b'-- Installing: /home/amigo-pi/amigo_ros2_pi/install/ublox_msgs/include/ublox_msgs/ublox_msgs/msg/detail/nav_sat__builder.hpp\n'}
[677.512896] (ublox_msgs) StdoutLine: {'line': b'-- Installing: /home/amigo-pi/amigo_ros2_pi/install/ublox_msgs/include/ublox_msgs/ublox_msgs/msg/detail/cfg_prt__type_support.hpp\n'}
[677.514002] (ublox_msgs) StdoutLine: {'line': b'-- Installing: /home/amigo-pi/amigo_ros2_pi/install/ublox_msgs/include/ublox_msgs/ublox_msgs/msg/detail/cfg_usb__builder.hpp\n'}
[677.515052] (ublox_msgs) StdoutLine: {'line': b'-- Installing: /home/amigo-pi/amigo_ros2_pi/install/ublox_msgs/include/ublox_msgs/ublox_msgs/msg/detail/nav_att__builder.hpp\n'}
[677.516157] (ublox_msgs) StdoutLine: {'line': b'-- Installing: /home/amigo-pi/amigo_ros2_pi/install/ublox_msgs/include/ublox_msgs/ublox_msgs/msg/detail/rxm_rtcm__struct.hpp\n'}
[677.517236] (ublox_msgs) StdoutLine: {'line': b'-- Installing: /home/amigo-pi/amigo_ros2_pi/install/ublox_msgs/include/ublox_msgs/ublox_msgs/msg/detail/esf_status_sens__struct.hpp\n'}
[677.518490] (ublox_msgs) StdoutLine: {'line': b'-- Installing: /home/amigo-pi/amigo_ros2_pi/install/ublox_msgs/include/ublox_msgs/ublox_msgs/msg/detail/nav_sbas__traits.hpp\n'}
[677.519605] (ublox_msgs) StdoutLine: {'line': b'-- Installing: /home/amigo-pi/amigo_ros2_pi/install/ublox_msgs/include/ublox_msgs/ublox_msgs/msg/detail/cfg_hnr__type_support.hpp\n'}
[677.520693] (ublox_msgs) StdoutLine: {'line': b'-- Installing: /home/amigo-pi/amigo_ros2_pi/install/ublox_msgs/include/ublox_msgs/ublox_msgs/msg/detail/ack__builder.hpp\n'}
[677.521686] (ublox_msgs) StdoutLine: {'line': b'-- Installing: /home/amigo-pi/amigo_ros2_pi/install/ublox_msgs/include/ublox_msgs/ublox_msgs/msg/detail/nav_dgpssv__type_support.hpp\n'}
[677.522799] (ublox_msgs) StdoutLine: {'line': b'-- Installing: /home/amigo-pi/amigo_ros2_pi/install/ublox_msgs/include/ublox_msgs/ublox_msgs/msg/detail/aid_hui__traits.hpp\n'}
[677.523885] (ublox_msgs) StdoutLine: {'line': b'-- Installing: /home/amigo-pi/amigo_ros2_pi/install/ublox_msgs/include/ublox_msgs/ublox_msgs/msg/detail/cfg_tmode3__struct.hpp\n'}
[677.524979] (ublox_msgs) StdoutLine: {'line': b'-- Installing: /home/amigo-pi/amigo_ros2_pi/install/ublox_msgs/include/ublox_msgs/ublox_msgs/msg/detail/mon_hw__traits.hpp\n'}
[677.526160] (ublox_msgs) StdoutLine: {'line': b'-- Installing: /home/amigo-pi/amigo_ros2_pi/install/ublox_msgs/include/ublox_msgs/ublox_msgs/msg/detail/aid_eph__traits.hpp\n'}
[677.527242] (ublox_msgs) StdoutLine: {'line': b'-- Installing: /home/amigo-pi/amigo_ros2_pi/install/ublox_msgs/include/ublox_msgs/ublox_msgs/msg/detail/cfg_gnss_block__traits.hpp\n'}
[677.528320] (ublox_msgs) StdoutLine: {'line': b'-- Installing: /home/amigo-pi/amigo_ros2_pi/install/ublox_msgs/include/ublox_msgs/ublox_msgs/msg/detail/rxm_sfrb__type_support.hpp\n'}
[677.529373] (ublox_msgs) StdoutLine: {'line': b'-- Installing: /home/amigo-pi/amigo_ros2_pi/install/ublox_msgs/include/ublox_msgs/ublox_msgs/msg/detail/cfg_nmea6__type_support.hpp\n'}
[677.530487] (ublox_msgs) StdoutLine: {'line': b'-- Installing: /home/amigo-pi/amigo_ros2_pi/install/ublox_msgs/include/ublox_msgs/ublox_msgs/msg/detail/upd_sos_ack__type_support.hpp\n'}
[677.531485] (ublox_msgs) StdoutLine: {'line': b'-- Installing: /home/amigo-pi/amigo_ros2_pi/install/ublox_msgs/include/ublox_msgs/ublox_msgs/msg/detail/nav_dgpssv__builder.hpp\n'}
[677.532552] (ublox_msgs) StdoutLine: {'line': b'-- Installing: /home/amigo-pi/amigo_ros2_pi/install/ublox_msgs/include/ublox_msgs/ublox_msgs/msg/detail/nav_relposned9__type_support.hpp\n'}
[677.533612] (ublox_msgs) StdoutLine: {'line': b'-- Installing: /home/amigo-pi/amigo_ros2_pi/install/ublox_msgs/include/ublox_msgs/ublox_msgs/msg/detail/nav_pvt7__type_support.hpp\n'}
[677.534687] (ublox_msgs) StdoutLine: {'line': b'-- Installing: /home/amigo-pi/amigo_ros2_pi/install/ublox_msgs/include/ublox_msgs/ublox_msgs/msg/detail/tim_tm2__type_support.hpp\n'}
[677.535734] (ublox_msgs) StdoutLine: {'line': b'-- Installing: /home/amigo-pi/amigo_ros2_pi/install/ublox_msgs/include/ublox_msgs/ublox_msgs/msg/detail/nav_dgps__traits.hpp\n'}
[677.536831] (ublox_msgs) StdoutLine: {'line': b'-- Installing: /home/amigo-pi/amigo_ros2_pi/install/ublox_msgs/include/ublox_msgs/ublox_msgs/msg/detail/rxm_rawsv__type_support.hpp\n'}
[677.537900] (ublox_msgs) StdoutLine: {'line': b'-- Installing: /home/amigo-pi/amigo_ros2_pi/install/ublox_msgs/include/ublox_msgs/ublox_msgs/msg/detail/cfg_dgnss__type_support.hpp\n'}
[677.539125] (ublox_msgs) StdoutLine: {'line': b'-- Installing: /home/amigo-pi/amigo_ros2_pi/install/ublox_msgs/include/ublox_msgs/ublox_msgs/msg/detail/cfg_navx5__type_support.hpp\n'}
[677.540152] (ublox_msgs) StdoutLine: {'line': b'-- Installing: /home/amigo-pi/amigo_ros2_pi/install/ublox_msgs/include/ublox_msgs/ublox_msgs/msg/detail/nav_satsv__struct.hpp\n'}
[677.541365] (ublox_msgs) StdoutLine: {'line': b'-- Installing: /home/amigo-pi/amigo_ros2_pi/install/ublox_msgs/include/ublox_msgs/ublox_msgs/msg/detail/cfg_ant__traits.hpp\n'}
[677.542446] (ublox_msgs) StdoutLine: {'line': b'-- Installing: /home/amigo-pi/amigo_ros2_pi/install/ublox_msgs/include/ublox_msgs/ublox_msgs/msg/detail/nav_satsv__traits.hpp\n'}
[677.543514] (ublox_msgs) StdoutLine: {'line': b'-- Installing: /home/amigo-pi/amigo_ros2_pi/install/ublox_msgs/include/ublox_msgs/ublox_msgs/msg/detail/mga_gal__builder.hpp\n'}
[677.544622] (ublox_msgs) StdoutLine: {'line': b'-- Installing: /home/amigo-pi/amigo_ros2_pi/install/ublox_msgs/include/ublox_msgs/ublox_msgs/msg/detail/rxm_rawx_meas__struct.hpp\n'}
[677.545800] (ublox_msgs) StdoutLine: {'line': b'-- Installing: /home/amigo-pi/amigo_ros2_pi/install/ublox_msgs/include/ublox_msgs/ublox_msgs/msg/detail/rxm_rawx_meas__builder.hpp\n'}
[677.547009] (ublox_msgs) StdoutLine: {'line': b'-- Installing: /home/amigo-pi/amigo_ros2_pi/install/ublox_msgs/include/ublox_msgs/ublox_msgs/msg/detail/rxm_svsi__builder.hpp\n'}
[677.548183] (ublox_msgs) StdoutLine: {'line': b'-- Installing: /home/amigo-pi/amigo_ros2_pi/install/ublox_msgs/include/ublox_msgs/ublox_msgs/msg/detail/nav_velecef__traits.hpp\n'}
[677.549271] (ublox_msgs) StdoutLine: {'line': b'-- Installing: /home/amigo-pi/amigo_ros2_pi/install/ublox_msgs/include/ublox_msgs/ublox_msgs/msg/detail/mon_hw6__type_support.hpp\n'}
[677.550536] (ublox_msgs) StdoutLine: {'line': b'-- Installing: /home/amigo-pi/amigo_ros2_pi/install/ublox_msgs/include/ublox_msgs/ublox_msgs/msg/detail/cfg_dat__struct.hpp\n'}
[677.551647] (ublox_msgs) StdoutLine: {'line': b'-- Installing: /home/amigo-pi/amigo_ros2_pi/install/ublox_msgs/include/ublox_msgs/ublox_msgs/msg/detail/nav_svin__type_support.hpp\n'}
[677.552697] (ublox_msgs) StdoutLine: {'line': b'-- Installing: /home/amigo-pi/amigo_ros2_pi/install/ublox_msgs/include/ublox_msgs/ublox_msgs/msg/detail/ack__struct.hpp\n'}
[677.553760] (ublox_msgs) StdoutLine: {'line': b'-- Installing: /home/amigo-pi/amigo_ros2_pi/install/ublox_msgs/include/ublox_msgs/ublox_msgs/msg/detail/nav_velned__type_support.hpp\n'}
[677.554873] (ublox_msgs) StdoutLine: {'line': b'-- Installing: /home/amigo-pi/amigo_ros2_pi/install/ublox_msgs/include/ublox_msgs/ublox_msgs/msg/detail/cfg_rst__traits.hpp\n'}
[677.555943] (ublox_msgs) StdoutLine: {'line': b'-- Installing: /home/amigo-pi/amigo_ros2_pi/install/ublox_msgs/include/ublox_msgs/ublox_msgs/msg/detail/cfg_dgnss__traits.hpp\n'}
[677.556282] (-) TimerEvent: {}
[677.557002] (ublox_msgs) StdoutLine: {'line': b'-- Installing: /home/amigo-pi/amigo_ros2_pi/install/ublox_msgs/include/ublox_msgs/ublox_msgs/msg/detail/nav_status__type_support.hpp\n'}
[677.558125] (ublox_msgs) StdoutLine: {'line': b'-- Installing: /home/amigo-pi/amigo_ros2_pi/install/ublox_msgs/include/ublox_msgs/ublox_msgs/msg/detail/esf_ins__builder.hpp\n'}
[677.559160] (ublox_msgs) StdoutLine: {'line': b'-- Installing: /home/amigo-pi/amigo_ros2_pi/install/ublox_msgs/include/ublox_msgs/ublox_msgs/msg/detail/esf_meas__traits.hpp\n'}
[677.560237] (ublox_msgs) StdoutLine: {'line': b'-- Installing: /home/amigo-pi/amigo_ros2_pi/install/ublox_msgs/include/ublox_msgs/ublox_msgs/msg/detail/hnr_pvt__struct.hpp\n'}
[677.561353] (ublox_msgs) StdoutLine: {'line': b'-- Installing: /home/amigo-pi/amigo_ros2_pi/install/ublox_msgs/include/ublox_msgs/ublox_msgs/msg/detail/aid_eph__builder.hpp\n'}
[677.562454] (ublox_msgs) StdoutLine: {'line': b'-- Installing: /home/amigo-pi/amigo_ros2_pi/install/ublox_msgs/include/ublox_msgs/ublox_msgs/msg/detail/nav_timegps__builder.hpp\n'}
[677.563513] (ublox_msgs) StdoutLine: {'line': b'-- Installing: /home/amigo-pi/amigo_ros2_pi/install/ublox_msgs/include/ublox_msgs/ublox_msgs/msg/detail/cfg_inf_block__struct.hpp\n'}
[677.564638] (ublox_msgs) StdoutLine: {'line': b'-- Installing: /home/amigo-pi/amigo_ros2_pi/install/ublox_msgs/include/ublox_msgs/ublox_msgs/msg/detail/mga_gal__struct.hpp\n'}
[677.565796] (ublox_msgs) StdoutLine: {'line': b'-- Installing: /home/amigo-pi/amigo_ros2_pi/install/ublox_msgs/include/ublox_msgs/ublox_msgs/msg/detail/cfg_sbas__struct.hpp\n'}
[677.566993] (ublox_msgs) StdoutLine: {'line': b'-- Installing: /home/amigo-pi/amigo_ros2_pi/install/ublox_msgs/include/ublox_msgs/ublox_msgs/msg/detail/nav_status__struct.hpp\n'}
[677.568278] (ublox_msgs) StdoutLine: {'line': b'-- Installing: /home/amigo-pi/amigo_ros2_pi/install/ublox_msgs/include/ublox_msgs/ublox_msgs/msg/detail/nav_pvt7__traits.hpp\n'}
[677.569396] (ublox_msgs) StdoutLine: {'line': b'-- Installing: /home/amigo-pi/amigo_ros2_pi/install/ublox_msgs/include/ublox_msgs/ublox_msgs/msg/detail/nav_svinfo__builder.hpp\n'}
[677.570956] (ublox_msgs) StdoutLine: {'line': b'-- Installing: /home/amigo-pi/amigo_ros2_pi/install/ublox_msgs/include/ublox_msgs/ublox_msgs/msg/detail/esf_ins__traits.hpp\n'}
[677.572052] (ublox_msgs) StdoutLine: {'line': b'-- Installing: /home/amigo-pi/amigo_ros2_pi/install/ublox_msgs/include/ublox_msgs/ublox_msgs/msg/detail/nav_svinfosv__traits.hpp\n'}
[677.573142] (ublox_msgs) StdoutLine: {'line': b'-- Installing: /home/amigo-pi/amigo_ros2_pi/install/ublox_msgs/include/ublox_msgs/ublox_msgs/msg/detail/cfg_tmode3__traits.hpp\n'}
[677.574260] (ublox_msgs) StdoutLine: {'line': b'-- Installing: /home/amigo-pi/amigo_ros2_pi/install/ublox_msgs/include/ublox_msgs/ublox_msgs/msg/detail/mon_hw6__struct.hpp\n'}
[677.575461] (ublox_msgs) StdoutLine: {'line': b'-- Installing: /home/amigo-pi/amigo_ros2_pi/install/ublox_msgs/include/ublox_msgs/ublox_msgs/msg/detail/cfg_nmea6__builder.hpp\n'}
[677.576518] (ublox_msgs) StdoutLine: {'line': b'-- Installing: /home/amigo-pi/amigo_ros2_pi/install/ublox_msgs/include/ublox_msgs/ublox_msgs/msg/detail/mon_ver_extension__type_support.hpp\n'}
[677.577600] (ublox_msgs) StdoutLine: {'line': b'-- Installing: /home/amigo-pi/amigo_ros2_pi/install/ublox_msgs/include/ublox_msgs/ublox_msgs/msg/detail/nav_sbas__type_support.hpp\n'}
[677.578713] (ublox_msgs) StdoutLine: {'line': b'-- Installing: /home/amigo-pi/amigo_ros2_pi/install/ublox_msgs/include/ublox_msgs/ublox_msgs/msg/detail/rxm_alm__traits.hpp\n'}
[677.579763] (ublox_msgs) StdoutLine: {'line': b'-- Installing: /home/amigo-pi/amigo_ros2_pi/install/ublox_msgs/include/ublox_msgs/ublox_msgs/msg/detail/cfg_nmea__builder.hpp\n'}
[677.580828] (ublox_msgs) StdoutLine: {'line': b'-- Installing: /home/amigo-pi/amigo_ros2_pi/install/ublox_msgs/include/ublox_msgs/ublox_msgs/msg/detail/tim_tm2__struct.hpp\n'}
[677.581957] (ublox_msgs) StdoutLine: {'line': b'-- Installing: /home/amigo-pi/amigo_ros2_pi/install/ublox_msgs/include/ublox_msgs/ublox_msgs/msg/detail/mga_gal__traits.hpp\n'}
[677.583230] (ublox_msgs) StdoutLine: {'line': b'-- Installing: /home/amigo-pi/amigo_ros2_pi/install/ublox_msgs/include/ublox_msgs/ublox_msgs/msg/detail/rxm_alm__type_support.hpp\n'}
[677.584477] (ublox_msgs) StdoutLine: {'line': b'-- Installing: /home/amigo-pi/amigo_ros2_pi/install/ublox_msgs/include/ublox_msgs/ublox_msgs/msg/detail/cfg_nav5__traits.hpp\n'}
[677.585790] (ublox_msgs) StdoutLine: {'line': b'-- Installing: /home/amigo-pi/amigo_ros2_pi/install/ublox_msgs/include/ublox_msgs/ublox_msgs/msg/detail/nav_clock__builder.hpp\n'}
[677.587723] (ublox_msgs) StdoutLine: {'line': b'-- Installing: /home/amigo-pi/amigo_ros2_pi/install/ublox_msgs/include/ublox_msgs/ublox_msgs/msg/detail/nav_dgpssv__traits.hpp\n'}
[677.588887] (ublox_msgs) StdoutLine: {'line': b'-- Installing: /home/amigo-pi/amigo_ros2_pi/install/ublox_msgs/include/ublox_msgs/ublox_msgs/msg/detail/rxm_eph__traits.hpp\n'}
[677.590850] (ublox_msgs) StdoutLine: {'line': b'-- Installing: /home/amigo-pi/amigo_ros2_pi/install/ublox_msgs/include/ublox_msgs/ublox_msgs/msg/detail/cfg_gnss_block__struct.hpp\n'}
[677.592040] (ublox_msgs) StdoutLine: {'line': b'-- Installing: /home/amigo-pi/amigo_ros2_pi/install/ublox_msgs/include/ublox_msgs/ublox_msgs/msg/detail/nav_velecef__struct.hpp\n'}
[677.593177] (ublox_msgs) StdoutLine: {'line': b'-- Installing: /home/amigo-pi/amigo_ros2_pi/install/ublox_msgs/include/ublox_msgs/ublox_msgs/msg/detail/nav_sol__builder.hpp\n'}
[677.594499] (ublox_msgs) StdoutLine: {'line': b'-- Installing: /home/amigo-pi/amigo_ros2_pi/install/ublox_msgs/include/ublox_msgs/ublox_msgs/msg/detail/nav_sol__traits.hpp\n'}
[677.595613] (ublox_msgs) StdoutLine: {'line': b'-- Installing: /home/amigo-pi/amigo_ros2_pi/install/ublox_msgs/include/ublox_msgs/ublox_msgs/msg/detail/cfg_dat__traits.hpp\n'}
[677.596707] (ublox_msgs) StdoutLine: {'line': b'-- Installing: /home/amigo-pi/amigo_ros2_pi/install/ublox_msgs/include/ublox_msgs/ublox_msgs/msg/detail/cfg_nmea7__builder.hpp\n'}
[677.597736] (ublox_msgs) StdoutLine: {'line': b'-- Installing: /home/amigo-pi/amigo_ros2_pi/install/ublox_msgs/include/ublox_msgs/ublox_msgs/msg/detail/cfg_inf_block__traits.hpp\n'}
[677.598875] (ublox_msgs) StdoutLine: {'line': b'-- Installing: /home/amigo-pi/amigo_ros2_pi/install/ublox_msgs/include/ublox_msgs/ublox_msgs/msg/detail/cfg_navx5__traits.hpp\n'}
[677.600121] (ublox_msgs) StdoutLine: {'line': b'-- Installing: /home/amigo-pi/amigo_ros2_pi/install/ublox_msgs/include/ublox_msgs/ublox_msgs/msg/detail/aid_hui__struct.hpp\n'}
[677.601270] (ublox_msgs) StdoutLine: {'line': b'-- Installing: /home/amigo-pi/amigo_ros2_pi/install/ublox_msgs/include/ublox_msgs/ublox_msgs/msg/detail/cfg_gnss__struct.hpp\n'}
[677.602380] (ublox_msgs) StdoutLine: {'line': b'-- Installing: /home/amigo-pi/amigo_ros2_pi/install/ublox_msgs/include/ublox_msgs/ublox_msgs/msg/detail/nav_velned__struct.hpp\n'}
[677.603501] (ublox_msgs) StdoutLine: {'line': b'-- Installing: /home/amigo-pi/amigo_ros2_pi/install/ublox_msgs/include/ublox_msgs/ublox_msgs/msg/detail/nav_dop__type_support.hpp\n'}
[677.604575] (ublox_msgs) StdoutLine: {'line': b'-- Installing: /home/amigo-pi/amigo_ros2_pi/install/ublox_msgs/include/ublox_msgs/ublox_msgs/msg/detail/nav_clock__traits.hpp\n'}
[677.605678] (ublox_msgs) StdoutLine: {'line': b'-- Installing: /home/amigo-pi/amigo_ros2_pi/install/ublox_msgs/include/ublox_msgs/ublox_msgs/msg/detail/inf__type_support.hpp\n'}
[677.606800] (ublox_msgs) StdoutLine: {'line': b'-- Installing: /home/amigo-pi/amigo_ros2_pi/install/ublox_msgs/include/ublox_msgs/ublox_msgs/msg/detail/nav_sbassv__builder.hpp\n'}
[677.607850] (ublox_msgs) StdoutLine: {'line': b'-- Installing: /home/amigo-pi/amigo_ros2_pi/install/ublox_msgs/include/ublox_msgs/ublox_msgs/msg/detail/nav_velned__traits.hpp\n'}
[677.608930] (ublox_msgs) StdoutLine: {'line': b'-- Installing: /home/amigo-pi/amigo_ros2_pi/install/ublox_msgs/include/ublox_msgs/ublox_msgs/msg/detail/cfg_sbas__builder.hpp\n'}
[677.610035] (ublox_msgs) StdoutLine: {'line': b'-- Installing: /home/amigo-pi/amigo_ros2_pi/install/ublox_msgs/include/ublox_msgs/ublox_msgs/msg/detail/cfg_tmode3__type_support.hpp\n'}
[677.611322] (ublox_msgs) StdoutLine: {'line': b'-- Installing: /home/amigo-pi/amigo_ros2_pi/install/ublox_msgs/include/ublox_msgs/ublox_msgs/msg/detail/cfg_hnr__traits.hpp\n'}
[677.612356] (ublox_msgs) StdoutLine: {'line': b'-- Installing: /home/amigo-pi/amigo_ros2_pi/install/ublox_msgs/include/ublox_msgs/ublox_msgs/msg/detail/nav_relposned9__traits.hpp\n'}
[677.613550] (ublox_msgs) StdoutLine: {'line': b'-- Installing: /home/amigo-pi/amigo_ros2_pi/install/ublox_msgs/include/ublox_msgs/ublox_msgs/msg/detail/rxm_sfrbx__type_support.hpp\n'}
[677.614658] (ublox_msgs) StdoutLine: {'line': b'-- Installing: /home/amigo-pi/amigo_ros2_pi/install/ublox_msgs/include/ublox_msgs/ublox_msgs/msg/detail/nav_posecef__traits.hpp\n'}
[677.615741] (ublox_msgs) StdoutLine: {'line': b'-- Installing: /home/amigo-pi/amigo_ros2_pi/install/ublox_msgs/include/ublox_msgs/ublox_msgs/msg/detail/mon_gnss__traits.hpp\n'}
[677.616789] (ublox_msgs) StdoutLine: {'line': b'-- Installing: /home/amigo-pi/amigo_ros2_pi/install/ublox_msgs/include/ublox_msgs/ublox_msgs/msg/detail/cfg_inf__traits.hpp\n'}
[677.617832] (ublox_msgs) StdoutLine: {'line': b'-- Installing: /home/amigo-pi/amigo_ros2_pi/install/ublox_msgs/include/ublox_msgs/ublox_msgs/msg/detail/nav_pvt__type_support.hpp\n'}
[677.619122] (ublox_msgs) StdoutLine: {'line': b'-- Installing: /home/amigo-pi/amigo_ros2_pi/install/ublox_msgs/include/ublox_msgs/ublox_msgs/msg/detail/cfg_cfg__traits.hpp\n'}
[677.620128] (ublox_msgs) StdoutLine: {'line': b'-- Installing: /home/amigo-pi/amigo_ros2_pi/install/ublox_msgs/include/ublox_msgs/ublox_msgs/msg/detail/esf_status__type_support.hpp\n'}
[677.621163] (ublox_msgs) StdoutLine: {'line': b'-- Installing: /home/amigo-pi/amigo_ros2_pi/install/ublox_msgs/include/ublox_msgs/ublox_msgs/msg/detail/cfg_cfg__builder.hpp\n'}
[677.622208] (ublox_msgs) StdoutLine: {'line': b'-- Installing: /home/amigo-pi/amigo_ros2_pi/install/ublox_msgs/include/ublox_msgs/ublox_msgs/msg/detail/mon_ver__type_support.hpp\n'}
[677.623291] (ublox_msgs) StdoutLine: {'line': b'-- Installing: /home/amigo-pi/amigo_ros2_pi/install/ublox_msgs/include/ublox_msgs/ublox_msgs/msg/detail/nav_dop__traits.hpp\n'}
[677.624395] (ublox_msgs) StdoutLine: {'line': b'-- Installing: /home/amigo-pi/amigo_ros2_pi/install/ublox_msgs/include/ublox_msgs/ublox_msgs/msg/detail/aid_hui__type_support.hpp\n'}
[677.625425] (ublox_msgs) StdoutLine: {'line': b'-- Installing: /home/amigo-pi/amigo_ros2_pi/install/ublox_msgs/include/ublox_msgs/ublox_msgs/msg/detail/rxm_svsi__type_support.hpp\n'}
[677.626553] (ublox_msgs) StdoutLine: {'line': b'-- Installing: /home/amigo-pi/amigo_ros2_pi/install/ublox_msgs/include/ublox_msgs/ublox_msgs/msg/detail/mon_hw__builder.hpp\n'}
[677.627667] (ublox_msgs) StdoutLine: {'line': b'-- Installing: /home/amigo-pi/amigo_ros2_pi/install/ublox_msgs/include/ublox_msgs/ublox_msgs/msg/detail/esf_raw_block__struct.hpp\n'}
[677.628757] (ublox_msgs) StdoutLine: {'line': b'-- Installing: /home/amigo-pi/amigo_ros2_pi/install/ublox_msgs/include/ublox_msgs/ublox_msgs/msg/detail/rxm_raw__traits.hpp\n'}
[677.629877] (ublox_msgs) StdoutLine: {'line': b'-- Installing: /home/amigo-pi/amigo_ros2_pi/install/ublox_msgs/include/ublox_msgs/ublox_msgs/msg/detail/cfg_dat__builder.hpp\n'}
[677.630964] (ublox_msgs) StdoutLine: {'line': b'-- Installing: /home/amigo-pi/amigo_ros2_pi/install/ublox_msgs/include/ublox_msgs/ublox_msgs/msg/detail/aid_hui__builder.hpp\n'}
[677.632029] (ublox_msgs) StdoutLine: {'line': b'-- Installing: /home/amigo-pi/amigo_ros2_pi/install/ublox_msgs/include/ublox_msgs/ublox_msgs/msg/detail/cfg_rst__struct.hpp\n'}
[677.633118] (ublox_msgs) StdoutLine: {'line': b'-- Installing: /home/amigo-pi/amigo_ros2_pi/install/ublox_msgs/include/ublox_msgs/ublox_msgs/msg/detail/nav_satsv__type_support.hpp\n'}
[677.634272] (ublox_msgs) StdoutLine: {'line': b'-- Installing: /home/amigo-pi/amigo_ros2_pi/install/ublox_msgs/include/ublox_msgs/ublox_msgs/msg/detail/rxm_sfrbx__traits.hpp\n'}
[677.635342] (ublox_msgs) StdoutLine: {'line': b'-- Installing: /home/amigo-pi/amigo_ros2_pi/install/ublox_msgs/include/ublox_msgs/ublox_msgs/msg/detail/cfg_nmea7__traits.hpp\n'}
[677.636433] (ublox_msgs) StdoutLine: {'line': b'-- Installing: /home/amigo-pi/amigo_ros2_pi/install/ublox_msgs/include/ublox_msgs/ublox_msgs/msg/detail/rxm_svsi__struct.hpp\n'}
[677.637468] (ublox_msgs) StdoutLine: {'line': b'-- Installing: /home/amigo-pi/amigo_ros2_pi/install/ublox_msgs/include/ublox_msgs/ublox_msgs/msg/detail/hnr_pvt__builder.hpp\n'}
[677.638748] (ublox_msgs) StdoutLine: {'line': b'-- Installing: /home/amigo-pi/amigo_ros2_pi/install/ublox_msgs/include/ublox_msgs/ublox_msgs/msg/detail/mon_hw__type_support.hpp\n'}
[677.639809] (ublox_msgs) StdoutLine: {'line': b'-- Installing: /home/amigo-pi/amigo_ros2_pi/install/ublox_msgs/include/ublox_msgs/ublox_msgs/msg/detail/nav_sol__type_support.hpp\n'}
[677.640852] (ublox_msgs) StdoutLine: {'line': b'-- Installing: /home/amigo-pi/amigo_ros2_pi/install/ublox_msgs/include/ublox_msgs/ublox_msgs/msg/detail/aid_eph__type_support.hpp\n'}
[677.641915] (ublox_msgs) StdoutLine: {'line': b'-- Installing: /home/amigo-pi/amigo_ros2_pi/install/ublox_msgs/include/ublox_msgs/ublox_msgs/msg/detail/mon_gnss__struct.hpp\n'}
[677.643331] (ublox_msgs) StdoutLine: {'line': b'-- Installing: /home/amigo-pi/amigo_ros2_pi/install/ublox_msgs/include/ublox_msgs/ublox_msgs/msg/detail/tim_tm2__traits.hpp\n'}
[677.644368] (ublox_msgs) StdoutLine: {'line': b'-- Installing: /home/amigo-pi/amigo_ros2_pi/install/ublox_msgs/include/ublox_msgs/ublox_msgs/msg/detail/nav_dop__builder.hpp\n'}
[677.645393] (ublox_msgs) StdoutLine: {'line': b'-- Installing: /home/amigo-pi/amigo_ros2_pi/install/ublox_msgs/include/ublox_msgs/ublox_msgs/msg/detail/nav_sat__type_support.hpp\n'}
[677.646481] (ublox_msgs) StdoutLine: {'line': b'-- Installing: /home/amigo-pi/amigo_ros2_pi/install/ublox_msgs/include/ublox_msgs/ublox_msgs/msg/detail/mon_ver_extension__builder.hpp\n'}
[677.647558] (ublox_msgs) StdoutLine: {'line': b'-- Installing: /home/amigo-pi/amigo_ros2_pi/install/ublox_msgs/include/ublox_msgs/ublox_msgs/msg/detail/cfg_msg__type_support.hpp\n'}
[677.648689] (ublox_msgs) StdoutLine: {'line': b'-- Installing: /home/amigo-pi/amigo_ros2_pi/install/ublox_msgs/include/ublox_msgs/ublox_msgs/msg/detail/nav_sbassv__struct.hpp\n'}
[677.649724] (ublox_msgs) StdoutLine: {'line': b'-- Installing: /home/amigo-pi/amigo_ros2_pi/install/ublox_msgs/include/ublox_msgs/ublox_msgs/msg/detail/nav_dgpssv__struct.hpp\n'}
[677.651194] (ublox_msgs) StdoutLine: {'line': b'-- Installing: /home/amigo-pi/amigo_ros2_pi/install/ublox_msgs/include/ublox_msgs/ublox_msgs/msg/detail/nav_posllh__struct.hpp\n'}
[677.652246] (ublox_msgs) StdoutLine: {'line': b'-- Installing: /home/amigo-pi/amigo_ros2_pi/install/ublox_msgs/include/ublox_msgs/ublox_msgs/msg/detail/cfg_ant__type_support.hpp\n'}
[677.653488] (ublox_msgs) StdoutLine: {'line': b'-- Installing: /home/amigo-pi/amigo_ros2_pi/install/ublox_msgs/include/ublox_msgs/ublox_msgs/msg/detail/esf_status__builder.hpp\n'}
[677.654620] (ublox_msgs) StdoutLine: {'line': b'-- Installing: /home/amigo-pi/amigo_ros2_pi/install/ublox_msgs/include/ublox_msgs/ublox_msgs/msg/detail/nav_sat__struct.hpp\n'}
[677.655674] (ublox_msgs) StdoutLine: {'line': b'-- Installing: /home/amigo-pi/amigo_ros2_pi/install/ublox_msgs/include/ublox_msgs/ublox_msgs/msg/detail/cfg_inf__struct.hpp\n'}
[677.656400] (-) TimerEvent: {}
[677.656827] (ublox_msgs) StdoutLine: {'line': b'-- Installing: /home/amigo-pi/amigo_ros2_pi/install/ublox_msgs/include/ublox_msgs/ublox_msgs/msg/detail/mon_ver_extension__traits.hpp\n'}
[677.657989] (ublox_msgs) StdoutLine: {'line': b'-- Installing: /home/amigo-pi/amigo_ros2_pi/install/ublox_msgs/include/ublox_msgs/ublox_msgs/msg/detail/rxm_rawsv__struct.hpp\n'}
[677.659131] (ublox_msgs) StdoutLine: {'line': b'-- Installing: /home/amigo-pi/amigo_ros2_pi/install/ublox_msgs/include/ublox_msgs/ublox_msgs/msg/detail/cfg_ant__struct.hpp\n'}
[677.660163] (ublox_msgs) StdoutLine: {'line': b'-- Installing: /home/amigo-pi/amigo_ros2_pi/install/ublox_msgs/include/ublox_msgs/ublox_msgs/msg/detail/aid_alm__struct.hpp\n'}
[677.661278] (ublox_msgs) StdoutLine: {'line': b'-- Installing: /home/amigo-pi/amigo_ros2_pi/install/ublox_msgs/include/ublox_msgs/ublox_msgs/msg/detail/nav_satsv__builder.hpp\n'}
[677.662500] (ublox_msgs) StdoutLine: {'line': b'-- Installing: /home/amigo-pi/amigo_ros2_pi/install/ublox_msgs/include/ublox_msgs/ublox_msgs/msg/detail/cfg_nav5__type_support.hpp\n'}
[677.663622] (ublox_msgs) StdoutLine: {'line': b'-- Installing: /home/amigo-pi/amigo_ros2_pi/install/ublox_msgs/include/ublox_msgs/ublox_msgs/msg/detail/nav_relposned__type_support.hpp\n'}
[677.664723] (ublox_msgs) StdoutLine: {'line': b'-- Installing: /home/amigo-pi/amigo_ros2_pi/install/ublox_msgs/include/ublox_msgs/ublox_msgs/msg/detail/rxm_rawx_meas__traits.hpp\n'}
[677.665813] (ublox_msgs) StdoutLine: {'line': b'-- Installing: /home/amigo-pi/amigo_ros2_pi/install/ublox_msgs/include/ublox_msgs/ublox_msgs/msg/detail/nav_relposned9__struct.hpp\n'}
[677.667074] (ublox_msgs) StdoutLine: {'line': b'-- Installing: /home/amigo-pi/amigo_ros2_pi/install/ublox_msgs/include/ublox_msgs/ublox_msgs/msg/detail/nav_sol__struct.hpp\n'}
[677.668366] (ublox_msgs) StdoutLine: {'line': b'-- Installing: /home/amigo-pi/amigo_ros2_pi/install/ublox_msgs/include/ublox_msgs/ublox_msgs/msg/detail/rxm_eph__type_support.hpp\n'}
[677.669452] (ublox_msgs) StdoutLine: {'line': b'-- Installing: /home/amigo-pi/amigo_ros2_pi/install/ublox_msgs/include/ublox_msgs/ublox_msgs/msg/detail/rxm_rtcm__traits.hpp\n'}
[677.670622] (ublox_msgs) StdoutLine: {'line': b'-- Installing: /home/amigo-pi/amigo_ros2_pi/install/ublox_msgs/include/ublox_msgs/ublox_msgs/msg/detail/cfg_dgnss__builder.hpp\n'}
[677.671679] (ublox_msgs) StdoutLine: {'line': b'-- Installing: /home/amigo-pi/amigo_ros2_pi/install/ublox_msgs/include/ublox_msgs/ublox_msgs/msg/detail/cfg_nav5__struct.hpp\n'}
[677.672848] (ublox_msgs) StdoutLine: {'line': b'-- Installing: /home/amigo-pi/amigo_ros2_pi/install/ublox_msgs/include/ublox_msgs/ublox_msgs/msg/detail/cfg_msg__builder.hpp\n'}
[677.673901] (ublox_msgs) StdoutLine: {'line': b'-- Installing: /home/amigo-pi/amigo_ros2_pi/install/ublox_msgs/include/ublox_msgs/ublox_msgs/msg/detail/cfg_rate__traits.hpp\n'}
[677.675034] (ublox_msgs) StdoutLine: {'line': b'-- Installing: /home/amigo-pi/amigo_ros2_pi/install/ublox_msgs/include/ublox_msgs/ublox_msgs/msg/detail/nav_svin__struct.hpp\n'}
[677.676117] (ublox_msgs) StdoutLine: {'line': b'-- Installing: /home/amigo-pi/amigo_ros2_pi/install/ublox_msgs/include/ublox_msgs/ublox_msgs/msg/detail/cfg_prt__struct.hpp\n'}
[677.677473] (ublox_msgs) StdoutLine: {'line': b'-- Installing: /home/amigo-pi/amigo_ros2_pi/install/ublox_msgs/include/ublox_msgs/ublox_msgs/msg/detail/esf_raw_block__traits.hpp\n'}
[677.678561] (ublox_msgs) StdoutLine: {'line': b'-- Installing: /home/amigo-pi/amigo_ros2_pi/install/ublox_msgs/include/ublox_msgs/ublox_msgs/msg/detail/cfg_msg__struct.hpp\n'}
[677.679660] (ublox_msgs) StdoutLine: {'line': b'-- Installing: /home/amigo-pi/amigo_ros2_pi/install/ublox_msgs/include/ublox_msgs/ublox_msgs/msg/detail/tim_tm2__builder.hpp\n'}
[677.680698] (ublox_msgs) StdoutLine: {'line': b'-- Installing: /home/amigo-pi/amigo_ros2_pi/install/ublox_msgs/include/ublox_msgs/ublox_msgs/msg/detail/inf__struct.hpp\n'}
[677.681735] (ublox_msgs) StdoutLine: {'line': b'-- Installing: /home/amigo-pi/amigo_ros2_pi/install/ublox_msgs/include/ublox_msgs/ublox_msgs/msg/detail/cfg_nmea__traits.hpp\n'}
[677.683051] (ublox_msgs) StdoutLine: {'line': b'-- Installing: /home/amigo-pi/amigo_ros2_pi/install/ublox_msgs/include/ublox_msgs/ublox_msgs/msg/detail/cfg_nmea__type_support.hpp\n'}
[677.684286] (ublox_msgs) StdoutLine: {'line': b'-- Installing: /home/amigo-pi/amigo_ros2_pi/install/ublox_msgs/include/ublox_msgs/ublox_msgs/msg/detail/esf_status__struct.hpp\n'}
[677.685561] (ublox_msgs) StdoutLine: {'line': b'-- Installing: /home/amigo-pi/amigo_ros2_pi/install/ublox_msgs/include/ublox_msgs/ublox_msgs/msg/detail/rxm_svsisv__traits.hpp\n'}
[677.687349] (ublox_msgs) StdoutLine: {'line': b'-- Installing: /home/amigo-pi/amigo_ros2_pi/install/ublox_msgs/include/ublox_msgs/ublox_msgs/msg/detail/nav_clock__struct.hpp\n'}
[677.689019] (ublox_msgs) StdoutLine: {'line': b'-- Installing: /home/amigo-pi/amigo_ros2_pi/install/ublox_msgs/include/ublox_msgs/ublox_msgs/msg/detail/cfg_msg__traits.hpp\n'}
[677.690533] (ublox_msgs) StdoutLine: {'line': b'-- Installing: /home/amigo-pi/amigo_ros2_pi/install/ublox_msgs/include/ublox_msgs/ublox_msgs/msg/detail/mon_ver__struct.hpp\n'}
[677.691875] (ublox_msgs) StdoutLine: {'line': b'-- Installing: /home/amigo-pi/amigo_ros2_pi/install/ublox_msgs/include/ublox_msgs/ublox_msgs/msg/detail/nav_svinfosv__type_support.hpp\n'}
[677.692969] (ublox_msgs) StdoutLine: {'line': b'-- Installing: /home/amigo-pi/amigo_ros2_pi/install/ublox_msgs/include/ublox_msgs/ublox_msgs/msg/detail/rxm_rawx__traits.hpp\n'}
[677.694136] (ublox_msgs) StdoutLine: {'line': b'-- Installing: /home/amigo-pi/amigo_ros2_pi/install/ublox_msgs/include/ublox_msgs/ublox_msgs/msg/detail/cfg_inf__type_support.hpp\n'}
[677.695214] (ublox_msgs) StdoutLine: {'line': b'-- Installing: /home/amigo-pi/amigo_ros2_pi/install/ublox_msgs/include/ublox_msgs/ublox_msgs/msg/detail/nav_velned__builder.hpp\n'}
[677.696238] (ublox_msgs) StdoutLine: {'line': b'-- Installing: /home/amigo-pi/amigo_ros2_pi/install/ublox_msgs/include/ublox_msgs/ublox_msgs/msg/detail/nav_posllh__traits.hpp\n'}
[677.697304] (ublox_msgs) StdoutLine: {'line': b'-- Installing: /home/amigo-pi/amigo_ros2_pi/install/ublox_msgs/include/ublox_msgs/ublox_msgs/msg/detail/cfg_cfg__struct.hpp\n'}
[677.698455] (ublox_msgs) StdoutLine: {'line': b'-- Installing: /home/amigo-pi/amigo_ros2_pi/install/ublox_msgs/include/ublox_msgs/ublox_msgs/msg/detail/nav_timegps__struct.hpp\n'}
[677.699636] (ublox_msgs) StdoutLine: {'line': b'-- Installing: /home/amigo-pi/amigo_ros2_pi/install/ublox_msgs/include/ublox_msgs/ublox_msgs/msg/detail/nav_status__traits.hpp\n'}
[677.700785] (ublox_msgs) StdoutLine: {'line': b'-- Installing: /home/amigo-pi/amigo_ros2_pi/install/ublox_msgs/include/ublox_msgs/ublox_msgs/msg/detail/cfg_sbas__traits.hpp\n'}
[677.701911] (ublox_msgs) StdoutLine: {'line': b'-- Installing: /home/amigo-pi/amigo_ros2_pi/install/ublox_msgs/include/ublox_msgs/ublox_msgs/msg/detail/cfg_usb__type_support.hpp\n'}
[677.702930] (ublox_msgs) StdoutLine: {'line': b'-- Installing: /home/amigo-pi/amigo_ros2_pi/install/ublox_msgs/include/ublox_msgs/ublox_msgs/msg/detail/esf_raw__traits.hpp\n'}
[677.703958] (ublox_msgs) StdoutLine: {'line': b'-- Installing: /home/amigo-pi/amigo_ros2_pi/install/ublox_msgs/include/ublox_msgs/ublox_msgs/msg/detail/cfg_gnss__type_support.hpp\n'}
[677.705052] (ublox_msgs) StdoutLine: {'line': b'-- Installing: /home/amigo-pi/amigo_ros2_pi/install/ublox_msgs/include/ublox_msgs/ublox_msgs/msg/detail/nav_svinfosv__struct.hpp\n'}
[677.706322] (ublox_msgs) StdoutLine: {'line': b'-- Installing: /home/amigo-pi/amigo_ros2_pi/install/ublox_msgs/include/ublox_msgs/ublox_msgs/msg/detail/cfg_nmea__struct.hpp\n'}
[677.707541] (ublox_msgs) StdoutLine: {'line': b'-- Installing: /home/amigo-pi/amigo_ros2_pi/install/ublox_msgs/include/ublox_msgs/ublox_msgs/msg/detail/cfg_usb__struct.hpp\n'}
[677.708638] (ublox_msgs) StdoutLine: {'line': b'-- Installing: /home/amigo-pi/amigo_ros2_pi/install/ublox_msgs/include/ublox_msgs/ublox_msgs/msg/detail/esf_raw__type_support.hpp\n'}
[677.709677] (ublox_msgs) StdoutLine: {'line': b'-- Installing: /home/amigo-pi/amigo_ros2_pi/install/ublox_msgs/include/ublox_msgs/ublox_msgs/msg/detail/cfg_ant__builder.hpp\n'}
[677.710761] (ublox_msgs) StdoutLine: {'line': b'-- Installing: /home/amigo-pi/amigo_ros2_pi/install/ublox_msgs/include/ublox_msgs/ublox_msgs/msg/detail/rxm_raw__builder.hpp\n'}
[677.711810] (ublox_msgs) StdoutLine: {'line': b'-- Installing: /home/amigo-pi/amigo_ros2_pi/install/ublox_msgs/include/ublox_msgs/ublox_msgs/msg/detail/esf_meas__struct.hpp\n'}
[677.713021] (ublox_msgs) StdoutLine: {'line': b'-- Installing: /home/amigo-pi/amigo_ros2_pi/install/ublox_msgs/include/ublox_msgs/ublox_msgs/msg/detail/nav_svin__traits.hpp\n'}
[677.714321] (ublox_msgs) StdoutLine: {'line': b'-- Installing: /home/amigo-pi/amigo_ros2_pi/install/ublox_msgs/include/ublox_msgs/ublox_msgs/msg/detail/cfg_inf__builder.hpp\n'}
[677.715375] (ublox_msgs) StdoutLine: {'line': b'-- Installing: /home/amigo-pi/amigo_ros2_pi/install/ublox_msgs/include/ublox_msgs/ublox_msgs/msg/detail/inf__traits.hpp\n'}
[677.716462] (ublox_msgs) StdoutLine: {'line': b'-- Installing: /home/amigo-pi/amigo_ros2_pi/install/ublox_msgs/include/ublox_msgs/ublox_msgs/msg/detail/upd_sos_ack__struct.hpp\n'}
[677.717544] (ublox_msgs) StdoutLine: {'line': b'-- Installing: /home/amigo-pi/amigo_ros2_pi/install/ublox_msgs/include/ublox_msgs/ublox_msgs/msg/detail/nav_pvt__traits.hpp\n'}
[677.718761] (ublox_msgs) StdoutLine: {'line': b'-- Installing: /home/amigo-pi/amigo_ros2_pi/install/ublox_msgs/include/ublox_msgs/ublox_msgs/msg/detail/nav_posllh__builder.hpp\n'}
[677.719831] (ublox_msgs) StdoutLine: {'line': b'-- Installing: /home/amigo-pi/amigo_ros2_pi/install/ublox_msgs/include/ublox_msgs/ublox_msgs/msg/detail/rxm_raw__type_support.hpp\n'}
[677.720879] (ublox_msgs) StdoutLine: {'line': b'-- Installing: /home/amigo-pi/amigo_ros2_pi/install/ublox_msgs/include/ublox_msgs/ublox_msgs/msg/detail/cfg_prt__builder.hpp\n'}
[677.722001] (ublox_msgs) StdoutLine: {'line': b'-- Installing: /home/amigo-pi/amigo_ros2_pi/install/ublox_msgs/include/ublox_msgs/ublox_msgs/msg/detail/nav_sbas__builder.hpp\n'}
[677.723062] (ublox_msgs) StdoutLine: {'line': b'-- Installing: /home/amigo-pi/amigo_ros2_pi/install/ublox_msgs/include/ublox_msgs/ublox_msgs/msg/detail/aid_eph__struct.hpp\n'}
[677.724161] (ublox_msgs) StdoutLine: {'line': b'-- Installing: /home/amigo-pi/amigo_ros2_pi/install/ublox_msgs/include/ublox_msgs/ublox_msgs/msg/nav_sbassv.hpp\n'}
[677.725136] (ublox_msgs) StdoutLine: {'line': b'-- Installing: /home/amigo-pi/amigo_ros2_pi/install/ublox_msgs/include/ublox_msgs/ublox_msgs/msg/cfg_inf.hpp\n'}
[677.726120] (ublox_msgs) StdoutLine: {'line': b'-- Installing: /home/amigo-pi/amigo_ros2_pi/install/ublox_msgs/include/ublox_msgs/ublox_msgs/msg/nav_sat.hpp\n'}
[677.727152] (ublox_msgs) StdoutLine: {'line': b'-- Installing: /home/amigo-pi/amigo_ros2_pi/install/ublox_msgs/include/ublox_msgs/ublox_msgs/msg/nav_svinfo.hpp\n'}
[677.728110] (ublox_msgs) StdoutLine: {'line': b'-- Installing: /home/amigo-pi/amigo_ros2_pi/install/ublox_msgs/include/ublox_msgs/ublox_msgs/msg/rxm_rtcm.hpp\n'}
[677.729036] (ublox_msgs) StdoutLine: {'line': b'-- Installing: /home/amigo-pi/amigo_ros2_pi/install/ublox_msgs/include/ublox_msgs/ublox_msgs/msg/aid_hui.hpp\n'}
[677.730220] (ublox_msgs) StdoutLine: {'line': b'-- Installing: /home/amigo-pi/amigo_ros2_pi/install/ublox_msgs/include/ublox_msgs/ublox_msgs/msg/nav_relposned9.hpp\n'}
[677.731302] (ublox_msgs) StdoutLine: {'line': b'-- Installing: /home/amigo-pi/amigo_ros2_pi/install/ublox_msgs/include/ublox_msgs/ublox_msgs/msg/rxm_alm.hpp\n'}
[677.732231] (ublox_msgs) StdoutLine: {'line': b'-- Installing: /home/amigo-pi/amigo_ros2_pi/install/ublox_msgs/include/ublox_msgs/ublox_msgs/msg/rxm_sfrbx.hpp\n'}
[677.733154] (ublox_msgs) StdoutLine: {'line': b'-- Installing: /home/amigo-pi/amigo_ros2_pi/install/ublox_msgs/include/ublox_msgs/ublox_msgs/msg/nav_sol.hpp\n'}
[677.734137] (ublox_msgs) StdoutLine: {'line': b'-- Installing: /home/amigo-pi/amigo_ros2_pi/install/ublox_msgs/include/ublox_msgs/ublox_msgs/msg/cfg_dat.hpp\n'}
[677.735101] (ublox_msgs) StdoutLine: {'line': b'-- Installing: /home/amigo-pi/amigo_ros2_pi/install/ublox_msgs/include/ublox_msgs/ublox_msgs/msg/nav_status.hpp\n'}
[677.736093] (ublox_msgs) StdoutLine: {'line': b'-- Installing: /home/amigo-pi/amigo_ros2_pi/install/ublox_msgs/include/ublox_msgs/ublox_msgs/msg/cfg_rst.hpp\n'}
[677.736999] (ublox_msgs) StdoutLine: {'line': b'-- Installing: /home/amigo-pi/amigo_ros2_pi/install/ublox_msgs/include/ublox_msgs/ublox_msgs/msg/cfg_msg.hpp\n'}
[677.737957] (ublox_msgs) StdoutLine: {'line': b'-- Installing: /home/amigo-pi/amigo_ros2_pi/install/ublox_msgs/include/ublox_msgs/ublox_msgs/msg/nav_att.hpp\n'}
[677.738939] (ublox_msgs) StdoutLine: {'line': b'-- Installing: /home/amigo-pi/amigo_ros2_pi/install/ublox_msgs/include/ublox_msgs/ublox_msgs/msg/rxm_rawx_meas.hpp\n'}
[677.739910] (ublox_msgs) StdoutLine: {'line': b'-- Installing: /home/amigo-pi/amigo_ros2_pi/install/ublox_msgs/include/ublox_msgs/ublox_msgs/msg/esf_status_sens.hpp\n'}
[677.740939] (ublox_msgs) StdoutLine: {'line': b'-- Installing: /home/amigo-pi/amigo_ros2_pi/install/ublox_msgs/include/ublox_msgs/ublox_msgs/msg/cfg_nmea6.hpp\n'}
[677.741810] (ublox_msgs) StdoutLine: {'line': b'-- Installing: /home/amigo-pi/amigo_ros2_pi/install/ublox_msgs/include/ublox_msgs/ublox_msgs/msg/ack.hpp\n'}
[677.742970] (ublox_msgs) StdoutLine: {'line': b'-- Installing: /home/amigo-pi/amigo_ros2_pi/install/ublox_msgs/include/ublox_msgs/ublox_msgs/msg/nav_velned.hpp\n'}
[677.743959] (ublox_msgs) StdoutLine: {'line': b'-- Installing: /home/amigo-pi/amigo_ros2_pi/install/ublox_msgs/include/ublox_msgs/ublox_msgs/msg/rxm_svsi.hpp\n'}
[677.744889] (ublox_msgs) StdoutLine: {'line': b'-- Installing: /home/amigo-pi/amigo_ros2_pi/install/ublox_msgs/include/ublox_msgs/ublox_msgs/msg/cfg_nmea7.hpp\n'}
[677.745901] (ublox_msgs) StdoutLine: {'line': b'-- Installing: /home/amigo-pi/amigo_ros2_pi/install/ublox_msgs/include/ublox_msgs/ublox_msgs/msg/nav_sbas.hpp\n'}
[677.746821] (ublox_msgs) StdoutLine: {'line': b'-- Installing: /home/amigo-pi/amigo_ros2_pi/install/ublox_msgs/include/ublox_msgs/ublox_msgs/msg/upd_sos.hpp\n'}
[677.747784] (ublox_msgs) StdoutLine: {'line': b'-- Installing: /home/amigo-pi/amigo_ros2_pi/install/ublox_msgs/include/ublox_msgs/ublox_msgs/msg/mon_hw6.hpp\n'}
[677.749325] (ublox_msgs) StdoutLine: {'line': b'-- Up-to-date: /home/amigo-pi/amigo_ros2_pi/install/ublox_msgs/include/ublox_msgs/ublox_msgs\n'}
[677.749823] (ublox_msgs) StdoutLine: {'line': b'-- Up-to-date: /home/amigo-pi/amigo_ros2_pi/install/ublox_msgs/include/ublox_msgs/ublox_msgs/msg\n'}
[677.750339] (ublox_msgs) StdoutLine: {'line': b'-- Installing: /home/amigo-pi/amigo_ros2_pi/install/ublox_msgs/include/ublox_msgs/ublox_msgs/msg/rosidl_typesupport_fastrtps_cpp__visibility_control.h\n'}
[677.751641] (ublox_msgs) StdoutLine: {'line': b'-- Up-to-date: /home/amigo-pi/amigo_ros2_pi/install/ublox_msgs/include/ublox_msgs/ublox_msgs/msg/detail\n'}
[677.752849] (ublox_msgs) StdoutLine: {'line': b'-- Installing: /home/amigo-pi/amigo_ros2_pi/install/ublox_msgs/include/ublox_msgs/ublox_msgs/msg/detail/cfg_inf_block__rosidl_typesupport_fastrtps_cpp.hpp\n'}
[677.754136] (ublox_msgs) StdoutLine: {'line': b'-- Installing: /home/amigo-pi/amigo_ros2_pi/install/ublox_msgs/include/ublox_msgs/ublox_msgs/msg/detail/rxm_svsi__rosidl_typesupport_fastrtps_cpp.hpp\n'}
[677.755312] (ublox_msgs) StdoutLine: {'line': b'-- Installing: /home/amigo-pi/amigo_ros2_pi/install/ublox_msgs/include/ublox_msgs/ublox_msgs/msg/detail/cfg_inf__rosidl_typesupport_fastrtps_cpp.hpp\n'}
[677.756502] (ublox_msgs) StdoutLine: {'line': b'-- Installing: /home/amigo-pi/amigo_ros2_pi/install/ublox_msgs/include/ublox_msgs/ublox_msgs/msg/detail/cfg_nav5__rosidl_typesupport_fastrtps_cpp.hpp\n'}
[677.756824] (-) TimerEvent: {}
[677.757734] (ublox_msgs) StdoutLine: {'line': b'-- Installing: /home/amigo-pi/amigo_ros2_pi/install/ublox_msgs/include/ublox_msgs/ublox_msgs/msg/detail/cfg_nmea6__rosidl_typesupport_fastrtps_cpp.hpp\n'}
[677.759242] (ublox_msgs) StdoutLine: {'line': b'-- Installing: /home/amigo-pi/amigo_ros2_pi/install/ublox_msgs/include/ublox_msgs/ublox_msgs/msg/detail/rxm_rawx__rosidl_typesupport_fastrtps_cpp.hpp\n'}
[677.760482] (ublox_msgs) StdoutLine: {'line': b'-- Installing: /home/amigo-pi/amigo_ros2_pi/install/ublox_msgs/include/ublox_msgs/ublox_msgs/msg/detail/hnr_pvt__rosidl_typesupport_fastrtps_cpp.hpp\n'}
[677.761598] (ublox_msgs) StdoutLine: {'line': b'-- Installing: /home/amigo-pi/amigo_ros2_pi/install/ublox_msgs/include/ublox_msgs/ublox_msgs/msg/detail/nav_pvt7__rosidl_typesupport_fastrtps_cpp.hpp\n'}
[677.762889] (ublox_msgs) StdoutLine: {'line': b'-- Installing: /home/amigo-pi/amigo_ros2_pi/install/ublox_msgs/include/ublox_msgs/ublox_msgs/msg/detail/cfg_usb__rosidl_typesupport_fastrtps_cpp.hpp\n'}
[677.764047] (ublox_msgs) StdoutLine: {'line': b'-- Installing: /home/amigo-pi/amigo_ros2_pi/install/ublox_msgs/include/ublox_msgs/ublox_msgs/msg/detail/nav_dgpssv__rosidl_typesupport_fastrtps_cpp.hpp\n'}
[677.765216] (ublox_msgs) StdoutLine: {'line': b'-- Installing: /home/amigo-pi/amigo_ros2_pi/install/ublox_msgs/include/ublox_msgs/ublox_msgs/msg/detail/cfg_cfg__rosidl_typesupport_fastrtps_cpp.hpp\n'}
[677.766533] (ublox_msgs) StdoutLine: {'line': b'-- Installing: /home/amigo-pi/amigo_ros2_pi/install/ublox_msgs/include/ublox_msgs/ublox_msgs/msg/detail/cfg_dat__rosidl_typesupport_fastrtps_cpp.hpp\n'}
[677.767808] (ublox_msgs) StdoutLine: {'line': b'-- Installing: /home/amigo-pi/amigo_ros2_pi/install/ublox_msgs/include/ublox_msgs/ublox_msgs/msg/detail/cfg_prt__rosidl_typesupport_fastrtps_cpp.hpp\n'}
[677.769047] (ublox_msgs) StdoutLine: {'line': b'-- Installing: /home/amigo-pi/amigo_ros2_pi/install/ublox_msgs/include/ublox_msgs/ublox_msgs/msg/detail/esf_raw_block__rosidl_typesupport_fastrtps_cpp.hpp\n'}
[677.770486] (ublox_msgs) StdoutLine: {'line': b'-- Installing: /home/amigo-pi/amigo_ros2_pi/install/ublox_msgs/include/ublox_msgs/ublox_msgs/msg/detail/rxm_rawsv__rosidl_typesupport_fastrtps_cpp.hpp\n'}
[677.771658] (ublox_msgs) StdoutLine: {'line': b'-- Installing: /home/amigo-pi/amigo_ros2_pi/install/ublox_msgs/include/ublox_msgs/ublox_msgs/msg/detail/mga_gal__rosidl_typesupport_fastrtps_cpp.hpp\n'}
[677.772841] (ublox_msgs) StdoutLine: {'line': b'-- Installing: /home/amigo-pi/amigo_ros2_pi/install/ublox_msgs/include/ublox_msgs/ublox_msgs/msg/detail/esf_status_sens__rosidl_typesupport_fastrtps_cpp.hpp\n'}
[677.774136] (ublox_msgs) StdoutLine: {'line': b'-- Installing: /home/amigo-pi/amigo_ros2_pi/install/ublox_msgs/include/ublox_msgs/ublox_msgs/msg/detail/nav_sol__rosidl_typesupport_fastrtps_cpp.hpp\n'}
[677.775368] (ublox_msgs) StdoutLine: {'line': b'-- Installing: /home/amigo-pi/amigo_ros2_pi/install/ublox_msgs/include/ublox_msgs/ublox_msgs/msg/detail/tim_tm2__rosidl_typesupport_fastrtps_cpp.hpp\n'}
[677.776525] (ublox_msgs) StdoutLine: {'line': b'-- Installing: /home/amigo-pi/amigo_ros2_pi/install/ublox_msgs/include/ublox_msgs/ublox_msgs/msg/detail/cfg_gnss__rosidl_typesupport_fastrtps_cpp.hpp\n'}
[677.777684] (ublox_msgs) StdoutLine: {'line': b'-- Installing: /home/amigo-pi/amigo_ros2_pi/install/ublox_msgs/include/ublox_msgs/ublox_msgs/msg/detail/cfg_rst__rosidl_typesupport_fastrtps_cpp.hpp\n'}
[677.778991] (ublox_msgs) StdoutLine: {'line': b'-- Installing: /home/amigo-pi/amigo_ros2_pi/install/ublox_msgs/include/ublox_msgs/ublox_msgs/msg/detail/nav_satsv__rosidl_typesupport_fastrtps_cpp.hpp\n'}
[677.780227] (ublox_msgs) StdoutLine: {'line': b'-- Installing: /home/amigo-pi/amigo_ros2_pi/install/ublox_msgs/include/ublox_msgs/ublox_msgs/msg/detail/nav_dgps__rosidl_typesupport_fastrtps_cpp.hpp\n'}
[677.781491] (ublox_msgs) StdoutLine: {'line': b'-- Installing: /home/amigo-pi/amigo_ros2_pi/install/ublox_msgs/include/ublox_msgs/ublox_msgs/msg/detail/cfg_rate__rosidl_typesupport_fastrtps_cpp.hpp\n'}
[677.782771] (ublox_msgs) StdoutLine: {'line': b'-- Installing: /home/amigo-pi/amigo_ros2_pi/install/ublox_msgs/include/ublox_msgs/ublox_msgs/msg/detail/nav_sbas__rosidl_typesupport_fastrtps_cpp.hpp\n'}
[677.784233] (ublox_msgs) StdoutLine: {'line': b'-- Installing: /home/amigo-pi/amigo_ros2_pi/install/ublox_msgs/include/ublox_msgs/ublox_msgs/msg/detail/nav_sbassv__rosidl_typesupport_fastrtps_cpp.hpp\n'}
[677.785569] (ublox_msgs) StdoutLine: {'line': b'-- Installing: /home/amigo-pi/amigo_ros2_pi/install/ublox_msgs/include/ublox_msgs/ublox_msgs/msg/detail/rxm_rtcm__rosidl_typesupport_fastrtps_cpp.hpp\n'}
[677.790849] (ublox_msgs) StdoutLine: {'line': b'-- Installing: /home/amigo-pi/amigo_ros2_pi/install/ublox_msgs/include/ublox_msgs/ublox_msgs/msg/detail/cfg_sbas__rosidl_typesupport_fastrtps_cpp.hpp\n'}
[677.791466] (ublox_msgs) StdoutLine: {'line': b'-- Installing: /home/amigo-pi/amigo_ros2_pi/install/ublox_msgs/include/ublox_msgs/ublox_msgs/msg/detail/cfg_nmea__rosidl_typesupport_fastrtps_cpp.hpp\n'}
[677.791772] (ublox_msgs) StdoutLine: {'line': b'-- Installing: /home/amigo-pi/amigo_ros2_pi/install/ublox_msgs/include/ublox_msgs/ublox_msgs/msg/detail/mon_hw__rosidl_typesupport_fastrtps_cpp.hpp\n'}
[677.792217] (ublox_msgs) StdoutLine: {'line': b'-- Installing: /home/amigo-pi/amigo_ros2_pi/install/ublox_msgs/include/ublox_msgs/ublox_msgs/msg/detail/mon_ver__rosidl_typesupport_fastrtps_cpp.hpp\n'}
[677.793344] (ublox_msgs) StdoutLine: {'line': b'-- Installing: /home/amigo-pi/amigo_ros2_pi/install/ublox_msgs/include/ublox_msgs/ublox_msgs/msg/detail/nav_posecef__rosidl_typesupport_fastrtps_cpp.hpp\n'}
[677.794743] (ublox_msgs) StdoutLine: {'line': b'-- Installing: /home/amigo-pi/amigo_ros2_pi/install/ublox_msgs/include/ublox_msgs/ublox_msgs/msg/detail/cfg_ant__rosidl_typesupport_fastrtps_cpp.hpp\n'}
[677.795868] (ublox_msgs) StdoutLine: {'line': b'-- Installing: /home/amigo-pi/amigo_ros2_pi/install/ublox_msgs/include/ublox_msgs/ublox_msgs/msg/detail/esf_status__rosidl_typesupport_fastrtps_cpp.hpp\n'}
[677.797057] (ublox_msgs) StdoutLine: {'line': b'-- Installing: /home/amigo-pi/amigo_ros2_pi/install/ublox_msgs/include/ublox_msgs/ublox_msgs/msg/detail/nav_dop__rosidl_typesupport_fastrtps_cpp.hpp\n'}
[677.798244] (ublox_msgs) StdoutLine: {'line': b'-- Installing: /home/amigo-pi/amigo_ros2_pi/install/ublox_msgs/include/ublox_msgs/ublox_msgs/msg/detail/esf_ins__rosidl_typesupport_fastrtps_cpp.hpp\n'}
[677.799445] (ublox_msgs) StdoutLine: {'line': b'-- Installing: /home/amigo-pi/amigo_ros2_pi/install/ublox_msgs/include/ublox_msgs/ublox_msgs/msg/detail/nav_svinfo__rosidl_typesupport_fastrtps_cpp.hpp\n'}
[677.800816] (ublox_msgs) StdoutLine: {'line': b'-- Installing: /home/amigo-pi/amigo_ros2_pi/install/ublox_msgs/include/ublox_msgs/ublox_msgs/msg/detail/cfg_navx5__rosidl_typesupport_fastrtps_cpp.hpp\n'}
[677.802018] (ublox_msgs) StdoutLine: {'line': b'-- Installing: /home/amigo-pi/amigo_ros2_pi/install/ublox_msgs/include/ublox_msgs/ublox_msgs/msg/detail/cfg_tmode3__rosidl_typesupport_fastrtps_cpp.hpp\n'}
[677.803218] (ublox_msgs) StdoutLine: {'line': b'-- Installing: /home/amigo-pi/amigo_ros2_pi/install/ublox_msgs/include/ublox_msgs/ublox_msgs/msg/detail/nav_timeutc__rosidl_typesupport_fastrtps_cpp.hpp\n'}
[677.804499] (ublox_msgs) StdoutLine: {'line': b'-- Installing: /home/amigo-pi/amigo_ros2_pi/install/ublox_msgs/include/ublox_msgs/ublox_msgs/msg/detail/aid_alm__rosidl_typesupport_fastrtps_cpp.hpp\n'}
[677.805636] (ublox_msgs) StdoutLine: {'line': b'-- Installing: /home/amigo-pi/amigo_ros2_pi/install/ublox_msgs/include/ublox_msgs/ublox_msgs/msg/detail/nav_velned__rosidl_typesupport_fastrtps_cpp.hpp\n'}
[677.806862] (ublox_msgs) StdoutLine: {'line': b'-- Installing: /home/amigo-pi/amigo_ros2_pi/install/ublox_msgs/include/ublox_msgs/ublox_msgs/msg/detail/nav_status__rosidl_typesupport_fastrtps_cpp.hpp\n'}
[677.808043] (ublox_msgs) StdoutLine: {'line': b'-- Installing: /home/amigo-pi/amigo_ros2_pi/install/ublox_msgs/include/ublox_msgs/ublox_msgs/msg/detail/cfg_dgnss__rosidl_typesupport_fastrtps_cpp.hpp\n'}
[677.809108] (ublox_msgs) StdoutLine: {'line': b'-- Installing: /home/amigo-pi/amigo_ros2_pi/install/ublox_msgs/include/ublox_msgs/ublox_msgs/msg/detail/dds_fastrtps\n'}
[677.810971] (ublox_msgs) StdoutLine: {'line': b'-- Installing: /home/amigo-pi/amigo_ros2_pi/install/ublox_msgs/include/ublox_msgs/ublox_msgs/msg/detail/nav_svinfosv__rosidl_typesupport_fastrtps_cpp.hpp\n'}
[677.812234] (ublox_msgs) StdoutLine: {'line': b'-- Installing: /home/amigo-pi/amigo_ros2_pi/install/ublox_msgs/include/ublox_msgs/ublox_msgs/msg/detail/rxm_raw__rosidl_typesupport_fastrtps_cpp.hpp\n'}
[677.813405] (ublox_msgs) StdoutLine: {'line': b'-- Installing: /home/amigo-pi/amigo_ros2_pi/install/ublox_msgs/include/ublox_msgs/ublox_msgs/msg/detail/esf_raw__rosidl_typesupport_fastrtps_cpp.hpp\n'}
[677.814854] (ublox_msgs) StdoutLine: {'line': b'-- Installing: /home/amigo-pi/amigo_ros2_pi/install/ublox_msgs/include/ublox_msgs/ublox_msgs/msg/detail/upd_sos_ack__rosidl_typesupport_fastrtps_cpp.hpp\n'}
[677.816055] (ublox_msgs) StdoutLine: {'line': b'-- Installing: /home/amigo-pi/amigo_ros2_pi/install/ublox_msgs/include/ublox_msgs/ublox_msgs/msg/detail/nav_clock__rosidl_typesupport_fastrtps_cpp.hpp\n'}
[677.817184] (ublox_msgs) StdoutLine: {'line': b'-- Installing: /home/amigo-pi/amigo_ros2_pi/install/ublox_msgs/include/ublox_msgs/ublox_msgs/msg/detail/aid_eph__rosidl_typesupport_fastrtps_cpp.hpp\n'}
[677.818374] (ublox_msgs) StdoutLine: {'line': b'-- Installing: /home/amigo-pi/amigo_ros2_pi/install/ublox_msgs/include/ublox_msgs/ublox_msgs/msg/detail/nav_relposned9__rosidl_typesupport_fastrtps_cpp.hpp\n'}
[677.819583] (ublox_msgs) StdoutLine: {'line': b'-- Installing: /home/amigo-pi/amigo_ros2_pi/install/ublox_msgs/include/ublox_msgs/ublox_msgs/msg/detail/mon_ver_extension__rosidl_typesupport_fastrtps_cpp.hpp\n'}
[677.820769] (ublox_msgs) StdoutLine: {'line': b'-- Installing: /home/amigo-pi/amigo_ros2_pi/install/ublox_msgs/include/ublox_msgs/ublox_msgs/msg/detail/cfg_msg__rosidl_typesupport_fastrtps_cpp.hpp\n'}
[677.821971] (ublox_msgs) StdoutLine: {'line': b'-- Installing: /home/amigo-pi/amigo_ros2_pi/install/ublox_msgs/include/ublox_msgs/ublox_msgs/msg/detail/mon_hw6__rosidl_typesupport_fastrtps_cpp.hpp\n'}
[677.823294] (ublox_msgs) StdoutLine: {'line': b'-- Installing: /home/amigo-pi/amigo_ros2_pi/install/ublox_msgs/include/ublox_msgs/ublox_msgs/msg/detail/cfg_hnr__rosidl_typesupport_fastrtps_cpp.hpp\n'}
[677.824461] (ublox_msgs) StdoutLine: {'line': b'-- Installing: /home/amigo-pi/amigo_ros2_pi/install/ublox_msgs/include/ublox_msgs/ublox_msgs/msg/detail/nav_pvt__rosidl_typesupport_fastrtps_cpp.hpp\n'}
[677.825631] (ublox_msgs) StdoutLine: {'line': b'-- Installing: /home/amigo-pi/amigo_ros2_pi/install/ublox_msgs/include/ublox_msgs/ublox_msgs/msg/detail/cfg_gnss_block__rosidl_typesupport_fastrtps_cpp.hpp\n'}
[677.826855] (ublox_msgs) StdoutLine: {'line': b'-- Installing: /home/amigo-pi/amigo_ros2_pi/install/ublox_msgs/include/ublox_msgs/ublox_msgs/msg/detail/nav_sat__rosidl_typesupport_fastrtps_cpp.hpp\n'}
[677.828008] (ublox_msgs) StdoutLine: {'line': b'-- Installing: /home/amigo-pi/amigo_ros2_pi/install/ublox_msgs/include/ublox_msgs/ublox_msgs/msg/detail/rxm_eph__rosidl_typesupport_fastrtps_cpp.hpp\n'}
[677.829204] (ublox_msgs) StdoutLine: {'line': b'-- Installing: /home/amigo-pi/amigo_ros2_pi/install/ublox_msgs/include/ublox_msgs/ublox_msgs/msg/detail/nav_att__rosidl_typesupport_fastrtps_cpp.hpp\n'}
[677.830593] (ublox_msgs) StdoutLine: {'line': b'-- Installing: /home/amigo-pi/amigo_ros2_pi/install/ublox_msgs/include/ublox_msgs/ublox_msgs/msg/detail/rxm_rawx_meas__rosidl_typesupport_fastrtps_cpp.hpp\n'}
[677.831789] (ublox_msgs) StdoutLine: {'line': b'-- Installing: /home/amigo-pi/amigo_ros2_pi/install/ublox_msgs/include/ublox_msgs/ublox_msgs/msg/detail/esf_meas__rosidl_typesupport_fastrtps_cpp.hpp\n'}
[677.832924] (ublox_msgs) StdoutLine: {'line': b'-- Installing: /home/amigo-pi/amigo_ros2_pi/install/ublox_msgs/include/ublox_msgs/ublox_msgs/msg/detail/cfg_nmea7__rosidl_typesupport_fastrtps_cpp.hpp\n'}
[677.834139] (ublox_msgs) StdoutLine: {'line': b'-- Installing: /home/amigo-pi/amigo_ros2_pi/install/ublox_msgs/include/ublox_msgs/ublox_msgs/msg/detail/inf__rosidl_typesupport_fastrtps_cpp.hpp\n'}
[677.835315] (ublox_msgs) StdoutLine: {'line': b'-- Installing: /home/amigo-pi/amigo_ros2_pi/install/ublox_msgs/include/ublox_msgs/ublox_msgs/msg/detail/nav_posllh__rosidl_typesupport_fastrtps_cpp.hpp\n'}
[677.836487] (ublox_msgs) StdoutLine: {'line': b'-- Installing: /home/amigo-pi/amigo_ros2_pi/install/ublox_msgs/include/ublox_msgs/ublox_msgs/msg/detail/rxm_svsisv__rosidl_typesupport_fastrtps_cpp.hpp\n'}
[677.837654] (ublox_msgs) StdoutLine: {'line': b'-- Installing: /home/amigo-pi/amigo_ros2_pi/install/ublox_msgs/include/ublox_msgs/ublox_msgs/msg/detail/ack__rosidl_typesupport_fastrtps_cpp.hpp\n'}
[677.838877] (ublox_msgs) StdoutLine: {'line': b'-- Installing: /home/amigo-pi/amigo_ros2_pi/install/ublox_msgs/include/ublox_msgs/ublox_msgs/msg/detail/nav_velecef__rosidl_typesupport_fastrtps_cpp.hpp\n'}
[677.840001] (ublox_msgs) StdoutLine: {'line': b'-- Installing: /home/amigo-pi/amigo_ros2_pi/install/ublox_msgs/include/ublox_msgs/ublox_msgs/msg/detail/nav_svin__rosidl_typesupport_fastrtps_cpp.hpp\n'}
[677.841186] (ublox_msgs) StdoutLine: {'line': b'-- Installing: /home/amigo-pi/amigo_ros2_pi/install/ublox_msgs/include/ublox_msgs/ublox_msgs/msg/detail/rxm_sfrb__rosidl_typesupport_fastrtps_cpp.hpp\n'}
[677.842386] (ublox_msgs) StdoutLine: {'line': b'-- Installing: /home/amigo-pi/amigo_ros2_pi/install/ublox_msgs/include/ublox_msgs/ublox_msgs/msg/detail/mon_gnss__rosidl_typesupport_fastrtps_cpp.hpp\n'}
[677.843548] (ublox_msgs) StdoutLine: {'line': b'-- Installing: /home/amigo-pi/amigo_ros2_pi/install/ublox_msgs/include/ublox_msgs/ublox_msgs/msg/detail/aid_hui__rosidl_typesupport_fastrtps_cpp.hpp\n'}
[677.844755] (ublox_msgs) StdoutLine: {'line': b'-- Installing: /home/amigo-pi/amigo_ros2_pi/install/ublox_msgs/include/ublox_msgs/ublox_msgs/msg/detail/rxm_sfrbx__rosidl_typesupport_fastrtps_cpp.hpp\n'}
[677.845978] (ublox_msgs) StdoutLine: {'line': b'-- Installing: /home/amigo-pi/amigo_ros2_pi/install/ublox_msgs/include/ublox_msgs/ublox_msgs/msg/detail/nav_timegps__rosidl_typesupport_fastrtps_cpp.hpp\n'}
[677.847136] (ublox_msgs) StdoutLine: {'line': b'-- Installing: /home/amigo-pi/amigo_ros2_pi/install/ublox_msgs/include/ublox_msgs/ublox_msgs/msg/detail/nav_relposned__rosidl_typesupport_fastrtps_cpp.hpp\n'}
[677.848348] (ublox_msgs) StdoutLine: {'line': b'-- Installing: /home/amigo-pi/amigo_ros2_pi/install/ublox_msgs/include/ublox_msgs/ublox_msgs/msg/detail/upd_sos__rosidl_typesupport_fastrtps_cpp.hpp\n'}
[677.849541] (ublox_msgs) StdoutLine: {'line': b'-- Installing: /home/amigo-pi/amigo_ros2_pi/install/ublox_msgs/include/ublox_msgs/ublox_msgs/msg/detail/rxm_alm__rosidl_typesupport_fastrtps_cpp.hpp\n'}
[677.851540] (ublox_msgs) StdoutLine: {'line': b'-- Installing: /home/amigo-pi/amigo_ros2_pi/install/ublox_msgs/lib/libublox_msgs__rosidl_typesupport_fastrtps_cpp.so\n'}
[677.857056] (-) TimerEvent: {}
[677.860833] (ublox_msgs) StdoutLine: {'line': b'-- Set runtime path of "/home/amigo-pi/amigo_ros2_pi/install/ublox_msgs/lib/libublox_msgs__rosidl_typesupport_fastrtps_cpp.so" to ""\n'}
[677.861410] (ublox_msgs) StdoutLine: {'line': b'-- Up-to-date: /home/amigo-pi/amigo_ros2_pi/install/ublox_msgs/include/ublox_msgs/ublox_msgs\n'}
[677.861811] (ublox_msgs) StdoutLine: {'line': b'-- Up-to-date: /home/amigo-pi/amigo_ros2_pi/install/ublox_msgs/include/ublox_msgs/ublox_msgs/msg\n'}
[677.862243] (ublox_msgs) StdoutLine: {'line': b'-- Up-to-date: /home/amigo-pi/amigo_ros2_pi/install/ublox_msgs/include/ublox_msgs/ublox_msgs/msg/detail\n'}
[677.863776] (ublox_msgs) StdoutLine: {'line': b'-- Installing: /home/amigo-pi/amigo_ros2_pi/install/ublox_msgs/include/ublox_msgs/ublox_msgs/msg/detail/rxm_eph__type_support.cpp\n'}
[677.865144] (ublox_msgs) StdoutLine: {'line': b'-- Installing: /home/amigo-pi/amigo_ros2_pi/install/ublox_msgs/include/ublox_msgs/ublox_msgs/msg/detail/nav_satsv__rosidl_typesupport_introspection_cpp.hpp\n'}
[677.866351] (ublox_msgs) StdoutLine: {'line': b'-- Installing: /home/amigo-pi/amigo_ros2_pi/install/ublox_msgs/include/ublox_msgs/ublox_msgs/msg/detail/cfg_nav5__type_support.cpp\n'}
[677.867763] (ublox_msgs) StdoutLine: {'line': b'-- Installing: /home/amigo-pi/amigo_ros2_pi/install/ublox_msgs/include/ublox_msgs/ublox_msgs/msg/detail/rxm_raw__rosidl_typesupport_introspection_cpp.hpp\n'}
[677.869129] (ublox_msgs) StdoutLine: {'line': b'-- Installing: /home/amigo-pi/amigo_ros2_pi/install/ublox_msgs/include/ublox_msgs/ublox_msgs/msg/detail/cfg_nmea__type_support.cpp\n'}
[677.870408] (ublox_msgs) StdoutLine: {'line': b'-- Installing: /home/amigo-pi/amigo_ros2_pi/install/ublox_msgs/include/ublox_msgs/ublox_msgs/msg/detail/aid_alm__rosidl_typesupport_introspection_cpp.hpp\n'}
[677.871626] (ublox_msgs) StdoutLine: {'line': b'-- Installing: /home/amigo-pi/amigo_ros2_pi/install/ublox_msgs/include/ublox_msgs/ublox_msgs/msg/detail/nav_velecef__rosidl_typesupport_introspection_cpp.hpp\n'}
[677.872823] (ublox_msgs) StdoutLine: {'line': b'-- Installing: /home/amigo-pi/amigo_ros2_pi/install/ublox_msgs/include/ublox_msgs/ublox_msgs/msg/detail/rxm_sfrb__rosidl_typesupport_introspection_cpp.hpp\n'}
[677.874265] (ublox_msgs) StdoutLine: {'line': b'-- Installing: /home/amigo-pi/amigo_ros2_pi/install/ublox_msgs/include/ublox_msgs/ublox_msgs/msg/detail/tim_tm2__type_support.cpp\n'}
[677.875456] (ublox_msgs) StdoutLine: {'line': b'-- Installing: /home/amigo-pi/amigo_ros2_pi/install/ublox_msgs/include/ublox_msgs/ublox_msgs/msg/detail/cfg_ant__type_support.cpp\n'}
[677.876610] (ublox_msgs) StdoutLine: {'line': b'-- Installing: /home/amigo-pi/amigo_ros2_pi/install/ublox_msgs/include/ublox_msgs/ublox_msgs/msg/detail/nav_timeutc__rosidl_typesupport_introspection_cpp.hpp\n'}
[677.877806] (ublox_msgs) StdoutLine: {'line': b'-- Installing: /home/amigo-pi/amigo_ros2_pi/install/ublox_msgs/include/ublox_msgs/ublox_msgs/msg/detail/cfg_dat__type_support.cpp\n'}
[677.879091] (ublox_msgs) StdoutLine: {'line': b'-- Installing: /home/amigo-pi/amigo_ros2_pi/install/ublox_msgs/include/ublox_msgs/ublox_msgs/msg/detail/nav_sbassv__type_support.cpp\n'}
[677.880268] (ublox_msgs) StdoutLine: {'line': b'-- Installing: /home/amigo-pi/amigo_ros2_pi/install/ublox_msgs/include/ublox_msgs/ublox_msgs/msg/detail/nav_velned__type_support.cpp\n'}
[677.881479] (ublox_msgs) StdoutLine: {'line': b'-- Installing: /home/amigo-pi/amigo_ros2_pi/install/ublox_msgs/include/ublox_msgs/ublox_msgs/msg/detail/esf_meas__rosidl_typesupport_introspection_cpp.hpp\n'}
[677.882690] (ublox_msgs) StdoutLine: {'line': b'-- Installing: /home/amigo-pi/amigo_ros2_pi/install/ublox_msgs/include/ublox_msgs/ublox_msgs/msg/detail/mon_ver__type_support.cpp\n'}
[677.884037] (ublox_msgs) StdoutLine: {'line': b'-- Installing: /home/amigo-pi/amigo_ros2_pi/install/ublox_msgs/include/ublox_msgs/ublox_msgs/msg/detail/cfg_hnr__rosidl_typesupport_introspection_cpp.hpp\n'}
[677.885374] (ublox_msgs) StdoutLine: {'line': b'-- Installing: /home/amigo-pi/amigo_ros2_pi/install/ublox_msgs/include/ublox_msgs/ublox_msgs/msg/detail/cfg_usb__type_support.cpp\n'}
[677.886824] (ublox_msgs) StdoutLine: {'line': b'-- Installing: /home/amigo-pi/amigo_ros2_pi/install/ublox_msgs/include/ublox_msgs/ublox_msgs/msg/detail/nav_relposned9__type_support.cpp\n'}
[677.888914] (ublox_msgs) StdoutLine: {'line': b'-- Installing: /home/amigo-pi/amigo_ros2_pi/install/ublox_msgs/include/ublox_msgs/ublox_msgs/msg/detail/aid_eph__rosidl_typesupport_introspection_cpp.hpp\n'}
[677.890322] (ublox_msgs) StdoutLine: {'line': b'-- Installing: /home/amigo-pi/amigo_ros2_pi/install/ublox_msgs/include/ublox_msgs/ublox_msgs/msg/detail/rxm_rtcm__rosidl_typesupport_introspection_cpp.hpp\n'}
[677.892081] (ublox_msgs) StdoutLine: {'line': b'-- Installing: /home/amigo-pi/amigo_ros2_pi/install/ublox_msgs/include/ublox_msgs/ublox_msgs/msg/detail/mon_ver_extension__type_support.cpp\n'}
[677.893487] (ublox_msgs) StdoutLine: {'line': b'-- Installing: /home/amigo-pi/amigo_ros2_pi/install/ublox_msgs/include/ublox_msgs/ublox_msgs/msg/detail/rxm_eph__rosidl_typesupport_introspection_cpp.hpp\n'}
[677.894682] (ublox_msgs) StdoutLine: {'line': b'-- Installing: /home/amigo-pi/amigo_ros2_pi/install/ublox_msgs/include/ublox_msgs/ublox_msgs/msg/detail/rxm_rawx_meas__rosidl_typesupport_introspection_cpp.hpp\n'}
[677.895950] (ublox_msgs) StdoutLine: {'line': b'-- Installing: /home/amigo-pi/amigo_ros2_pi/install/ublox_msgs/include/ublox_msgs/ublox_msgs/msg/detail/esf_status_sens__type_support.cpp\n'}
[677.897175] (ublox_msgs) StdoutLine: {'line': b'-- Installing: /home/amigo-pi/amigo_ros2_pi/install/ublox_msgs/include/ublox_msgs/ublox_msgs/msg/detail/esf_raw_block__rosidl_typesupport_introspection_cpp.hpp\n'}
[677.898484] (ublox_msgs) StdoutLine: {'line': b'-- Installing: /home/amigo-pi/amigo_ros2_pi/install/ublox_msgs/include/ublox_msgs/ublox_msgs/msg/detail/nav_sat__rosidl_typesupport_introspection_cpp.hpp\n'}
[677.899756] (ublox_msgs) StdoutLine: {'line': b'-- Installing: /home/amigo-pi/amigo_ros2_pi/install/ublox_msgs/include/ublox_msgs/ublox_msgs/msg/detail/nav_timegps__rosidl_typesupport_introspection_cpp.hpp\n'}
[677.901019] (ublox_msgs) StdoutLine: {'line': b'-- Installing: /home/amigo-pi/amigo_ros2_pi/install/ublox_msgs/include/ublox_msgs/ublox_msgs/msg/detail/nav_timeutc__type_support.cpp\n'}
[677.902459] (ublox_msgs) StdoutLine: {'line': b'-- Installing: /home/amigo-pi/amigo_ros2_pi/install/ublox_msgs/include/ublox_msgs/ublox_msgs/msg/detail/esf_raw__type_support.cpp\n'}
[677.903543] (ublox_msgs) StdoutLine: {'line': b'-- Installing: /home/amigo-pi/amigo_ros2_pi/install/ublox_msgs/include/ublox_msgs/ublox_msgs/msg/detail/nav_posecef__type_support.cpp\n'}
[677.904724] (ublox_msgs) StdoutLine: {'line': b'-- Installing: /home/amigo-pi/amigo_ros2_pi/install/ublox_msgs/include/ublox_msgs/ublox_msgs/msg/detail/upd_sos__rosidl_typesupport_introspection_cpp.hpp\n'}
[677.905950] (ublox_msgs) StdoutLine: {'line': b'-- Installing: /home/amigo-pi/amigo_ros2_pi/install/ublox_msgs/include/ublox_msgs/ublox_msgs/msg/detail/nav_dop__type_support.cpp\n'}
[677.907081] (ublox_msgs) StdoutLine: {'line': b'-- Installing: /home/amigo-pi/amigo_ros2_pi/install/ublox_msgs/include/ublox_msgs/ublox_msgs/msg/detail/nav_velecef__type_support.cpp\n'}
[677.908312] (ublox_msgs) StdoutLine: {'line': b'-- Installing: /home/amigo-pi/amigo_ros2_pi/install/ublox_msgs/include/ublox_msgs/ublox_msgs/msg/detail/cfg_msg__rosidl_typesupport_introspection_cpp.hpp\n'}
[677.909590] (ublox_msgs) StdoutLine: {'line': b'-- Installing: /home/amigo-pi/amigo_ros2_pi/install/ublox_msgs/include/ublox_msgs/ublox_msgs/msg/detail/nav_relposned9__rosidl_typesupport_introspection_cpp.hpp\n'}
[677.910809] (ublox_msgs) StdoutLine: {'line': b'-- Installing: /home/amigo-pi/amigo_ros2_pi/install/ublox_msgs/include/ublox_msgs/ublox_msgs/msg/detail/rxm_alm__type_support.cpp\n'}
[677.911994] (ublox_msgs) StdoutLine: {'line': b'-- Installing: /home/amigo-pi/amigo_ros2_pi/install/ublox_msgs/include/ublox_msgs/ublox_msgs/msg/detail/nav_svinfo__rosidl_typesupport_introspection_cpp.hpp\n'}
[677.913200] (ublox_msgs) StdoutLine: {'line': b'-- Installing: /home/amigo-pi/amigo_ros2_pi/install/ublox_msgs/include/ublox_msgs/ublox_msgs/msg/detail/mon_gnss__type_support.cpp\n'}
[677.914583] (ublox_msgs) StdoutLine: {'line': b'-- Installing: /home/amigo-pi/amigo_ros2_pi/install/ublox_msgs/include/ublox_msgs/ublox_msgs/msg/detail/rxm_svsisv__rosidl_typesupport_introspection_cpp.hpp\n'}
[677.916050] (ublox_msgs) StdoutLine: {'line': b'-- Installing: /home/amigo-pi/amigo_ros2_pi/install/ublox_msgs/include/ublox_msgs/ublox_msgs/msg/detail/nav_dgpssv__type_support.cpp\n'}
[677.917238] (ublox_msgs) StdoutLine: {'line': b'-- Installing: /home/amigo-pi/amigo_ros2_pi/install/ublox_msgs/include/ublox_msgs/ublox_msgs/msg/detail/nav_satsv__type_support.cpp\n'}
[677.918604] (ublox_msgs) StdoutLine: {'line': b'-- Installing: /home/amigo-pi/amigo_ros2_pi/install/ublox_msgs/include/ublox_msgs/ublox_msgs/msg/detail/nav_svinfosv__type_support.cpp\n'}
[677.920050] (ublox_msgs) StdoutLine: {'line': b'-- Installing: /home/amigo-pi/amigo_ros2_pi/install/ublox_msgs/include/ublox_msgs/ublox_msgs/msg/detail/aid_hui__type_support.cpp\n'}
[677.921724] (ublox_msgs) StdoutLine: {'line': b'-- Installing: /home/amigo-pi/amigo_ros2_pi/install/ublox_msgs/include/ublox_msgs/ublox_msgs/msg/detail/nav_sbas__type_support.cpp\n'}
[677.923228] (ublox_msgs) StdoutLine: {'line': b'-- Installing: /home/amigo-pi/amigo_ros2_pi/install/ublox_msgs/include/ublox_msgs/ublox_msgs/msg/detail/cfg_nmea7__type_support.cpp\n'}
[677.924432] (ublox_msgs) StdoutLine: {'line': b'-- Installing: /home/amigo-pi/amigo_ros2_pi/install/ublox_msgs/include/ublox_msgs/ublox_msgs/msg/detail/nav_clock__type_support.cpp\n'}
[677.925557] (ublox_msgs) StdoutLine: {'line': b'-- Installing: /home/amigo-pi/amigo_ros2_pi/install/ublox_msgs/include/ublox_msgs/ublox_msgs/msg/detail/cfg_navx5__type_support.cpp\n'}
[677.926985] (ublox_msgs) StdoutLine: {'line': b'-- Installing: /home/amigo-pi/amigo_ros2_pi/install/ublox_msgs/include/ublox_msgs/ublox_msgs/msg/detail/esf_ins__rosidl_typesupport_introspection_cpp.hpp\n'}
[677.928090] (ublox_msgs) StdoutLine: {'line': b'-- Installing: /home/amigo-pi/amigo_ros2_pi/install/ublox_msgs/include/ublox_msgs/ublox_msgs/msg/detail/cfg_sbas__type_support.cpp\n'}
[677.929245] (ublox_msgs) StdoutLine: {'line': b'-- Installing: /home/amigo-pi/amigo_ros2_pi/install/ublox_msgs/include/ublox_msgs/ublox_msgs/msg/detail/nav_dgps__rosidl_typesupport_introspection_cpp.hpp\n'}
[677.930521] (ublox_msgs) StdoutLine: {'line': b'-- Installing: /home/amigo-pi/amigo_ros2_pi/install/ublox_msgs/include/ublox_msgs/ublox_msgs/msg/detail/esf_raw_block__type_support.cpp\n'}
[677.931749] (ublox_msgs) StdoutLine: {'line': b'-- Installing: /home/amigo-pi/amigo_ros2_pi/install/ublox_msgs/include/ublox_msgs/ublox_msgs/msg/detail/nav_sol__type_support.cpp\n'}
[677.932929] (ublox_msgs) StdoutLine: {'line': b'-- Installing: /home/amigo-pi/amigo_ros2_pi/install/ublox_msgs/include/ublox_msgs/ublox_msgs/msg/detail/rxm_raw__type_support.cpp\n'}
[677.934252] (ublox_msgs) StdoutLine: {'line': b'-- Installing: /home/amigo-pi/amigo_ros2_pi/install/ublox_msgs/include/ublox_msgs/ublox_msgs/msg/detail/mon_ver__rosidl_typesupport_introspection_cpp.hpp\n'}
[677.935472] (ublox_msgs) StdoutLine: {'line': b'-- Installing: /home/amigo-pi/amigo_ros2_pi/install/ublox_msgs/include/ublox_msgs/ublox_msgs/msg/detail/nav_dgpssv__rosidl_typesupport_introspection_cpp.hpp\n'}
[677.936741] (ublox_msgs) StdoutLine: {'line': b'-- Installing: /home/amigo-pi/amigo_ros2_pi/install/ublox_msgs/include/ublox_msgs/ublox_msgs/msg/detail/nav_status__type_support.cpp\n'}
[677.937869] (ublox_msgs) StdoutLine: {'line': b'-- Installing: /home/amigo-pi/amigo_ros2_pi/install/ublox_msgs/include/ublox_msgs/ublox_msgs/msg/detail/esf_raw__rosidl_typesupport_introspection_cpp.hpp\n'}
[677.939112] (ublox_msgs) StdoutLine: {'line': b'-- Installing: /home/amigo-pi/amigo_ros2_pi/install/ublox_msgs/include/ublox_msgs/ublox_msgs/msg/detail/nav_relposned__rosidl_typesupport_introspection_cpp.hpp\n'}
[677.940370] (ublox_msgs) StdoutLine: {'line': b'-- Installing: /home/amigo-pi/amigo_ros2_pi/install/ublox_msgs/include/ublox_msgs/ublox_msgs/msg/detail/esf_status_sens__rosidl_typesupport_introspection_cpp.hpp\n'}
[677.941593] (ublox_msgs) StdoutLine: {'line': b'-- Installing: /home/amigo-pi/amigo_ros2_pi/install/ublox_msgs/include/ublox_msgs/ublox_msgs/msg/detail/cfg_hnr__type_support.cpp\n'}
[677.942895] (ublox_msgs) StdoutLine: {'line': b'-- Installing: /home/amigo-pi/amigo_ros2_pi/install/ublox_msgs/include/ublox_msgs/ublox_msgs/msg/detail/mon_hw6__type_support.cpp\n'}
[677.944193] (ublox_msgs) StdoutLine: {'line': b'-- Installing: /home/amigo-pi/amigo_ros2_pi/install/ublox_msgs/include/ublox_msgs/ublox_msgs/msg/detail/cfg_nmea6__rosidl_typesupport_introspection_cpp.hpp\n'}
[677.945442] (ublox_msgs) StdoutLine: {'line': b'-- Installing: /home/amigo-pi/amigo_ros2_pi/install/ublox_msgs/include/ublox_msgs/ublox_msgs/msg/detail/cfg_tmode3__type_support.cpp\n'}
[677.946758] (ublox_msgs) StdoutLine: {'line': b'-- Installing: /home/amigo-pi/amigo_ros2_pi/install/ublox_msgs/include/ublox_msgs/ublox_msgs/msg/detail/rxm_rawx__rosidl_typesupport_introspection_cpp.hpp\n'}
[677.947941] (ublox_msgs) StdoutLine: {'line': b'-- Installing: /home/amigo-pi/amigo_ros2_pi/install/ublox_msgs/include/ublox_msgs/ublox_msgs/msg/detail/inf__type_support.cpp\n'}
[677.949119] (ublox_msgs) StdoutLine: {'line': b'-- Installing: /home/amigo-pi/amigo_ros2_pi/install/ublox_msgs/include/ublox_msgs/ublox_msgs/msg/detail/rxm_sfrbx__rosidl_typesupport_introspection_cpp.hpp\n'}
[677.950724] (ublox_msgs) StdoutLine: {'line': b'-- Installing: /home/amigo-pi/amigo_ros2_pi/install/ublox_msgs/include/ublox_msgs/ublox_msgs/msg/detail/cfg_usb__rosidl_typesupport_introspection_cpp.hpp\n'}
[677.951978] (ublox_msgs) StdoutLine: {'line': b'-- Installing: /home/amigo-pi/amigo_ros2_pi/install/ublox_msgs/include/ublox_msgs/ublox_msgs/msg/detail/cfg_nmea7__rosidl_typesupport_introspection_cpp.hpp\n'}
[677.953187] (ublox_msgs) StdoutLine: {'line': b'-- Installing: /home/amigo-pi/amigo_ros2_pi/install/ublox_msgs/include/ublox_msgs/ublox_msgs/msg/detail/nav_pvt7__rosidl_typesupport_introspection_cpp.hpp\n'}
[677.954404] (ublox_msgs) StdoutLine: {'line': b'-- Installing: /home/amigo-pi/amigo_ros2_pi/install/ublox_msgs/include/ublox_msgs/ublox_msgs/msg/detail/nav_pvt__type_support.cpp\n'}
[677.955766] (ublox_msgs) StdoutLine: {'line': b'-- Installing: /home/amigo-pi/amigo_ros2_pi/install/ublox_msgs/include/ublox_msgs/ublox_msgs/msg/detail/mon_hw__rosidl_typesupport_introspection_cpp.hpp\n'}
[677.957160] (-) TimerEvent: {}
[677.958365] (ublox_msgs) StdoutLine: {'line': b'-- Installing: /home/amigo-pi/amigo_ros2_pi/install/ublox_msgs/include/ublox_msgs/ublox_msgs/msg/detail/nav_att__type_support.cpp\n'}
[677.959587] (ublox_msgs) StdoutLine: {'line': b'-- Installing: /home/amigo-pi/amigo_ros2_pi/install/ublox_msgs/include/ublox_msgs/ublox_msgs/msg/detail/nav_dgps__type_support.cpp\n'}
[677.960823] (ublox_msgs) StdoutLine: {'line': b'-- Installing: /home/amigo-pi/amigo_ros2_pi/install/ublox_msgs/include/ublox_msgs/ublox_msgs/msg/detail/cfg_msg__type_support.cpp\n'}
[677.962033] (ublox_msgs) StdoutLine: {'line': b'-- Installing: /home/amigo-pi/amigo_ros2_pi/install/ublox_msgs/include/ublox_msgs/ublox_msgs/msg/detail/esf_status__rosidl_typesupport_introspection_cpp.hpp\n'}
[677.963314] (ublox_msgs) StdoutLine: {'line': b'-- Installing: /home/amigo-pi/amigo_ros2_pi/install/ublox_msgs/include/ublox_msgs/ublox_msgs/msg/detail/cfg_rate__rosidl_typesupport_introspection_cpp.hpp\n'}
[677.964581] (ublox_msgs) StdoutLine: {'line': b'-- Installing: /home/amigo-pi/amigo_ros2_pi/install/ublox_msgs/include/ublox_msgs/ublox_msgs/msg/detail/cfg_nmea__rosidl_typesupport_introspection_cpp.hpp\n'}
[677.965884] (ublox_msgs) StdoutLine: {'line': b'-- Installing: /home/amigo-pi/amigo_ros2_pi/install/ublox_msgs/include/ublox_msgs/ublox_msgs/msg/detail/mon_ver_extension__rosidl_typesupport_introspection_cpp.hpp\n'}
[677.967153] (ublox_msgs) StdoutLine: {'line': b'-- Installing: /home/amigo-pi/amigo_ros2_pi/install/ublox_msgs/include/ublox_msgs/ublox_msgs/msg/detail/esf_status__type_support.cpp\n'}
[677.968522] (ublox_msgs) StdoutLine: {'line': b'-- Installing: /home/amigo-pi/amigo_ros2_pi/install/ublox_msgs/include/ublox_msgs/ublox_msgs/msg/detail/tim_tm2__rosidl_typesupport_introspection_cpp.hpp\n'}
[677.969833] (ublox_msgs) StdoutLine: {'line': b'-- Installing: /home/amigo-pi/amigo_ros2_pi/install/ublox_msgs/include/ublox_msgs/ublox_msgs/msg/detail/nav_svinfosv__rosidl_typesupport_introspection_cpp.hpp\n'}
[677.971181] (ublox_msgs) StdoutLine: {'line': b'-- Installing: /home/amigo-pi/amigo_ros2_pi/install/ublox_msgs/include/ublox_msgs/ublox_msgs/msg/detail/cfg_rate__type_support.cpp\n'}
[677.972394] (ublox_msgs) StdoutLine: {'line': b'-- Installing: /home/amigo-pi/amigo_ros2_pi/install/ublox_msgs/include/ublox_msgs/ublox_msgs/msg/detail/cfg_dgnss__type_support.cpp\n'}
[677.973608] (ublox_msgs) StdoutLine: {'line': b'-- Installing: /home/amigo-pi/amigo_ros2_pi/install/ublox_msgs/include/ublox_msgs/ublox_msgs/msg/detail/rxm_svsi__rosidl_typesupport_introspection_cpp.hpp\n'}
[677.974977] (ublox_msgs) StdoutLine: {'line': b'-- Installing: /home/amigo-pi/amigo_ros2_pi/install/ublox_msgs/include/ublox_msgs/ublox_msgs/msg/detail/nav_dop__rosidl_typesupport_introspection_cpp.hpp\n'}
[677.976151] (ublox_msgs) StdoutLine: {'line': b'-- Installing: /home/amigo-pi/amigo_ros2_pi/install/ublox_msgs/include/ublox_msgs/ublox_msgs/msg/detail/upd_sos_ack__type_support.cpp\n'}
[677.977289] (ublox_msgs) StdoutLine: {'line': b'-- Installing: /home/amigo-pi/amigo_ros2_pi/install/ublox_msgs/include/ublox_msgs/ublox_msgs/msg/detail/nav_timegps__type_support.cpp\n'}
[677.978452] (ublox_msgs) StdoutLine: {'line': b'-- Installing: /home/amigo-pi/amigo_ros2_pi/install/ublox_msgs/include/ublox_msgs/ublox_msgs/msg/detail/aid_eph__type_support.cpp\n'}
[677.979646] (ublox_msgs) StdoutLine: {'line': b'-- Installing: /home/amigo-pi/amigo_ros2_pi/install/ublox_msgs/include/ublox_msgs/ublox_msgs/msg/detail/cfg_inf__type_support.cpp\n'}
[677.980848] (ublox_msgs) StdoutLine: {'line': b'-- Installing: /home/amigo-pi/amigo_ros2_pi/install/ublox_msgs/include/ublox_msgs/ublox_msgs/msg/detail/nav_velned__rosidl_typesupport_introspection_cpp.hpp\n'}
[677.982241] (ublox_msgs) StdoutLine: {'line': b'-- Installing: /home/amigo-pi/amigo_ros2_pi/install/ublox_msgs/include/ublox_msgs/ublox_msgs/msg/detail/cfg_gnss__type_support.cpp\n'}
[677.987547] (ublox_msgs) StdoutLine: {'line': b'-- Installing: /home/amigo-pi/amigo_ros2_pi/install/ublox_msgs/include/ublox_msgs/ublox_msgs/msg/detail/esf_ins__type_support.cpp\n'}
[677.988808] (ublox_msgs) StdoutLine: {'line': b'-- Installing: /home/amigo-pi/amigo_ros2_pi/install/ublox_msgs/include/ublox_msgs/ublox_msgs/msg/detail/cfg_cfg__type_support.cpp\n'}
[677.989424] (ublox_msgs) StdoutLine: {'line': b'-- Installing: /home/amigo-pi/amigo_ros2_pi/install/ublox_msgs/include/ublox_msgs/ublox_msgs/msg/detail/rxm_rawx_meas__type_support.cpp\n'}
[677.989981] (ublox_msgs) StdoutLine: {'line': b'-- Installing: /home/amigo-pi/amigo_ros2_pi/install/ublox_msgs/include/ublox_msgs/ublox_msgs/msg/detail/cfg_inf__rosidl_typesupport_introspection_cpp.hpp\n'}
[677.990641] (ublox_msgs) StdoutLine: {'line': b'-- Installing: /home/amigo-pi/amigo_ros2_pi/install/ublox_msgs/include/ublox_msgs/ublox_msgs/msg/detail/cfg_navx5__rosidl_typesupport_introspection_cpp.hpp\n'}
[677.991461] (ublox_msgs) StdoutLine: {'line': b'-- Installing: /home/amigo-pi/amigo_ros2_pi/install/ublox_msgs/include/ublox_msgs/ublox_msgs/msg/detail/nav_posllh__type_support.cpp\n'}
[677.992608] (ublox_msgs) StdoutLine: {'line': b'-- Installing: /home/amigo-pi/amigo_ros2_pi/install/ublox_msgs/include/ublox_msgs/ublox_msgs/msg/detail/cfg_dgnss__rosidl_typesupport_introspection_cpp.hpp\n'}
[677.993878] (ublox_msgs) StdoutLine: {'line': b'-- Installing: /home/amigo-pi/amigo_ros2_pi/install/ublox_msgs/include/ublox_msgs/ublox_msgs/msg/detail/cfg_nav5__rosidl_typesupport_introspection_cpp.hpp\n'}
[677.995151] (ublox_msgs) StdoutLine: {'line': b'-- Installing: /home/amigo-pi/amigo_ros2_pi/install/ublox_msgs/include/ublox_msgs/ublox_msgs/msg/detail/cfg_inf_block__type_support.cpp\n'}
[677.996422] (ublox_msgs) StdoutLine: {'line': b'-- Installing: /home/amigo-pi/amigo_ros2_pi/install/ublox_msgs/include/ublox_msgs/ublox_msgs/msg/detail/aid_hui__rosidl_typesupport_introspection_cpp.hpp\n'}
[677.997593] (ublox_msgs) StdoutLine: {'line': b'-- Installing: /home/amigo-pi/amigo_ros2_pi/install/ublox_msgs/include/ublox_msgs/ublox_msgs/msg/detail/nav_svin__type_support.cpp\n'}
[677.999094] (ublox_msgs) StdoutLine: {'line': b'-- Installing: /home/amigo-pi/amigo_ros2_pi/install/ublox_msgs/include/ublox_msgs/ublox_msgs/msg/detail/nav_sbas__rosidl_typesupport_introspection_cpp.hpp\n'}
[678.000435] (ublox_msgs) StdoutLine: {'line': b'-- Installing: /home/amigo-pi/amigo_ros2_pi/install/ublox_msgs/include/ublox_msgs/ublox_msgs/msg/detail/nav_sat__type_support.cpp\n'}
[678.001674] (ublox_msgs) StdoutLine: {'line': b'-- Installing: /home/amigo-pi/amigo_ros2_pi/install/ublox_msgs/include/ublox_msgs/ublox_msgs/msg/detail/cfg_gnss_block__rosidl_typesupport_introspection_cpp.hpp\n'}
[678.002948] (ublox_msgs) StdoutLine: {'line': b'-- Installing: /home/amigo-pi/amigo_ros2_pi/install/ublox_msgs/include/ublox_msgs/ublox_msgs/msg/detail/rxm_sfrb__type_support.cpp\n'}
[678.004065] (ublox_msgs) StdoutLine: {'line': b'-- Installing: /home/amigo-pi/amigo_ros2_pi/install/ublox_msgs/include/ublox_msgs/ublox_msgs/msg/detail/ack__type_support.cpp\n'}
[678.005260] (ublox_msgs) StdoutLine: {'line': b'-- Installing: /home/amigo-pi/amigo_ros2_pi/install/ublox_msgs/include/ublox_msgs/ublox_msgs/msg/detail/mon_gnss__rosidl_typesupport_introspection_cpp.hpp\n'}
[678.006470] (ublox_msgs) StdoutLine: {'line': b'-- Installing: /home/amigo-pi/amigo_ros2_pi/install/ublox_msgs/include/ublox_msgs/ublox_msgs/msg/detail/cfg_gnss_block__type_support.cpp\n'}
[678.007661] (ublox_msgs) StdoutLine: {'line': b'-- Installing: /home/amigo-pi/amigo_ros2_pi/install/ublox_msgs/include/ublox_msgs/ublox_msgs/msg/detail/cfg_rst__type_support.cpp\n'}
[678.008813] (ublox_msgs) StdoutLine: {'line': b'-- Installing: /home/amigo-pi/amigo_ros2_pi/install/ublox_msgs/include/ublox_msgs/ublox_msgs/msg/detail/cfg_sbas__rosidl_typesupport_introspection_cpp.hpp\n'}
[678.010230] (ublox_msgs) StdoutLine: {'line': b'-- Installing: /home/amigo-pi/amigo_ros2_pi/install/ublox_msgs/include/ublox_msgs/ublox_msgs/msg/detail/upd_sos__type_support.cpp\n'}
[678.011323] (ublox_msgs) StdoutLine: {'line': b'-- Installing: /home/amigo-pi/amigo_ros2_pi/install/ublox_msgs/include/ublox_msgs/ublox_msgs/msg/detail/rxm_rawx__type_support.cpp\n'}
[678.012535] (ublox_msgs) StdoutLine: {'line': b'-- Installing: /home/amigo-pi/amigo_ros2_pi/install/ublox_msgs/include/ublox_msgs/ublox_msgs/msg/detail/mon_hw__type_support.cpp\n'}
[678.013748] (ublox_msgs) StdoutLine: {'line': b'-- Installing: /home/amigo-pi/amigo_ros2_pi/install/ublox_msgs/include/ublox_msgs/ublox_msgs/msg/detail/nav_sbassv__rosidl_typesupport_introspection_cpp.hpp\n'}
[678.015233] (ublox_msgs) StdoutLine: {'line': b'-- Installing: /home/amigo-pi/amigo_ros2_pi/install/ublox_msgs/include/ublox_msgs/ublox_msgs/msg/detail/rxm_rawsv__rosidl_typesupport_introspection_cpp.hpp\n'}
[678.016435] (ublox_msgs) StdoutLine: {'line': b'-- Installing: /home/amigo-pi/amigo_ros2_pi/install/ublox_msgs/include/ublox_msgs/ublox_msgs/msg/detail/upd_sos_ack__rosidl_typesupport_introspection_cpp.hpp\n'}
[678.017606] (ublox_msgs) StdoutLine: {'line': b'-- Installing: /home/amigo-pi/amigo_ros2_pi/install/ublox_msgs/include/ublox_msgs/ublox_msgs/msg/detail/mga_gal__type_support.cpp\n'}
[678.018992] (ublox_msgs) StdoutLine: {'line': b'-- Installing: /home/amigo-pi/amigo_ros2_pi/install/ublox_msgs/include/ublox_msgs/ublox_msgs/msg/detail/cfg_cfg__rosidl_typesupport_introspection_cpp.hpp\n'}
[678.020174] (ublox_msgs) StdoutLine: {'line': b'-- Installing: /home/amigo-pi/amigo_ros2_pi/install/ublox_msgs/include/ublox_msgs/ublox_msgs/msg/detail/esf_meas__type_support.cpp\n'}
[678.021371] (ublox_msgs) StdoutLine: {'line': b'-- Installing: /home/amigo-pi/amigo_ros2_pi/install/ublox_msgs/include/ublox_msgs/ublox_msgs/msg/detail/nav_pvt__rosidl_typesupport_introspection_cpp.hpp\n'}
[678.022627] (ublox_msgs) StdoutLine: {'line': b'-- Installing: /home/amigo-pi/amigo_ros2_pi/install/ublox_msgs/include/ublox_msgs/ublox_msgs/msg/detail/mon_hw6__rosidl_typesupport_introspection_cpp.hpp\n'}
[678.023853] (ublox_msgs) StdoutLine: {'line': b'-- Installing: /home/amigo-pi/amigo_ros2_pi/install/ublox_msgs/include/ublox_msgs/ublox_msgs/msg/detail/cfg_inf_block__rosidl_typesupport_introspection_cpp.hpp\n'}
[678.025093] (ublox_msgs) StdoutLine: {'line': b'-- Installing: /home/amigo-pi/amigo_ros2_pi/install/ublox_msgs/include/ublox_msgs/ublox_msgs/msg/detail/ack__rosidl_typesupport_introspection_cpp.hpp\n'}
[678.026462] (ublox_msgs) StdoutLine: {'line': b'-- Installing: /home/amigo-pi/amigo_ros2_pi/install/ublox_msgs/include/ublox_msgs/ublox_msgs/msg/detail/nav_posllh__rosidl_typesupport_introspection_cpp.hpp\n'}
[678.027682] (ublox_msgs) StdoutLine: {'line': b'-- Installing: /home/amigo-pi/amigo_ros2_pi/install/ublox_msgs/include/ublox_msgs/ublox_msgs/msg/detail/nav_pvt7__type_support.cpp\n'}
[678.028959] (ublox_msgs) StdoutLine: {'line': b'-- Installing: /home/amigo-pi/amigo_ros2_pi/install/ublox_msgs/include/ublox_msgs/ublox_msgs/msg/detail/aid_alm__type_support.cpp\n'}
[678.030142] (ublox_msgs) StdoutLine: {'line': b'-- Installing: /home/amigo-pi/amigo_ros2_pi/install/ublox_msgs/include/ublox_msgs/ublox_msgs/msg/detail/inf__rosidl_typesupport_introspection_cpp.hpp\n'}
[678.031344] (ublox_msgs) StdoutLine: {'line': b'-- Installing: /home/amigo-pi/amigo_ros2_pi/install/ublox_msgs/include/ublox_msgs/ublox_msgs/msg/detail/nav_svinfo__type_support.cpp\n'}
[678.032504] (ublox_msgs) StdoutLine: {'line': b'-- Installing: /home/amigo-pi/amigo_ros2_pi/install/ublox_msgs/include/ublox_msgs/ublox_msgs/msg/detail/mga_gal__rosidl_typesupport_introspection_cpp.hpp\n'}
[678.033719] (ublox_msgs) StdoutLine: {'line': b'-- Installing: /home/amigo-pi/amigo_ros2_pi/install/ublox_msgs/include/ublox_msgs/ublox_msgs/msg/detail/nav_posecef__rosidl_typesupport_introspection_cpp.hpp\n'}
[678.034985] (ublox_msgs) StdoutLine: {'line': b'-- Installing: /home/amigo-pi/amigo_ros2_pi/install/ublox_msgs/include/ublox_msgs/ublox_msgs/msg/detail/rxm_rawsv__type_support.cpp\n'}
[678.036296] (ublox_msgs) StdoutLine: {'line': b'-- Installing: /home/amigo-pi/amigo_ros2_pi/install/ublox_msgs/include/ublox_msgs/ublox_msgs/msg/detail/rxm_alm__rosidl_typesupport_introspection_cpp.hpp\n'}
[678.037477] (ublox_msgs) StdoutLine: {'line': b'-- Installing: /home/amigo-pi/amigo_ros2_pi/install/ublox_msgs/include/ublox_msgs/ublox_msgs/msg/detail/cfg_tmode3__rosidl_typesupport_introspection_cpp.hpp\n'}
[678.038854] (ublox_msgs) StdoutLine: {'line': b'-- Installing: /home/amigo-pi/amigo_ros2_pi/install/ublox_msgs/include/ublox_msgs/ublox_msgs/msg/detail/nav_svin__rosidl_typesupport_introspection_cpp.hpp\n'}
[678.040245] (ublox_msgs) StdoutLine: {'line': b'-- Installing: /home/amigo-pi/amigo_ros2_pi/install/ublox_msgs/include/ublox_msgs/ublox_msgs/msg/detail/nav_att__rosidl_typesupport_introspection_cpp.hpp\n'}
[678.041400] (ublox_msgs) StdoutLine: {'line': b'-- Installing: /home/amigo-pi/amigo_ros2_pi/install/ublox_msgs/include/ublox_msgs/ublox_msgs/msg/detail/rxm_sfrbx__type_support.cpp\n'}
[678.042655] (ublox_msgs) StdoutLine: {'line': b'-- Installing: /home/amigo-pi/amigo_ros2_pi/install/ublox_msgs/include/ublox_msgs/ublox_msgs/msg/detail/nav_clock__rosidl_typesupport_introspection_cpp.hpp\n'}
[678.043875] (ublox_msgs) StdoutLine: {'line': b'-- Installing: /home/amigo-pi/amigo_ros2_pi/install/ublox_msgs/include/ublox_msgs/ublox_msgs/msg/detail/cfg_prt__rosidl_typesupport_introspection_cpp.hpp\n'}
[678.045083] (ublox_msgs) StdoutLine: {'line': b'-- Installing: /home/amigo-pi/amigo_ros2_pi/install/ublox_msgs/include/ublox_msgs/ublox_msgs/msg/detail/rxm_svsisv__type_support.cpp\n'}
[678.046387] (ublox_msgs) StdoutLine: {'line': b'-- Installing: /home/amigo-pi/amigo_ros2_pi/install/ublox_msgs/include/ublox_msgs/ublox_msgs/msg/detail/cfg_rst__rosidl_typesupport_introspection_cpp.hpp\n'}
[678.047629] (ublox_msgs) StdoutLine: {'line': b'-- Installing: /home/amigo-pi/amigo_ros2_pi/install/ublox_msgs/include/ublox_msgs/ublox_msgs/msg/detail/nav_relposned__type_support.cpp\n'}
[678.048878] (ublox_msgs) StdoutLine: {'line': b'-- Installing: /home/amigo-pi/amigo_ros2_pi/install/ublox_msgs/include/ublox_msgs/ublox_msgs/msg/detail/nav_status__rosidl_typesupport_introspection_cpp.hpp\n'}
[678.050145] (ublox_msgs) StdoutLine: {'line': b'-- Installing: /home/amigo-pi/amigo_ros2_pi/install/ublox_msgs/include/ublox_msgs/ublox_msgs/msg/detail/hnr_pvt__rosidl_typesupport_introspection_cpp.hpp\n'}
[678.051323] (ublox_msgs) StdoutLine: {'line': b'-- Installing: /home/amigo-pi/amigo_ros2_pi/install/ublox_msgs/include/ublox_msgs/ublox_msgs/msg/detail/rxm_svsi__type_support.cpp\n'}
[678.052452] (ublox_msgs) StdoutLine: {'line': b'-- Installing: /home/amigo-pi/amigo_ros2_pi/install/ublox_msgs/include/ublox_msgs/ublox_msgs/msg/detail/rxm_rtcm__type_support.cpp\n'}
[678.053609] (ublox_msgs) StdoutLine: {'line': b'-- Installing: /home/amigo-pi/amigo_ros2_pi/install/ublox_msgs/include/ublox_msgs/ublox_msgs/msg/detail/hnr_pvt__type_support.cpp\n'}
[678.055220] (ublox_msgs) StdoutLine: {'line': b'-- Installing: /home/amigo-pi/amigo_ros2_pi/install/ublox_msgs/include/ublox_msgs/ublox_msgs/msg/detail/cfg_ant__rosidl_typesupport_introspection_cpp.hpp\n'}
[678.056423] (ublox_msgs) StdoutLine: {'line': b'-- Installing: /home/amigo-pi/amigo_ros2_pi/install/ublox_msgs/include/ublox_msgs/ublox_msgs/msg/detail/nav_sol__rosidl_typesupport_introspection_cpp.hpp\n'}
[678.057264] (-) TimerEvent: {}
[678.057703] (ublox_msgs) StdoutLine: {'line': b'-- Installing: /home/amigo-pi/amigo_ros2_pi/install/ublox_msgs/include/ublox_msgs/ublox_msgs/msg/detail/cfg_dat__rosidl_typesupport_introspection_cpp.hpp\n'}
[678.059138] (ublox_msgs) StdoutLine: {'line': b'-- Installing: /home/amigo-pi/amigo_ros2_pi/install/ublox_msgs/include/ublox_msgs/ublox_msgs/msg/detail/cfg_nmea6__type_support.cpp\n'}
[678.060274] (ublox_msgs) StdoutLine: {'line': b'-- Installing: /home/amigo-pi/amigo_ros2_pi/install/ublox_msgs/include/ublox_msgs/ublox_msgs/msg/detail/cfg_gnss__rosidl_typesupport_introspection_cpp.hpp\n'}
[678.061455] (ublox_msgs) StdoutLine: {'line': b'-- Installing: /home/amigo-pi/amigo_ros2_pi/install/ublox_msgs/include/ublox_msgs/ublox_msgs/msg/detail/cfg_prt__type_support.cpp\n'}
[678.063437] (ublox_msgs) StdoutLine: {'line': b'-- Installing: /home/amigo-pi/amigo_ros2_pi/install/ublox_msgs/lib/libublox_msgs__rosidl_typesupport_introspection_cpp.so\n'}
[678.073773] (ublox_msgs) StdoutLine: {'line': b'-- Set runtime path of "/home/amigo-pi/amigo_ros2_pi/install/ublox_msgs/lib/libublox_msgs__rosidl_typesupport_introspection_cpp.so" to ""\n'}
[678.074544] (ublox_msgs) StdoutLine: {'line': b'-- Installing: /home/amigo-pi/amigo_ros2_pi/install/ublox_msgs/lib/libublox_msgs__rosidl_typesupport_cpp.so\n'}
[678.078898] (ublox_msgs) StdoutLine: {'line': b'-- Set runtime path of "/home/amigo-pi/amigo_ros2_pi/install/ublox_msgs/lib/libublox_msgs__rosidl_typesupport_cpp.so" to ""\n'}
[678.079520] (ublox_msgs) StdoutLine: {'line': b'-- Installing: /home/amigo-pi/amigo_ros2_pi/install/ublox_msgs/share/ublox_msgs/environment/pythonpath.sh\n'}
[678.081840] (ublox_msgs) StdoutLine: {'line': b'-- Installing: /home/amigo-pi/amigo_ros2_pi/install/ublox_msgs/share/ublox_msgs/environment/pythonpath.dsv\n'}
[678.084440] (ublox_msgs) StdoutLine: {'line': b'-- Installing: /home/amigo-pi/amigo_ros2_pi/install/ublox_msgs/local/lib/python3.10/dist-packages/ublox_msgs-2.2.0-py3.10.egg-info\n'}
[678.085556] (ublox_msgs) StdoutLine: {'line': b'-- Installing: /home/amigo-pi/amigo_ros2_pi/install/ublox_msgs/local/lib/python3.10/dist-packages/ublox_msgs-2.2.0-py3.10.egg-info/PKG-INFO\n'}
[678.087021] (ublox_msgs) StdoutLine: {'line': b'-- Installing: /home/amigo-pi/amigo_ros2_pi/install/ublox_msgs/local/lib/python3.10/dist-packages/ublox_msgs-2.2.0-py3.10.egg-info/top_level.txt\n'}
[678.088721] (ublox_msgs) StdoutLine: {'line': b'-- Installing: /home/amigo-pi/amigo_ros2_pi/install/ublox_msgs/local/lib/python3.10/dist-packages/ublox_msgs-2.2.0-py3.10.egg-info/dependency_links.txt\n'}
[678.090393] (ublox_msgs) StdoutLine: {'line': b'-- Installing: /home/amigo-pi/amigo_ros2_pi/install/ublox_msgs/local/lib/python3.10/dist-packages/ublox_msgs-2.2.0-py3.10.egg-info/SOURCES.txt\n'}
[678.092803] (ublox_msgs) StdoutLine: {'line': b'-- Installing: /home/amigo-pi/amigo_ros2_pi/install/ublox_msgs/local/lib/python3.10/dist-packages/ublox_msgs\n'}
[678.093688] (ublox_msgs) StdoutLine: {'line': b'-- Installing: /home/amigo-pi/amigo_ros2_pi/install/ublox_msgs/local/lib/python3.10/dist-packages/ublox_msgs/_ublox_msgs_s.ep.rosidl_typesupport_introspection_c.c\n'}
[678.098479] (ublox_msgs) StdoutLine: {'line': b'-- Installing: /home/amigo-pi/amigo_ros2_pi/install/ublox_msgs/local/lib/python3.10/dist-packages/ublox_msgs/msg\n'}
[678.100742] (ublox_msgs) StdoutLine: {'line': b'-- Installing: /home/amigo-pi/amigo_ros2_pi/install/ublox_msgs/local/lib/python3.10/dist-packages/ublox_msgs/msg/_cfg_msg_s.c\n'}
[678.101925] (ublox_msgs) StdoutLine: {'line': b'-- Installing: /home/amigo-pi/amigo_ros2_pi/install/ublox_msgs/local/lib/python3.10/dist-packages/ublox_msgs/msg/_cfg_inf.py\n'}
[678.103051] (ublox_msgs) StdoutLine: {'line': b'-- Installing: /home/amigo-pi/amigo_ros2_pi/install/ublox_msgs/local/lib/python3.10/dist-packages/ublox_msgs/msg/_cfg_gnss.py\n'}
[678.104091] (ublox_msgs) StdoutLine: {'line': b'-- Installing: /home/amigo-pi/amigo_ros2_pi/install/ublox_msgs/local/lib/python3.10/dist-packages/ublox_msgs/msg/_cfg_tmode3.py\n'}
[678.105304] (ublox_msgs) StdoutLine: {'line': b'-- Installing: /home/amigo-pi/amigo_ros2_pi/install/ublox_msgs/local/lib/python3.10/dist-packages/ublox_msgs/msg/_rxm_alm_s.c\n'}
[678.106340] (ublox_msgs) StdoutLine: {'line': b'-- Installing: /home/amigo-pi/amigo_ros2_pi/install/ublox_msgs/local/lib/python3.10/dist-packages/ublox_msgs/msg/_cfg_rst.py\n'}
[678.107400] (ublox_msgs) StdoutLine: {'line': b'-- Installing: /home/amigo-pi/amigo_ros2_pi/install/ublox_msgs/local/lib/python3.10/dist-packages/ublox_msgs/msg/_rxm_rawsv.py\n'}
[678.108523] (ublox_msgs) StdoutLine: {'line': b'-- Installing: /home/amigo-pi/amigo_ros2_pi/install/ublox_msgs/local/lib/python3.10/dist-packages/ublox_msgs/msg/_nav_clock.py\n'}
[678.109555] (ublox_msgs) StdoutLine: {'line': b'-- Installing: /home/amigo-pi/amigo_ros2_pi/install/ublox_msgs/local/lib/python3.10/dist-packages/ublox_msgs/msg/_rxm_rawx_meas_s.c\n'}
[678.110679] (ublox_msgs) StdoutLine: {'line': b'-- Installing: /home/amigo-pi/amigo_ros2_pi/install/ublox_msgs/local/lib/python3.10/dist-packages/ublox_msgs/msg/_mga_gal_s.c\n'}
[678.111881] (ublox_msgs) StdoutLine: {'line': b'-- Installing: /home/amigo-pi/amigo_ros2_pi/install/ublox_msgs/local/lib/python3.10/dist-packages/ublox_msgs/msg/_nav_relposned9.py\n'}
[678.113128] (ublox_msgs) StdoutLine: {'line': b'-- Installing: /home/amigo-pi/amigo_ros2_pi/install/ublox_msgs/local/lib/python3.10/dist-packages/ublox_msgs/msg/_cfg_prt.py\n'}
[678.114357] (ublox_msgs) StdoutLine: {'line': b'-- Installing: /home/amigo-pi/amigo_ros2_pi/install/ublox_msgs/local/lib/python3.10/dist-packages/ublox_msgs/msg/_esf_status.py\n'}
[678.115556] (ublox_msgs) StdoutLine: {'line': b'-- Installing: /home/amigo-pi/amigo_ros2_pi/install/ublox_msgs/local/lib/python3.10/dist-packages/ublox_msgs/msg/_nav_dop_s.c\n'}
[678.116580] (ublox_msgs) StdoutLine: {'line': b'-- Installing: /home/amigo-pi/amigo_ros2_pi/install/ublox_msgs/local/lib/python3.10/dist-packages/ublox_msgs/msg/_cfg_gnss_block.py\n'}
[678.117769] (ublox_msgs) StdoutLine: {'line': b'-- Installing: /home/amigo-pi/amigo_ros2_pi/install/ublox_msgs/local/lib/python3.10/dist-packages/ublox_msgs/msg/_rxm_rawx_s.c\n'}
[678.118888] (ublox_msgs) StdoutLine: {'line': b'-- Installing: /home/amigo-pi/amigo_ros2_pi/install/ublox_msgs/local/lib/python3.10/dist-packages/ublox_msgs/msg/_rxm_rtcm_s.c\n'}
[678.119911] (ublox_msgs) StdoutLine: {'line': b'-- Installing: /home/amigo-pi/amigo_ros2_pi/install/ublox_msgs/local/lib/python3.10/dist-packages/ublox_msgs/msg/_rxm_sfrb_s.c\n'}
[678.121012] (ublox_msgs) StdoutLine: {'line': b'-- Installing: /home/amigo-pi/amigo_ros2_pi/install/ublox_msgs/local/lib/python3.10/dist-packages/ublox_msgs/msg/_cfg_cfg.py\n'}
[678.122098] (ublox_msgs) StdoutLine: {'line': b'-- Installing: /home/amigo-pi/amigo_ros2_pi/install/ublox_msgs/local/lib/python3.10/dist-packages/ublox_msgs/msg/_nav_att_s.c\n'}
[678.123223] (ublox_msgs) StdoutLine: {'line': b'-- Installing: /home/amigo-pi/amigo_ros2_pi/install/ublox_msgs/local/lib/python3.10/dist-packages/ublox_msgs/msg/_cfg_inf_block.py\n'}
[678.124305] (ublox_msgs) StdoutLine: {'line': b'-- Installing: /home/amigo-pi/amigo_ros2_pi/install/ublox_msgs/local/lib/python3.10/dist-packages/ublox_msgs/msg/_cfg_nmea_s.c\n'}
[678.125374] (ublox_msgs) StdoutLine: {'line': b'-- Installing: /home/amigo-pi/amigo_ros2_pi/install/ublox_msgs/local/lib/python3.10/dist-packages/ublox_msgs/msg/_cfg_inf_block_s.c\n'}
[678.126447] (ublox_msgs) StdoutLine: {'line': b'-- Installing: /home/amigo-pi/amigo_ros2_pi/install/ublox_msgs/local/lib/python3.10/dist-packages/ublox_msgs/msg/_cfg_rate.py\n'}
[678.127562] (ublox_msgs) StdoutLine: {'line': b'-- Installing: /home/amigo-pi/amigo_ros2_pi/install/ublox_msgs/local/lib/python3.10/dist-packages/ublox_msgs/msg/_nav_sbassv_s.c\n'}
[678.128562] (ublox_msgs) StdoutLine: {'line': b'-- Installing: /home/amigo-pi/amigo_ros2_pi/install/ublox_msgs/local/lib/python3.10/dist-packages/ublox_msgs/msg/_rxm_raw_s.c\n'}
[678.129591] (ublox_msgs) StdoutLine: {'line': b'-- Installing: /home/amigo-pi/amigo_ros2_pi/install/ublox_msgs/local/lib/python3.10/dist-packages/ublox_msgs/msg/_cfg_rate_s.c\n'}
[678.130772] (ublox_msgs) StdoutLine: {'line': b'-- Installing: /home/amigo-pi/amigo_ros2_pi/install/ublox_msgs/local/lib/python3.10/dist-packages/ublox_msgs/msg/_cfg_ant.py\n'}
[678.131783] (ublox_msgs) StdoutLine: {'line': b'-- Installing: /home/amigo-pi/amigo_ros2_pi/install/ublox_msgs/local/lib/python3.10/dist-packages/ublox_msgs/msg/_nav_pvt.py\n'}
[678.133085] (ublox_msgs) StdoutLine: {'line': b'-- Installing: /home/amigo-pi/amigo_ros2_pi/install/ublox_msgs/local/lib/python3.10/dist-packages/ublox_msgs/msg/_mon_gnss.py\n'}
[678.134183] (ublox_msgs) StdoutLine: {'line': b'-- Installing: /home/amigo-pi/amigo_ros2_pi/install/ublox_msgs/local/lib/python3.10/dist-packages/ublox_msgs/msg/_nav_velned.py\n'}
[678.135265] (ublox_msgs) StdoutLine: {'line': b'-- Installing: /home/amigo-pi/amigo_ros2_pi/install/ublox_msgs/local/lib/python3.10/dist-packages/ublox_msgs/msg/_mon_hw6_s.c\n'}
[678.136373] (ublox_msgs) StdoutLine: {'line': b'-- Installing: /home/amigo-pi/amigo_ros2_pi/install/ublox_msgs/local/lib/python3.10/dist-packages/ublox_msgs/msg/_esf_raw_block.py\n'}
[678.137448] (ublox_msgs) StdoutLine: {'line': b'-- Installing: /home/amigo-pi/amigo_ros2_pi/install/ublox_msgs/local/lib/python3.10/dist-packages/ublox_msgs/msg/_nav_sbas.py\n'}
[678.138855] (ublox_msgs) StdoutLine: {'line': b'-- Installing: /home/amigo-pi/amigo_ros2_pi/install/ublox_msgs/local/lib/python3.10/dist-packages/ublox_msgs/msg/_rxm_svsi_s.c\n'}
[678.139909] (ublox_msgs) StdoutLine: {'line': b'-- Installing: /home/amigo-pi/amigo_ros2_pi/install/ublox_msgs/local/lib/python3.10/dist-packages/ublox_msgs/msg/_nav_dgpssv_s.c\n'}
[678.141079] (ublox_msgs) StdoutLine: {'line': b'-- Installing: /home/amigo-pi/amigo_ros2_pi/install/ublox_msgs/local/lib/python3.10/dist-packages/ublox_msgs/msg/_upd_sos_ack_s.c\n'}
[678.142218] (ublox_msgs) StdoutLine: {'line': b'-- Installing: /home/amigo-pi/amigo_ros2_pi/install/ublox_msgs/local/lib/python3.10/dist-packages/ublox_msgs/msg/_ack.py\n'}
[678.143229] (ublox_msgs) StdoutLine: {'line': b'-- Installing: /home/amigo-pi/amigo_ros2_pi/install/ublox_msgs/local/lib/python3.10/dist-packages/ublox_msgs/msg/_nav_satsv_s.c\n'}
[678.144324] (ublox_msgs) StdoutLine: {'line': b'-- Installing: /home/amigo-pi/amigo_ros2_pi/install/ublox_msgs/local/lib/python3.10/dist-packages/ublox_msgs/msg/_nav_clock_s.c\n'}
[678.145363] (ublox_msgs) StdoutLine: {'line': b'-- Installing: /home/amigo-pi/amigo_ros2_pi/install/ublox_msgs/local/lib/python3.10/dist-packages/ublox_msgs/msg/_nav_pvt7_s.c\n'}
[678.146778] (ublox_msgs) StdoutLine: {'line': b'-- Installing: /home/amigo-pi/amigo_ros2_pi/install/ublox_msgs/local/lib/python3.10/dist-packages/ublox_msgs/msg/_nav_relposned.py\n'}
[678.147972] (ublox_msgs) StdoutLine: {'line': b'-- Installing: /home/amigo-pi/amigo_ros2_pi/install/ublox_msgs/local/lib/python3.10/dist-packages/ublox_msgs/msg/_mon_ver_extension.py\n'}
[678.149017] (ublox_msgs) StdoutLine: {'line': b'-- Installing: /home/amigo-pi/amigo_ros2_pi/install/ublox_msgs/local/lib/python3.10/dist-packages/ublox_msgs/msg/_rxm_sfrb.py\n'}
[678.150126] (ublox_msgs) StdoutLine: {'line': b'-- Installing: /home/amigo-pi/amigo_ros2_pi/install/ublox_msgs/local/lib/python3.10/dist-packages/ublox_msgs/msg/_rxm_sfrbx.py\n'}
[678.151216] (ublox_msgs) StdoutLine: {'line': b'-- Installing: /home/amigo-pi/amigo_ros2_pi/install/ublox_msgs/local/lib/python3.10/dist-packages/ublox_msgs/msg/_tim_tm2.py\n'}
[678.152341] (ublox_msgs) StdoutLine: {'line': b'-- Installing: /home/amigo-pi/amigo_ros2_pi/install/ublox_msgs/local/lib/python3.10/dist-packages/ublox_msgs/msg/_cfg_inf_s.c\n'}
[678.153359] (ublox_msgs) StdoutLine: {'line': b'-- Installing: /home/amigo-pi/amigo_ros2_pi/install/ublox_msgs/local/lib/python3.10/dist-packages/ublox_msgs/msg/_nav_svin_s.c\n'}
[678.154600] (ublox_msgs) StdoutLine: {'line': b'-- Installing: /home/amigo-pi/amigo_ros2_pi/install/ublox_msgs/local/lib/python3.10/dist-packages/ublox_msgs/msg/_rxm_svsisv_s.c\n'}
[678.155646] (ublox_msgs) StdoutLine: {'line': b'-- Installing: /home/amigo-pi/amigo_ros2_pi/install/ublox_msgs/local/lib/python3.10/dist-packages/ublox_msgs/msg/_nav_timegps.py\n'}
[678.156842] (ublox_msgs) StdoutLine: {'line': b'-- Installing: /home/amigo-pi/amigo_ros2_pi/install/ublox_msgs/local/lib/python3.10/dist-packages/ublox_msgs/msg/_cfg_hnr.py\n'}
[678.157377] (-) TimerEvent: {}
[678.157899] (ublox_msgs) StdoutLine: {'line': b'-- Installing: /home/amigo-pi/amigo_ros2_pi/install/ublox_msgs/local/lib/python3.10/dist-packages/ublox_msgs/msg/_cfg_nmea7.py\n'}
[678.159137] (ublox_msgs) StdoutLine: {'line': b'-- Installing: /home/amigo-pi/amigo_ros2_pi/install/ublox_msgs/local/lib/python3.10/dist-packages/ublox_msgs/msg/_aid_eph_s.c\n'}
[678.160290] (ublox_msgs) StdoutLine: {'line': b'-- Installing: /home/amigo-pi/amigo_ros2_pi/install/ublox_msgs/local/lib/python3.10/dist-packages/ublox_msgs/msg/_cfg_usb.py\n'}
[678.161422] (ublox_msgs) StdoutLine: {'line': b'-- Installing: /home/amigo-pi/amigo_ros2_pi/install/ublox_msgs/local/lib/python3.10/dist-packages/ublox_msgs/msg/_rxm_sfrbx_s.c\n'}
[678.162602] (ublox_msgs) StdoutLine: {'line': b'-- Installing: /home/amigo-pi/amigo_ros2_pi/install/ublox_msgs/local/lib/python3.10/dist-packages/ublox_msgs/msg/_nav_pvt_s.c\n'}
[678.163757] (ublox_msgs) StdoutLine: {'line': b'-- Installing: /home/amigo-pi/amigo_ros2_pi/install/ublox_msgs/local/lib/python3.10/dist-packages/ublox_msgs/msg/_nav_svinfo_s.c\n'}
[678.164794] (ublox_msgs) StdoutLine: {'line': b'-- Installing: /home/amigo-pi/amigo_ros2_pi/install/ublox_msgs/local/lib/python3.10/dist-packages/ublox_msgs/msg/_esf_raw_s.c\n'}
[678.165842] (ublox_msgs) StdoutLine: {'line': b'-- Installing: /home/amigo-pi/amigo_ros2_pi/install/ublox_msgs/local/lib/python3.10/dist-packages/ublox_msgs/msg/_upd_sos.py\n'}
[678.167059] (ublox_msgs) StdoutLine: {'line': b'-- Installing: /home/amigo-pi/amigo_ros2_pi/install/ublox_msgs/local/lib/python3.10/dist-packages/ublox_msgs/msg/_esf_status_sens.py\n'}
[678.168158] (ublox_msgs) StdoutLine: {'line': b'-- Installing: /home/amigo-pi/amigo_ros2_pi/install/ublox_msgs/local/lib/python3.10/dist-packages/ublox_msgs/msg/_hnr_pvt.py\n'}
[678.169476] (ublox_msgs) StdoutLine: {'line': b'-- Installing: /home/amigo-pi/amigo_ros2_pi/install/ublox_msgs/local/lib/python3.10/dist-packages/ublox_msgs/msg/_cfg_cfg_s.c\n'}
[678.170561] (ublox_msgs) StdoutLine: {'line': b'-- Installing: /home/amigo-pi/amigo_ros2_pi/install/ublox_msgs/local/lib/python3.10/dist-packages/ublox_msgs/msg/_nav_dop.py\n'}
[678.171669] (ublox_msgs) StdoutLine: {'line': b'-- Installing: /home/amigo-pi/amigo_ros2_pi/install/ublox_msgs/local/lib/python3.10/dist-packages/ublox_msgs/msg/_esf_raw.py\n'}
[678.172708] (ublox_msgs) StdoutLine: {'line': b'-- Installing: /home/amigo-pi/amigo_ros2_pi/install/ublox_msgs/local/lib/python3.10/dist-packages/ublox_msgs/msg/_cfg_prt_s.c\n'}
[678.173775] (ublox_msgs) StdoutLine: {'line': b'-- Installing: /home/amigo-pi/amigo_ros2_pi/install/ublox_msgs/local/lib/python3.10/dist-packages/ublox_msgs/msg/_nav_status_s.c\n'}
[678.174941] (ublox_msgs) StdoutLine: {'line': b'-- Installing: /home/amigo-pi/amigo_ros2_pi/install/ublox_msgs/local/lib/python3.10/dist-packages/ublox_msgs/msg/_rxm_svsi.py\n'}
[678.176015] (ublox_msgs) StdoutLine: {'line': b'-- Installing: /home/amigo-pi/amigo_ros2_pi/install/ublox_msgs/local/lib/python3.10/dist-packages/ublox_msgs/msg/__init__.py\n'}
[678.177086] (ublox_msgs) StdoutLine: {'line': b'-- Installing: /home/amigo-pi/amigo_ros2_pi/install/ublox_msgs/local/lib/python3.10/dist-packages/ublox_msgs/msg/_cfg_nmea.py\n'}
[678.178418] (ublox_msgs) StdoutLine: {'line': b'-- Installing: /home/amigo-pi/amigo_ros2_pi/install/ublox_msgs/local/lib/python3.10/dist-packages/ublox_msgs/msg/_aid_eph.py\n'}
[678.179483] (ublox_msgs) StdoutLine: {'line': b'-- Installing: /home/amigo-pi/amigo_ros2_pi/install/ublox_msgs/local/lib/python3.10/dist-packages/ublox_msgs/msg/_cfg_ant_s.c\n'}
[678.180488] (ublox_msgs) StdoutLine: {'line': b'-- Installing: /home/amigo-pi/amigo_ros2_pi/install/ublox_msgs/local/lib/python3.10/dist-packages/ublox_msgs/msg/_nav_posllh_s.c\n'}
[678.181577] (ublox_msgs) StdoutLine: {'line': b'-- Installing: /home/amigo-pi/amigo_ros2_pi/install/ublox_msgs/local/lib/python3.10/dist-packages/ublox_msgs/msg/_nav_dgps.py\n'}
[678.182702] (ublox_msgs) StdoutLine: {'line': b'-- Installing: /home/amigo-pi/amigo_ros2_pi/install/ublox_msgs/local/lib/python3.10/dist-packages/ublox_msgs/msg/_nav_timeutc_s.c\n'}
[678.183893] (ublox_msgs) StdoutLine: {'line': b'-- Installing: /home/amigo-pi/amigo_ros2_pi/install/ublox_msgs/local/lib/python3.10/dist-packages/ublox_msgs/msg/_rxm_eph_s.c\n'}
[678.185182] (ublox_msgs) StdoutLine: {'line': b'-- Installing: /home/amigo-pi/amigo_ros2_pi/install/ublox_msgs/local/lib/python3.10/dist-packages/ublox_msgs/msg/_nav_timeutc.py\n'}
[678.186581] (ublox_msgs) StdoutLine: {'line': b'-- Installing: /home/amigo-pi/amigo_ros2_pi/install/ublox_msgs/local/lib/python3.10/dist-packages/ublox_msgs/msg/_nav_velecef.py\n'}
[678.187824] (ublox_msgs) StdoutLine: {'line': b'-- Installing: /home/amigo-pi/amigo_ros2_pi/install/ublox_msgs/local/lib/python3.10/dist-packages/ublox_msgs/msg/_nav_sbassv.py\n'}
[678.189846] (ublox_msgs) StdoutLine: {'line': b'-- Installing: /home/amigo-pi/amigo_ros2_pi/install/ublox_msgs/local/lib/python3.10/dist-packages/ublox_msgs/msg/_nav_svinfosv_s.c\n'}
[678.191790] (ublox_msgs) StdoutLine: {'line': b'-- Installing: /home/amigo-pi/amigo_ros2_pi/install/ublox_msgs/local/lib/python3.10/dist-packages/ublox_msgs/msg/_esf_ins.py\n'}
[678.192973] (ublox_msgs) StdoutLine: {'line': b'-- Installing: /home/amigo-pi/amigo_ros2_pi/install/ublox_msgs/local/lib/python3.10/dist-packages/ublox_msgs/msg/_inf.py\n'}
[678.194268] (ublox_msgs) StdoutLine: {'line': b'-- Installing: /home/amigo-pi/amigo_ros2_pi/install/ublox_msgs/local/lib/python3.10/dist-packages/ublox_msgs/msg/_nav_svin.py\n'}
[678.195469] (ublox_msgs) StdoutLine: {'line': b'-- Installing: /home/amigo-pi/amigo_ros2_pi/install/ublox_msgs/local/lib/python3.10/dist-packages/ublox_msgs/msg/_mon_hw6.py\n'}
[678.196685] (ublox_msgs) StdoutLine: {'line': b'-- Installing: /home/amigo-pi/amigo_ros2_pi/install/ublox_msgs/local/lib/python3.10/dist-packages/ublox_msgs/msg/_rxm_raw.py\n'}
[678.197732] (ublox_msgs) StdoutLine: {'line': b'-- Installing: /home/amigo-pi/amigo_ros2_pi/install/ublox_msgs/local/lib/python3.10/dist-packages/ublox_msgs/msg/_nav_sat.py\n'}
[678.198874] (ublox_msgs) StdoutLine: {'line': b'-- Installing: /home/amigo-pi/amigo_ros2_pi/install/ublox_msgs/local/lib/python3.10/dist-packages/ublox_msgs/msg/_nav_posllh.py\n'}
[678.200055] (ublox_msgs) StdoutLine: {'line': b'-- Installing: /home/amigo-pi/amigo_ros2_pi/install/ublox_msgs/local/lib/python3.10/dist-packages/ublox_msgs/msg/_mga_gal.py\n'}
[678.201371] (ublox_msgs) StdoutLine: {'line': b'-- Installing: /home/amigo-pi/amigo_ros2_pi/install/ublox_msgs/local/lib/python3.10/dist-packages/ublox_msgs/msg/_mon_ver_extension_s.c\n'}
[678.202614] (ublox_msgs) StdoutLine: {'line': b'-- Installing: /home/amigo-pi/amigo_ros2_pi/install/ublox_msgs/local/lib/python3.10/dist-packages/ublox_msgs/msg/_nav_sat_s.c\n'}
[678.203654] (ublox_msgs) StdoutLine: {'line': b'-- Installing: /home/amigo-pi/amigo_ros2_pi/install/ublox_msgs/local/lib/python3.10/dist-packages/ublox_msgs/msg/_cfg_nmea7_s.c\n'}
[678.204702] (ublox_msgs) StdoutLine: {'line': b'-- Installing: /home/amigo-pi/amigo_ros2_pi/install/ublox_msgs/local/lib/python3.10/dist-packages/ublox_msgs/msg/_nav_sol_s.c\n'}
[678.205835] (ublox_msgs) StdoutLine: {'line': b'-- Installing: /home/amigo-pi/amigo_ros2_pi/install/ublox_msgs/local/lib/python3.10/dist-packages/ublox_msgs/msg/_cfg_usb_s.c\n'}
[678.207081] (ublox_msgs) StdoutLine: {'line': b'-- Installing: /home/amigo-pi/amigo_ros2_pi/install/ublox_msgs/local/lib/python3.10/dist-packages/ublox_msgs/msg/_esf_meas_s.c\n'}
[678.208118] (ublox_msgs) StdoutLine: {'line': b'-- Installing: /home/amigo-pi/amigo_ros2_pi/install/ublox_msgs/local/lib/python3.10/dist-packages/ublox_msgs/msg/_rxm_rawx.py\n'}
[678.209221] (ublox_msgs) StdoutLine: {'line': b'-- Installing: /home/amigo-pi/amigo_ros2_pi/install/ublox_msgs/local/lib/python3.10/dist-packages/ublox_msgs/msg/_cfg_nmea6_s.c\n'}
[678.210350] (ublox_msgs) StdoutLine: {'line': b'-- Installing: /home/amigo-pi/amigo_ros2_pi/install/ublox_msgs/local/lib/python3.10/dist-packages/ublox_msgs/msg/_nav_posecef.py\n'}
[678.211501] (ublox_msgs) StdoutLine: {'line': b'-- Installing: /home/amigo-pi/amigo_ros2_pi/install/ublox_msgs/local/lib/python3.10/dist-packages/ublox_msgs/msg/_nav_dgpssv.py\n'}
[678.212578] (ublox_msgs) StdoutLine: {'line': b'-- Installing: /home/amigo-pi/amigo_ros2_pi/install/ublox_msgs/local/lib/python3.10/dist-packages/ublox_msgs/msg/_nav_sbas_s.c\n'}
[678.213675] (ublox_msgs) StdoutLine: {'line': b'-- Installing: /home/amigo-pi/amigo_ros2_pi/install/ublox_msgs/local/lib/python3.10/dist-packages/ublox_msgs/msg/_esf_status_sens_s.c\n'}
[678.214887] (ublox_msgs) StdoutLine: {'line': b'-- Installing: /home/amigo-pi/amigo_ros2_pi/install/ublox_msgs/local/lib/python3.10/dist-packages/ublox_msgs/msg/_cfg_navx5_s.c\n'}
[678.216080] (ublox_msgs) StdoutLine: {'line': b'-- Installing: /home/amigo-pi/amigo_ros2_pi/install/ublox_msgs/local/lib/python3.10/dist-packages/ublox_msgs/msg/_mon_gnss_s.c\n'}
[678.217117] (ublox_msgs) StdoutLine: {'line': b'-- Installing: /home/amigo-pi/amigo_ros2_pi/install/ublox_msgs/local/lib/python3.10/dist-packages/ublox_msgs/msg/_esf_ins_s.c\n'}
[678.218451] (ublox_msgs) StdoutLine: {'line': b'-- Installing: /home/amigo-pi/amigo_ros2_pi/install/ublox_msgs/local/lib/python3.10/dist-packages/ublox_msgs/msg/_mon_hw.py\n'}
[678.219628] (ublox_msgs) StdoutLine: {'line': b'-- Installing: /home/amigo-pi/amigo_ros2_pi/install/ublox_msgs/local/lib/python3.10/dist-packages/ublox_msgs/msg/_nav_satsv.py\n'}
[678.220765] (ublox_msgs) StdoutLine: {'line': b'-- Installing: /home/amigo-pi/amigo_ros2_pi/install/ublox_msgs/local/lib/python3.10/dist-packages/ublox_msgs/msg/_nav_att.py\n'}
[678.221836] (ublox_msgs) StdoutLine: {'line': b'-- Installing: /home/amigo-pi/amigo_ros2_pi/install/ublox_msgs/local/lib/python3.10/dist-packages/ublox_msgs/msg/_cfg_sbas_s.c\n'}
[678.222950] (ublox_msgs) StdoutLine: {'line': b'-- Installing: /home/amigo-pi/amigo_ros2_pi/install/ublox_msgs/local/lib/python3.10/dist-packages/ublox_msgs/msg/_cfg_hnr_s.c\n'}
[678.223953] (ublox_msgs) StdoutLine: {'line': b'-- Installing: /home/amigo-pi/amigo_ros2_pi/install/ublox_msgs/local/lib/python3.10/dist-packages/ublox_msgs/msg/_nav_sol.py\n'}
[678.225097] (ublox_msgs) StdoutLine: {'line': b'-- Installing: /home/amigo-pi/amigo_ros2_pi/install/ublox_msgs/local/lib/python3.10/dist-packages/ublox_msgs/msg/_upd_sos_s.c\n'}
[678.226336] (ublox_msgs) StdoutLine: {'line': b'-- Installing: /home/amigo-pi/amigo_ros2_pi/install/ublox_msgs/local/lib/python3.10/dist-packages/ublox_msgs/msg/_cfg_rst_s.c\n'}
[678.227374] (ublox_msgs) StdoutLine: {'line': b'-- Installing: /home/amigo-pi/amigo_ros2_pi/install/ublox_msgs/local/lib/python3.10/dist-packages/ublox_msgs/msg/_inf_s.c\n'}
[678.228392] (ublox_msgs) StdoutLine: {'line': b'-- Installing: /home/amigo-pi/amigo_ros2_pi/install/ublox_msgs/local/lib/python3.10/dist-packages/ublox_msgs/msg/_hnr_pvt_s.c\n'}
[678.229527] (ublox_msgs) StdoutLine: {'line': b'-- Installing: /home/amigo-pi/amigo_ros2_pi/install/ublox_msgs/local/lib/python3.10/dist-packages/ublox_msgs/msg/_esf_status_s.c\n'}
[678.230684] (ublox_msgs) StdoutLine: {'line': b'-- Installing: /home/amigo-pi/amigo_ros2_pi/install/ublox_msgs/local/lib/python3.10/dist-packages/ublox_msgs/msg/_rxm_rawsv_s.c\n'}
[678.231784] (ublox_msgs) StdoutLine: {'line': b'-- Installing: /home/amigo-pi/amigo_ros2_pi/install/ublox_msgs/local/lib/python3.10/dist-packages/ublox_msgs/msg/_nav_svinfo.py\n'}
[678.232885] (ublox_msgs) StdoutLine: {'line': b'-- Installing: /home/amigo-pi/amigo_ros2_pi/install/ublox_msgs/local/lib/python3.10/dist-packages/ublox_msgs/msg/_rxm_svsisv.py\n'}
[678.233986] (ublox_msgs) StdoutLine: {'line': b'-- Installing: /home/amigo-pi/amigo_ros2_pi/install/ublox_msgs/local/lib/python3.10/dist-packages/ublox_msgs/msg/_nav_posecef_s.c\n'}
[678.235111] (ublox_msgs) StdoutLine: {'line': b'-- Installing: /home/amigo-pi/amigo_ros2_pi/install/ublox_msgs/local/lib/python3.10/dist-packages/ublox_msgs/msg/_aid_alm.py\n'}
[678.236113] (ublox_msgs) StdoutLine: {'line': b'-- Installing: /home/amigo-pi/amigo_ros2_pi/install/ublox_msgs/local/lib/python3.10/dist-packages/ublox_msgs/msg/_cfg_nmea6.py\n'}
[678.237187] (ublox_msgs) StdoutLine: {'line': b'-- Installing: /home/amigo-pi/amigo_ros2_pi/install/ublox_msgs/local/lib/python3.10/dist-packages/ublox_msgs/msg/_nav_pvt7.py\n'}
[678.238663] (ublox_msgs) StdoutLine: {'line': b'-- Installing: /home/amigo-pi/amigo_ros2_pi/install/ublox_msgs/local/lib/python3.10/dist-packages/ublox_msgs/msg/_cfg_gnss_block_s.c\n'}
[678.239774] (ublox_msgs) StdoutLine: {'line': b'-- Installing: /home/amigo-pi/amigo_ros2_pi/install/ublox_msgs/local/lib/python3.10/dist-packages/ublox_msgs/msg/_upd_sos_ack.py\n'}
[678.240928] (ublox_msgs) StdoutLine: {'line': b'-- Installing: /home/amigo-pi/amigo_ros2_pi/install/ublox_msgs/local/lib/python3.10/dist-packages/ublox_msgs/msg/_mon_ver.py\n'}
[678.242130] (ublox_msgs) StdoutLine: {'line': b'-- Installing: /home/amigo-pi/amigo_ros2_pi/install/ublox_msgs/local/lib/python3.10/dist-packages/ublox_msgs/msg/_aid_hui_s.c\n'}
[678.243312] (ublox_msgs) StdoutLine: {'line': b'-- Installing: /home/amigo-pi/amigo_ros2_pi/install/ublox_msgs/local/lib/python3.10/dist-packages/ublox_msgs/msg/_nav_velned_s.c\n'}
[678.244362] (ublox_msgs) StdoutLine: {'line': b'-- Installing: /home/amigo-pi/amigo_ros2_pi/install/ublox_msgs/local/lib/python3.10/dist-packages/ublox_msgs/msg/_tim_tm2_s.c\n'}
[678.245479] (ublox_msgs) StdoutLine: {'line': b'-- Installing: /home/amigo-pi/amigo_ros2_pi/install/ublox_msgs/local/lib/python3.10/dist-packages/ublox_msgs/msg/_nav_status.py\n'}
[678.246694] (ublox_msgs) StdoutLine: {'line': b'-- Installing: /home/amigo-pi/amigo_ros2_pi/install/ublox_msgs/local/lib/python3.10/dist-packages/ublox_msgs/msg/_ack_s.c\n'}
[678.247708] (ublox_msgs) StdoutLine: {'line': b'-- Installing: /home/amigo-pi/amigo_ros2_pi/install/ublox_msgs/local/lib/python3.10/dist-packages/ublox_msgs/msg/_cfg_dgnss_s.c\n'}
[678.248815] (ublox_msgs) StdoutLine: {'line': b'-- Installing: /home/amigo-pi/amigo_ros2_pi/install/ublox_msgs/local/lib/python3.10/dist-packages/ublox_msgs/msg/_cfg_tmode3_s.c\n'}
[678.250135] (ublox_msgs) StdoutLine: {'line': b'-- Installing: /home/amigo-pi/amigo_ros2_pi/install/ublox_msgs/local/lib/python3.10/dist-packages/ublox_msgs/msg/_cfg_gnss_s.c\n'}
[678.251177] (ublox_msgs) StdoutLine: {'line': b'-- Installing: /home/amigo-pi/amigo_ros2_pi/install/ublox_msgs/local/lib/python3.10/dist-packages/ublox_msgs/msg/_cfg_navx5.py\n'}
[678.252367] (ublox_msgs) StdoutLine: {'line': b'-- Installing: /home/amigo-pi/amigo_ros2_pi/install/ublox_msgs/local/lib/python3.10/dist-packages/ublox_msgs/msg/_esf_meas.py\n'}
[678.253523] (ublox_msgs) StdoutLine: {'line': b'-- Installing: /home/amigo-pi/amigo_ros2_pi/install/ublox_msgs/local/lib/python3.10/dist-packages/ublox_msgs/msg/_cfg_dgnss.py\n'}
[678.254611] (ublox_msgs) StdoutLine: {'line': b'-- Installing: /home/amigo-pi/amigo_ros2_pi/install/ublox_msgs/local/lib/python3.10/dist-packages/ublox_msgs/msg/_cfg_sbas.py\n'}
[678.255725] (ublox_msgs) StdoutLine: {'line': b'-- Installing: /home/amigo-pi/amigo_ros2_pi/install/ublox_msgs/local/lib/python3.10/dist-packages/ublox_msgs/msg/_mon_ver_s.c\n'}
[678.256765] (ublox_msgs) StdoutLine: {'line': b'-- Installing: /home/amigo-pi/amigo_ros2_pi/install/ublox_msgs/local/lib/python3.10/dist-packages/ublox_msgs/msg/_nav_relposned_s.c\n'}
[678.257494] (-) TimerEvent: {}
[678.258139] (ublox_msgs) StdoutLine: {'line': b'-- Installing: /home/amigo-pi/amigo_ros2_pi/install/ublox_msgs/local/lib/python3.10/dist-packages/ublox_msgs/msg/_rxm_alm.py\n'}
[678.259119] (ublox_msgs) StdoutLine: {'line': b'-- Installing: /home/amigo-pi/amigo_ros2_pi/install/ublox_msgs/local/lib/python3.10/dist-packages/ublox_msgs/msg/_nav_svinfosv.py\n'}
[678.260409] (ublox_msgs) StdoutLine: {'line': b'-- Installing: /home/amigo-pi/amigo_ros2_pi/install/ublox_msgs/local/lib/python3.10/dist-packages/ublox_msgs/msg/_aid_alm_s.c\n'}
[678.261435] (ublox_msgs) StdoutLine: {'line': b'-- Installing: /home/amigo-pi/amigo_ros2_pi/install/ublox_msgs/local/lib/python3.10/dist-packages/ublox_msgs/msg/_aid_hui.py\n'}
[678.262808] (ublox_msgs) StdoutLine: {'line': b'-- Installing: /home/amigo-pi/amigo_ros2_pi/install/ublox_msgs/local/lib/python3.10/dist-packages/ublox_msgs/msg/_nav_dgps_s.c\n'}
[678.263918] (ublox_msgs) StdoutLine: {'line': b'-- Installing: /home/amigo-pi/amigo_ros2_pi/install/ublox_msgs/local/lib/python3.10/dist-packages/ublox_msgs/msg/_rxm_rtcm.py\n'}
[678.265023] (ublox_msgs) StdoutLine: {'line': b'-- Installing: /home/amigo-pi/amigo_ros2_pi/install/ublox_msgs/local/lib/python3.10/dist-packages/ublox_msgs/msg/_cfg_dat.py\n'}
[678.266143] (ublox_msgs) StdoutLine: {'line': b'-- Installing: /home/amigo-pi/amigo_ros2_pi/install/ublox_msgs/local/lib/python3.10/dist-packages/ublox_msgs/msg/_cfg_msg.py\n'}
[678.267196] (ublox_msgs) StdoutLine: {'line': b'-- Installing: /home/amigo-pi/amigo_ros2_pi/install/ublox_msgs/local/lib/python3.10/dist-packages/ublox_msgs/msg/_rxm_rawx_meas.py\n'}
[678.268483] (ublox_msgs) StdoutLine: {'line': b'-- Installing: /home/amigo-pi/amigo_ros2_pi/install/ublox_msgs/local/lib/python3.10/dist-packages/ublox_msgs/msg/_cfg_dat_s.c\n'}
[678.269684] (ublox_msgs) StdoutLine: {'line': b'-- Installing: /home/amigo-pi/amigo_ros2_pi/install/ublox_msgs/local/lib/python3.10/dist-packages/ublox_msgs/msg/_mon_hw_s.c\n'}
[678.270994] (ublox_msgs) StdoutLine: {'line': b'-- Installing: /home/amigo-pi/amigo_ros2_pi/install/ublox_msgs/local/lib/python3.10/dist-packages/ublox_msgs/msg/_nav_velecef_s.c\n'}
[678.272053] (ublox_msgs) StdoutLine: {'line': b'-- Installing: /home/amigo-pi/amigo_ros2_pi/install/ublox_msgs/local/lib/python3.10/dist-packages/ublox_msgs/msg/_cfg_nav5_s.c\n'}
[678.273197] (ublox_msgs) StdoutLine: {'line': b'-- Installing: /home/amigo-pi/amigo_ros2_pi/install/ublox_msgs/local/lib/python3.10/dist-packages/ublox_msgs/msg/_esf_raw_block_s.c\n'}
[678.274388] (ublox_msgs) StdoutLine: {'line': b'-- Installing: /home/amigo-pi/amigo_ros2_pi/install/ublox_msgs/local/lib/python3.10/dist-packages/ublox_msgs/msg/_nav_relposned9_s.c\n'}
[678.275536] (ublox_msgs) StdoutLine: {'line': b'-- Installing: /home/amigo-pi/amigo_ros2_pi/install/ublox_msgs/local/lib/python3.10/dist-packages/ublox_msgs/msg/_nav_timegps_s.c\n'}
[678.276606] (ublox_msgs) StdoutLine: {'line': b'-- Installing: /home/amigo-pi/amigo_ros2_pi/install/ublox_msgs/local/lib/python3.10/dist-packages/ublox_msgs/msg/_rxm_eph.py\n'}
[678.277794] (ublox_msgs) StdoutLine: {'line': b'-- Installing: /home/amigo-pi/amigo_ros2_pi/install/ublox_msgs/local/lib/python3.10/dist-packages/ublox_msgs/msg/_cfg_nav5.py\n'}
[678.279209] (ublox_msgs) StdoutLine: {'line': b'-- Installing: /home/amigo-pi/amigo_ros2_pi/install/ublox_msgs/local/lib/python3.10/dist-packages/ublox_msgs/ublox_msgs_s__rosidl_typesupport_fastrtps_c.cpython-310-aarch64-linux-gnu.so\n'}
[678.281955] (ublox_msgs) StdoutLine: {'line': b'-- Installing: /home/amigo-pi/amigo_ros2_pi/install/ublox_msgs/local/lib/python3.10/dist-packages/ublox_msgs/_ublox_msgs_s.ep.rosidl_typesupport_c.c\n'}
[678.286196] (ublox_msgs) StdoutLine: {'line': b'-- Installing: /home/amigo-pi/amigo_ros2_pi/install/ublox_msgs/local/lib/python3.10/dist-packages/ublox_msgs/_ublox_msgs_s.ep.rosidl_typesupport_fastrtps_c.c\n'}
[678.291027] (ublox_msgs) StdoutLine: {'line': b'-- Installing: /home/amigo-pi/amigo_ros2_pi/install/ublox_msgs/local/lib/python3.10/dist-packages/ublox_msgs/__init__.py\n'}
[678.292226] (ublox_msgs) StdoutLine: {'line': b'-- Installing: /home/amigo-pi/amigo_ros2_pi/install/ublox_msgs/local/lib/python3.10/dist-packages/ublox_msgs/libublox_msgs__rosidl_generator_py.so\n'}
[678.297784] (ublox_msgs) StdoutLine: {'line': b'-- Installing: /home/amigo-pi/amigo_ros2_pi/install/ublox_msgs/local/lib/python3.10/dist-packages/ublox_msgs/ublox_msgs_s__rosidl_typesupport_introspection_c.cpython-310-aarch64-linux-gnu.so\n'}
[678.300573] (ublox_msgs) StdoutLine: {'line': b'-- Installing: /home/amigo-pi/amigo_ros2_pi/install/ublox_msgs/local/lib/python3.10/dist-packages/ublox_msgs/ublox_msgs_s__rosidl_typesupport_c.cpython-310-aarch64-linux-gnu.so\n'}
[678.357717] (-) TimerEvent: {}
[678.458425] (-) TimerEvent: {}
[678.559048] (-) TimerEvent: {}
[678.659700] (-) TimerEvent: {}
[678.760350] (-) TimerEvent: {}
[678.861035] (-) TimerEvent: {}
[678.906283] (ublox_msgs) StdoutLine: {'line': b"Listing '/home/amigo-pi/amigo_ros2_pi/install/ublox_msgs/local/lib/python3.10/dist-packages/ublox_msgs'...\n"}
[678.907582] (ublox_msgs) StdoutLine: {'line': b"Compiling '/home/amigo-pi/amigo_ros2_pi/install/ublox_msgs/local/lib/python3.10/dist-packages/ublox_msgs/__init__.py'...\n"}
[678.908005] (ublox_msgs) StdoutLine: {'line': b"Listing '/home/amigo-pi/amigo_ros2_pi/install/ublox_msgs/local/lib/python3.10/dist-packages/ublox_msgs/msg'...\n"}
[678.908458] (ublox_msgs) StdoutLine: {'line': b"Compiling '/home/amigo-pi/amigo_ros2_pi/install/ublox_msgs/local/lib/python3.10/dist-packages/ublox_msgs/msg/__init__.py'...\n"}
[678.908772] (ublox_msgs) StdoutLine: {'line': b"Compiling '/home/amigo-pi/amigo_ros2_pi/install/ublox_msgs/local/lib/python3.10/dist-packages/ublox_msgs/msg/_ack.py'...\n"}
[678.909081] (ublox_msgs) StdoutLine: {'line': b"Compiling '/home/amigo-pi/amigo_ros2_pi/install/ublox_msgs/local/lib/python3.10/dist-packages/ublox_msgs/msg/_aid_alm.py'...\n"}
[678.909401] (ublox_msgs) StdoutLine: {'line': b"Compiling '/home/amigo-pi/amigo_ros2_pi/install/ublox_msgs/local/lib/python3.10/dist-packages/ublox_msgs/msg/_aid_eph.py'...\n"}
[678.909704] (ublox_msgs) StdoutLine: {'line': b"Compiling '/home/amigo-pi/amigo_ros2_pi/install/ublox_msgs/local/lib/python3.10/dist-packages/ublox_msgs/msg/_aid_hui.py'...\n"}
[678.910088] (ublox_msgs) StdoutLine: {'line': b"Compiling '/home/amigo-pi/amigo_ros2_pi/install/ublox_msgs/local/lib/python3.10/dist-packages/ublox_msgs/msg/_cfg_ant.py'...\n"}
[678.910448] (ublox_msgs) StdoutLine: {'line': b"Compiling '/home/amigo-pi/amigo_ros2_pi/install/ublox_msgs/local/lib/python3.10/dist-packages/ublox_msgs/msg/_cfg_cfg.py'...\n"}
[678.910732] (ublox_msgs) StdoutLine: {'line': b"Compiling '/home/amigo-pi/amigo_ros2_pi/install/ublox_msgs/local/lib/python3.10/dist-packages/ublox_msgs/msg/_cfg_dat.py'...\n"}
[678.911027] (ublox_msgs) StdoutLine: {'line': b"Compiling '/home/amigo-pi/amigo_ros2_pi/install/ublox_msgs/local/lib/python3.10/dist-packages/ublox_msgs/msg/_cfg_dgnss.py'...\n"}
[678.911324] (ublox_msgs) StdoutLine: {'line': b"Compiling '/home/amigo-pi/amigo_ros2_pi/install/ublox_msgs/local/lib/python3.10/dist-packages/ublox_msgs/msg/_cfg_gnss.py'...\n"}
[678.911603] (ublox_msgs) StdoutLine: {'line': b"Compiling '/home/amigo-pi/amigo_ros2_pi/install/ublox_msgs/local/lib/python3.10/dist-packages/ublox_msgs/msg/_cfg_gnss_block.py'...\n"}
[678.911891] (ublox_msgs) StdoutLine: {'line': b"Compiling '/home/amigo-pi/amigo_ros2_pi/install/ublox_msgs/local/lib/python3.10/dist-packages/ublox_msgs/msg/_cfg_hnr.py'...\n"}
[678.912215] (ublox_msgs) StdoutLine: {'line': b"Compiling '/home/amigo-pi/amigo_ros2_pi/install/ublox_msgs/local/lib/python3.10/dist-packages/ublox_msgs/msg/_cfg_inf.py'...\n"}
[678.912517] (ublox_msgs) StdoutLine: {'line': b"Compiling '/home/amigo-pi/amigo_ros2_pi/install/ublox_msgs/local/lib/python3.10/dist-packages/ublox_msgs/msg/_cfg_inf_block.py'...\n"}
[678.912806] (ublox_msgs) StdoutLine: {'line': b"Compiling '/home/amigo-pi/amigo_ros2_pi/install/ublox_msgs/local/lib/python3.10/dist-packages/ublox_msgs/msg/_cfg_msg.py'...\n"}
[678.913093] (ublox_msgs) StdoutLine: {'line': b"Compiling '/home/amigo-pi/amigo_ros2_pi/install/ublox_msgs/local/lib/python3.10/dist-packages/ublox_msgs/msg/_cfg_nav5.py'...\n"}
[678.913415] (ublox_msgs) StdoutLine: {'line': b"Compiling '/home/amigo-pi/amigo_ros2_pi/install/ublox_msgs/local/lib/python3.10/dist-packages/ublox_msgs/msg/_cfg_navx5.py'...\n"}
[678.913964] (ublox_msgs) StdoutLine: {'line': b"Compiling '/home/amigo-pi/amigo_ros2_pi/install/ublox_msgs/local/lib/python3.10/dist-packages/ublox_msgs/msg/_cfg_nmea.py'...\n"}
[678.914353] (ublox_msgs) StdoutLine: {'line': b"Compiling '/home/amigo-pi/amigo_ros2_pi/install/ublox_msgs/local/lib/python3.10/dist-packages/ublox_msgs/msg/_cfg_nmea6.py'...\n"}
[678.914655] (ublox_msgs) StdoutLine: {'line': b"Compiling '/home/amigo-pi/amigo_ros2_pi/install/ublox_msgs/local/lib/python3.10/dist-packages/ublox_msgs/msg/_cfg_nmea7.py'...\n"}
[678.914997] (ublox_msgs) StdoutLine: {'line': b"Compiling '/home/amigo-pi/amigo_ros2_pi/install/ublox_msgs/local/lib/python3.10/dist-packages/ublox_msgs/msg/_cfg_prt.py'...\n"}
[678.915396] (ublox_msgs) StdoutLine: {'line': b"Compiling '/home/amigo-pi/amigo_ros2_pi/install/ublox_msgs/local/lib/python3.10/dist-packages/ublox_msgs/msg/_cfg_rate.py'...\n"}
[678.915703] (ublox_msgs) StdoutLine: {'line': b"Compiling '/home/amigo-pi/amigo_ros2_pi/install/ublox_msgs/local/lib/python3.10/dist-packages/ublox_msgs/msg/_cfg_rst.py'...\n"}
[678.916070] (ublox_msgs) StdoutLine: {'line': b"Compiling '/home/amigo-pi/amigo_ros2_pi/install/ublox_msgs/local/lib/python3.10/dist-packages/ublox_msgs/msg/_cfg_sbas.py'...\n"}
[678.916455] (ublox_msgs) StdoutLine: {'line': b"Compiling '/home/amigo-pi/amigo_ros2_pi/install/ublox_msgs/local/lib/python3.10/dist-packages/ublox_msgs/msg/_cfg_tmode3.py'...\n"}
[678.916801] (ublox_msgs) StdoutLine: {'line': b"Compiling '/home/amigo-pi/amigo_ros2_pi/install/ublox_msgs/local/lib/python3.10/dist-packages/ublox_msgs/msg/_cfg_usb.py'...\n"}
[678.917101] (ublox_msgs) StdoutLine: {'line': b"Compiling '/home/amigo-pi/amigo_ros2_pi/install/ublox_msgs/local/lib/python3.10/dist-packages/ublox_msgs/msg/_esf_ins.py'...\n"}
[678.917382] (ublox_msgs) StdoutLine: {'line': b"Compiling '/home/amigo-pi/amigo_ros2_pi/install/ublox_msgs/local/lib/python3.10/dist-packages/ublox_msgs/msg/_esf_meas.py'...\n"}
[678.917686] (ublox_msgs) StdoutLine: {'line': b"Compiling '/home/amigo-pi/amigo_ros2_pi/install/ublox_msgs/local/lib/python3.10/dist-packages/ublox_msgs/msg/_esf_raw.py'...\n"}
[678.918084] (ublox_msgs) StdoutLine: {'line': b"Compiling '/home/amigo-pi/amigo_ros2_pi/install/ublox_msgs/local/lib/python3.10/dist-packages/ublox_msgs/msg/_esf_raw_block.py'...\n"}
[678.918454] (ublox_msgs) StdoutLine: {'line': b"Compiling '/home/amigo-pi/amigo_ros2_pi/install/ublox_msgs/local/lib/python3.10/dist-packages/ublox_msgs/msg/_esf_status.py'...\n"}
[678.918759] (ublox_msgs) StdoutLine: {'line': b"Compiling '/home/amigo-pi/amigo_ros2_pi/install/ublox_msgs/local/lib/python3.10/dist-packages/ublox_msgs/msg/_esf_status_sens.py'...\n"}
[678.919121] (ublox_msgs) StdoutLine: {'line': b"Compiling '/home/amigo-pi/amigo_ros2_pi/install/ublox_msgs/local/lib/python3.10/dist-packages/ublox_msgs/msg/_hnr_pvt.py'...\n"}
[678.919436] (ublox_msgs) StdoutLine: {'line': b"Compiling '/home/amigo-pi/amigo_ros2_pi/install/ublox_msgs/local/lib/python3.10/dist-packages/ublox_msgs/msg/_inf.py'...\n"}
[678.919727] (ublox_msgs) StdoutLine: {'line': b"Compiling '/home/amigo-pi/amigo_ros2_pi/install/ublox_msgs/local/lib/python3.10/dist-packages/ublox_msgs/msg/_mga_gal.py'...\n"}
[678.920018] (ublox_msgs) StdoutLine: {'line': b"Compiling '/home/amigo-pi/amigo_ros2_pi/install/ublox_msgs/local/lib/python3.10/dist-packages/ublox_msgs/msg/_mon_gnss.py'...\n"}
[678.920372] (ublox_msgs) StdoutLine: {'line': b"Compiling '/home/amigo-pi/amigo_ros2_pi/install/ublox_msgs/local/lib/python3.10/dist-packages/ublox_msgs/msg/_mon_hw.py'...\n"}
[678.920666] (ublox_msgs) StdoutLine: {'line': b"Compiling '/home/amigo-pi/amigo_ros2_pi/install/ublox_msgs/local/lib/python3.10/dist-packages/ublox_msgs/msg/_mon_hw6.py'...\n"}
[678.920951] (ublox_msgs) StdoutLine: {'line': b"Compiling '/home/amigo-pi/amigo_ros2_pi/install/ublox_msgs/local/lib/python3.10/dist-packages/ublox_msgs/msg/_mon_ver.py'...\n"}
[678.921240] (ublox_msgs) StdoutLine: {'line': b"Compiling '/home/amigo-pi/amigo_ros2_pi/install/ublox_msgs/local/lib/python3.10/dist-packages/ublox_msgs/msg/_mon_ver_extension.py'...\n"}
[678.921517] (ublox_msgs) StdoutLine: {'line': b"Compiling '/home/amigo-pi/amigo_ros2_pi/install/ublox_msgs/local/lib/python3.10/dist-packages/ublox_msgs/msg/_nav_att.py'...\n"}
[678.921798] (ublox_msgs) StdoutLine: {'line': b"Compiling '/home/amigo-pi/amigo_ros2_pi/install/ublox_msgs/local/lib/python3.10/dist-packages/ublox_msgs/msg/_nav_clock.py'...\n"}
[678.922204] (ublox_msgs) StdoutLine: {'line': b"Compiling '/home/amigo-pi/amigo_ros2_pi/install/ublox_msgs/local/lib/python3.10/dist-packages/ublox_msgs/msg/_nav_dgps.py'...\n"}
[678.922515] (ublox_msgs) StdoutLine: {'line': b"Compiling '/home/amigo-pi/amigo_ros2_pi/install/ublox_msgs/local/lib/python3.10/dist-packages/ublox_msgs/msg/_nav_dgpssv.py'...\n"}
[678.922807] (ublox_msgs) StdoutLine: {'line': b"Compiling '/home/amigo-pi/amigo_ros2_pi/install/ublox_msgs/local/lib/python3.10/dist-packages/ublox_msgs/msg/_nav_dop.py'...\n"}
[678.923082] (ublox_msgs) StdoutLine: {'line': b"Compiling '/home/amigo-pi/amigo_ros2_pi/install/ublox_msgs/local/lib/python3.10/dist-packages/ublox_msgs/msg/_nav_posecef.py'...\n"}
[678.923426] (ublox_msgs) StdoutLine: {'line': b"Compiling '/home/amigo-pi/amigo_ros2_pi/install/ublox_msgs/local/lib/python3.10/dist-packages/ublox_msgs/msg/_nav_posllh.py'...\n"}
[678.923717] (ublox_msgs) StdoutLine: {'line': b"Compiling '/home/amigo-pi/amigo_ros2_pi/install/ublox_msgs/local/lib/python3.10/dist-packages/ublox_msgs/msg/_nav_pvt.py'...\n"}
[678.923992] (ublox_msgs) StdoutLine: {'line': b"Compiling '/home/amigo-pi/amigo_ros2_pi/install/ublox_msgs/local/lib/python3.10/dist-packages/ublox_msgs/msg/_nav_pvt7.py'...\n"}
[678.924324] (ublox_msgs) StdoutLine: {'line': b"Compiling '/home/amigo-pi/amigo_ros2_pi/install/ublox_msgs/local/lib/python3.10/dist-packages/ublox_msgs/msg/_nav_relposned.py'...\n"}
[678.924761] (ublox_msgs) StdoutLine: {'line': b"Compiling '/home/amigo-pi/amigo_ros2_pi/install/ublox_msgs/local/lib/python3.10/dist-packages/ublox_msgs/msg/_nav_relposned9.py'...\n"}
[678.925121] (ublox_msgs) StdoutLine: {'line': b"Compiling '/home/amigo-pi/amigo_ros2_pi/install/ublox_msgs/local/lib/python3.10/dist-packages/ublox_msgs/msg/_nav_sat.py'...\n"}
[678.925462] (ublox_msgs) StdoutLine: {'line': b"Compiling '/home/amigo-pi/amigo_ros2_pi/install/ublox_msgs/local/lib/python3.10/dist-packages/ublox_msgs/msg/_nav_satsv.py'...\n"}
[678.925754] (ublox_msgs) StdoutLine: {'line': b"Compiling '/home/amigo-pi/amigo_ros2_pi/install/ublox_msgs/local/lib/python3.10/dist-packages/ublox_msgs/msg/_nav_sbas.py'...\n"}
[678.926180] (ublox_msgs) StdoutLine: {'line': b"Compiling '/home/amigo-pi/amigo_ros2_pi/install/ublox_msgs/local/lib/python3.10/dist-packages/ublox_msgs/msg/_nav_sbassv.py'...\n"}
[678.926513] (ublox_msgs) StdoutLine: {'line': b"Compiling '/home/amigo-pi/amigo_ros2_pi/install/ublox_msgs/local/lib/python3.10/dist-packages/ublox_msgs/msg/_nav_sol.py'...\n"}
[678.926814] (ublox_msgs) StdoutLine: {'line': b"Compiling '/home/amigo-pi/amigo_ros2_pi/install/ublox_msgs/local/lib/python3.10/dist-packages/ublox_msgs/msg/_nav_status.py'...\n"}
[678.927103] (ublox_msgs) StdoutLine: {'line': b"Compiling '/home/amigo-pi/amigo_ros2_pi/install/ublox_msgs/local/lib/python3.10/dist-packages/ublox_msgs/msg/_nav_svin.py'...\n"}
[678.927380] (ublox_msgs) StdoutLine: {'line': b"Compiling '/home/amigo-pi/amigo_ros2_pi/install/ublox_msgs/local/lib/python3.10/dist-packages/ublox_msgs/msg/_nav_svinfo.py'...\n"}
[678.927658] (ublox_msgs) StdoutLine: {'line': b"Compiling '/home/amigo-pi/amigo_ros2_pi/install/ublox_msgs/local/lib/python3.10/dist-packages/ublox_msgs/msg/_nav_svinfosv.py'...\n"}
[678.927948] (ublox_msgs) StdoutLine: {'line': b"Compiling '/home/amigo-pi/amigo_ros2_pi/install/ublox_msgs/local/lib/python3.10/dist-packages/ublox_msgs/msg/_nav_timegps.py'...\n"}
[678.928230] (ublox_msgs) StdoutLine: {'line': b"Compiling '/home/amigo-pi/amigo_ros2_pi/install/ublox_msgs/local/lib/python3.10/dist-packages/ublox_msgs/msg/_nav_timeutc.py'...\n"}
[678.961227] (-) TimerEvent: {}
[678.995835] (ublox_msgs) StdoutLine: {'line': b"Compiling '/home/amigo-pi/amigo_ros2_pi/install/ublox_msgs/local/lib/python3.10/dist-packages/ublox_msgs/msg/_nav_velecef.py'...\n"}
[678.997202] (ublox_msgs) StdoutLine: {'line': b"Compiling '/home/amigo-pi/amigo_ros2_pi/install/ublox_msgs/local/lib/python3.10/dist-packages/ublox_msgs/msg/_nav_velned.py'...\n"}
[678.998134] (ublox_msgs) StdoutLine: {'line': b"Compiling '/home/amigo-pi/amigo_ros2_pi/install/ublox_msgs/local/lib/python3.10/dist-packages/ublox_msgs/msg/_rxm_alm.py'...\n"}
[678.999059] (ublox_msgs) StdoutLine: {'line': b"Compiling '/home/amigo-pi/amigo_ros2_pi/install/ublox_msgs/local/lib/python3.10/dist-packages/ublox_msgs/msg/_rxm_eph.py'...\n"}
[678.999798] (ublox_msgs) StdoutLine: {'line': b"Compiling '/home/amigo-pi/amigo_ros2_pi/install/ublox_msgs/local/lib/python3.10/dist-packages/ublox_msgs/msg/_rxm_raw.py'...\n"}
[679.000645] (ublox_msgs) StdoutLine: {'line': b"Compiling '/home/amigo-pi/amigo_ros2_pi/install/ublox_msgs/local/lib/python3.10/dist-packages/ublox_msgs/msg/_rxm_rawsv.py'...\n"}
[679.001572] (ublox_msgs) StdoutLine: {'line': b"Compiling '/home/amigo-pi/amigo_ros2_pi/install/ublox_msgs/local/lib/python3.10/dist-packages/ublox_msgs/msg/_rxm_rawx.py'...\n"}
[679.002418] (ublox_msgs) StdoutLine: {'line': b"Compiling '/home/amigo-pi/amigo_ros2_pi/install/ublox_msgs/local/lib/python3.10/dist-packages/ublox_msgs/msg/_rxm_rawx_meas.py'...\n"}
[679.003565] (ublox_msgs) StdoutLine: {'line': b"Compiling '/home/amigo-pi/amigo_ros2_pi/install/ublox_msgs/local/lib/python3.10/dist-packages/ublox_msgs/msg/_rxm_rtcm.py'...\n"}
[679.004760] (ublox_msgs) StdoutLine: {'line': b"Compiling '/home/amigo-pi/amigo_ros2_pi/install/ublox_msgs/local/lib/python3.10/dist-packages/ublox_msgs/msg/_rxm_sfrb.py'...\n"}
[679.006763] (ublox_msgs) StdoutLine: {'line': b"Compiling '/home/amigo-pi/amigo_ros2_pi/install/ublox_msgs/local/lib/python3.10/dist-packages/ublox_msgs/msg/_rxm_sfrbx.py'...\n"}
[679.007769] (ublox_msgs) StdoutLine: {'line': b"Compiling '/home/amigo-pi/amigo_ros2_pi/install/ublox_msgs/local/lib/python3.10/dist-packages/ublox_msgs/msg/_rxm_svsi.py'...\n"}
[679.008791] (ublox_msgs) StdoutLine: {'line': b"Compiling '/home/amigo-pi/amigo_ros2_pi/install/ublox_msgs/local/lib/python3.10/dist-packages/ublox_msgs/msg/_rxm_svsisv.py'...\n"}
[679.009637] (ublox_msgs) StdoutLine: {'line': b"Compiling '/home/amigo-pi/amigo_ros2_pi/install/ublox_msgs/local/lib/python3.10/dist-packages/ublox_msgs/msg/_tim_tm2.py'...\n"}
[679.010580] (ublox_msgs) StdoutLine: {'line': b"Compiling '/home/amigo-pi/amigo_ros2_pi/install/ublox_msgs/local/lib/python3.10/dist-packages/ublox_msgs/msg/_upd_sos.py'...\n"}
[679.011647] (ublox_msgs) StdoutLine: {'line': b"Compiling '/home/amigo-pi/amigo_ros2_pi/install/ublox_msgs/local/lib/python3.10/dist-packages/ublox_msgs/msg/_upd_sos_ack.py'...\n"}
[679.027056] (ublox_msgs) StdoutLine: {'line': b'-- Installing: /home/amigo-pi/amigo_ros2_pi/install/ublox_msgs/local/lib/python3.10/dist-packages/ublox_msgs/ublox_msgs_s__rosidl_typesupport_fastrtps_c.cpython-310-aarch64-linux-gnu.so\n'}
[679.032154] (ublox_msgs) StdoutLine: {'line': b'-- Set runtime path of "/home/amigo-pi/amigo_ros2_pi/install/ublox_msgs/local/lib/python3.10/dist-packages/ublox_msgs/ublox_msgs_s__rosidl_typesupport_fastrtps_c.cpython-310-aarch64-linux-gnu.so" to ""\n'}
[679.034348] (ublox_msgs) StdoutLine: {'line': b'-- Installing: /home/amigo-pi/amigo_ros2_pi/install/ublox_msgs/local/lib/python3.10/dist-packages/ublox_msgs/ublox_msgs_s__rosidl_typesupport_introspection_c.cpython-310-aarch64-linux-gnu.so\n'}
[679.040073] (ublox_msgs) StdoutLine: {'line': b'-- Set runtime path of "/home/amigo-pi/amigo_ros2_pi/install/ublox_msgs/local/lib/python3.10/dist-packages/ublox_msgs/ublox_msgs_s__rosidl_typesupport_introspection_c.cpython-310-aarch64-linux-gnu.so" to ""\n'}
[679.042133] (ublox_msgs) StdoutLine: {'line': b'-- Installing: /home/amigo-pi/amigo_ros2_pi/install/ublox_msgs/local/lib/python3.10/dist-packages/ublox_msgs/ublox_msgs_s__rosidl_typesupport_c.cpython-310-aarch64-linux-gnu.so\n'}
[679.046898] (ublox_msgs) StdoutLine: {'line': b'-- Set runtime path of "/home/amigo-pi/amigo_ros2_pi/install/ublox_msgs/local/lib/python3.10/dist-packages/ublox_msgs/ublox_msgs_s__rosidl_typesupport_c.cpython-310-aarch64-linux-gnu.so" to ""\n'}
[679.047681] (ublox_msgs) StdoutLine: {'line': b'-- Installing: /home/amigo-pi/amigo_ros2_pi/install/ublox_msgs/lib/libublox_msgs__rosidl_generator_py.so\n'}
[679.054801] (ublox_msgs) StdoutLine: {'line': b'-- Set runtime path of "/home/amigo-pi/amigo_ros2_pi/install/ublox_msgs/lib/libublox_msgs__rosidl_generator_py.so" to ""\n'}
[679.055548] (ublox_msgs) StdoutLine: {'line': b'-- Installing: /home/amigo-pi/amigo_ros2_pi/install/ublox_msgs/share/ublox_msgs/msg/Ack.idl\n'}
[679.057295] (ublox_msgs) StdoutLine: {'line': b'-- Installing: /home/amigo-pi/amigo_ros2_pi/install/ublox_msgs/share/ublox_msgs/msg/AidALM.idl\n'}
[679.058965] (ublox_msgs) StdoutLine: {'line': b'-- Installing: /home/amigo-pi/amigo_ros2_pi/install/ublox_msgs/share/ublox_msgs/msg/AidEPH.idl\n'}
[679.060910] (ublox_msgs) StdoutLine: {'line': b'-- Installing: /home/amigo-pi/amigo_ros2_pi/install/ublox_msgs/share/ublox_msgs/msg/AidHUI.idl\n'}
[679.061415] (-) TimerEvent: {}
[679.062775] (ublox_msgs) StdoutLine: {'line': b'-- Installing: /home/amigo-pi/amigo_ros2_pi/install/ublox_msgs/share/ublox_msgs/msg/CfgANT.idl\n'}
[679.064465] (ublox_msgs) StdoutLine: {'line': b'-- Installing: /home/amigo-pi/amigo_ros2_pi/install/ublox_msgs/share/ublox_msgs/msg/CfgCFG.idl\n'}
[679.066174] (ublox_msgs) StdoutLine: {'line': b'-- Installing: /home/amigo-pi/amigo_ros2_pi/install/ublox_msgs/share/ublox_msgs/msg/CfgDAT.idl\n'}
[679.068215] (ublox_msgs) StdoutLine: {'line': b'-- Installing: /home/amigo-pi/amigo_ros2_pi/install/ublox_msgs/share/ublox_msgs/msg/CfgDGNSS.idl\n'}
[679.070000] (ublox_msgs) StdoutLine: {'line': b'-- Installing: /home/amigo-pi/amigo_ros2_pi/install/ublox_msgs/share/ublox_msgs/msg/CfgGNSSBlock.idl\n'}
[679.071725] (ublox_msgs) StdoutLine: {'line': b'-- Installing: /home/amigo-pi/amigo_ros2_pi/install/ublox_msgs/share/ublox_msgs/msg/CfgGNSS.idl\n'}
[679.073621] (ublox_msgs) StdoutLine: {'line': b'-- Installing: /home/amigo-pi/amigo_ros2_pi/install/ublox_msgs/share/ublox_msgs/msg/CfgHNR.idl\n'}
[679.075570] (ublox_msgs) StdoutLine: {'line': b'-- Installing: /home/amigo-pi/amigo_ros2_pi/install/ublox_msgs/share/ublox_msgs/msg/CfgINFBlock.idl\n'}
[679.077314] (ublox_msgs) StdoutLine: {'line': b'-- Installing: /home/amigo-pi/amigo_ros2_pi/install/ublox_msgs/share/ublox_msgs/msg/CfgINF.idl\n'}
[679.079029] (ublox_msgs) StdoutLine: {'line': b'-- Installing: /home/amigo-pi/amigo_ros2_pi/install/ublox_msgs/share/ublox_msgs/msg/CfgMSG.idl\n'}
[679.080711] (ublox_msgs) StdoutLine: {'line': b'-- Installing: /home/amigo-pi/amigo_ros2_pi/install/ublox_msgs/share/ublox_msgs/msg/CfgNAV5.idl\n'}
[679.082892] (ublox_msgs) StdoutLine: {'line': b'-- Installing: /home/amigo-pi/amigo_ros2_pi/install/ublox_msgs/share/ublox_msgs/msg/CfgNAVX5.idl\n'}
[679.084931] (ublox_msgs) StdoutLine: {'line': b'-- Installing: /home/amigo-pi/amigo_ros2_pi/install/ublox_msgs/share/ublox_msgs/msg/CfgNMEA6.idl\n'}
[679.086391] (ublox_msgs) StdoutLine: {'line': b'-- Installing: /home/amigo-pi/amigo_ros2_pi/install/ublox_msgs/share/ublox_msgs/msg/CfgNMEA7.idl\n'}
[679.088639] (ublox_msgs) StdoutLine: {'line': b'-- Installing: /home/amigo-pi/amigo_ros2_pi/install/ublox_msgs/share/ublox_msgs/msg/CfgNMEA.idl\n'}
[679.090994] (ublox_msgs) StdoutLine: {'line': b'-- Installing: /home/amigo-pi/amigo_ros2_pi/install/ublox_msgs/share/ublox_msgs/msg/CfgPRT.idl\n'}
[679.093604] (ublox_msgs) StdoutLine: {'line': b'-- Installing: /home/amigo-pi/amigo_ros2_pi/install/ublox_msgs/share/ublox_msgs/msg/CfgRATE.idl\n'}
[679.095457] (ublox_msgs) StdoutLine: {'line': b'-- Installing: /home/amigo-pi/amigo_ros2_pi/install/ublox_msgs/share/ublox_msgs/msg/CfgRST.idl\n'}
[679.097153] (ublox_msgs) StdoutLine: {'line': b'-- Installing: /home/amigo-pi/amigo_ros2_pi/install/ublox_msgs/share/ublox_msgs/msg/CfgSBAS.idl\n'}
[679.099195] (ublox_msgs) StdoutLine: {'line': b'-- Installing: /home/amigo-pi/amigo_ros2_pi/install/ublox_msgs/share/ublox_msgs/msg/CfgTMODE3.idl\n'}
[679.100944] (ublox_msgs) StdoutLine: {'line': b'-- Installing: /home/amigo-pi/amigo_ros2_pi/install/ublox_msgs/share/ublox_msgs/msg/CfgUSB.idl\n'}
[679.102779] (ublox_msgs) StdoutLine: {'line': b'-- Installing: /home/amigo-pi/amigo_ros2_pi/install/ublox_msgs/share/ublox_msgs/msg/EsfINS.idl\n'}
[679.105236] (ublox_msgs) StdoutLine: {'line': b'-- Installing: /home/amigo-pi/amigo_ros2_pi/install/ublox_msgs/share/ublox_msgs/msg/EsfMEAS.idl\n'}
[679.107563] (ublox_msgs) StdoutLine: {'line': b'-- Installing: /home/amigo-pi/amigo_ros2_pi/install/ublox_msgs/share/ublox_msgs/msg/EsfRAWBlock.idl\n'}
[679.109318] (ublox_msgs) StdoutLine: {'line': b'-- Installing: /home/amigo-pi/amigo_ros2_pi/install/ublox_msgs/share/ublox_msgs/msg/EsfRAW.idl\n'}
[679.111067] (ublox_msgs) StdoutLine: {'line': b'-- Installing: /home/amigo-pi/amigo_ros2_pi/install/ublox_msgs/share/ublox_msgs/msg/EsfSTATUS.idl\n'}
[679.112770] (ublox_msgs) StdoutLine: {'line': b'-- Installing: /home/amigo-pi/amigo_ros2_pi/install/ublox_msgs/share/ublox_msgs/msg/EsfSTATUSSens.idl\n'}
[679.114781] (ublox_msgs) StdoutLine: {'line': b'-- Installing: /home/amigo-pi/amigo_ros2_pi/install/ublox_msgs/share/ublox_msgs/msg/HnrPVT.idl\n'}
[679.116594] (ublox_msgs) StdoutLine: {'line': b'-- Installing: /home/amigo-pi/amigo_ros2_pi/install/ublox_msgs/share/ublox_msgs/msg/Inf.idl\n'}
[679.118417] (ublox_msgs) StdoutLine: {'line': b'-- Installing: /home/amigo-pi/amigo_ros2_pi/install/ublox_msgs/share/ublox_msgs/msg/MgaGAL.idl\n'}
[679.120379] (ublox_msgs) StdoutLine: {'line': b'-- Installing: /home/amigo-pi/amigo_ros2_pi/install/ublox_msgs/share/ublox_msgs/msg/MonGNSS.idl\n'}
[679.123178] (ublox_msgs) StdoutLine: {'line': b'-- Installing: /home/amigo-pi/amigo_ros2_pi/install/ublox_msgs/share/ublox_msgs/msg/MonHW6.idl\n'}
[679.124970] (ublox_msgs) StdoutLine: {'line': b'-- Installing: /home/amigo-pi/amigo_ros2_pi/install/ublox_msgs/share/ublox_msgs/msg/MonHW.idl\n'}
[679.126800] (ublox_msgs) StdoutLine: {'line': b'-- Installing: /home/amigo-pi/amigo_ros2_pi/install/ublox_msgs/share/ublox_msgs/msg/MonVERExtension.idl\n'}
[679.128510] (ublox_msgs) StdoutLine: {'line': b'-- Installing: /home/amigo-pi/amigo_ros2_pi/install/ublox_msgs/share/ublox_msgs/msg/MonVER.idl\n'}
[679.130522] (ublox_msgs) StdoutLine: {'line': b'-- Installing: /home/amigo-pi/amigo_ros2_pi/install/ublox_msgs/share/ublox_msgs/msg/NavATT.idl\n'}
[679.132588] (ublox_msgs) StdoutLine: {'line': b'-- Installing: /home/amigo-pi/amigo_ros2_pi/install/ublox_msgs/share/ublox_msgs/msg/NavCLOCK.idl\n'}
[679.134124] (ublox_msgs) StdoutLine: {'line': b'-- Installing: /home/amigo-pi/amigo_ros2_pi/install/ublox_msgs/share/ublox_msgs/msg/NavDGPS.idl\n'}
[679.136304] (ublox_msgs) StdoutLine: {'line': b'-- Installing: /home/amigo-pi/amigo_ros2_pi/install/ublox_msgs/share/ublox_msgs/msg/NavDGPSSV.idl\n'}
[679.138257] (ublox_msgs) StdoutLine: {'line': b'-- Installing: /home/amigo-pi/amigo_ros2_pi/install/ublox_msgs/share/ublox_msgs/msg/NavDOP.idl\n'}
[679.140045] (ublox_msgs) StdoutLine: {'line': b'-- Installing: /home/amigo-pi/amigo_ros2_pi/install/ublox_msgs/share/ublox_msgs/msg/NavPOSECEF.idl\n'}
[679.141764] (ublox_msgs) StdoutLine: {'line': b'-- Installing: /home/amigo-pi/amigo_ros2_pi/install/ublox_msgs/share/ublox_msgs/msg/NavPOSLLH.idl\n'}
[679.143607] (ublox_msgs) StdoutLine: {'line': b'-- Installing: /home/amigo-pi/amigo_ros2_pi/install/ublox_msgs/share/ublox_msgs/msg/NavPVT7.idl\n'}
[679.145636] (ublox_msgs) StdoutLine: {'line': b'-- Installing: /home/amigo-pi/amigo_ros2_pi/install/ublox_msgs/share/ublox_msgs/msg/NavPVT.idl\n'}
[679.147500] (ublox_msgs) StdoutLine: {'line': b'-- Installing: /home/amigo-pi/amigo_ros2_pi/install/ublox_msgs/share/ublox_msgs/msg/NavRELPOSNED9.idl\n'}
[679.149274] (ublox_msgs) StdoutLine: {'line': b'-- Installing: /home/amigo-pi/amigo_ros2_pi/install/ublox_msgs/share/ublox_msgs/msg/NavRELPOSNED.idl\n'}
[679.151206] (ublox_msgs) StdoutLine: {'line': b'-- Installing: /home/amigo-pi/amigo_ros2_pi/install/ublox_msgs/share/ublox_msgs/msg/NavSAT.idl\n'}
[679.153185] (ublox_msgs) StdoutLine: {'line': b'-- Installing: /home/amigo-pi/amigo_ros2_pi/install/ublox_msgs/share/ublox_msgs/msg/NavSATSV.idl\n'}
[679.154976] (ublox_msgs) StdoutLine: {'line': b'-- Installing: /home/amigo-pi/amigo_ros2_pi/install/ublox_msgs/share/ublox_msgs/msg/NavSBAS.idl\n'}
[679.156737] (ublox_msgs) StdoutLine: {'line': b'-- Installing: /home/amigo-pi/amigo_ros2_pi/install/ublox_msgs/share/ublox_msgs/msg/NavSBASSV.idl\n'}
[679.158496] (ublox_msgs) StdoutLine: {'line': b'-- Installing: /home/amigo-pi/amigo_ros2_pi/install/ublox_msgs/share/ublox_msgs/msg/NavSOL.idl\n'}
[679.160572] (ublox_msgs) StdoutLine: {'line': b'-- Installing: /home/amigo-pi/amigo_ros2_pi/install/ublox_msgs/share/ublox_msgs/msg/NavSTATUS.idl\n'}
[679.161573] (-) TimerEvent: {}
[679.162370] (ublox_msgs) StdoutLine: {'line': b'-- Installing: /home/amigo-pi/amigo_ros2_pi/install/ublox_msgs/share/ublox_msgs/msg/NavSVINFO.idl\n'}
[679.164144] (ublox_msgs) StdoutLine: {'line': b'-- Installing: /home/amigo-pi/amigo_ros2_pi/install/ublox_msgs/share/ublox_msgs/msg/NavSVINFOSV.idl\n'}
[679.166047] (ublox_msgs) StdoutLine: {'line': b'-- Installing: /home/amigo-pi/amigo_ros2_pi/install/ublox_msgs/share/ublox_msgs/msg/NavSVIN.idl\n'}
[679.168132] (ublox_msgs) StdoutLine: {'line': b'-- Installing: /home/amigo-pi/amigo_ros2_pi/install/ublox_msgs/share/ublox_msgs/msg/NavTIMEGPS.idl\n'}
[679.169971] (ublox_msgs) StdoutLine: {'line': b'-- Installing: /home/amigo-pi/amigo_ros2_pi/install/ublox_msgs/share/ublox_msgs/msg/NavTIMEUTC.idl\n'}
[679.171687] (ublox_msgs) StdoutLine: {'line': b'-- Installing: /home/amigo-pi/amigo_ros2_pi/install/ublox_msgs/share/ublox_msgs/msg/NavVELECEF.idl\n'}
[679.173545] (ublox_msgs) StdoutLine: {'line': b'-- Installing: /home/amigo-pi/amigo_ros2_pi/install/ublox_msgs/share/ublox_msgs/msg/NavVELNED.idl\n'}
[679.175608] (ublox_msgs) StdoutLine: {'line': b'-- Installing: /home/amigo-pi/amigo_ros2_pi/install/ublox_msgs/share/ublox_msgs/msg/RxmALM.idl\n'}
[679.177304] (ublox_msgs) StdoutLine: {'line': b'-- Installing: /home/amigo-pi/amigo_ros2_pi/install/ublox_msgs/share/ublox_msgs/msg/RxmEPH.idl\n'}
[679.179045] (ublox_msgs) StdoutLine: {'line': b'-- Installing: /home/amigo-pi/amigo_ros2_pi/install/ublox_msgs/share/ublox_msgs/msg/RxmRAW.idl\n'}
[679.180799] (ublox_msgs) StdoutLine: {'line': b'-- Installing: /home/amigo-pi/amigo_ros2_pi/install/ublox_msgs/share/ublox_msgs/msg/RxmRAWSV.idl\n'}
[679.182968] (ublox_msgs) StdoutLine: {'line': b'-- Installing: /home/amigo-pi/amigo_ros2_pi/install/ublox_msgs/share/ublox_msgs/msg/RxmRAWXMeas.idl\n'}
[679.185071] (ublox_msgs) StdoutLine: {'line': b'-- Installing: /home/amigo-pi/amigo_ros2_pi/install/ublox_msgs/share/ublox_msgs/msg/RxmRAWX.idl\n'}
[679.186528] (ublox_msgs) StdoutLine: {'line': b'-- Installing: /home/amigo-pi/amigo_ros2_pi/install/ublox_msgs/share/ublox_msgs/msg/RxmRTCM.idl\n'}
[679.188641] (ublox_msgs) StdoutLine: {'line': b'-- Installing: /home/amigo-pi/amigo_ros2_pi/install/ublox_msgs/share/ublox_msgs/msg/RxmSFRB.idl\n'}
[679.191089] (ublox_msgs) StdoutLine: {'line': b'-- Installing: /home/amigo-pi/amigo_ros2_pi/install/ublox_msgs/share/ublox_msgs/msg/RxmSFRBX.idl\n'}
[679.193033] (ublox_msgs) StdoutLine: {'line': b'-- Installing: /home/amigo-pi/amigo_ros2_pi/install/ublox_msgs/share/ublox_msgs/msg/RxmSVSI.idl\n'}
[679.195618] (ublox_msgs) StdoutLine: {'line': b'-- Installing: /home/amigo-pi/amigo_ros2_pi/install/ublox_msgs/share/ublox_msgs/msg/RxmSVSISV.idl\n'}
[679.197320] (ublox_msgs) StdoutLine: {'line': b'-- Installing: /home/amigo-pi/amigo_ros2_pi/install/ublox_msgs/share/ublox_msgs/msg/TimTM2.idl\n'}
[679.199428] (ublox_msgs) StdoutLine: {'line': b'-- Installing: /home/amigo-pi/amigo_ros2_pi/install/ublox_msgs/share/ublox_msgs/msg/UpdSOSAck.idl\n'}
[679.201173] (ublox_msgs) StdoutLine: {'line': b'-- Installing: /home/amigo-pi/amigo_ros2_pi/install/ublox_msgs/share/ublox_msgs/msg/UpdSOS.idl\n'}
[679.203130] (ublox_msgs) StdoutLine: {'line': b'-- Installing: /home/amigo-pi/amigo_ros2_pi/install/ublox_msgs/share/ublox_msgs/msg/Ack.msg\n'}
[679.205794] (ublox_msgs) StdoutLine: {'line': b'-- Installing: /home/amigo-pi/amigo_ros2_pi/install/ublox_msgs/share/ublox_msgs/msg/AidALM.msg\n'}
[679.207605] (ublox_msgs) StdoutLine: {'line': b'-- Installing: /home/amigo-pi/amigo_ros2_pi/install/ublox_msgs/share/ublox_msgs/msg/AidEPH.msg\n'}
[679.209324] (ublox_msgs) StdoutLine: {'line': b'-- Installing: /home/amigo-pi/amigo_ros2_pi/install/ublox_msgs/share/ublox_msgs/msg/AidHUI.msg\n'}
[679.211027] (ublox_msgs) StdoutLine: {'line': b'-- Installing: /home/amigo-pi/amigo_ros2_pi/install/ublox_msgs/share/ublox_msgs/msg/CfgANT.msg\n'}
[679.212749] (ublox_msgs) StdoutLine: {'line': b'-- Installing: /home/amigo-pi/amigo_ros2_pi/install/ublox_msgs/share/ublox_msgs/msg/CfgCFG.msg\n'}
[679.214803] (ublox_msgs) StdoutLine: {'line': b'-- Installing: /home/amigo-pi/amigo_ros2_pi/install/ublox_msgs/share/ublox_msgs/msg/CfgDAT.msg\n'}
[679.216543] (ublox_msgs) StdoutLine: {'line': b'-- Installing: /home/amigo-pi/amigo_ros2_pi/install/ublox_msgs/share/ublox_msgs/msg/CfgDGNSS.msg\n'}
[679.218424] (ublox_msgs) StdoutLine: {'line': b'-- Installing: /home/amigo-pi/amigo_ros2_pi/install/ublox_msgs/share/ublox_msgs/msg/CfgGNSSBlock.msg\n'}
[679.220207] (ublox_msgs) StdoutLine: {'line': b'-- Installing: /home/amigo-pi/amigo_ros2_pi/install/ublox_msgs/share/ublox_msgs/msg/CfgGNSS.msg\n'}
[679.222205] (ublox_msgs) StdoutLine: {'line': b'-- Installing: /home/amigo-pi/amigo_ros2_pi/install/ublox_msgs/share/ublox_msgs/msg/CfgHNR.msg\n'}
[679.223985] (ublox_msgs) StdoutLine: {'line': b'-- Installing: /home/amigo-pi/amigo_ros2_pi/install/ublox_msgs/share/ublox_msgs/msg/CfgINFBlock.msg\n'}
[679.225658] (ublox_msgs) StdoutLine: {'line': b'-- Installing: /home/amigo-pi/amigo_ros2_pi/install/ublox_msgs/share/ublox_msgs/msg/CfgINF.msg\n'}
[679.227527] (ublox_msgs) StdoutLine: {'line': b'-- Installing: /home/amigo-pi/amigo_ros2_pi/install/ublox_msgs/share/ublox_msgs/msg/CfgMSG.msg\n'}
[679.229499] (ublox_msgs) StdoutLine: {'line': b'-- Installing: /home/amigo-pi/amigo_ros2_pi/install/ublox_msgs/share/ublox_msgs/msg/CfgNAV5.msg\n'}
[679.231624] (ublox_msgs) StdoutLine: {'line': b'-- Installing: /home/amigo-pi/amigo_ros2_pi/install/ublox_msgs/share/ublox_msgs/msg/CfgNAVX5.msg\n'}
[679.233049] (ublox_msgs) StdoutLine: {'line': b'-- Installing: /home/amigo-pi/amigo_ros2_pi/install/ublox_msgs/share/ublox_msgs/msg/CfgNMEA6.msg\n'}
[679.235084] (ublox_msgs) StdoutLine: {'line': b'-- Installing: /home/amigo-pi/amigo_ros2_pi/install/ublox_msgs/share/ublox_msgs/msg/CfgNMEA7.msg\n'}
[679.237067] (ublox_msgs) StdoutLine: {'line': b'-- Installing: /home/amigo-pi/amigo_ros2_pi/install/ublox_msgs/share/ublox_msgs/msg/CfgNMEA.msg\n'}
[679.238913] (ublox_msgs) StdoutLine: {'line': b'-- Installing: /home/amigo-pi/amigo_ros2_pi/install/ublox_msgs/share/ublox_msgs/msg/CfgPRT.msg\n'}
[679.240645] (ublox_msgs) StdoutLine: {'line': b'-- Installing: /home/amigo-pi/amigo_ros2_pi/install/ublox_msgs/share/ublox_msgs/msg/CfgRATE.msg\n'}
[679.242504] (ublox_msgs) StdoutLine: {'line': b'-- Installing: /home/amigo-pi/amigo_ros2_pi/install/ublox_msgs/share/ublox_msgs/msg/CfgRST.msg\n'}
[679.244537] (ublox_msgs) StdoutLine: {'line': b'-- Installing: /home/amigo-pi/amigo_ros2_pi/install/ublox_msgs/share/ublox_msgs/msg/CfgSBAS.msg\n'}
[679.246254] (ublox_msgs) StdoutLine: {'line': b'-- Installing: /home/amigo-pi/amigo_ros2_pi/install/ublox_msgs/share/ublox_msgs/msg/CfgTMODE3.msg\n'}
[679.248026] (ublox_msgs) StdoutLine: {'line': b'-- Installing: /home/amigo-pi/amigo_ros2_pi/install/ublox_msgs/share/ublox_msgs/msg/CfgUSB.msg\n'}
[679.249678] (ublox_msgs) StdoutLine: {'line': b'-- Installing: /home/amigo-pi/amigo_ros2_pi/install/ublox_msgs/share/ublox_msgs/msg/EsfINS.msg\n'}
[679.251756] (ublox_msgs) StdoutLine: {'line': b'-- Installing: /home/amigo-pi/amigo_ros2_pi/install/ublox_msgs/share/ublox_msgs/msg/EsfMEAS.msg\n'}
[679.253561] (ublox_msgs) StdoutLine: {'line': b'-- Installing: /home/amigo-pi/amigo_ros2_pi/install/ublox_msgs/share/ublox_msgs/msg/EsfRAWBlock.msg\n'}
[679.255339] (ublox_msgs) StdoutLine: {'line': b'-- Installing: /home/amigo-pi/amigo_ros2_pi/install/ublox_msgs/share/ublox_msgs/msg/EsfRAW.msg\n'}
[679.257023] (ublox_msgs) StdoutLine: {'line': b'-- Installing: /home/amigo-pi/amigo_ros2_pi/install/ublox_msgs/share/ublox_msgs/msg/EsfSTATUS.msg\n'}
[679.259040] (ublox_msgs) StdoutLine: {'line': b'-- Installing: /home/amigo-pi/amigo_ros2_pi/install/ublox_msgs/share/ublox_msgs/msg/EsfSTATUSSens.msg\n'}
[679.260854] (ublox_msgs) StdoutLine: {'line': b'-- Installing: /home/amigo-pi/amigo_ros2_pi/install/ublox_msgs/share/ublox_msgs/msg/HnrPVT.msg\n'}
[679.261700] (-) TimerEvent: {}
[679.262789] (ublox_msgs) StdoutLine: {'line': b'-- Installing: /home/amigo-pi/amigo_ros2_pi/install/ublox_msgs/share/ublox_msgs/msg/Inf.msg\n'}
[679.264465] (ublox_msgs) StdoutLine: {'line': b'-- Installing: /home/amigo-pi/amigo_ros2_pi/install/ublox_msgs/share/ublox_msgs/msg/MgaGAL.msg\n'}
[679.266498] (ublox_msgs) StdoutLine: {'line': b'-- Installing: /home/amigo-pi/amigo_ros2_pi/install/ublox_msgs/share/ublox_msgs/msg/MonGNSS.msg\n'}
[679.268312] (ublox_msgs) StdoutLine: {'line': b'-- Installing: /home/amigo-pi/amigo_ros2_pi/install/ublox_msgs/share/ublox_msgs/msg/MonHW6.msg\n'}
[679.270096] (ublox_msgs) StdoutLine: {'line': b'-- Installing: /home/amigo-pi/amigo_ros2_pi/install/ublox_msgs/share/ublox_msgs/msg/MonHW.msg\n'}
[679.271781] (ublox_msgs) StdoutLine: {'line': b'-- Installing: /home/amigo-pi/amigo_ros2_pi/install/ublox_msgs/share/ublox_msgs/msg/MonVERExtension.msg\n'}
[679.274015] (ublox_msgs) StdoutLine: {'line': b'-- Installing: /home/amigo-pi/amigo_ros2_pi/install/ublox_msgs/share/ublox_msgs/msg/MonVER.msg\n'}
[679.276053] (ublox_msgs) StdoutLine: {'line': b'-- Installing: /home/amigo-pi/amigo_ros2_pi/install/ublox_msgs/share/ublox_msgs/msg/NavATT.msg\n'}
[679.277501] (ublox_msgs) StdoutLine: {'line': b'-- Installing: /home/amigo-pi/amigo_ros2_pi/install/ublox_msgs/share/ublox_msgs/msg/NavCLOCK.msg\n'}
[679.279530] (ublox_msgs) StdoutLine: {'line': b'-- Installing: /home/amigo-pi/amigo_ros2_pi/install/ublox_msgs/share/ublox_msgs/msg/NavDGPS.msg\n'}
[679.281537] (ublox_msgs) StdoutLine: {'line': b'-- Installing: /home/amigo-pi/amigo_ros2_pi/install/ublox_msgs/share/ublox_msgs/msg/NavDGPSSV.msg\n'}
[679.283401] (ublox_msgs) StdoutLine: {'line': b'-- Installing: /home/amigo-pi/amigo_ros2_pi/install/ublox_msgs/share/ublox_msgs/msg/NavDOP.msg\n'}
[679.285067] (ublox_msgs) StdoutLine: {'line': b'-- Installing: /home/amigo-pi/amigo_ros2_pi/install/ublox_msgs/share/ublox_msgs/msg/NavPOSECEF.msg\n'}
[679.286836] (ublox_msgs) StdoutLine: {'line': b'-- Installing: /home/amigo-pi/amigo_ros2_pi/install/ublox_msgs/share/ublox_msgs/msg/NavPOSLLH.msg\n'}
[679.289053] (ublox_msgs) StdoutLine: {'line': b'-- Installing: /home/amigo-pi/amigo_ros2_pi/install/ublox_msgs/share/ublox_msgs/msg/NavPVT7.msg\n'}
[679.291231] (ublox_msgs) StdoutLine: {'line': b'-- Installing: /home/amigo-pi/amigo_ros2_pi/install/ublox_msgs/share/ublox_msgs/msg/NavPVT.msg\n'}
[679.293571] (ublox_msgs) StdoutLine: {'line': b'-- Installing: /home/amigo-pi/amigo_ros2_pi/install/ublox_msgs/share/ublox_msgs/msg/NavRELPOSNED9.msg\n'}
[679.295710] (ublox_msgs) StdoutLine: {'line': b'-- Installing: /home/amigo-pi/amigo_ros2_pi/install/ublox_msgs/share/ublox_msgs/msg/NavRELPOSNED.msg\n'}
[679.297824] (ublox_msgs) StdoutLine: {'line': b'-- Installing: /home/amigo-pi/amigo_ros2_pi/install/ublox_msgs/share/ublox_msgs/msg/NavSAT.msg\n'}
[679.299601] (ublox_msgs) StdoutLine: {'line': b'-- Installing: /home/amigo-pi/amigo_ros2_pi/install/ublox_msgs/share/ublox_msgs/msg/NavSATSV.msg\n'}
[679.301356] (ublox_msgs) StdoutLine: {'line': b'-- Installing: /home/amigo-pi/amigo_ros2_pi/install/ublox_msgs/share/ublox_msgs/msg/NavSBAS.msg\n'}
[679.303248] (ublox_msgs) StdoutLine: {'line': b'-- Installing: /home/amigo-pi/amigo_ros2_pi/install/ublox_msgs/share/ublox_msgs/msg/NavSBASSV.msg\n'}
[679.305948] (ublox_msgs) StdoutLine: {'line': b'-- Installing: /home/amigo-pi/amigo_ros2_pi/install/ublox_msgs/share/ublox_msgs/msg/NavSOL.msg\n'}
[679.307789] (ublox_msgs) StdoutLine: {'line': b'-- Installing: /home/amigo-pi/amigo_ros2_pi/install/ublox_msgs/share/ublox_msgs/msg/NavSTATUS.msg\n'}
[679.309522] (ublox_msgs) StdoutLine: {'line': b'-- Installing: /home/amigo-pi/amigo_ros2_pi/install/ublox_msgs/share/ublox_msgs/msg/NavSVINFO.msg\n'}
[679.311472] (ublox_msgs) StdoutLine: {'line': b'-- Installing: /home/amigo-pi/amigo_ros2_pi/install/ublox_msgs/share/ublox_msgs/msg/NavSVINFOSV.msg\n'}
[679.313548] (ublox_msgs) StdoutLine: {'line': b'-- Installing: /home/amigo-pi/amigo_ros2_pi/install/ublox_msgs/share/ublox_msgs/msg/NavSVIN.msg\n'}
[679.315353] (ublox_msgs) StdoutLine: {'line': b'-- Installing: /home/amigo-pi/amigo_ros2_pi/install/ublox_msgs/share/ublox_msgs/msg/NavTIMEGPS.msg\n'}
[679.317170] (ublox_msgs) StdoutLine: {'line': b'-- Installing: /home/amigo-pi/amigo_ros2_pi/install/ublox_msgs/share/ublox_msgs/msg/NavTIMEUTC.msg\n'}
[679.319106] (ublox_msgs) StdoutLine: {'line': b'-- Installing: /home/amigo-pi/amigo_ros2_pi/install/ublox_msgs/share/ublox_msgs/msg/NavVELECEF.msg\n'}
[679.321119] (ublox_msgs) StdoutLine: {'line': b'-- Installing: /home/amigo-pi/amigo_ros2_pi/install/ublox_msgs/share/ublox_msgs/msg/NavVELNED.msg\n'}
[679.323270] (ublox_msgs) StdoutLine: {'line': b'-- Installing: /home/amigo-pi/amigo_ros2_pi/install/ublox_msgs/share/ublox_msgs/msg/RxmALM.msg\n'}
[679.324663] (ublox_msgs) StdoutLine: {'line': b'-- Installing: /home/amigo-pi/amigo_ros2_pi/install/ublox_msgs/share/ublox_msgs/msg/RxmEPH.msg\n'}
[679.326700] (ublox_msgs) StdoutLine: {'line': b'-- Installing: /home/amigo-pi/amigo_ros2_pi/install/ublox_msgs/share/ublox_msgs/msg/RxmRAW.msg\n'}
[679.328722] (ublox_msgs) StdoutLine: {'line': b'-- Installing: /home/amigo-pi/amigo_ros2_pi/install/ublox_msgs/share/ublox_msgs/msg/RxmRAWSV.msg\n'}
[679.330532] (ublox_msgs) StdoutLine: {'line': b'-- Installing: /home/amigo-pi/amigo_ros2_pi/install/ublox_msgs/share/ublox_msgs/msg/RxmRAWXMeas.msg\n'}
[679.332292] (ublox_msgs) StdoutLine: {'line': b'-- Installing: /home/amigo-pi/amigo_ros2_pi/install/ublox_msgs/share/ublox_msgs/msg/RxmRAWX.msg\n'}
[679.334068] (ublox_msgs) StdoutLine: {'line': b'-- Installing: /home/amigo-pi/amigo_ros2_pi/install/ublox_msgs/share/ublox_msgs/msg/RxmRTCM.msg\n'}
[679.336142] (ublox_msgs) StdoutLine: {'line': b'-- Installing: /home/amigo-pi/amigo_ros2_pi/install/ublox_msgs/share/ublox_msgs/msg/RxmSFRB.msg\n'}
[679.337892] (ublox_msgs) StdoutLine: {'line': b'-- Installing: /home/amigo-pi/amigo_ros2_pi/install/ublox_msgs/share/ublox_msgs/msg/RxmSFRBX.msg\n'}
[679.339677] (ublox_msgs) StdoutLine: {'line': b'-- Installing: /home/amigo-pi/amigo_ros2_pi/install/ublox_msgs/share/ublox_msgs/msg/RxmSVSI.msg\n'}
[679.341452] (ublox_msgs) StdoutLine: {'line': b'-- Installing: /home/amigo-pi/amigo_ros2_pi/install/ublox_msgs/share/ublox_msgs/msg/RxmSVSISV.msg\n'}
[679.343519] (ublox_msgs) StdoutLine: {'line': b'-- Installing: /home/amigo-pi/amigo_ros2_pi/install/ublox_msgs/share/ublox_msgs/msg/TimTM2.msg\n'}
[679.345224] (ublox_msgs) StdoutLine: {'line': b'-- Installing: /home/amigo-pi/amigo_ros2_pi/install/ublox_msgs/share/ublox_msgs/msg/UpdSOSAck.msg\n'}
[679.347126] (ublox_msgs) StdoutLine: {'line': b'-- Installing: /home/amigo-pi/amigo_ros2_pi/install/ublox_msgs/share/ublox_msgs/msg/UpdSOS.msg\n'}
[679.348956] (ublox_msgs) StdoutLine: {'line': b'-- Installing: /home/amigo-pi/amigo_ros2_pi/install/ublox_msgs/lib/libublox_msgs_lib.so\n'}
[679.357366] (ublox_msgs) StdoutLine: {'line': b'-- Set runtime path of "/home/amigo-pi/amigo_ros2_pi/install/ublox_msgs/lib/libublox_msgs_lib.so" to ""\n'}
[679.358015] (ublox_msgs) StdoutLine: {'line': b'-- Up-to-date: /home/amigo-pi/amigo_ros2_pi/install/ublox_msgs/include\n'}
[679.358506] (ublox_msgs) StdoutLine: {'line': b'-- Up-to-date: /home/amigo-pi/amigo_ros2_pi/install/ublox_msgs/include/ublox_msgs\n'}
[679.358820] (ublox_msgs) StdoutLine: {'line': b'-- Installing: /home/amigo-pi/amigo_ros2_pi/install/ublox_msgs/include/ublox_msgs/ublox_msgs.hpp\n'}
[679.359535] (ublox_msgs) StdoutLine: {'line': b'-- Installing: /home/amigo-pi/amigo_ros2_pi/install/ublox_msgs/include/ublox_msgs/serialization.hpp\n'}
[679.361912] (-) TimerEvent: {}
[679.362568] (ublox_msgs) StdoutLine: {'line': b'-- Installing: /home/amigo-pi/amigo_ros2_pi/install/ublox_msgs/share/ament_index/resource_index/package_run_dependencies/ublox_msgs\n'}
[679.365564] (ublox_msgs) StdoutLine: {'line': b'-- Installing: /home/amigo-pi/amigo_ros2_pi/install/ublox_msgs/share/ament_index/resource_index/parent_prefix_path/ublox_msgs\n'}
[679.368001] (ublox_msgs) StdoutLine: {'line': b'-- Installing: /home/amigo-pi/amigo_ros2_pi/install/ublox_msgs/share/ublox_msgs/environment/ament_prefix_path.sh\n'}
[679.370209] (ublox_msgs) StdoutLine: {'line': b'-- Installing: /home/amigo-pi/amigo_ros2_pi/install/ublox_msgs/share/ublox_msgs/environment/ament_prefix_path.dsv\n'}
[679.372780] (ublox_msgs) StdoutLine: {'line': b'-- Installing: /home/amigo-pi/amigo_ros2_pi/install/ublox_msgs/share/ublox_msgs/environment/path.sh\n'}
[679.374783] (ublox_msgs) StdoutLine: {'line': b'-- Installing: /home/amigo-pi/amigo_ros2_pi/install/ublox_msgs/share/ublox_msgs/environment/path.dsv\n'}
[679.377290] (ublox_msgs) StdoutLine: {'line': b'-- Installing: /home/amigo-pi/amigo_ros2_pi/install/ublox_msgs/share/ublox_msgs/local_setup.bash\n'}
[679.380173] (ublox_msgs) StdoutLine: {'line': b'-- Installing: /home/amigo-pi/amigo_ros2_pi/install/ublox_msgs/share/ublox_msgs/local_setup.sh\n'}
[679.383001] (ublox_msgs) StdoutLine: {'line': b'-- Installing: /home/amigo-pi/amigo_ros2_pi/install/ublox_msgs/share/ublox_msgs/local_setup.zsh\n'}
[679.385200] (ublox_msgs) StdoutLine: {'line': b'-- Installing: /home/amigo-pi/amigo_ros2_pi/install/ublox_msgs/share/ublox_msgs/local_setup.dsv\n'}
[679.388020] (ublox_msgs) StdoutLine: {'line': b'-- Installing: /home/amigo-pi/amigo_ros2_pi/install/ublox_msgs/share/ublox_msgs/package.dsv\n'}
[679.391741] (ublox_msgs) StdoutLine: {'line': b'-- Installing: /home/amigo-pi/amigo_ros2_pi/install/ublox_msgs/share/ament_index/resource_index/packages/ublox_msgs\n'}
[679.395054] (ublox_msgs) StdoutLine: {'line': b'-- Installing: /home/amigo-pi/amigo_ros2_pi/install/ublox_msgs/share/ublox_msgs/cmake/export_ublox_msgs__rosidl_generator_cExport.cmake\n'}
[679.397216] (ublox_msgs) StdoutLine: {'line': b'-- Installing: /home/amigo-pi/amigo_ros2_pi/install/ublox_msgs/share/ublox_msgs/cmake/export_ublox_msgs__rosidl_generator_cExport-noconfig.cmake\n'}
[679.399504] (ublox_msgs) StdoutLine: {'line': b'-- Installing: /home/amigo-pi/amigo_ros2_pi/install/ublox_msgs/share/ublox_msgs/cmake/export_ublox_msgs__rosidl_typesupport_fastrtps_cExport.cmake\n'}
[679.402176] (ublox_msgs) StdoutLine: {'line': b'-- Installing: /home/amigo-pi/amigo_ros2_pi/install/ublox_msgs/share/ublox_msgs/cmake/export_ublox_msgs__rosidl_typesupport_fastrtps_cExport-noconfig.cmake\n'}
[679.404682] (ublox_msgs) StdoutLine: {'line': b'-- Installing: /home/amigo-pi/amigo_ros2_pi/install/ublox_msgs/share/ublox_msgs/cmake/ublox_msgs__rosidl_typesupport_introspection_cExport.cmake\n'}
[679.407185] (ublox_msgs) StdoutLine: {'line': b'-- Installing: /home/amigo-pi/amigo_ros2_pi/install/ublox_msgs/share/ublox_msgs/cmake/ublox_msgs__rosidl_typesupport_introspection_cExport-noconfig.cmake\n'}
[679.409264] (ublox_msgs) StdoutLine: {'line': b'-- Installing: /home/amigo-pi/amigo_ros2_pi/install/ublox_msgs/share/ublox_msgs/cmake/ublox_msgs__rosidl_typesupport_cExport.cmake\n'}
[679.411573] (ublox_msgs) StdoutLine: {'line': b'-- Installing: /home/amigo-pi/amigo_ros2_pi/install/ublox_msgs/share/ublox_msgs/cmake/ublox_msgs__rosidl_typesupport_cExport-noconfig.cmake\n'}
[679.413575] (ublox_msgs) StdoutLine: {'line': b'-- Installing: /home/amigo-pi/amigo_ros2_pi/install/ublox_msgs/share/ublox_msgs/cmake/export_ublox_msgs__rosidl_generator_cppExport.cmake\n'}
[679.415707] (ublox_msgs) StdoutLine: {'line': b'-- Installing: /home/amigo-pi/amigo_ros2_pi/install/ublox_msgs/share/ublox_msgs/cmake/export_ublox_msgs__rosidl_typesupport_fastrtps_cppExport.cmake\n'}
[679.417809] (ublox_msgs) StdoutLine: {'line': b'-- Installing: /home/amigo-pi/amigo_ros2_pi/install/ublox_msgs/share/ublox_msgs/cmake/export_ublox_msgs__rosidl_typesupport_fastrtps_cppExport-noconfig.cmake\n'}
[679.420356] (ublox_msgs) StdoutLine: {'line': b'-- Installing: /home/amigo-pi/amigo_ros2_pi/install/ublox_msgs/share/ublox_msgs/cmake/ublox_msgs__rosidl_typesupport_introspection_cppExport.cmake\n'}
[679.422439] (ublox_msgs) StdoutLine: {'line': b'-- Installing: /home/amigo-pi/amigo_ros2_pi/install/ublox_msgs/share/ublox_msgs/cmake/ublox_msgs__rosidl_typesupport_introspection_cppExport-noconfig.cmake\n'}
[679.424553] (ublox_msgs) StdoutLine: {'line': b'-- Installing: /home/amigo-pi/amigo_ros2_pi/install/ublox_msgs/share/ublox_msgs/cmake/ublox_msgs__rosidl_typesupport_cppExport.cmake\n'}
[679.426674] (ublox_msgs) StdoutLine: {'line': b'-- Installing: /home/amigo-pi/amigo_ros2_pi/install/ublox_msgs/share/ublox_msgs/cmake/ublox_msgs__rosidl_typesupport_cppExport-noconfig.cmake\n'}
[679.428999] (ublox_msgs) StdoutLine: {'line': b'-- Installing: /home/amigo-pi/amigo_ros2_pi/install/ublox_msgs/share/ublox_msgs/cmake/export_ublox_msgs__rosidl_generator_pyExport.cmake\n'}
[679.431426] (ublox_msgs) StdoutLine: {'line': b'-- Installing: /home/amigo-pi/amigo_ros2_pi/install/ublox_msgs/share/ublox_msgs/cmake/export_ublox_msgs__rosidl_generator_pyExport-noconfig.cmake\n'}
[679.433172] (ublox_msgs) StdoutLine: {'line': b'-- Installing: /home/amigo-pi/amigo_ros2_pi/install/ublox_msgs/share/ublox_msgs/cmake/ublox_msgs_libExport.cmake\n'}
[679.435502] (ublox_msgs) StdoutLine: {'line': b'-- Installing: /home/amigo-pi/amigo_ros2_pi/install/ublox_msgs/share/ublox_msgs/cmake/ublox_msgs_libExport-noconfig.cmake\n'}
[679.437633] (ublox_msgs) StdoutLine: {'line': b'-- Installing: /home/amigo-pi/amigo_ros2_pi/install/ublox_msgs/share/ublox_msgs/cmake/rosidl_cmake-extras.cmake\n'}
[679.440131] (ublox_msgs) StdoutLine: {'line': b'-- Installing: /home/amigo-pi/amigo_ros2_pi/install/ublox_msgs/share/ublox_msgs/cmake/ament_cmake_export_dependencies-extras.cmake\n'}
[679.442706] (ublox_msgs) StdoutLine: {'line': b'-- Installing: /home/amigo-pi/amigo_ros2_pi/install/ublox_msgs/share/ublox_msgs/cmake/ament_cmake_export_include_directories-extras.cmake\n'}
[679.445199] (ublox_msgs) StdoutLine: {'line': b'-- Installing: /home/amigo-pi/amigo_ros2_pi/install/ublox_msgs/share/ublox_msgs/cmake/ament_cmake_export_libraries-extras.cmake\n'}
[679.448348] (ublox_msgs) StdoutLine: {'line': b'-- Installing: /home/amigo-pi/amigo_ros2_pi/install/ublox_msgs/share/ublox_msgs/cmake/ament_cmake_export_targets-extras.cmake\n'}
[679.450939] (ublox_msgs) StdoutLine: {'line': b'-- Installing: /home/amigo-pi/amigo_ros2_pi/install/ublox_msgs/share/ublox_msgs/cmake/rosidl_cmake_export_typesupport_targets-extras.cmake\n'}
[679.453503] (ublox_msgs) StdoutLine: {'line': b'-- Installing: /home/amigo-pi/amigo_ros2_pi/install/ublox_msgs/share/ublox_msgs/cmake/rosidl_cmake_export_typesupport_libraries-extras.cmake\n'}
[679.456029] (ublox_msgs) StdoutLine: {'line': b'-- Installing: /home/amigo-pi/amigo_ros2_pi/install/ublox_msgs/share/ublox_msgs/cmake/ublox_msgsConfig.cmake\n'}
[679.458182] (ublox_msgs) StdoutLine: {'line': b'-- Installing: /home/amigo-pi/amigo_ros2_pi/install/ublox_msgs/share/ublox_msgs/cmake/ublox_msgsConfig-version.cmake\n'}
[679.460650] (ublox_msgs) StdoutLine: {'line': b'-- Installing: /home/amigo-pi/amigo_ros2_pi/install/ublox_msgs/share/ublox_msgs/package.xml\n'}
[679.462037] (-) TimerEvent: {}
[679.472761] (ublox_msgs) CommandEnded: {'returncode': 0}
[679.562190] (-) TimerEvent: {}
[679.600379] (ublox_msgs) JobEnded: {'identifier': 'ublox_msgs', 'rc': 0}
[679.605903] (ublox_gps) JobStarted: {'identifier': 'ublox_gps'}
[679.655251] (ublox_gps) JobProgress: {'identifier': 'ublox_gps', 'progress': 'cmake'}
[679.657204] (ublox_gps) Command: {'cmd': ['/usr/bin/cmake', '/home/amigo-pi/amigo_ros2_pi/src/ros2-ublox-zedf9p/ublox_gps', '-DCMAKE_INSTALL_PREFIX=/home/amigo-pi/amigo_ros2_pi/install/ublox_gps'], 'cwd': '/home/amigo-pi/amigo_ros2_pi/build/ublox_gps', 'env': OrderedDict([('LESSOPEN', '| /usr/bin/lesspipe %s'), ('USER', 'amigo-pi'), ('XDG_SESSION_TYPE', 'wayland'), ('SHLVL', '1'), ('LD_LIBRARY_PATH', '/home/amigo-pi/amigo_ros2_pi/install/ublox_msgs/lib:/opt/ros/humble/opt/rviz_ogre_vendor/lib:/opt/ros/humble/lib/aarch64-linux-gnu:/opt/ros/humble/lib'), ('HOME', '/home/amigo-pi'), ('OLDPWD', '/home/amigo-pi/amigo_ros2_pi/src'), ('DESKTOP_SESSION', 'ubuntu'), ('ROS_PYTHON_VERSION', '3'), ('GNOME_SHELL_SESSION_MODE', 'ubuntu'), ('GTK_MODULES', 'gail:atk-bridge'), ('SYSTEMD_EXEC_PID', '1688'), ('DBUS_SESSION_BUS_ADDRESS', 'unix:path=/run/user/1000/bus'), ('COLORTERM', 'truecolor'), ('IM_CONFIG_PHASE', '1'), ('WAYLAND_DISPLAY', 'wayland-0'), ('COLCON_PREFIX_PATH', '/home/amigo-pi/amigo_ros2_pi/install'), ('ROS_DISTRO', 'humble'), ('LOGNAME', 'amigo-pi'), ('_', '/usr/bin/colcon'), ('ROS_VERSION', '2'), ('XDG_SESSION_CLASS', 'user'), ('USERNAME', 'amigo-pi'), ('TERM', 'xterm-256color'), ('GNOME_DESKTOP_SESSION_ID', 'this-is-deprecated'), ('ROS_LOCALHOST_ONLY', '0'), ('PATH', '/opt/ros/humble/bin:/home/amigo-pi/.local/bin:/usr/local/sbin:/usr/local/bin:/usr/sbin:/usr/bin:/sbin:/bin:/usr/games:/usr/local/games:/snap/bin:/snap/bin'), ('SESSION_MANAGER', 'local/amigopi-desktop:@/tmp/.ICE-unix/1656,unix/amigopi-desktop:/tmp/.ICE-unix/1656'), ('XDG_MENU_PREFIX', 'gnome-'), ('GNOME_TERMINAL_SCREEN', '/org/gnome/Terminal/screen/377ea5d9_cb09_4d5c_9fe5_c2e0dc79847d'), ('GNOME_SETUP_DISPLAY', ':1'), ('XDG_RUNTIME_DIR', '/run/user/1000'), ('DISPLAY', ':0'), ('LANG', 'en_US.UTF-8'), ('XDG_CURRENT_DESKTOP', 'ubuntu:GNOME'), ('XMODIFIERS', '@im=ibus'), ('XDG_SESSION_DESKTOP', 'ubuntu'), ('XAUTHORITY', '/run/user/1000/.mutter-Xwaylandauth.6Z6D32'), ('LS_COLORS', 'rs=0:di=01;34:ln=01;36:mh=00:pi=40;33:so=01;35:do=01;35:bd=40;33;01:cd=40;33;01:or=40;31;01:mi=00:su=37;41:sg=30;43:ca=30;41:tw=30;42:ow=34;42:st=37;44:ex=01;32:*.tar=01;31:*.tgz=01;31:*.arc=01;31:*.arj=01;31:*.taz=01;31:*.lha=01;31:*.lz4=01;31:*.lzh=01;31:*.lzma=01;31:*.tlz=01;31:*.txz=01;31:*.tzo=01;31:*.t7z=01;31:*.zip=01;31:*.z=01;31:*.dz=01;31:*.gz=01;31:*.lrz=01;31:*.lz=01;31:*.lzo=01;31:*.xz=01;31:*.zst=01;31:*.tzst=01;31:*.bz2=01;31:*.bz=01;31:*.tbz=01;31:*.tbz2=01;31:*.tz=01;31:*.deb=01;31:*.rpm=01;31:*.jar=01;31:*.war=01;31:*.ear=01;31:*.sar=01;31:*.rar=01;31:*.alz=01;31:*.ace=01;31:*.zoo=01;31:*.cpio=01;31:*.7z=01;31:*.rz=01;31:*.cab=01;31:*.wim=01;31:*.swm=01;31:*.dwm=01;31:*.esd=01;31:*.jpg=01;35:*.jpeg=01;35:*.mjpg=01;35:*.mjpeg=01;35:*.gif=01;35:*.bmp=01;35:*.pbm=01;35:*.pgm=01;35:*.ppm=01;35:*.tga=01;35:*.xbm=01;35:*.xpm=01;35:*.tif=01;35:*.tiff=01;35:*.png=01;35:*.svg=01;35:*.svgz=01;35:*.mng=01;35:*.pcx=01;35:*.mov=01;35:*.mpg=01;35:*.mpeg=01;35:*.m2v=01;35:*.mkv=01;35:*.webm=01;35:*.webp=01;35:*.ogm=01;35:*.mp4=01;35:*.m4v=01;35:*.mp4v=01;35:*.vob=01;35:*.qt=01;35:*.nuv=01;35:*.wmv=01;35:*.asf=01;35:*.rm=01;35:*.rmvb=01;35:*.flc=01;35:*.avi=01;35:*.fli=01;35:*.flv=01;35:*.gl=01;35:*.dl=01;35:*.xcf=01;35:*.xwd=01;35:*.yuv=01;35:*.cgm=01;35:*.emf=01;35:*.ogv=01;35:*.ogx=01;35:*.aac=00;36:*.au=00;36:*.flac=00;36:*.m4a=00;36:*.mid=00;36:*.midi=00;36:*.mka=00;36:*.mp3=00;36:*.mpc=00;36:*.ogg=00;36:*.ra=00;36:*.wav=00;36:*.oga=00;36:*.opus=00;36:*.spx=00;36:*.xspf=00;36:'), ('GNOME_TERMINAL_SERVICE', ':1.123'), ('SSH_AGENT_LAUNCHER', 'gnome-keyring'), ('SSH_AUTH_SOCK', '/run/user/1000/keyring/ssh'), ('AMENT_PREFIX_PATH', '/home/amigo-pi/amigo_ros2_pi/install/ublox_msgs:/home/amigo-pi/amigo_ros2_pi/install/ublox_serialization:/home/amigo-pi/amigo_ros2_pi/install/camera_control:/opt/ros/humble'), ('SHELL', '/bin/bash'), ('QT_ACCESSIBILITY', '1'), ('GDMSESSION', 'ubuntu'), ('LESSCLOSE', '/usr/bin/lesspipe %s %s'), ('QT_IM_MODULE', 'ibus'), ('PWD', '/home/amigo-pi/amigo_ros2_pi/build/ublox_gps'), ('LC_ALL', 'en_US.UTF-8'), ('XDG_CONFIG_DIRS', '/etc/xdg/xdg-ubuntu:/etc/xdg'), ('XDG_DATA_DIRS', '/usr/share/ubuntu:/usr/local/share/:/usr/share/:/var/lib/snapd/desktop'), ('PYTHONPATH', '/home/amigo-pi/amigo_ros2_pi/install/ublox_msgs/local/lib/python3.10/dist-packages:/home/amigopi/workspaces/amigo_ros2_pi/build/camera_control:/home/amigo-pi/amigo_ros2_pi/install/camera_control/lib/python3.10/site-packages:/opt/ros/humble/lib/python3.10/site-packages:/opt/ros/humble/local/lib/python3.10/dist-packages'), ('COLCON', '1'), ('VTE_VERSION', '6800'), ('CMAKE_PREFIX_PATH', '/home/amigo-pi/amigo_ros2_pi/install/ublox_msgs:/home/amigo-pi/amigo_ros2_pi/install/ublox_serialization:/home/amigo-pi/amigo_ros2_pi/install/camera_control:/opt/ros/humble')]), 'shell': False}
[679.666705] (-) TimerEvent: {}
[679.767310] (-) TimerEvent: {}
[679.868105] (-) TimerEvent: {}
[679.937745] (ublox_gps) StdoutLine: {'line': b'-- The C compiler identification is GNU 11.4.0\n'}
[679.968428] (-) TimerEvent: {}
[680.069317] (-) TimerEvent: {}
[680.170024] (-) TimerEvent: {}
[680.200490] (ublox_gps) StdoutLine: {'line': b'-- The CXX compiler identification is GNU 11.4.0\n'}
[680.235553] (ublox_gps) StdoutLine: {'line': b'-- Detecting C compiler ABI info\n'}
[680.270207] (-) TimerEvent: {}
[680.370897] (-) TimerEvent: {}
[680.471625] (-) TimerEvent: {}
[680.569566] (ublox_gps) StdoutLine: {'line': b'-- Detecting C compiler ABI info - done\n'}
[680.571780] (-) TimerEvent: {}
[680.599440] (ublox_gps) StdoutLine: {'line': b'-- Check for working C compiler: /usr/bin/cc - skipped\n'}
[680.603980] (ublox_gps) StdoutLine: {'line': b'-- Detecting C compile features\n'}
[680.605797] (ublox_gps) StdoutLine: {'line': b'-- Detecting C compile features - done\n'}
[680.618624] (ublox_gps) StdoutLine: {'line': b'-- Detecting CXX compiler ABI info\n'}
[680.672069] (-) TimerEvent: {}
[680.772918] (-) TimerEvent: {}
[680.873798] (-) TimerEvent: {}
[680.974726] (-) TimerEvent: {}
[680.983755] (ublox_gps) StdoutLine: {'line': b'-- Detecting CXX compiler ABI info - done\n'}
[681.013254] (ublox_gps) StdoutLine: {'line': b'-- Check for working CXX compiler: /usr/bin/c++ - skipped\n'}
[681.014383] (ublox_gps) StdoutLine: {'line': b'-- Detecting CXX compile features\n'}
[681.016064] (ublox_gps) StdoutLine: {'line': b'-- Detecting CXX compile features - done\n'}
[681.040515] (ublox_gps) StdoutLine: {'line': b'-- Found ament_cmake_ros: 0.10.0 (/opt/ros/humble/share/ament_cmake_ros/cmake)\n'}
[681.074882] (-) TimerEvent: {}
[681.175578] (-) TimerEvent: {}
[681.276412] (-) TimerEvent: {}
[681.377103] (-) TimerEvent: {}
[681.477790] (-) TimerEvent: {}
[681.578722] (-) TimerEvent: {}
[681.679808] (-) TimerEvent: {}
[681.780854] (-) TimerEvent: {}
[681.881972] (-) TimerEvent: {}
[681.982667] (-) TimerEvent: {}
[682.073814] (ublox_gps) StdoutLine: {'line': b'-- Found Python3: /usr/bin/python3 (found version "3.10.12") found components: Interpreter \n'}
[682.082856] (-) TimerEvent: {}
[682.183517] (-) TimerEvent: {}
[682.284203] (-) TimerEvent: {}
[682.384909] (-) TimerEvent: {}
[682.485841] (-) TimerEvent: {}
[682.587422] (-) TimerEvent: {}
[682.688266] (-) TimerEvent: {}
[682.724463] (ublox_gps) StdoutLine: {'line': b'-- Found asio: /usr/include  \n'}
[682.757399] (ublox_gps) StdoutLine: {'line': b'-- Found diagnostic_msgs: 4.2.4 (/opt/ros/humble/share/diagnostic_msgs/cmake)\n'}
[682.788540] (-) TimerEvent: {}
[682.889480] (-) TimerEvent: {}
[682.990316] (-) TimerEvent: {}
[683.091018] (-) TimerEvent: {}
[683.122581] (ublox_gps) StdoutLine: {'line': b'-- Found rosidl_generator_c: 3.1.6 (/opt/ros/humble/share/rosidl_generator_c/cmake)\n'}
[683.168123] (ublox_gps) StdoutLine: {'line': b'-- Found rosidl_adapter: 3.1.6 (/opt/ros/humble/share/rosidl_adapter/cmake)\n'}
[683.191176] (-) TimerEvent: {}
[683.228452] (ublox_gps) StdoutLine: {'line': b'-- Found rosidl_generator_cpp: 3.1.6 (/opt/ros/humble/share/rosidl_generator_cpp/cmake)\n'}
[683.291358] (-) TimerEvent: {}
[683.302382] (ublox_gps) StdoutLine: {'line': b'-- Using all available rosidl_typesupport_c: rosidl_typesupport_fastrtps_c;rosidl_typesupport_introspection_c\n'}
[683.391548] (-) TimerEvent: {}
[683.406797] (ublox_gps) StdoutLine: {'line': b'-- Using all available rosidl_typesupport_cpp: rosidl_typesupport_fastrtps_cpp;rosidl_typesupport_introspection_cpp\n'}
[683.491771] (-) TimerEvent: {}
[683.592479] (-) TimerEvent: {}
[683.629382] (ublox_gps) StdoutLine: {'line': b'-- Found diagnostic_updater: 4.0.0 (/opt/ros/humble/share/diagnostic_updater/cmake)\n'}
[683.692658] (-) TimerEvent: {}
[683.793439] (-) TimerEvent: {}
[683.894291] (-) TimerEvent: {}
[683.994972] (-) TimerEvent: {}
[684.033006] (ublox_gps) StdoutLine: {'line': b'-- Found rmw_implementation_cmake: 6.1.2 (/opt/ros/humble/share/rmw_implementation_cmake/cmake)\n'}
[684.066733] (ublox_gps) StdoutLine: {'line': b'-- Found rmw_fastrtps_cpp: 6.2.7 (/opt/ros/humble/share/rmw_fastrtps_cpp/cmake)\n'}
[684.095138] (-) TimerEvent: {}
[684.195800] (-) TimerEvent: {}
[684.296502] (-) TimerEvent: {}
[684.397362] (-) TimerEvent: {}
[684.498345] (-) TimerEvent: {}
[684.600190] (-) TimerEvent: {}
[684.703003] (-) TimerEvent: {}
[684.805172] (-) TimerEvent: {}
[684.883545] (ublox_gps) StdoutLine: {'line': b'-- Found OpenSSL: /usr/lib/aarch64-linux-gnu/libcrypto.so (found version "3.0.2")  \n'}
[684.905340] (-) TimerEvent: {}
[685.006046] (-) TimerEvent: {}
[685.106717] (-) TimerEvent: {}
[685.153672] (ublox_gps) StdoutLine: {'line': b'-- Found FastRTPS: /opt/ros/humble/include  \n'}
[685.206893] (-) TimerEvent: {}
[685.307648] (-) TimerEvent: {}
[685.408509] (-) TimerEvent: {}
[685.509947] (-) TimerEvent: {}
[685.611370] (-) TimerEvent: {}
[685.632763] (ublox_gps) StdoutLine: {'line': b"-- Using RMW implementation 'rmw_fastrtps_cpp' as default\n"}
[685.711765] (-) TimerEvent: {}
[685.763291] (ublox_gps) StdoutLine: {'line': b'-- Looking for pthread.h\n'}
[685.811942] (-) TimerEvent: {}
[685.912900] (-) TimerEvent: {}
[686.013661] (-) TimerEvent: {}
[686.114489] (-) TimerEvent: {}
[686.124119] (ublox_gps) StdoutLine: {'line': b'-- Looking for pthread.h - found\n'}
[686.125461] (ublox_gps) StdoutLine: {'line': b'-- Performing Test CMAKE_HAVE_LIBC_PTHREAD\n'}
[686.214665] (-) TimerEvent: {}
[686.315438] (-) TimerEvent: {}
[686.416318] (-) TimerEvent: {}
[686.475999] (ublox_gps) StdoutLine: {'line': b'-- Performing Test CMAKE_HAVE_LIBC_PTHREAD - Success\n'}
[686.480575] (ublox_gps) StdoutLine: {'line': b'-- Found Threads: TRUE  \n'}
[686.516486] (-) TimerEvent: {}
[686.617218] (-) TimerEvent: {}
[686.718020] (-) TimerEvent: {}
[686.777764] (ublox_gps) StdoutLine: {'line': b'-- Found geometry_msgs: 4.2.4 (/opt/ros/humble/share/geometry_msgs/cmake)\n'}
[686.818191] (-) TimerEvent: {}
[686.847840] (ublox_gps) StdoutLine: {'line': b'-- Found rclcpp_components: 16.0.11 (/opt/ros/humble/share/rclcpp_components/cmake)\n'}
[686.918371] (-) TimerEvent: {}
[687.019015] (-) TimerEvent: {}
[687.119079] (ublox_gps) StdoutLine: {'line': b'-- Found sensor_msgs: 4.2.4 (/opt/ros/humble/share/sensor_msgs/cmake)\n'}
[687.119607] (-) TimerEvent: {}
[687.220216] (-) TimerEvent: {}
[687.224173] (ublox_gps) StdoutLine: {'line': b'-- Found tf2: 0.25.11 (/opt/ros/humble/share/tf2/cmake)\n'}
[687.246356] (ublox_gps) StdoutLine: {'line': b'-- Found ublox_msgs: 2.2.0 (/home/amigo-pi/amigo_ros2_pi/install/ublox_msgs/share/ublox_msgs/cmake)\n'}
[687.320596] (-) TimerEvent: {}
[687.421720] (-) TimerEvent: {}
[687.522703] (-) TimerEvent: {}
[687.624359] (-) TimerEvent: {}
[687.689331] (ublox_gps) StdoutLine: {'line': b'-- Configuring done\n'}
[687.724567] (-) TimerEvent: {}
[687.808645] (ublox_gps) StdoutLine: {'line': b'-- Generating done\n'}
[687.824767] (-) TimerEvent: {}
[687.843745] (ublox_gps) StdoutLine: {'line': b'-- Build files have been written to: /home/amigo-pi/amigo_ros2_pi/build/ublox_gps\n'}
[687.888650] (ublox_gps) CommandEnded: {'returncode': 0}
[687.890915] (ublox_gps) JobProgress: {'identifier': 'ublox_gps', 'progress': 'build'}
[687.891980] (ublox_gps) Command: {'cmd': ['/usr/bin/cmake', '--build', '/home/amigo-pi/amigo_ros2_pi/build/ublox_gps', '--', '-j4', '-l4'], 'cwd': '/home/amigo-pi/amigo_ros2_pi/build/ublox_gps', 'env': OrderedDict([('LESSOPEN', '| /usr/bin/lesspipe %s'), ('USER', 'amigo-pi'), ('XDG_SESSION_TYPE', 'wayland'), ('SHLVL', '1'), ('LD_LIBRARY_PATH', '/home/amigo-pi/amigo_ros2_pi/install/ublox_msgs/lib:/opt/ros/humble/opt/rviz_ogre_vendor/lib:/opt/ros/humble/lib/aarch64-linux-gnu:/opt/ros/humble/lib'), ('HOME', '/home/amigo-pi'), ('OLDPWD', '/home/amigo-pi/amigo_ros2_pi/src'), ('DESKTOP_SESSION', 'ubuntu'), ('ROS_PYTHON_VERSION', '3'), ('GNOME_SHELL_SESSION_MODE', 'ubuntu'), ('GTK_MODULES', 'gail:atk-bridge'), ('SYSTEMD_EXEC_PID', '1688'), ('DBUS_SESSION_BUS_ADDRESS', 'unix:path=/run/user/1000/bus'), ('COLORTERM', 'truecolor'), ('IM_CONFIG_PHASE', '1'), ('WAYLAND_DISPLAY', 'wayland-0'), ('COLCON_PREFIX_PATH', '/home/amigo-pi/amigo_ros2_pi/install'), ('ROS_DISTRO', 'humble'), ('LOGNAME', 'amigo-pi'), ('_', '/usr/bin/colcon'), ('ROS_VERSION', '2'), ('XDG_SESSION_CLASS', 'user'), ('USERNAME', 'amigo-pi'), ('TERM', 'xterm-256color'), ('GNOME_DESKTOP_SESSION_ID', 'this-is-deprecated'), ('ROS_LOCALHOST_ONLY', '0'), ('PATH', '/opt/ros/humble/bin:/home/amigo-pi/.local/bin:/usr/local/sbin:/usr/local/bin:/usr/sbin:/usr/bin:/sbin:/bin:/usr/games:/usr/local/games:/snap/bin:/snap/bin'), ('SESSION_MANAGER', 'local/amigopi-desktop:@/tmp/.ICE-unix/1656,unix/amigopi-desktop:/tmp/.ICE-unix/1656'), ('XDG_MENU_PREFIX', 'gnome-'), ('GNOME_TERMINAL_SCREEN', '/org/gnome/Terminal/screen/377ea5d9_cb09_4d5c_9fe5_c2e0dc79847d'), ('GNOME_SETUP_DISPLAY', ':1'), ('XDG_RUNTIME_DIR', '/run/user/1000'), ('DISPLAY', ':0'), ('LANG', 'en_US.UTF-8'), ('XDG_CURRENT_DESKTOP', 'ubuntu:GNOME'), ('XMODIFIERS', '@im=ibus'), ('XDG_SESSION_DESKTOP', 'ubuntu'), ('XAUTHORITY', '/run/user/1000/.mutter-Xwaylandauth.6Z6D32'), ('LS_COLORS', 'rs=0:di=01;34:ln=01;36:mh=00:pi=40;33:so=01;35:do=01;35:bd=40;33;01:cd=40;33;01:or=40;31;01:mi=00:su=37;41:sg=30;43:ca=30;41:tw=30;42:ow=34;42:st=37;44:ex=01;32:*.tar=01;31:*.tgz=01;31:*.arc=01;31:*.arj=01;31:*.taz=01;31:*.lha=01;31:*.lz4=01;31:*.lzh=01;31:*.lzma=01;31:*.tlz=01;31:*.txz=01;31:*.tzo=01;31:*.t7z=01;31:*.zip=01;31:*.z=01;31:*.dz=01;31:*.gz=01;31:*.lrz=01;31:*.lz=01;31:*.lzo=01;31:*.xz=01;31:*.zst=01;31:*.tzst=01;31:*.bz2=01;31:*.bz=01;31:*.tbz=01;31:*.tbz2=01;31:*.tz=01;31:*.deb=01;31:*.rpm=01;31:*.jar=01;31:*.war=01;31:*.ear=01;31:*.sar=01;31:*.rar=01;31:*.alz=01;31:*.ace=01;31:*.zoo=01;31:*.cpio=01;31:*.7z=01;31:*.rz=01;31:*.cab=01;31:*.wim=01;31:*.swm=01;31:*.dwm=01;31:*.esd=01;31:*.jpg=01;35:*.jpeg=01;35:*.mjpg=01;35:*.mjpeg=01;35:*.gif=01;35:*.bmp=01;35:*.pbm=01;35:*.pgm=01;35:*.ppm=01;35:*.tga=01;35:*.xbm=01;35:*.xpm=01;35:*.tif=01;35:*.tiff=01;35:*.png=01;35:*.svg=01;35:*.svgz=01;35:*.mng=01;35:*.pcx=01;35:*.mov=01;35:*.mpg=01;35:*.mpeg=01;35:*.m2v=01;35:*.mkv=01;35:*.webm=01;35:*.webp=01;35:*.ogm=01;35:*.mp4=01;35:*.m4v=01;35:*.mp4v=01;35:*.vob=01;35:*.qt=01;35:*.nuv=01;35:*.wmv=01;35:*.asf=01;35:*.rm=01;35:*.rmvb=01;35:*.flc=01;35:*.avi=01;35:*.fli=01;35:*.flv=01;35:*.gl=01;35:*.dl=01;35:*.xcf=01;35:*.xwd=01;35:*.yuv=01;35:*.cgm=01;35:*.emf=01;35:*.ogv=01;35:*.ogx=01;35:*.aac=00;36:*.au=00;36:*.flac=00;36:*.m4a=00;36:*.mid=00;36:*.midi=00;36:*.mka=00;36:*.mp3=00;36:*.mpc=00;36:*.ogg=00;36:*.ra=00;36:*.wav=00;36:*.oga=00;36:*.opus=00;36:*.spx=00;36:*.xspf=00;36:'), ('GNOME_TERMINAL_SERVICE', ':1.123'), ('SSH_AGENT_LAUNCHER', 'gnome-keyring'), ('SSH_AUTH_SOCK', '/run/user/1000/keyring/ssh'), ('AMENT_PREFIX_PATH', '/home/amigo-pi/amigo_ros2_pi/install/ublox_msgs:/home/amigo-pi/amigo_ros2_pi/install/ublox_serialization:/home/amigo-pi/amigo_ros2_pi/install/camera_control:/opt/ros/humble'), ('SHELL', '/bin/bash'), ('QT_ACCESSIBILITY', '1'), ('GDMSESSION', 'ubuntu'), ('LESSCLOSE', '/usr/bin/lesspipe %s %s'), ('QT_IM_MODULE', 'ibus'), ('PWD', '/home/amigo-pi/amigo_ros2_pi/build/ublox_gps'), ('LC_ALL', 'en_US.UTF-8'), ('XDG_CONFIG_DIRS', '/etc/xdg/xdg-ubuntu:/etc/xdg'), ('XDG_DATA_DIRS', '/usr/share/ubuntu:/usr/local/share/:/usr/share/:/var/lib/snapd/desktop'), ('PYTHONPATH', '/home/amigo-pi/amigo_ros2_pi/install/ublox_msgs/local/lib/python3.10/dist-packages:/home/amigopi/workspaces/amigo_ros2_pi/build/camera_control:/home/amigo-pi/amigo_ros2_pi/install/camera_control/lib/python3.10/site-packages:/opt/ros/humble/lib/python3.10/site-packages:/opt/ros/humble/local/lib/python3.10/dist-packages'), ('COLCON', '1'), ('VTE_VERSION', '6800'), ('CMAKE_PREFIX_PATH', '/home/amigo-pi/amigo_ros2_pi/install/ublox_msgs:/home/amigo-pi/amigo_ros2_pi/install/ublox_serialization:/home/amigo-pi/amigo_ros2_pi/install/camera_control:/opt/ros/humble')]), 'shell': False}
[687.924985] (-) TimerEvent: {}
[688.026185] (-) TimerEvent: {}
[688.127113] (-) TimerEvent: {}
[688.136524] (ublox_gps) StdoutLine: {'line': b'[  4%] \x1b[32mBuilding CXX object CMakeFiles/ublox_gps.dir/src/gnss.cpp.o\x1b[0m\n'}
[688.140114] (ublox_gps) StdoutLine: {'line': b'[  9%] \x1b[32mBuilding CXX object CMakeFiles/ublox_logger_node.dir/src/logger_node_pa.cpp.o\x1b[0m\n'}
[688.141546] (ublox_gps) StdoutLine: {'line': b'[ 13%] \x1b[32mBuilding CXX object CMakeFiles/ublox_gps.dir/src/adr_udr_product.cpp.o\x1b[0m\n'}
[688.150241] (ublox_gps) StdoutLine: {'line': b'[ 18%] \x1b[32mBuilding CXX object CMakeFiles/ublox_logger_node.dir/src/raw_data_pa.cpp.o\x1b[0m\n'}
[688.227319] (-) TimerEvent: {}
[688.328119] (-) TimerEvent: {}
[688.428924] (-) TimerEvent: {}
[688.529766] (-) TimerEvent: {}
[688.630664] (-) TimerEvent: {}
[688.731489] (-) TimerEvent: {}
[688.832356] (-) TimerEvent: {}
[688.933175] (-) TimerEvent: {}
[689.034046] (-) TimerEvent: {}
[689.134813] (-) TimerEvent: {}
[689.235624] (-) TimerEvent: {}
[689.336452] (-) TimerEvent: {}
[689.437270] (-) TimerEvent: {}
[689.538375] (-) TimerEvent: {}
[689.639664] (-) TimerEvent: {}
[689.741042] (-) TimerEvent: {}
[689.842592] (-) TimerEvent: {}
[689.847937] (ublox_gps) StdoutLine: {'line': b'[ 22%] \x1b[32mBuilding CXX object CMakeFiles/ublox_gps.dir/src/gps.cpp.o\x1b[0m\n'}
[689.942781] (-) TimerEvent: {}
[690.043545] (-) TimerEvent: {}
[690.144378] (-) TimerEvent: {}
[690.245183] (-) TimerEvent: {}
[690.346095] (-) TimerEvent: {}
[690.447098] (-) TimerEvent: {}
[690.548014] (-) TimerEvent: {}
[690.648940] (-) TimerEvent: {}
[690.750068] (-) TimerEvent: {}
[690.851362] (-) TimerEvent: {}
[690.952694] (-) TimerEvent: {}
[691.054047] (-) TimerEvent: {}
[691.155310] (-) TimerEvent: {}
[691.256549] (-) TimerEvent: {}
[691.357817] (-) TimerEvent: {}
[691.458982] (-) TimerEvent: {}
[691.560112] (-) TimerEvent: {}
[691.661733] (-) TimerEvent: {}
[691.763695] (-) TimerEvent: {}
[691.865335] (-) TimerEvent: {}
[691.966321] (-) TimerEvent: {}
[692.067255] (-) TimerEvent: {}
[692.168843] (-) TimerEvent: {}
[692.271206] (-) TimerEvent: {}
[692.372278] (-) TimerEvent: {}
[692.473339] (-) TimerEvent: {}
[692.575247] (-) TimerEvent: {}
[692.676455] (-) TimerEvent: {}
[692.777477] (-) TimerEvent: {}
[692.878607] (-) TimerEvent: {}
[692.979806] (-) TimerEvent: {}
[693.081399] (-) TimerEvent: {}
[693.182708] (-) TimerEvent: {}
[693.283601] (-) TimerEvent: {}
[693.384613] (-) TimerEvent: {}
[693.486083] (-) TimerEvent: {}
[693.587486] (-) TimerEvent: {}
[693.688926] (-) TimerEvent: {}
[693.789832] (-) TimerEvent: {}
[693.890829] (-) TimerEvent: {}
[693.991949] (-) TimerEvent: {}
[694.093025] (-) TimerEvent: {}
[694.193998] (-) TimerEvent: {}
[694.294898] (-) TimerEvent: {}
[694.396373] (-) TimerEvent: {}
[694.497990] (-) TimerEvent: {}
[694.599088] (-) TimerEvent: {}
[694.699993] (-) TimerEvent: {}
[694.800971] (-) TimerEvent: {}
[694.903364] (-) TimerEvent: {}
[695.004468] (-) TimerEvent: {}
[695.115390] (-) TimerEvent: {}
[695.216587] (-) TimerEvent: {}
[695.318349] (-) TimerEvent: {}
[695.427412] (-) TimerEvent: {}
[695.528796] (-) TimerEvent: {}
[695.634721] (-) TimerEvent: {}
[695.736039] (-) TimerEvent: {}
[695.850132] (-) TimerEvent: {}
[695.954264] (-) TimerEvent: {}
[696.055569] (-) TimerEvent: {}
[696.156665] (-) TimerEvent: {}
[696.257832] (-) TimerEvent: {}
[696.358963] (-) TimerEvent: {}
[696.460238] (-) TimerEvent: {}
[696.561308] (-) TimerEvent: {}
[696.662494] (-) TimerEvent: {}
[696.763751] (-) TimerEvent: {}
[696.864927] (-) TimerEvent: {}
[696.966135] (-) TimerEvent: {}
[697.067299] (-) TimerEvent: {}
[697.168524] (-) TimerEvent: {}
[697.269796] (-) TimerEvent: {}
[697.371023] (-) TimerEvent: {}
[697.472170] (-) TimerEvent: {}
[697.573226] (-) TimerEvent: {}
[697.674530] (-) TimerEvent: {}
[697.775600] (-) TimerEvent: {}
[697.876657] (-) TimerEvent: {}
[697.977724] (-) TimerEvent: {}
[698.078751] (-) TimerEvent: {}
[698.179660] (-) TimerEvent: {}
[698.280794] (-) TimerEvent: {}
[698.382706] (-) TimerEvent: {}
[698.484365] (-) TimerEvent: {}
[698.585362] (-) TimerEvent: {}
[698.686524] (-) TimerEvent: {}
[698.787711] (-) TimerEvent: {}
[698.889016] (-) TimerEvent: {}
[698.990160] (-) TimerEvent: {}
[699.091324] (-) TimerEvent: {}
[699.192483] (-) TimerEvent: {}
[699.293522] (-) TimerEvent: {}
[699.394662] (-) TimerEvent: {}
[699.495989] (-) TimerEvent: {}
[699.597455] (-) TimerEvent: {}
[699.699149] (-) TimerEvent: {}
[699.800491] (-) TimerEvent: {}
[699.901557] (-) TimerEvent: {}
[700.002685] (-) TimerEvent: {}
[700.103710] (-) TimerEvent: {}
[700.205055] (-) TimerEvent: {}
[701.158989] (-) TimerEvent: {}
[701.260170] (-) TimerEvent: {}
[701.361276] (-) TimerEvent: {}
[701.462536] (-) TimerEvent: {}
[701.563631] (-) TimerEvent: {}
[701.664594] (-) TimerEvent: {}
[701.765641] (-) TimerEvent: {}
[701.866730] (-) TimerEvent: {}
[701.968224] (-) TimerEvent: {}
[702.069409] (-) TimerEvent: {}
[702.170903] (-) TimerEvent: {}
[702.271796] (-) TimerEvent: {}
[702.372634] (-) TimerEvent: {}
[702.474060] (-) TimerEvent: {}
[702.578146] (-) TimerEvent: {}
[702.690297] (-) TimerEvent: {}
[702.791855] (-) TimerEvent: {}
[702.893037] (-) TimerEvent: {}
[702.994103] (-) TimerEvent: {}
[703.095133] (-) TimerEvent: {}
[703.197265] (-) TimerEvent: {}
[703.298584] (-) TimerEvent: {}
[703.399637] (-) TimerEvent: {}
[703.500694] (-) TimerEvent: {}
[703.601811] (-) TimerEvent: {}
[703.702912] (-) TimerEvent: {}
[703.804351] (-) TimerEvent: {}
[703.906060] (-) TimerEvent: {}
[704.007478] (-) TimerEvent: {}
[704.108831] (-) TimerEvent: {}
[704.209937] (-) TimerEvent: {}
[704.310988] (-) TimerEvent: {}
[704.412598] (-) TimerEvent: {}
[704.514299] (-) TimerEvent: {}
[704.616045] (-) TimerEvent: {}
[704.718013] (-) TimerEvent: {}
[704.821055] (-) TimerEvent: {}
[704.922462] (-) TimerEvent: {}
[705.023632] (-) TimerEvent: {}
[705.124759] (-) TimerEvent: {}
[705.225828] (-) TimerEvent: {}
[705.345418] (-) TimerEvent: {}
[705.447351] (-) TimerEvent: {}
[705.550166] (-) TimerEvent: {}
[705.651160] (-) TimerEvent: {}
[705.752346] (-) TimerEvent: {}
[705.858185] (-) TimerEvent: {}
[705.962120] (-) TimerEvent: {}
[706.066167] (-) TimerEvent: {}
[706.167661] (-) TimerEvent: {}
[706.268794] (-) TimerEvent: {}
[706.370012] (-) TimerEvent: {}
[706.471192] (-) TimerEvent: {}
[706.572477] (-) TimerEvent: {}
[706.673658] (-) TimerEvent: {}
[706.774729] (-) TimerEvent: {}
[706.875962] (-) TimerEvent: {}
[706.977362] (-) TimerEvent: {}
[707.078548] (-) TimerEvent: {}
[707.179745] (-) TimerEvent: {}
[707.280949] (-) TimerEvent: {}
[707.381982] (-) TimerEvent: {}
[707.483712] (-) TimerEvent: {}
[707.585101] (-) TimerEvent: {}
[707.686415] (-) TimerEvent: {}
[707.787628] (-) TimerEvent: {}
[707.888755] (-) TimerEvent: {}
[707.989838] (-) TimerEvent: {}
[708.092287] (-) TimerEvent: {}
[708.193404] (-) TimerEvent: {}
[708.294412] (-) TimerEvent: {}
[708.395364] (-) TimerEvent: {}
[708.496284] (-) TimerEvent: {}
[708.597166] (-) TimerEvent: {}
[708.698163] (-) TimerEvent: {}
[708.799112] (-) TimerEvent: {}
[708.899986] (-) TimerEvent: {}
[709.000975] (-) TimerEvent: {}
[709.101909] (-) TimerEvent: {}
[709.210092] (-) TimerEvent: {}
[709.311609] (-) TimerEvent: {}
[709.413215] (-) TimerEvent: {}
[709.518141] (-) TimerEvent: {}
[709.626298] (-) TimerEvent: {}
[709.746177] (-) TimerEvent: {}
[709.858112] (-) TimerEvent: {}
[709.959755] (-) TimerEvent: {}
[710.060779] (-) TimerEvent: {}
[710.161990] (-) TimerEvent: {}
[710.262917] (-) TimerEvent: {}
[710.364476] (-) TimerEvent: {}
[710.466425] (-) TimerEvent: {}
[710.567521] (-) TimerEvent: {}
[710.668553] (-) TimerEvent: {}
[710.777638] (-) TimerEvent: {}
[710.914205] (-) TimerEvent: {}
[711.024354] (-) TimerEvent: {}
[711.126128] (-) TimerEvent: {}
[711.227576] (-) TimerEvent: {}
[711.328873] (-) TimerEvent: {}
[711.429826] (-) TimerEvent: {}
[711.530742] (-) TimerEvent: {}
[711.632254] (-) TimerEvent: {}
[711.733183] (-) TimerEvent: {}
[711.834087] (-) TimerEvent: {}
[711.935604] (-) TimerEvent: {}
[712.036461] (-) TimerEvent: {}
[712.137488] (-) TimerEvent: {}
[712.238587] (-) TimerEvent: {}
[712.339980] (-) TimerEvent: {}
[712.440830] (-) TimerEvent: {}
[712.541966] (-) TimerEvent: {}
[712.642899] (-) TimerEvent: {}
[712.744129] (-) TimerEvent: {}
[712.845456] (-) TimerEvent: {}
[712.946702] (-) TimerEvent: {}
[713.047893] (-) TimerEvent: {}
[713.149207] (-) TimerEvent: {}
[713.250495] (-) TimerEvent: {}
[713.358057] (-) TimerEvent: {}
[713.462169] (-) TimerEvent: {}
[713.564020] (-) TimerEvent: {}
[713.675646] (-) TimerEvent: {}
[713.776623] (-) TimerEvent: {}
[713.878162] (-) TimerEvent: {}
[713.980685] (-) TimerEvent: {}
[714.082411] (-) TimerEvent: {}
[714.183418] (-) TimerEvent: {}
[714.285021] (-) TimerEvent: {}
[714.386677] (-) TimerEvent: {}
[714.494713] (-) TimerEvent: {}
[714.601702] (-) TimerEvent: {}
[714.704248] (-) TimerEvent: {}
[714.805456] (-) TimerEvent: {}
[714.907330] (-) TimerEvent: {}
[715.009021] (-) TimerEvent: {}
[715.110702] (-) TimerEvent: {}
[715.211837] (-) TimerEvent: {}
[715.313336] (-) TimerEvent: {}
[715.419364] (-) TimerEvent: {}
[715.520948] (-) TimerEvent: {}
[715.622412] (-) TimerEvent: {}
[715.723972] (-) TimerEvent: {}
[715.825095] (-) TimerEvent: {}
[715.926100] (-) TimerEvent: {}
[716.027009] (-) TimerEvent: {}
[716.127938] (-) TimerEvent: {}
[716.229383] (-) TimerEvent: {}
[716.331386] (-) TimerEvent: {}
[716.432946] (-) TimerEvent: {}
[716.495731] (ublox_gps) StdoutLine: {'line': b'[ 27%] \x1b[32mBuilding CXX object CMakeFiles/ublox_gps.dir/src/hp_pos_rec_product.cpp.o\x1b[0m\n'}
[716.550034] (-) TimerEvent: {}
[716.651188] (-) TimerEvent: {}
[716.753061] (-) TimerEvent: {}
[716.854663] (-) TimerEvent: {}
[716.955642] (-) TimerEvent: {}
[717.057158] (-) TimerEvent: {}
[717.158614] (-) TimerEvent: {}
[717.260034] (-) TimerEvent: {}
[717.361549] (-) TimerEvent: {}
[717.466898] (-) TimerEvent: {}
[717.574114] (-) TimerEvent: {}
[717.676490] (-) TimerEvent: {}
[717.778207] (-) TimerEvent: {}
[717.880072] (-) TimerEvent: {}
[717.982464] (-) TimerEvent: {}
[718.084348] (-) TimerEvent: {}
[718.186324] (-) TimerEvent: {}
[718.287851] (-) TimerEvent: {}
[718.389151] (-) TimerEvent: {}
[718.490299] (-) TimerEvent: {}
[718.591353] (-) TimerEvent: {}
[718.692429] (-) TimerEvent: {}
[718.801052] (-) TimerEvent: {}
[718.902573] (-) TimerEvent: {}
[719.007198] (-) TimerEvent: {}
[719.108438] (-) TimerEvent: {}
[719.209488] (-) TimerEvent: {}
[719.310494] (-) TimerEvent: {}
[719.411650] (-) TimerEvent: {}
[719.512718] (-) TimerEvent: {}
[719.613710] (-) TimerEvent: {}
[719.714760] (-) TimerEvent: {}
[719.816194] (-) TimerEvent: {}
[719.917076] (-) TimerEvent: {}
[720.018387] (-) TimerEvent: {}
[720.119373] (-) TimerEvent: {}
[720.220854] (-) TimerEvent: {}
[720.321971] (-) TimerEvent: {}
[720.423588] (-) TimerEvent: {}
[720.525102] (-) TimerEvent: {}
[720.626894] (-) TimerEvent: {}
[720.728814] (-) TimerEvent: {}
[720.830811] (-) TimerEvent: {}
[720.932831] (-) TimerEvent: {}
[721.035559] (-) TimerEvent: {}
[721.137504] (-) TimerEvent: {}
[721.239829] (-) TimerEvent: {}
[721.341034] (-) TimerEvent: {}
[721.442137] (-) TimerEvent: {}
[721.543230] (-) TimerEvent: {}
[721.644256] (-) TimerEvent: {}
[721.745763] (-) TimerEvent: {}
[721.847203] (-) TimerEvent: {}
[721.948701] (-) TimerEvent: {}
[722.050360] (-) TimerEvent: {}
[722.152108] (-) TimerEvent: {}
[722.254121] (-) TimerEvent: {}
[722.356069] (-) TimerEvent: {}
[722.457708] (-) TimerEvent: {}
[722.559287] (-) TimerEvent: {}
[722.661273] (-) TimerEvent: {}
[722.762992] (-) TimerEvent: {}
[722.864761] (-) TimerEvent: {}
[722.966396] (-) TimerEvent: {}
[723.068030] (-) TimerEvent: {}
[723.169803] (-) TimerEvent: {}
[723.271648] (-) TimerEvent: {}
[723.373063] (-) TimerEvent: {}
[723.474655] (-) TimerEvent: {}
[723.575946] (-) TimerEvent: {}
[723.677098] (-) TimerEvent: {}
[723.778144] (-) TimerEvent: {}
[723.879299] (-) TimerEvent: {}
[723.980923] (-) TimerEvent: {}
[724.081958] (-) TimerEvent: {}
[724.182882] (-) TimerEvent: {}
[724.284071] (-) TimerEvent: {}
[724.385823] (-) TimerEvent: {}
[724.488299] (-) TimerEvent: {}
[724.589245] (-) TimerEvent: {}
[724.690222] (-) TimerEvent: {}
[724.791160] (-) TimerEvent: {}
[724.892090] (-) TimerEvent: {}
[724.993138] (-) TimerEvent: {}
[725.094145] (-) TimerEvent: {}
[725.195171] (-) TimerEvent: {}
[725.296088] (-) TimerEvent: {}
[725.397277] (-) TimerEvent: {}
[725.498416] (-) TimerEvent: {}
[725.620960] (-) TimerEvent: {}
[725.726225] (-) TimerEvent: {}
[725.827624] (-) TimerEvent: {}
[725.929163] (-) TimerEvent: {}
[726.034163] (-) TimerEvent: {}
[726.142158] (-) TimerEvent: {}
[726.246142] (-) TimerEvent: {}
[726.347448] (-) TimerEvent: {}
[726.448934] (-) TimerEvent: {}
[726.550332] (-) TimerEvent: {}
[726.653186] (-) TimerEvent: {}
[726.755101] (-) TimerEvent: {}
[726.856603] (-) TimerEvent: {}
[726.958220] (-) TimerEvent: {}
[727.059188] (-) TimerEvent: {}
[727.160259] (-) TimerEvent: {}
[727.261588] (-) TimerEvent: {}
[727.362802] (-) TimerEvent: {}
[727.463909] (-) TimerEvent: {}
[727.565136] (-) TimerEvent: {}
[727.666886] (-) TimerEvent: {}
[727.768503] (-) TimerEvent: {}
[727.875933] (-) TimerEvent: {}
[727.977742] (-) TimerEvent: {}
[728.086262] (-) TimerEvent: {}
[728.190114] (-) TimerEvent: {}
[728.294229] (-) TimerEvent: {}
[728.402076] (-) TimerEvent: {}
[728.503061] (-) TimerEvent: {}
[728.603996] (-) TimerEvent: {}
[728.705123] (-) TimerEvent: {}
[728.806157] (-) TimerEvent: {}
[728.907252] (-) TimerEvent: {}
[729.008554] (-) TimerEvent: {}
[729.109743] (-) TimerEvent: {}
[729.210984] (-) TimerEvent: {}
[729.312273] (-) TimerEvent: {}
[729.414938] (-) TimerEvent: {}
[729.518164] (-) TimerEvent: {}
[729.619307] (-) TimerEvent: {}
[729.725532] (-) TimerEvent: {}
[729.840765] (-) TimerEvent: {}
[729.946113] (-) TimerEvent: {}
[730.050127] (-) TimerEvent: {}
[730.154075] (-) TimerEvent: {}
[730.255324] (-) TimerEvent: {}
[730.356590] (-) TimerEvent: {}
[730.462351] (-) TimerEvent: {}
[730.563929] (-) TimerEvent: {}
[730.665025] (-) TimerEvent: {}
[730.766003] (-) TimerEvent: {}
[730.867779] (-) TimerEvent: {}
[730.970159] (-) TimerEvent: {}
[731.071975] (-) TimerEvent: {}
[731.174116] (-) TimerEvent: {}
[731.299278] (-) TimerEvent: {}
[731.400936] (-) TimerEvent: {}
[731.502706] (-) TimerEvent: {}
[731.604683] (-) TimerEvent: {}
[731.706066] (-) TimerEvent: {}
[731.832520] (-) TimerEvent: {}
[731.960968] (-) TimerEvent: {}
[733.267393] (-) TimerEvent: {}
