[0.115s] Invoking command in '/home/amigo-pi/amigo_ros2_pi/build/ublox_msgs': AMENT_PREFIX_PATH=/home/amigo-pi/amigo_ros2_pi/install/ublox_serialization:${AMENT_PREFIX_PATH} CMAKE_PREFIX_PATH=/home/amigo-pi/amigo_ros2_pi/install/ublox_serialization:/opt/ros/humble /usr/bin/cmake --build /home/amigo-pi/amigo_ros2_pi/build/ublox_msgs -- -j4 -l4
[1.840s] [  0%] Built target ublox_msgs__cpp
[2.011s] [35m[1mConsolidate compiler generated dependencies of target ublox_msgs__rosidl_generator_c[0m
[2.416s] [ 12%] Built target ublox_msgs__rosidl_generator_c
[2.473s] [35m[1mConsolidate compiler generated dependencies of target ublox_msgs__rosidl_typesupport_cpp[0m
[2.611s] [35m[1mConsolidate compiler generated dependencies of target ublox_msgs__rosidl_typesupport_fastrtps_cpp[0m
[2.942s] [ 12%] Built target ament_cmake_python_copy_ublox_msgs
[3.042s] [35m[1mConsolidate compiler generated dependencies of target ublox_msgs__rosidl_typesupport_introspection_cpp[0m
[3.296s] [ 24%] Built target ublox_msgs__rosidl_typesupport_cpp
[3.604s] [35m[1mConsolidate compiler generated dependencies of target ublox_msgs__rosidl_typesupport_fastrtps_c[0m
[3.808s] [ 36%] Built target ublox_msgs__rosidl_typesupport_fastrtps_cpp
[3.892s] [35m[1mConsolidate compiler generated dependencies of target ublox_msgs__rosidl_typesupport_introspection_c[0m
[4.019s] [ 48%] Built target ublox_msgs__rosidl_typesupport_introspection_cpp
[4.293s] [ 61%] Built target ublox_msgs__rosidl_typesupport_fastrtps_c
[4.309s] [35m[1mConsolidate compiler generated dependencies of target ublox_msgs__rosidl_typesupport_c[0m
[4.546s] [ 80%] Built target ublox_msgs__rosidl_typesupport_introspection_c
[4.547s] [ 87%] Built target ublox_msgs__rosidl_typesupport_c
[4.818s] [ 87%] Built target ublox_msgs
[4.980s] [35m[1mConsolidate compiler generated dependencies of target ublox_msgs_lib[0m
[5.154s] [ 87%] Built target ublox_msgs__py
[5.277s] [ 88%] Built target ublox_msgs_lib
[5.713s] [35m[1mConsolidate compiler generated dependencies of target ublox_msgs__rosidl_generator_py[0m
[6.504s] [100%] Built target ublox_msgs__rosidl_generator_py
[6.703s] [35m[1mConsolidate compiler generated dependencies of target ublox_msgs__rosidl_typesupport_c__pyext[0m
[6.710s] [35m[1mConsolidate compiler generated dependencies of target ublox_msgs__rosidl_typesupport_introspection_c__pyext[0m
[6.730s] [35m[1mConsolidate compiler generated dependencies of target ublox_msgs__rosidl_typesupport_fastrtps_c__pyext[0m
[7.022s] [100%] Built target ublox_msgs__rosidl_typesupport_c__pyext
[7.040s] [100%] Built target ublox_msgs__rosidl_typesupport_introspection_c__pyext
[7.072s] [100%] Built target ublox_msgs__rosidl_typesupport_fastrtps_c__pyext
[8.152s] running egg_info
[8.157s] writing ublox_msgs.egg-info/PKG-INFO
[8.163s] writing dependency_links to ublox_msgs.egg-info/dependency_links.txt
[8.167s] writing top-level names to ublox_msgs.egg-info/top_level.txt
[8.194s] reading manifest file 'ublox_msgs.egg-info/SOURCES.txt'
[8.213s] writing manifest file 'ublox_msgs.egg-info/SOURCES.txt'
[8.553s] [100%] Built target ament_cmake_python_build_ublox_msgs_egg
[8.649s] Invoked command in '/home/amigo-pi/amigo_ros2_pi/build/ublox_msgs' returned '0': AMENT_PREFIX_PATH=/home/amigo-pi/amigo_ros2_pi/install/ublox_serialization:${AMENT_PREFIX_PATH} CMAKE_PREFIX_PATH=/home/amigo-pi/amigo_ros2_pi/install/ublox_serialization:/opt/ros/humble /usr/bin/cmake --build /home/amigo-pi/amigo_ros2_pi/build/ublox_msgs -- -j4 -l4
[8.664s] Invoking command in '/home/amigo-pi/amigo_ros2_pi/build/ublox_msgs': AMENT_PREFIX_PATH=/home/amigo-pi/amigo_ros2_pi/install/ublox_serialization:${AMENT_PREFIX_PATH} CMAKE_PREFIX_PATH=/home/amigo-pi/amigo_ros2_pi/install/ublox_serialization:/opt/ros/humble /usr/bin/cmake --install /home/amigo-pi/amigo_ros2_pi/build/ublox_msgs
[8.746s] -- Install configuration: ""
[8.752s] -- Up-to-date: /home/amigo-pi/amigo_ros2_pi/install/ublox_msgs/share/ament_index/resource_index/rosidl_interfaces/ublox_msgs
[8.755s] -- Up-to-date: /home/amigo-pi/amigo_ros2_pi/install/ublox_msgs/include/ublox_msgs/ublox_msgs
[8.757s] -- Up-to-date: /home/amigo-pi/amigo_ros2_pi/install/ublox_msgs/include/ublox_msgs/ublox_msgs/msg
[8.759s] -- Up-to-date: /home/amigo-pi/amigo_ros2_pi/install/ublox_msgs/include/ublox_msgs/ublox_msgs/msg/mon_ver.h
[8.761s] -- Up-to-date: /home/amigo-pi/amigo_ros2_pi/install/ublox_msgs/include/ublox_msgs/ublox_msgs/msg/cfg_nav5.h
[8.763s] -- Up-to-date: /home/amigo-pi/amigo_ros2_pi/install/ublox_msgs/include/ublox_msgs/ublox_msgs/msg/rxm_rawx.h
[8.765s] -- Up-to-date: /home/amigo-pi/amigo_ros2_pi/install/ublox_msgs/include/ublox_msgs/ublox_msgs/msg/nav_satsv.h
[8.766s] -- Up-to-date: /home/amigo-pi/amigo_ros2_pi/install/ublox_msgs/include/ublox_msgs/ublox_msgs/msg/cfg_rst.h
[8.767s] -- Up-to-date: /home/amigo-pi/amigo_ros2_pi/install/ublox_msgs/include/ublox_msgs/ublox_msgs/msg/esf_status.h
[8.769s] -- Up-to-date: /home/amigo-pi/amigo_ros2_pi/install/ublox_msgs/include/ublox_msgs/ublox_msgs/msg/rxm_raw.h
[8.770s] -- Up-to-date: /home/amigo-pi/amigo_ros2_pi/install/ublox_msgs/include/ublox_msgs/ublox_msgs/msg/esf_meas.h
[8.771s] -- Up-to-date: /home/amigo-pi/amigo_ros2_pi/install/ublox_msgs/include/ublox_msgs/ublox_msgs/msg/nav_sbas.h
[8.774s] -- Up-to-date: /home/amigo-pi/amigo_ros2_pi/install/ublox_msgs/include/ublox_msgs/ublox_msgs/msg/rxm_rawsv.h
[8.775s] -- Up-to-date: /home/amigo-pi/amigo_ros2_pi/install/ublox_msgs/include/ublox_msgs/ublox_msgs/msg/nav_pvt7.h
[8.778s] -- Up-to-date: /home/amigo-pi/amigo_ros2_pi/install/ublox_msgs/include/ublox_msgs/ublox_msgs/msg/cfg_navx5.h
[8.781s] -- Up-to-date: /home/amigo-pi/amigo_ros2_pi/install/ublox_msgs/include/ublox_msgs/ublox_msgs/msg/cfg_hnr.h
[8.784s] -- Up-to-date: /home/amigo-pi/amigo_ros2_pi/install/ublox_msgs/include/ublox_msgs/ublox_msgs/msg/rosidl_generator_c__visibility_control.h
[8.785s] -- Up-to-date: /home/amigo-pi/amigo_ros2_pi/install/ublox_msgs/include/ublox_msgs/ublox_msgs/msg/rxm_svsi.h
[8.786s] -- Up-to-date: /home/amigo-pi/amigo_ros2_pi/install/ublox_msgs/include/ublox_msgs/ublox_msgs/msg/hnr_pvt.h
[8.786s] -- Up-to-date: /home/amigo-pi/amigo_ros2_pi/install/ublox_msgs/include/ublox_msgs/ublox_msgs/msg/mon_gnss.h
[8.787s] -- Up-to-date: /home/amigo-pi/amigo_ros2_pi/install/ublox_msgs/include/ublox_msgs/ublox_msgs/msg/nav_sbassv.h
[8.787s] -- Up-to-date: /home/amigo-pi/amigo_ros2_pi/install/ublox_msgs/include/ublox_msgs/ublox_msgs/msg/cfg_rate.h
[8.788s] -- Up-to-date: /home/amigo-pi/amigo_ros2_pi/install/ublox_msgs/include/ublox_msgs/ublox_msgs/msg/cfg_tmode3.h
[8.789s] -- Up-to-date: /home/amigo-pi/amigo_ros2_pi/install/ublox_msgs/include/ublox_msgs/ublox_msgs/msg/cfg_usb.h
[8.791s] -- Up-to-date: /home/amigo-pi/amigo_ros2_pi/install/ublox_msgs/include/ublox_msgs/ublox_msgs/msg/nav_relposned9.h
[8.794s] -- Up-to-date: /home/amigo-pi/amigo_ros2_pi/install/ublox_msgs/include/ublox_msgs/ublox_msgs/msg/nav_timeutc.h
[8.795s] -- Up-to-date: /home/amigo-pi/amigo_ros2_pi/install/ublox_msgs/include/ublox_msgs/ublox_msgs/msg/cfg_gnss_block.h
[8.798s] -- Up-to-date: /home/amigo-pi/amigo_ros2_pi/install/ublox_msgs/include/ublox_msgs/ublox_msgs/msg/cfg_dgnss.h
[8.808s] -- Up-to-date: /home/amigo-pi/amigo_ros2_pi/install/ublox_msgs/include/ublox_msgs/ublox_msgs/msg/cfg_inf.h
[8.811s] -- Up-to-date: /home/amigo-pi/amigo_ros2_pi/install/ublox_msgs/include/ublox_msgs/ublox_msgs/msg/mon_hw.h
[8.812s] -- Up-to-date: /home/amigo-pi/amigo_ros2_pi/install/ublox_msgs/include/ublox_msgs/ublox_msgs/msg/nav_dop.h
[8.813s] -- Up-to-date: /home/amigo-pi/amigo_ros2_pi/install/ublox_msgs/include/ublox_msgs/ublox_msgs/msg/nav_timegps.h
[8.814s] -- Up-to-date: /home/amigo-pi/amigo_ros2_pi/install/ublox_msgs/include/ublox_msgs/ublox_msgs/msg/cfg_ant.h
[8.816s] -- Up-to-date: /home/amigo-pi/amigo_ros2_pi/install/ublox_msgs/include/ublox_msgs/ublox_msgs/msg/nav_sat.h
[8.819s] -- Up-to-date: /home/amigo-pi/amigo_ros2_pi/install/ublox_msgs/include/ublox_msgs/ublox_msgs/msg/upd_sos_ack.h
[8.820s] -- Up-to-date: /home/amigo-pi/amigo_ros2_pi/install/ublox_msgs/include/ublox_msgs/ublox_msgs/msg/mga_gal.h
[8.822s] -- Up-to-date: /home/amigo-pi/amigo_ros2_pi/install/ublox_msgs/include/ublox_msgs/ublox_msgs/msg/nav_sol.h
[8.823s] -- Up-to-date: /home/amigo-pi/amigo_ros2_pi/install/ublox_msgs/include/ublox_msgs/ublox_msgs/msg/cfg_nmea6.h
[8.824s] -- Up-to-date: /home/amigo-pi/amigo_ros2_pi/install/ublox_msgs/include/ublox_msgs/ublox_msgs/msg/nav_svinfo.h
[8.825s] -- Up-to-date: /home/amigo-pi/amigo_ros2_pi/install/ublox_msgs/include/ublox_msgs/ublox_msgs/msg/nav_dgps.h
[8.826s] -- Up-to-date: /home/amigo-pi/amigo_ros2_pi/install/ublox_msgs/include/ublox_msgs/ublox_msgs/msg/inf.h
[8.827s] -- Up-to-date: /home/amigo-pi/amigo_ros2_pi/install/ublox_msgs/include/ublox_msgs/ublox_msgs/msg/cfg_dat.h
[8.831s] -- Up-to-date: /home/amigo-pi/amigo_ros2_pi/install/ublox_msgs/include/ublox_msgs/ublox_msgs/msg/upd_sos.h
[8.833s] -- Up-to-date: /home/amigo-pi/amigo_ros2_pi/install/ublox_msgs/include/ublox_msgs/ublox_msgs/msg/cfg_gnss.h
[8.834s] -- Up-to-date: /home/amigo-pi/amigo_ros2_pi/install/ublox_msgs/include/ublox_msgs/ublox_msgs/msg/aid_eph.h
[8.834s] -- Up-to-date: /home/amigo-pi/amigo_ros2_pi/install/ublox_msgs/include/ublox_msgs/ublox_msgs/msg/esf_raw.h
[8.836s] -- Up-to-date: /home/amigo-pi/amigo_ros2_pi/install/ublox_msgs/include/ublox_msgs/ublox_msgs/msg/mon_ver_extension.h
[8.837s] -- Up-to-date: /home/amigo-pi/amigo_ros2_pi/install/ublox_msgs/include/ublox_msgs/ublox_msgs/msg/rxm_alm.h
[8.839s] -- Up-to-date: /home/amigo-pi/amigo_ros2_pi/install/ublox_msgs/include/ublox_msgs/ublox_msgs/msg/esf_status_sens.h
[8.842s] -- Up-to-date: /home/amigo-pi/amigo_ros2_pi/install/ublox_msgs/include/ublox_msgs/ublox_msgs/msg/rxm_sfrbx.h
[8.845s] -- Up-to-date: /home/amigo-pi/amigo_ros2_pi/install/ublox_msgs/include/ublox_msgs/ublox_msgs/msg/nav_pvt.h
[8.847s] -- Up-to-date: /home/amigo-pi/amigo_ros2_pi/install/ublox_msgs/include/ublox_msgs/ublox_msgs/msg/esf_raw_block.h
[8.850s] -- Up-to-date: /home/amigo-pi/amigo_ros2_pi/install/ublox_msgs/include/ublox_msgs/ublox_msgs/msg/rxm_sfrb.h
[8.852s] -- Up-to-date: /home/amigo-pi/amigo_ros2_pi/install/ublox_msgs/include/ublox_msgs/ublox_msgs/msg/detail
[8.854s] -- Up-to-date: /home/amigo-pi/amigo_ros2_pi/install/ublox_msgs/include/ublox_msgs/ublox_msgs/msg/detail/inf__functions.h
[8.856s] -- Up-to-date: /home/amigo-pi/amigo_ros2_pi/install/ublox_msgs/include/ublox_msgs/ublox_msgs/msg/detail/ack__type_support.h
[8.857s] -- Up-to-date: /home/amigo-pi/amigo_ros2_pi/install/ublox_msgs/include/ublox_msgs/ublox_msgs/msg/detail/rxm_sfrb__functions.c
[8.858s] -- Up-to-date: /home/amigo-pi/amigo_ros2_pi/install/ublox_msgs/include/ublox_msgs/ublox_msgs/msg/detail/cfg_navx5__struct.h
[8.858s] -- Up-to-date: /home/amigo-pi/amigo_ros2_pi/install/ublox_msgs/include/ublox_msgs/ublox_msgs/msg/detail/mga_gal__type_support.h
[8.859s] -- Up-to-date: /home/amigo-pi/amigo_ros2_pi/install/ublox_msgs/include/ublox_msgs/ublox_msgs/msg/detail/ack__functions.c
[8.859s] -- Up-to-date: /home/amigo-pi/amigo_ros2_pi/install/ublox_msgs/include/ublox_msgs/ublox_msgs/msg/detail/aid_hui__functions.h
[8.860s] -- Up-to-date: /home/amigo-pi/amigo_ros2_pi/install/ublox_msgs/include/ublox_msgs/ublox_msgs/msg/detail/cfg_tmode3__type_support.h
[8.861s] -- Up-to-date: /home/amigo-pi/amigo_ros2_pi/install/ublox_msgs/include/ublox_msgs/ublox_msgs/msg/detail/rxm_rawx__functions.h
[8.862s] -- Up-to-date: /home/amigo-pi/amigo_ros2_pi/install/ublox_msgs/include/ublox_msgs/ublox_msgs/msg/detail/nav_sbassv__type_support.h
[8.863s] -- Up-to-date: /home/amigo-pi/amigo_ros2_pi/install/ublox_msgs/include/ublox_msgs/ublox_msgs/msg/detail/cfg_gnss_block__struct.h
[8.865s] -- Up-to-date: /home/amigo-pi/amigo_ros2_pi/install/ublox_msgs/include/ublox_msgs/ublox_msgs/msg/detail/cfg_nmea7__struct.h
[8.867s] -- Up-to-date: /home/amigo-pi/amigo_ros2_pi/install/ublox_msgs/include/ublox_msgs/ublox_msgs/msg/detail/rxm_alm__struct.h
[8.870s] -- Up-to-date: /home/amigo-pi/amigo_ros2_pi/install/ublox_msgs/include/ublox_msgs/ublox_msgs/msg/detail/cfg_inf_block__type_support.h
[8.872s] -- Up-to-date: /home/amigo-pi/amigo_ros2_pi/install/ublox_msgs/include/ublox_msgs/ublox_msgs/msg/detail/nav_posecef__struct.h
[8.876s] -- Up-to-date: /home/amigo-pi/amigo_ros2_pi/install/ublox_msgs/include/ublox_msgs/ublox_msgs/msg/detail/cfg_sbas__type_support.h
[8.878s] -- Up-to-date: /home/amigo-pi/amigo_ros2_pi/install/ublox_msgs/include/ublox_msgs/ublox_msgs/msg/detail/nav_dgps__struct.h
[8.881s] -- Up-to-date: /home/amigo-pi/amigo_ros2_pi/install/ublox_msgs/include/ublox_msgs/ublox_msgs/msg/detail/ack__struct.h
[8.886s] -- Up-to-date: /home/amigo-pi/amigo_ros2_pi/install/ublox_msgs/include/ublox_msgs/ublox_msgs/msg/detail/tim_tm2__struct.h
[8.888s] -- Up-to-date: /home/amigo-pi/amigo_ros2_pi/install/ublox_msgs/include/ublox_msgs/ublox_msgs/msg/detail/cfg_ant__functions.c
[8.891s] -- Up-to-date: /home/amigo-pi/amigo_ros2_pi/install/ublox_msgs/include/ublox_msgs/ublox_msgs/msg/detail/esf_status__type_support.h
[8.893s] -- Up-to-date: /home/amigo-pi/amigo_ros2_pi/install/ublox_msgs/include/ublox_msgs/ublox_msgs/msg/detail/tim_tm2__functions.c
[8.894s] -- Up-to-date: /home/amigo-pi/amigo_ros2_pi/install/ublox_msgs/include/ublox_msgs/ublox_msgs/msg/detail/rxm_sfrbx__functions.h
[8.895s] -- Up-to-date: /home/amigo-pi/amigo_ros2_pi/install/ublox_msgs/include/ublox_msgs/ublox_msgs/msg/detail/nav_clock__functions.h
[8.896s] -- Up-to-date: /home/amigo-pi/amigo_ros2_pi/install/ublox_msgs/include/ublox_msgs/ublox_msgs/msg/detail/nav_timeutc__functions.h
[8.898s] -- Up-to-date: /home/amigo-pi/amigo_ros2_pi/install/ublox_msgs/include/ublox_msgs/ublox_msgs/msg/detail/nav_svin__functions.c
[8.899s] -- Up-to-date: /home/amigo-pi/amigo_ros2_pi/install/ublox_msgs/include/ublox_msgs/ublox_msgs/msg/detail/rxm_rawx_meas__functions.h
[8.900s] -- Up-to-date: /home/amigo-pi/amigo_ros2_pi/install/ublox_msgs/include/ublox_msgs/ublox_msgs/msg/detail/cfg_ant__functions.h
[8.914s] -- Up-to-date: /home/amigo-pi/amigo_ros2_pi/install/ublox_msgs/include/ublox_msgs/ublox_msgs/msg/detail/cfg_dat__type_support.h
[8.917s] -- Up-to-date: /home/amigo-pi/amigo_ros2_pi/install/ublox_msgs/include/ublox_msgs/ublox_msgs/msg/detail/mon_ver_extension__functions.h
[8.921s] -- Up-to-date: /home/amigo-pi/amigo_ros2_pi/install/ublox_msgs/include/ublox_msgs/ublox_msgs/msg/detail/aid_alm__functions.h
[8.923s] -- Up-to-date: /home/amigo-pi/amigo_ros2_pi/install/ublox_msgs/include/ublox_msgs/ublox_msgs/msg/detail/mon_ver__functions.h
[8.926s] -- Up-to-date: /home/amigo-pi/amigo_ros2_pi/install/ublox_msgs/include/ublox_msgs/ublox_msgs/msg/detail/aid_eph__struct.h
[8.927s] -- Up-to-date: /home/amigo-pi/amigo_ros2_pi/install/ublox_msgs/include/ublox_msgs/ublox_msgs/msg/detail/nav_velned__type_support.h
[8.928s] -- Up-to-date: /home/amigo-pi/amigo_ros2_pi/install/ublox_msgs/include/ublox_msgs/ublox_msgs/msg/detail/cfg_rst__functions.h
[8.930s] -- Up-to-date: /home/amigo-pi/amigo_ros2_pi/install/ublox_msgs/include/ublox_msgs/ublox_msgs/msg/detail/nav_svinfosv__functions.h
[8.936s] -- Up-to-date: /home/amigo-pi/amigo_ros2_pi/install/ublox_msgs/include/ublox_msgs/ublox_msgs/msg/detail/cfg_msg__struct.h
[8.938s] -- Up-to-date: /home/amigo-pi/amigo_ros2_pi/install/ublox_msgs/include/ublox_msgs/ublox_msgs/msg/detail/cfg_rst__struct.h
[8.939s] -- Up-to-date: /home/amigo-pi/amigo_ros2_pi/install/ublox_msgs/include/ublox_msgs/ublox_msgs/msg/detail/nav_satsv__functions.c
[8.940s] -- Up-to-date: /home/amigo-pi/amigo_ros2_pi/install/ublox_msgs/include/ublox_msgs/ublox_msgs/msg/detail/nav_velecef__functions.c
[8.943s] -- Up-to-date: /home/amigo-pi/amigo_ros2_pi/install/ublox_msgs/include/ublox_msgs/ublox_msgs/msg/detail/nav_svin__functions.h
[8.945s] -- Up-to-date: /home/amigo-pi/amigo_ros2_pi/install/ublox_msgs/include/ublox_msgs/ublox_msgs/msg/detail/hnr_pvt__struct.h
[8.947s] -- Up-to-date: /home/amigo-pi/amigo_ros2_pi/install/ublox_msgs/include/ublox_msgs/ublox_msgs/msg/detail/cfg_gnss__functions.h
[8.948s] -- Up-to-date: /home/amigo-pi/amigo_ros2_pi/install/ublox_msgs/include/ublox_msgs/ublox_msgs/msg/detail/nav_sat__functions.h
[8.949s] -- Up-to-date: /home/amigo-pi/amigo_ros2_pi/install/ublox_msgs/include/ublox_msgs/ublox_msgs/msg/detail/nav_status__functions.h
[8.951s] -- Up-to-date: /home/amigo-pi/amigo_ros2_pi/install/ublox_msgs/include/ublox_msgs/ublox_msgs/msg/detail/mon_gnss__functions.h
[8.953s] -- Up-to-date: /home/amigo-pi/amigo_ros2_pi/install/ublox_msgs/include/ublox_msgs/ublox_msgs/msg/detail/cfg_nmea__functions.c
[8.956s] -- Up-to-date: /home/amigo-pi/amigo_ros2_pi/install/ublox_msgs/include/ublox_msgs/ublox_msgs/msg/detail/nav_dgps__type_support.h
[8.958s] -- Up-to-date: /home/amigo-pi/amigo_ros2_pi/install/ublox_msgs/include/ublox_msgs/ublox_msgs/msg/detail/cfg_navx5__functions.h
[8.960s] -- Up-to-date: /home/amigo-pi/amigo_ros2_pi/install/ublox_msgs/include/ublox_msgs/ublox_msgs/msg/detail/nav_pvt7__functions.c
[8.963s] -- Up-to-date: /home/amigo-pi/amigo_ros2_pi/install/ublox_msgs/include/ublox_msgs/ublox_msgs/msg/detail/esf_status_sens__struct.h
[8.965s] -- Up-to-date: /home/amigo-pi/amigo_ros2_pi/install/ublox_msgs/include/ublox_msgs/ublox_msgs/msg/detail/nav_posllh__struct.h
[8.967s] -- Up-to-date: /home/amigo-pi/amigo_ros2_pi/install/ublox_msgs/include/ublox_msgs/ublox_msgs/msg/detail/nav_dgpssv__type_support.h
[8.968s] -- Up-to-date: /home/amigo-pi/amigo_ros2_pi/install/ublox_msgs/include/ublox_msgs/ublox_msgs/msg/detail/nav_timeutc__type_support.h
[8.970s] -- Up-to-date: /home/amigo-pi/amigo_ros2_pi/install/ublox_msgs/include/ublox_msgs/ublox_msgs/msg/detail/rxm_svsi__type_support.h
[8.972s] -- Up-to-date: /home/amigo-pi/amigo_ros2_pi/install/ublox_msgs/include/ublox_msgs/ublox_msgs/msg/detail/nav_timeutc__struct.h
[8.977s] -- Up-to-date: /home/amigo-pi/amigo_ros2_pi/install/ublox_msgs/include/ublox_msgs/ublox_msgs/msg/detail/cfg_nmea6__functions.c
[8.979s] -- Up-to-date: /home/amigo-pi/amigo_ros2_pi/install/ublox_msgs/include/ublox_msgs/ublox_msgs/msg/detail/rxm_svsi__functions.h
[8.981s] -- Up-to-date: /home/amigo-pi/amigo_ros2_pi/install/ublox_msgs/include/ublox_msgs/ublox_msgs/msg/detail/cfg_nmea7__type_support.h
[8.983s] -- Up-to-date: /home/amigo-pi/amigo_ros2_pi/install/ublox_msgs/include/ublox_msgs/ublox_msgs/msg/detail/aid_hui__type_support.h
[8.984s] -- Up-to-date: /home/amigo-pi/amigo_ros2_pi/install/ublox_msgs/include/ublox_msgs/ublox_msgs/msg/detail/esf_meas__functions.h
[8.984s] -- Up-to-date: /home/amigo-pi/amigo_ros2_pi/install/ublox_msgs/include/ublox_msgs/ublox_msgs/msg/detail/cfg_sbas__struct.h
[8.985s] -- Up-to-date: /home/amigo-pi/amigo_ros2_pi/install/ublox_msgs/include/ublox_msgs/ublox_msgs/msg/detail/aid_alm__functions.c
[8.987s] -- Up-to-date: /home/amigo-pi/amigo_ros2_pi/install/ublox_msgs/include/ublox_msgs/ublox_msgs/msg/detail/cfg_gnss_block__functions.c
[8.988s] -- Up-to-date: /home/amigo-pi/amigo_ros2_pi/install/ublox_msgs/include/ublox_msgs/ublox_msgs/msg/detail/rxm_rtcm__functions.c
[8.989s] -- Up-to-date: /home/amigo-pi/amigo_ros2_pi/install/ublox_msgs/include/ublox_msgs/ublox_msgs/msg/detail/cfg_dat__struct.h
[8.990s] -- Up-to-date: /home/amigo-pi/amigo_ros2_pi/install/ublox_msgs/include/ublox_msgs/ublox_msgs/msg/detail/upd_sos_ack__functions.h
[8.991s] -- Up-to-date: /home/amigo-pi/amigo_ros2_pi/install/ublox_msgs/include/ublox_msgs/ublox_msgs/msg/detail/rxm_rtcm__struct.h
[8.992s] -- Up-to-date: /home/amigo-pi/amigo_ros2_pi/install/ublox_msgs/include/ublox_msgs/ublox_msgs/msg/detail/aid_alm__type_support.h
[8.994s] -- Up-to-date: /home/amigo-pi/amigo_ros2_pi/install/ublox_msgs/include/ublox_msgs/ublox_msgs/msg/detail/nav_velecef__type_support.h
[8.995s] -- Up-to-date: /home/amigo-pi/amigo_ros2_pi/install/ublox_msgs/include/ublox_msgs/ublox_msgs/msg/detail/cfg_inf__struct.h
[8.998s] -- Up-to-date: /home/amigo-pi/amigo_ros2_pi/install/ublox_msgs/include/ublox_msgs/ublox_msgs/msg/detail/esf_status_sens__type_support.h
[9.000s] -- Up-to-date: /home/amigo-pi/amigo_ros2_pi/install/ublox_msgs/include/ublox_msgs/ublox_msgs/msg/detail/aid_eph__functions.c
[9.001s] -- Up-to-date: /home/amigo-pi/amigo_ros2_pi/install/ublox_msgs/include/ublox_msgs/ublox_msgs/msg/detail/nav_svin__type_support.h
[9.012s] -- Up-to-date: /home/amigo-pi/amigo_ros2_pi/install/ublox_msgs/include/ublox_msgs/ublox_msgs/msg/detail/cfg_gnss_block__functions.h
[9.015s] -- Up-to-date: /home/amigo-pi/amigo_ros2_pi/install/ublox_msgs/include/ublox_msgs/ublox_msgs/msg/detail/cfg_tmode3__functions.c
[9.016s] -- Up-to-date: /home/amigo-pi/amigo_ros2_pi/install/ublox_msgs/include/ublox_msgs/ublox_msgs/msg/detail/cfg_nmea__functions.h
[9.017s] -- Up-to-date: /home/amigo-pi/amigo_ros2_pi/install/ublox_msgs/include/ublox_msgs/ublox_msgs/msg/detail/nav_pvt7__struct.h
[9.018s] -- Up-to-date: /home/amigo-pi/amigo_ros2_pi/install/ublox_msgs/include/ublox_msgs/ublox_msgs/msg/detail/rxm_rawx__struct.h
[9.019s] -- Up-to-date: /home/amigo-pi/amigo_ros2_pi/install/ublox_msgs/include/ublox_msgs/ublox_msgs/msg/detail/rxm_sfrbx__struct.h
[9.021s] -- Up-to-date: /home/amigo-pi/amigo_ros2_pi/install/ublox_msgs/include/ublox_msgs/ublox_msgs/msg/detail/nav_timegps__functions.h
[9.022s] -- Up-to-date: /home/amigo-pi/amigo_ros2_pi/install/ublox_msgs/include/ublox_msgs/ublox_msgs/msg/detail/cfg_nav5__functions.c
[9.022s] -- Up-to-date: /home/amigo-pi/amigo_ros2_pi/install/ublox_msgs/include/ublox_msgs/ublox_msgs/msg/detail/cfg_rate__struct.h
[9.023s] -- Up-to-date: /home/amigo-pi/amigo_ros2_pi/install/ublox_msgs/include/ublox_msgs/ublox_msgs/msg/detail/nav_sat__functions.c
[9.023s] -- Up-to-date: /home/amigo-pi/amigo_ros2_pi/install/ublox_msgs/include/ublox_msgs/ublox_msgs/msg/detail/cfg_nmea6__struct.h
[9.024s] -- Up-to-date: /home/amigo-pi/amigo_ros2_pi/install/ublox_msgs/include/ublox_msgs/ublox_msgs/msg/detail/cfg_msg__functions.c
[9.024s] -- Up-to-date: /home/amigo-pi/amigo_ros2_pi/install/ublox_msgs/include/ublox_msgs/ublox_msgs/msg/detail/nav_dop__type_support.h
[9.025s] -- Up-to-date: /home/amigo-pi/amigo_ros2_pi/install/ublox_msgs/include/ublox_msgs/ublox_msgs/msg/detail/nav_pvt7__type_support.h
[9.026s] -- Up-to-date: /home/amigo-pi/amigo_ros2_pi/install/ublox_msgs/include/ublox_msgs/ublox_msgs/msg/detail/nav_status__struct.h
[9.026s] -- Up-to-date: /home/amigo-pi/amigo_ros2_pi/install/ublox_msgs/include/ublox_msgs/ublox_msgs/msg/detail/nav_posllh__functions.h
[9.027s] -- Up-to-date: /home/amigo-pi/amigo_ros2_pi/install/ublox_msgs/include/ublox_msgs/ublox_msgs/msg/detail/nav_relposned9__type_support.h
[9.028s] -- Up-to-date: /home/amigo-pi/amigo_ros2_pi/install/ublox_msgs/include/ublox_msgs/ublox_msgs/msg/detail/rxm_eph__functions.h
[9.029s] -- Up-to-date: /home/amigo-pi/amigo_ros2_pi/install/ublox_msgs/include/ublox_msgs/ublox_msgs/msg/detail/nav_dop__functions.h
[9.030s] -- Up-to-date: /home/amigo-pi/amigo_ros2_pi/install/ublox_msgs/include/ublox_msgs/ublox_msgs/msg/detail/esf_ins__type_support.h
[9.031s] -- Up-to-date: /home/amigo-pi/amigo_ros2_pi/install/ublox_msgs/include/ublox_msgs/ublox_msgs/msg/detail/nav_timegps__struct.h
[9.034s] -- Up-to-date: /home/amigo-pi/amigo_ros2_pi/install/ublox_msgs/include/ublox_msgs/ublox_msgs/msg/detail/nav_svinfo__type_support.h
[9.036s] -- Up-to-date: /home/amigo-pi/amigo_ros2_pi/install/ublox_msgs/include/ublox_msgs/ublox_msgs/msg/detail/nav_svinfo__functions.h
[9.037s] -- Up-to-date: /home/amigo-pi/amigo_ros2_pi/install/ublox_msgs/include/ublox_msgs/ublox_msgs/msg/detail/cfg_tmode3__struct.h
[9.038s] -- Up-to-date: /home/amigo-pi/amigo_ros2_pi/install/ublox_msgs/include/ublox_msgs/ublox_msgs/msg/detail/cfg_prt__functions.c
[9.039s] -- Up-to-date: /home/amigo-pi/amigo_ros2_pi/install/ublox_msgs/include/ublox_msgs/ublox_msgs/msg/detail/nav_relposned9__struct.h
[9.041s] -- Up-to-date: /home/amigo-pi/amigo_ros2_pi/install/ublox_msgs/include/ublox_msgs/ublox_msgs/msg/detail/nav_sat__type_support.h
[9.042s] -- Up-to-date: /home/amigo-pi/amigo_ros2_pi/install/ublox_msgs/include/ublox_msgs/ublox_msgs/msg/detail/nav_status__type_support.h
[9.044s] -- Up-to-date: /home/amigo-pi/amigo_ros2_pi/install/ublox_msgs/include/ublox_msgs/ublox_msgs/msg/detail/nav_dop__struct.h
[9.046s] -- Up-to-date: /home/amigo-pi/amigo_ros2_pi/install/ublox_msgs/include/ublox_msgs/ublox_msgs/msg/detail/cfg_sbas__functions.h
[9.048s] -- Up-to-date: /home/amigo-pi/amigo_ros2_pi/install/ublox_msgs/include/ublox_msgs/ublox_msgs/msg/detail/cfg_nmea__struct.h
[9.050s] -- Up-to-date: /home/amigo-pi/amigo_ros2_pi/install/ublox_msgs/include/ublox_msgs/ublox_msgs/msg/detail/cfg_tmode3__functions.h
[9.052s] -- Up-to-date: /home/amigo-pi/amigo_ros2_pi/install/ublox_msgs/include/ublox_msgs/ublox_msgs/msg/detail/esf_raw_block__type_support.h
[9.054s] -- Up-to-date: /home/amigo-pi/amigo_ros2_pi/install/ublox_msgs/include/ublox_msgs/ublox_msgs/msg/detail/rxm_svsi__struct.h
[9.056s] -- Up-to-date: /home/amigo-pi/amigo_ros2_pi/install/ublox_msgs/include/ublox_msgs/ublox_msgs/msg/detail/nav_velecef__functions.h
[9.057s] -- Up-to-date: /home/amigo-pi/amigo_ros2_pi/install/ublox_msgs/include/ublox_msgs/ublox_msgs/msg/detail/nav_svinfosv__type_support.h
[9.058s] -- Up-to-date: /home/amigo-pi/amigo_ros2_pi/install/ublox_msgs/include/ublox_msgs/ublox_msgs/msg/detail/tim_tm2__type_support.h
[9.059s] -- Up-to-date: /home/amigo-pi/amigo_ros2_pi/install/ublox_msgs/include/ublox_msgs/ublox_msgs/msg/detail/rxm_rawx_meas__functions.c
[9.060s] -- Up-to-date: /home/amigo-pi/amigo_ros2_pi/install/ublox_msgs/include/ublox_msgs/ublox_msgs/msg/detail/cfg_msg__functions.h
[9.061s] -- Up-to-date: /home/amigo-pi/amigo_ros2_pi/install/ublox_msgs/include/ublox_msgs/ublox_msgs/msg/detail/rxm_rawsv__type_support.h
[9.062s] -- Up-to-date: /home/amigo-pi/amigo_ros2_pi/install/ublox_msgs/include/ublox_msgs/ublox_msgs/msg/detail/esf_status_sens__functions.h
[9.063s] -- Up-to-date: /home/amigo-pi/amigo_ros2_pi/install/ublox_msgs/include/ublox_msgs/ublox_msgs/msg/detail/nav_sbassv__functions.c
[9.065s] -- Up-to-date: /home/amigo-pi/amigo_ros2_pi/install/ublox_msgs/include/ublox_msgs/ublox_msgs/msg/detail/rxm_sfrbx__type_support.h
[9.068s] -- Up-to-date: /home/amigo-pi/amigo_ros2_pi/install/ublox_msgs/include/ublox_msgs/ublox_msgs/msg/detail/cfg_hnr__functions.c
[9.071s] -- Up-to-date: /home/amigo-pi/amigo_ros2_pi/install/ublox_msgs/include/ublox_msgs/ublox_msgs/msg/detail/nav_posecef__functions.c
[9.072s] -- Up-to-date: /home/amigo-pi/amigo_ros2_pi/install/ublox_msgs/include/ublox_msgs/ublox_msgs/msg/detail/nav_pvt__functions.c
[9.075s] -- Up-to-date: /home/amigo-pi/amigo_ros2_pi/install/ublox_msgs/include/ublox_msgs/ublox_msgs/msg/detail/cfg_inf_block__struct.h
[9.077s] -- Up-to-date: /home/amigo-pi/amigo_ros2_pi/install/ublox_msgs/include/ublox_msgs/ublox_msgs/msg/detail/nav_dgps__functions.c
[9.079s] -- Up-to-date: /home/amigo-pi/amigo_ros2_pi/install/ublox_msgs/include/ublox_msgs/ublox_msgs/msg/detail/rxm_eph__functions.c
[9.081s] -- Up-to-date: /home/amigo-pi/amigo_ros2_pi/install/ublox_msgs/include/ublox_msgs/ublox_msgs/msg/detail/cfg_usb__struct.h
[9.083s] -- Up-to-date: /home/amigo-pi/amigo_ros2_pi/install/ublox_msgs/include/ublox_msgs/ublox_msgs/msg/detail/cfg_dat__functions.h
[9.087s] -- Up-to-date: /home/amigo-pi/amigo_ros2_pi/install/ublox_msgs/include/ublox_msgs/ublox_msgs/msg/detail/nav_svin__struct.h
[9.087s] -- Up-to-date: /home/amigo-pi/amigo_ros2_pi/install/ublox_msgs/include/ublox_msgs/ublox_msgs/msg/detail/aid_alm__struct.h
[9.088s] -- Up-to-date: /home/amigo-pi/amigo_ros2_pi/install/ublox_msgs/include/ublox_msgs/ublox_msgs/msg/detail/nav_relposned9__functions.h
[9.089s] -- Up-to-date: /home/amigo-pi/amigo_ros2_pi/install/ublox_msgs/include/ublox_msgs/ublox_msgs/msg/detail/esf_meas__struct.h
[9.090s] -- Up-to-date: /home/amigo-pi/amigo_ros2_pi/install/ublox_msgs/include/ublox_msgs/ublox_msgs/msg/detail/upd_sos__type_support.h
[9.092s] -- Up-to-date: /home/amigo-pi/amigo_ros2_pi/install/ublox_msgs/include/ublox_msgs/ublox_msgs/msg/detail/nav_sol__functions.c
[9.093s] -- Up-to-date: /home/amigo-pi/amigo_ros2_pi/install/ublox_msgs/include/ublox_msgs/ublox_msgs/msg/detail/cfg_nav5__type_support.h
[9.093s] -- Up-to-date: /home/amigo-pi/amigo_ros2_pi/install/ublox_msgs/include/ublox_msgs/ublox_msgs/msg/detail/nav_clock__struct.h
[9.094s] -- Up-to-date: /home/amigo-pi/amigo_ros2_pi/install/ublox_msgs/include/ublox_msgs/ublox_msgs/msg/detail/upd_sos_ack__type_support.h
[9.095s] -- Up-to-date: /home/amigo-pi/amigo_ros2_pi/install/ublox_msgs/include/ublox_msgs/ublox_msgs/msg/detail/esf_meas__functions.c
[9.095s] -- Up-to-date: /home/amigo-pi/amigo_ros2_pi/install/ublox_msgs/include/ublox_msgs/ublox_msgs/msg/detail/upd_sos__functions.h
[9.096s] -- Up-to-date: /home/amigo-pi/amigo_ros2_pi/install/ublox_msgs/include/ublox_msgs/ublox_msgs/msg/detail/cfg_sbas__functions.c
[9.097s] -- Up-to-date: /home/amigo-pi/amigo_ros2_pi/install/ublox_msgs/include/ublox_msgs/ublox_msgs/msg/detail/mon_hw__struct.h
[9.097s] -- Up-to-date: /home/amigo-pi/amigo_ros2_pi/install/ublox_msgs/include/ublox_msgs/ublox_msgs/msg/detail/cfg_navx5__type_support.h
[9.099s] -- Up-to-date: /home/amigo-pi/amigo_ros2_pi/install/ublox_msgs/include/ublox_msgs/ublox_msgs/msg/detail/rxm_rtcm__functions.h
[9.100s] -- Up-to-date: /home/amigo-pi/amigo_ros2_pi/install/ublox_msgs/include/ublox_msgs/ublox_msgs/msg/detail/cfg_ant__struct.h
[9.113s] -- Up-to-date: /home/amigo-pi/amigo_ros2_pi/install/ublox_msgs/include/ublox_msgs/ublox_msgs/msg/detail/rxm_rawx_meas__type_support.h
[9.116s] -- Up-to-date: /home/amigo-pi/amigo_ros2_pi/install/ublox_msgs/include/ublox_msgs/ublox_msgs/msg/detail/nav_att__type_support.h
[9.120s] -- Up-to-date: /home/amigo-pi/amigo_ros2_pi/install/ublox_msgs/include/ublox_msgs/ublox_msgs/msg/detail/nav_velecef__struct.h
[9.123s] -- Up-to-date: /home/amigo-pi/amigo_ros2_pi/install/ublox_msgs/include/ublox_msgs/ublox_msgs/msg/detail/nav_svinfo__functions.c
[9.125s] -- Up-to-date: /home/amigo-pi/amigo_ros2_pi/install/ublox_msgs/include/ublox_msgs/ublox_msgs/msg/detail/esf_status_sens__functions.c
[9.127s] -- Up-to-date: /home/amigo-pi/amigo_ros2_pi/install/ublox_msgs/include/ublox_msgs/ublox_msgs/msg/detail/nav_satsv__functions.h
[9.129s] -- Up-to-date: /home/amigo-pi/amigo_ros2_pi/install/ublox_msgs/include/ublox_msgs/ublox_msgs/msg/detail/cfg_nav5__struct.h
[9.130s] -- Up-to-date: /home/amigo-pi/amigo_ros2_pi/install/ublox_msgs/include/ublox_msgs/ublox_msgs/msg/detail/esf_meas__type_support.h
[9.131s] -- Up-to-date: /home/amigo-pi/amigo_ros2_pi/install/ublox_msgs/include/ublox_msgs/ublox_msgs/msg/detail/esf_status__functions.c
[9.132s] -- Up-to-date: /home/amigo-pi/amigo_ros2_pi/install/ublox_msgs/include/ublox_msgs/ublox_msgs/msg/detail/nav_timeutc__functions.c
[9.133s] -- Up-to-date: /home/amigo-pi/amigo_ros2_pi/install/ublox_msgs/include/ublox_msgs/ublox_msgs/msg/detail/esf_ins__struct.h
[9.135s] -- Up-to-date: /home/amigo-pi/amigo_ros2_pi/install/ublox_msgs/include/ublox_msgs/ublox_msgs/msg/detail/nav_dgpssv__functions.c
[9.136s] -- Up-to-date: /home/amigo-pi/amigo_ros2_pi/install/ublox_msgs/include/ublox_msgs/ublox_msgs/msg/detail/nav_clock__functions.c
[9.138s] -- Up-to-date: /home/amigo-pi/amigo_ros2_pi/install/ublox_msgs/include/ublox_msgs/ublox_msgs/msg/detail/nav_sbas__type_support.h
[9.140s] -- Up-to-date: /home/amigo-pi/amigo_ros2_pi/install/ublox_msgs/include/ublox_msgs/ublox_msgs/msg/detail/mon_ver__functions.c
[9.142s] -- Up-to-date: /home/amigo-pi/amigo_ros2_pi/install/ublox_msgs/include/ublox_msgs/ublox_msgs/msg/detail/rxm_sfrb__struct.h
[9.144s] -- Up-to-date: /home/amigo-pi/amigo_ros2_pi/install/ublox_msgs/include/ublox_msgs/ublox_msgs/msg/detail/mon_hw6__functions.h
[9.145s] -- Up-to-date: /home/amigo-pi/amigo_ros2_pi/install/ublox_msgs/include/ublox_msgs/ublox_msgs/msg/detail/cfg_cfg__functions.c
[9.147s] -- Up-to-date: /home/amigo-pi/amigo_ros2_pi/install/ublox_msgs/include/ublox_msgs/ublox_msgs/msg/detail/nav_pvt7__functions.h
[9.148s] -- Up-to-date: /home/amigo-pi/amigo_ros2_pi/install/ublox_msgs/include/ublox_msgs/ublox_msgs/msg/detail/rxm_sfrb__functions.h
[9.150s] -- Up-to-date: /home/amigo-pi/amigo_ros2_pi/install/ublox_msgs/include/ublox_msgs/ublox_msgs/msg/detail/nav_sbas__functions.c
[9.152s] -- Up-to-date: /home/amigo-pi/amigo_ros2_pi/install/ublox_msgs/include/ublox_msgs/ublox_msgs/msg/detail/cfg_dgnss__functions.c
[9.154s] -- Up-to-date: /home/amigo-pi/amigo_ros2_pi/install/ublox_msgs/include/ublox_msgs/ublox_msgs/msg/detail/esf_raw_block__functions.h
[9.156s] -- Up-to-date: /home/amigo-pi/amigo_ros2_pi/install/ublox_msgs/include/ublox_msgs/ublox_msgs/msg/detail/mon_hw6__functions.c
[9.158s] -- Up-to-date: /home/amigo-pi/amigo_ros2_pi/install/ublox_msgs/include/ublox_msgs/ublox_msgs/msg/detail/mon_gnss__functions.c
[9.159s] -- Up-to-date: /home/amigo-pi/amigo_ros2_pi/install/ublox_msgs/include/ublox_msgs/ublox_msgs/msg/detail/nav_status__functions.c
[9.161s] -- Up-to-date: /home/amigo-pi/amigo_ros2_pi/install/ublox_msgs/include/ublox_msgs/ublox_msgs/msg/detail/rxm_svsisv__type_support.h
[9.161s] -- Up-to-date: /home/amigo-pi/amigo_ros2_pi/install/ublox_msgs/include/ublox_msgs/ublox_msgs/msg/detail/hnr_pvt__functions.c
[9.162s] -- Up-to-date: /home/amigo-pi/amigo_ros2_pi/install/ublox_msgs/include/ublox_msgs/ublox_msgs/msg/detail/esf_raw__type_support.h
[9.163s] -- Up-to-date: /home/amigo-pi/amigo_ros2_pi/install/ublox_msgs/include/ublox_msgs/ublox_msgs/msg/detail/cfg_gnss__type_support.h
[9.165s] -- Up-to-date: /home/amigo-pi/amigo_ros2_pi/install/ublox_msgs/include/ublox_msgs/ublox_msgs/msg/detail/cfg_rst__functions.c
[9.166s] -- Up-to-date: /home/amigo-pi/amigo_ros2_pi/install/ublox_msgs/include/ublox_msgs/ublox_msgs/msg/detail/upd_sos__struct.h
[9.167s] -- Up-to-date: /home/amigo-pi/amigo_ros2_pi/install/ublox_msgs/include/ublox_msgs/ublox_msgs/msg/detail/cfg_cfg__functions.h
[9.169s] -- Up-to-date: /home/amigo-pi/amigo_ros2_pi/install/ublox_msgs/include/ublox_msgs/ublox_msgs/msg/detail/aid_eph__functions.h
[9.170s] -- Up-to-date: /home/amigo-pi/amigo_ros2_pi/install/ublox_msgs/include/ublox_msgs/ublox_msgs/msg/detail/mon_hw__type_support.h
[9.171s] -- Up-to-date: /home/amigo-pi/amigo_ros2_pi/install/ublox_msgs/include/ublox_msgs/ublox_msgs/msg/detail/rxm_eph__struct.h
[9.172s] -- Up-to-date: /home/amigo-pi/amigo_ros2_pi/install/ublox_msgs/include/ublox_msgs/ublox_msgs/msg/detail/cfg_hnr__struct.h
[9.173s] -- Up-to-date: /home/amigo-pi/amigo_ros2_pi/install/ublox_msgs/include/ublox_msgs/ublox_msgs/msg/detail/cfg_usb__type_support.h
[9.180s] -- Up-to-date: /home/amigo-pi/amigo_ros2_pi/install/ublox_msgs/include/ublox_msgs/ublox_msgs/msg/detail/nav_relposned__type_support.h
[9.182s] -- Up-to-date: /home/amigo-pi/amigo_ros2_pi/install/ublox_msgs/include/ublox_msgs/ublox_msgs/msg/detail/nav_dgpssv__functions.h
[9.183s] -- Up-to-date: /home/amigo-pi/amigo_ros2_pi/install/ublox_msgs/include/ublox_msgs/ublox_msgs/msg/detail/aid_hui__struct.h
[9.184s] -- Up-to-date: /home/amigo-pi/amigo_ros2_pi/install/ublox_msgs/include/ublox_msgs/ublox_msgs/msg/detail/cfg_inf__functions.h
[9.186s] -- Up-to-date: /home/amigo-pi/amigo_ros2_pi/install/ublox_msgs/include/ublox_msgs/ublox_msgs/msg/detail/nav_posecef__type_support.h
[9.189s] -- Up-to-date: /home/amigo-pi/amigo_ros2_pi/install/ublox_msgs/include/ublox_msgs/ublox_msgs/msg/detail/nav_sol__type_support.h
[9.192s] -- Up-to-date: /home/amigo-pi/amigo_ros2_pi/install/ublox_msgs/include/ublox_msgs/ublox_msgs/msg/detail/cfg_dat__functions.c
[9.193s] -- Up-to-date: /home/amigo-pi/amigo_ros2_pi/install/ublox_msgs/include/ublox_msgs/ublox_msgs/msg/detail/cfg_inf_block__functions.c
[9.194s] -- Up-to-date: /home/amigo-pi/amigo_ros2_pi/install/ublox_msgs/include/ublox_msgs/ublox_msgs/msg/detail/nav_relposned9__functions.c
[9.196s] -- Up-to-date: /home/amigo-pi/amigo_ros2_pi/install/ublox_msgs/include/ublox_msgs/ublox_msgs/msg/detail/nav_att__struct.h
[9.197s] -- Up-to-date: /home/amigo-pi/amigo_ros2_pi/install/ublox_msgs/include/ublox_msgs/ublox_msgs/msg/detail/rxm_rawsv__functions.c
[9.198s] -- Up-to-date: /home/amigo-pi/amigo_ros2_pi/install/ublox_msgs/include/ublox_msgs/ublox_msgs/msg/detail/esf_raw_block__struct.h
[9.200s] -- Up-to-date: /home/amigo-pi/amigo_ros2_pi/install/ublox_msgs/include/ublox_msgs/ublox_msgs/msg/detail/nav_svinfo__struct.h
[9.202s] -- Up-to-date: /home/amigo-pi/amigo_ros2_pi/install/ublox_msgs/include/ublox_msgs/ublox_msgs/msg/detail/nav_pvt__struct.h
[9.210s] -- Up-to-date: /home/amigo-pi/amigo_ros2_pi/install/ublox_msgs/include/ublox_msgs/ublox_msgs/msg/detail/cfg_prt__functions.h
[9.211s] -- Up-to-date: /home/amigo-pi/amigo_ros2_pi/install/ublox_msgs/include/ublox_msgs/ublox_msgs/msg/detail/nav_sbas__functions.h
[9.213s] -- Up-to-date: /home/amigo-pi/amigo_ros2_pi/install/ublox_msgs/include/ublox_msgs/ublox_msgs/msg/detail/inf__functions.c
[9.215s] -- Up-to-date: /home/amigo-pi/amigo_ros2_pi/install/ublox_msgs/include/ublox_msgs/ublox_msgs/msg/detail/cfg_nmea7__functions.c
[9.217s] -- Up-to-date: /home/amigo-pi/amigo_ros2_pi/install/ublox_msgs/include/ublox_msgs/ublox_msgs/msg/detail/nav_velned__struct.h
[9.218s] -- Up-to-date: /home/amigo-pi/amigo_ros2_pi/install/ublox_msgs/include/ublox_msgs/ublox_msgs/msg/detail/cfg_rst__type_support.h
[9.219s] -- Up-to-date: /home/amigo-pi/amigo_ros2_pi/install/ublox_msgs/include/ublox_msgs/ublox_msgs/msg/detail/esf_raw__struct.h
[9.219s] -- Up-to-date: /home/amigo-pi/amigo_ros2_pi/install/ublox_msgs/include/ublox_msgs/ublox_msgs/msg/detail/nav_relposned__functions.c
[9.220s] -- Up-to-date: /home/amigo-pi/amigo_ros2_pi/install/ublox_msgs/include/ublox_msgs/ublox_msgs/msg/detail/cfg_dgnss__type_support.h
[9.221s] -- Up-to-date: /home/amigo-pi/amigo_ros2_pi/install/ublox_msgs/include/ublox_msgs/ublox_msgs/msg/detail/nav_posecef__functions.h
[9.221s] -- Up-to-date: /home/amigo-pi/amigo_ros2_pi/install/ublox_msgs/include/ublox_msgs/ublox_msgs/msg/detail/esf_raw_block__functions.c
[9.222s] -- Up-to-date: /home/amigo-pi/amigo_ros2_pi/install/ublox_msgs/include/ublox_msgs/ublox_msgs/msg/detail/cfg_nmea6__type_support.h
[9.224s] -- Up-to-date: /home/amigo-pi/amigo_ros2_pi/install/ublox_msgs/include/ublox_msgs/ublox_msgs/msg/detail/cfg_dgnss__struct.h
[9.225s] -- Up-to-date: /home/amigo-pi/amigo_ros2_pi/install/ublox_msgs/include/ublox_msgs/ublox_msgs/msg/detail/mon_ver_extension__struct.h
[9.227s] -- Up-to-date: /home/amigo-pi/amigo_ros2_pi/install/ublox_msgs/include/ublox_msgs/ublox_msgs/msg/detail/cfg_gnss__functions.c
[9.227s] -- Up-to-date: /home/amigo-pi/amigo_ros2_pi/install/ublox_msgs/include/ublox_msgs/ublox_msgs/msg/detail/nav_dgps__functions.h
[9.228s] -- Up-to-date: /home/amigo-pi/amigo_ros2_pi/install/ublox_msgs/include/ublox_msgs/ublox_msgs/msg/detail/mon_gnss__type_support.h
[9.231s] -- Up-to-date: /home/amigo-pi/amigo_ros2_pi/install/ublox_msgs/include/ublox_msgs/ublox_msgs/msg/detail/esf_ins__functions.h
[9.233s] -- Up-to-date: /home/amigo-pi/amigo_ros2_pi/install/ublox_msgs/include/ublox_msgs/ublox_msgs/msg/detail/mga_gal__functions.c
[9.237s] -- Up-to-date: /home/amigo-pi/amigo_ros2_pi/install/ublox_msgs/include/ublox_msgs/ublox_msgs/msg/detail/rxm_svsisv__functions.h
[9.238s] -- Up-to-date: /home/amigo-pi/amigo_ros2_pi/install/ublox_msgs/include/ublox_msgs/ublox_msgs/msg/detail/rxm_svsi__functions.c
[9.240s] -- Up-to-date: /home/amigo-pi/amigo_ros2_pi/install/ublox_msgs/include/ublox_msgs/ublox_msgs/msg/detail/cfg_nmea__type_support.h
[9.242s] -- Up-to-date: /home/amigo-pi/amigo_ros2_pi/install/ublox_msgs/include/ublox_msgs/ublox_msgs/msg/detail/tim_tm2__functions.h
[9.243s] -- Up-to-date: /home/amigo-pi/amigo_ros2_pi/install/ublox_msgs/include/ublox_msgs/ublox_msgs/msg/detail/rxm_alm__functions.h
[9.245s] -- Up-to-date: /home/amigo-pi/amigo_ros2_pi/install/ublox_msgs/include/ublox_msgs/ublox_msgs/msg/detail/rxm_eph__type_support.h
[9.246s] -- Up-to-date: /home/amigo-pi/amigo_ros2_pi/install/ublox_msgs/include/ublox_msgs/ublox_msgs/msg/detail/cfg_gnss__struct.h
[9.248s] -- Up-to-date: /home/amigo-pi/amigo_ros2_pi/install/ublox_msgs/include/ublox_msgs/ublox_msgs/msg/detail/cfg_navx5__functions.c
[9.250s] -- Up-to-date: /home/amigo-pi/amigo_ros2_pi/install/ublox_msgs/include/ublox_msgs/ublox_msgs/msg/detail/nav_posllh__type_support.h
[9.253s] -- Up-to-date: /home/amigo-pi/amigo_ros2_pi/install/ublox_msgs/include/ublox_msgs/ublox_msgs/msg/detail/rxm_raw__functions.h
[9.255s] -- Up-to-date: /home/amigo-pi/amigo_ros2_pi/install/ublox_msgs/include/ublox_msgs/ublox_msgs/msg/detail/mon_ver_extension__type_support.h
[9.256s] -- Up-to-date: /home/amigo-pi/amigo_ros2_pi/install/ublox_msgs/include/ublox_msgs/ublox_msgs/msg/detail/rxm_rawx__type_support.h
[9.258s] -- Up-to-date: /home/amigo-pi/amigo_ros2_pi/install/ublox_msgs/include/ublox_msgs/ublox_msgs/msg/detail/cfg_prt__type_support.h
[9.259s] -- Up-to-date: /home/amigo-pi/amigo_ros2_pi/install/ublox_msgs/include/ublox_msgs/ublox_msgs/msg/detail/cfg_nmea6__functions.h
[9.260s] -- Up-to-date: /home/amigo-pi/amigo_ros2_pi/install/ublox_msgs/include/ublox_msgs/ublox_msgs/msg/detail/nav_timegps__functions.c
[9.262s] -- Up-to-date: /home/amigo-pi/amigo_ros2_pi/install/ublox_msgs/include/ublox_msgs/ublox_msgs/msg/detail/rxm_rawx__functions.c
[9.263s] -- Up-to-date: /home/amigo-pi/amigo_ros2_pi/install/ublox_msgs/include/ublox_msgs/ublox_msgs/msg/detail/cfg_gnss_block__type_support.h
[9.263s] -- Up-to-date: /home/amigo-pi/amigo_ros2_pi/install/ublox_msgs/include/ublox_msgs/ublox_msgs/msg/detail/nav_pvt__type_support.h
[9.265s] -- Up-to-date: /home/amigo-pi/amigo_ros2_pi/install/ublox_msgs/include/ublox_msgs/ublox_msgs/msg/detail/mga_gal__struct.h
[9.266s] -- Up-to-date: /home/amigo-pi/amigo_ros2_pi/install/ublox_msgs/include/ublox_msgs/ublox_msgs/msg/detail/nav_posllh__functions.c
[9.269s] -- Up-to-date: /home/amigo-pi/amigo_ros2_pi/install/ublox_msgs/include/ublox_msgs/ublox_msgs/msg/detail/cfg_usb__functions.c
[9.270s] -- Up-to-date: /home/amigo-pi/amigo_ros2_pi/install/ublox_msgs/include/ublox_msgs/ublox_msgs/msg/detail/nav_timegps__type_support.h
[9.272s] -- Up-to-date: /home/amigo-pi/amigo_ros2_pi/install/ublox_msgs/include/ublox_msgs/ublox_msgs/msg/detail/rxm_raw__functions.c
[9.275s] -- Up-to-date: /home/amigo-pi/amigo_ros2_pi/install/ublox_msgs/include/ublox_msgs/ublox_msgs/msg/detail/mon_ver__type_support.h
[9.277s] -- Up-to-date: /home/amigo-pi/amigo_ros2_pi/install/ublox_msgs/include/ublox_msgs/ublox_msgs/msg/detail/cfg_nmea7__functions.h
[9.278s] -- Up-to-date: /home/amigo-pi/amigo_ros2_pi/install/ublox_msgs/include/ublox_msgs/ublox_msgs/msg/detail/hnr_pvt__functions.h
[9.278s] -- Up-to-date: /home/amigo-pi/amigo_ros2_pi/install/ublox_msgs/include/ublox_msgs/ublox_msgs/msg/detail/mon_hw6__type_support.h
[9.280s] -- Up-to-date: /home/amigo-pi/amigo_ros2_pi/install/ublox_msgs/include/ublox_msgs/ublox_msgs/msg/detail/rxm_rawx_meas__struct.h
[9.281s] -- Up-to-date: /home/amigo-pi/amigo_ros2_pi/install/ublox_msgs/include/ublox_msgs/ublox_msgs/msg/detail/mon_hw__functions.h
[9.283s] -- Up-to-date: /home/amigo-pi/amigo_ros2_pi/install/ublox_msgs/include/ublox_msgs/ublox_msgs/msg/detail/nav_sbassv__struct.h
[9.284s] -- Up-to-date: /home/amigo-pi/amigo_ros2_pi/install/ublox_msgs/include/ublox_msgs/ublox_msgs/msg/detail/esf_raw__functions.c
[9.285s] -- Up-to-date: /home/amigo-pi/amigo_ros2_pi/install/ublox_msgs/include/ublox_msgs/ublox_msgs/msg/detail/nav_satsv__struct.h
[9.290s] -- Up-to-date: /home/amigo-pi/amigo_ros2_pi/install/ublox_msgs/include/ublox_msgs/ublox_msgs/msg/detail/nav_pvt__functions.h
[9.292s] -- Up-to-date: /home/amigo-pi/amigo_ros2_pi/install/ublox_msgs/include/ublox_msgs/ublox_msgs/msg/detail/cfg_rate__functions.h
[9.293s] -- Up-to-date: /home/amigo-pi/amigo_ros2_pi/install/ublox_msgs/include/ublox_msgs/ublox_msgs/msg/detail/cfg_inf_block__functions.h
[9.295s] -- Up-to-date: /home/amigo-pi/amigo_ros2_pi/install/ublox_msgs/include/ublox_msgs/ublox_msgs/msg/detail/cfg_inf__type_support.h
[9.296s] -- Up-to-date: /home/amigo-pi/amigo_ros2_pi/install/ublox_msgs/include/ublox_msgs/ublox_msgs/msg/detail/esf_status__functions.h
[9.299s] -- Up-to-date: /home/amigo-pi/amigo_ros2_pi/install/ublox_msgs/include/ublox_msgs/ublox_msgs/msg/detail/cfg_usb__functions.h
[9.301s] -- Up-to-date: /home/amigo-pi/amigo_ros2_pi/install/ublox_msgs/include/ublox_msgs/ublox_msgs/msg/detail/nav_svinfosv__functions.c
[9.313s] -- Up-to-date: /home/amigo-pi/amigo_ros2_pi/install/ublox_msgs/include/ublox_msgs/ublox_msgs/msg/detail/cfg_prt__struct.h
[9.315s] -- Up-to-date: /home/amigo-pi/amigo_ros2_pi/install/ublox_msgs/include/ublox_msgs/ublox_msgs/msg/detail/inf__struct.h
[9.317s] -- Up-to-date: /home/amigo-pi/amigo_ros2_pi/install/ublox_msgs/include/ublox_msgs/ublox_msgs/msg/detail/esf_raw__functions.h
[9.320s] -- Up-to-date: /home/amigo-pi/amigo_ros2_pi/install/ublox_msgs/include/ublox_msgs/ublox_msgs/msg/detail/upd_sos_ack__functions.c
[9.323s] -- Up-to-date: /home/amigo-pi/amigo_ros2_pi/install/ublox_msgs/include/ublox_msgs/ublox_msgs/msg/detail/rxm_alm__type_support.h
[9.325s] -- Up-to-date: /home/amigo-pi/amigo_ros2_pi/install/ublox_msgs/include/ublox_msgs/ublox_msgs/msg/detail/rxm_raw__struct.h
[9.327s] -- Up-to-date: /home/amigo-pi/amigo_ros2_pi/install/ublox_msgs/include/ublox_msgs/ublox_msgs/msg/detail/upd_sos_ack__struct.h
[9.328s] -- Up-to-date: /home/amigo-pi/amigo_ros2_pi/install/ublox_msgs/include/ublox_msgs/ublox_msgs/msg/detail/cfg_nav5__functions.h
[9.330s] -- Up-to-date: /home/amigo-pi/amigo_ros2_pi/install/ublox_msgs/include/ublox_msgs/ublox_msgs/msg/detail/rxm_rawsv__functions.h
[9.332s] -- Up-to-date: /home/amigo-pi/amigo_ros2_pi/install/ublox_msgs/include/ublox_msgs/ublox_msgs/msg/detail/nav_velned__functions.h
[9.336s] -- Up-to-date: /home/amigo-pi/amigo_ros2_pi/install/ublox_msgs/include/ublox_msgs/ublox_msgs/msg/detail/mon_gnss__struct.h
[9.338s] -- Up-to-date: /home/amigo-pi/amigo_ros2_pi/install/ublox_msgs/include/ublox_msgs/ublox_msgs/msg/detail/hnr_pvt__type_support.h
[9.340s] -- Up-to-date: /home/amigo-pi/amigo_ros2_pi/install/ublox_msgs/include/ublox_msgs/ublox_msgs/msg/detail/rxm_raw__type_support.h
[9.342s] -- Up-to-date: /home/amigo-pi/amigo_ros2_pi/install/ublox_msgs/include/ublox_msgs/ublox_msgs/msg/detail/nav_svinfosv__struct.h
[9.344s] -- Up-to-date: /home/amigo-pi/amigo_ros2_pi/install/ublox_msgs/include/ublox_msgs/ublox_msgs/msg/detail/nav_dop__functions.c
[9.346s] -- Up-to-date: /home/amigo-pi/amigo_ros2_pi/install/ublox_msgs/include/ublox_msgs/ublox_msgs/msg/detail/rxm_svsisv__struct.h
[9.347s] -- Up-to-date: /home/amigo-pi/amigo_ros2_pi/install/ublox_msgs/include/ublox_msgs/ublox_msgs/msg/detail/nav_sbas__struct.h
[9.352s] -- Up-to-date: /home/amigo-pi/amigo_ros2_pi/install/ublox_msgs/include/ublox_msgs/ublox_msgs/msg/detail/cfg_hnr__type_support.h
[9.354s] -- Up-to-date: /home/amigo-pi/amigo_ros2_pi/install/ublox_msgs/include/ublox_msgs/ublox_msgs/msg/detail/esf_status__struct.h
[9.356s] -- Up-to-date: /home/amigo-pi/amigo_ros2_pi/install/ublox_msgs/include/ublox_msgs/ublox_msgs/msg/detail/nav_sat__struct.h
[9.358s] -- Up-to-date: /home/amigo-pi/amigo_ros2_pi/install/ublox_msgs/include/ublox_msgs/ublox_msgs/msg/detail/upd_sos__functions.c
[9.359s] -- Up-to-date: /home/amigo-pi/amigo_ros2_pi/install/ublox_msgs/include/ublox_msgs/ublox_msgs/msg/detail/inf__type_support.h
[9.361s] -- Up-to-date: /home/amigo-pi/amigo_ros2_pi/install/ublox_msgs/include/ublox_msgs/ublox_msgs/msg/detail/cfg_cfg__struct.h
[9.363s] -- Up-to-date: /home/amigo-pi/amigo_ros2_pi/install/ublox_msgs/include/ublox_msgs/ublox_msgs/msg/detail/mon_ver__struct.h
[9.365s] -- Up-to-date: /home/amigo-pi/amigo_ros2_pi/install/ublox_msgs/include/ublox_msgs/ublox_msgs/msg/detail/nav_velned__functions.c
[9.367s] -- Up-to-date: /home/amigo-pi/amigo_ros2_pi/install/ublox_msgs/include/ublox_msgs/ublox_msgs/msg/detail/cfg_rate__functions.c
[9.369s] -- Up-to-date: /home/amigo-pi/amigo_ros2_pi/install/ublox_msgs/include/ublox_msgs/ublox_msgs/msg/detail/ack__functions.h
[9.371s] -- Up-to-date: /home/amigo-pi/amigo_ros2_pi/install/ublox_msgs/include/ublox_msgs/ublox_msgs/msg/detail/nav_satsv__type_support.h
[9.373s] -- Up-to-date: /home/amigo-pi/amigo_ros2_pi/install/ublox_msgs/include/ublox_msgs/ublox_msgs/msg/detail/esf_ins__functions.c
[9.375s] -- Up-to-date: /home/amigo-pi/amigo_ros2_pi/install/ublox_msgs/include/ublox_msgs/ublox_msgs/msg/detail/mon_ver_extension__functions.c
[9.377s] -- Up-to-date: /home/amigo-pi/amigo_ros2_pi/install/ublox_msgs/include/ublox_msgs/ublox_msgs/msg/detail/rxm_sfrb__type_support.h
[9.378s] -- Up-to-date: /home/amigo-pi/amigo_ros2_pi/install/ublox_msgs/include/ublox_msgs/ublox_msgs/msg/detail/cfg_inf__functions.c
[9.379s] -- Up-to-date: /home/amigo-pi/amigo_ros2_pi/install/ublox_msgs/include/ublox_msgs/ublox_msgs/msg/detail/cfg_rate__type_support.h
[9.379s] -- Up-to-date: /home/amigo-pi/amigo_ros2_pi/install/ublox_msgs/include/ublox_msgs/ublox_msgs/msg/detail/nav_att__functions.c
[9.380s] -- Up-to-date: /home/amigo-pi/amigo_ros2_pi/install/ublox_msgs/include/ublox_msgs/ublox_msgs/msg/detail/mon_hw__functions.c
[9.381s] -- Up-to-date: /home/amigo-pi/amigo_ros2_pi/install/ublox_msgs/include/ublox_msgs/ublox_msgs/msg/detail/nav_relposned__struct.h
[9.382s] -- Up-to-date: /home/amigo-pi/amigo_ros2_pi/install/ublox_msgs/include/ublox_msgs/ublox_msgs/msg/detail/rxm_rtcm__type_support.h
[9.384s] -- Up-to-date: /home/amigo-pi/amigo_ros2_pi/install/ublox_msgs/include/ublox_msgs/ublox_msgs/msg/detail/nav_sol__functions.h
[9.386s] -- Up-to-date: /home/amigo-pi/amigo_ros2_pi/install/ublox_msgs/include/ublox_msgs/ublox_msgs/msg/detail/cfg_cfg__type_support.h
[9.390s] -- Up-to-date: /home/amigo-pi/amigo_ros2_pi/install/ublox_msgs/include/ublox_msgs/ublox_msgs/msg/detail/rxm_alm__functions.c
[9.391s] -- Up-to-date: /home/amigo-pi/amigo_ros2_pi/install/ublox_msgs/include/ublox_msgs/ublox_msgs/msg/detail/nav_sbassv__functions.h
[9.392s] -- Up-to-date: /home/amigo-pi/amigo_ros2_pi/install/ublox_msgs/include/ublox_msgs/ublox_msgs/msg/detail/mon_hw6__struct.h
[9.393s] -- Up-to-date: /home/amigo-pi/amigo_ros2_pi/install/ublox_msgs/include/ublox_msgs/ublox_msgs/msg/detail/nav_dgpssv__struct.h
[9.394s] -- Up-to-date: /home/amigo-pi/amigo_ros2_pi/install/ublox_msgs/include/ublox_msgs/ublox_msgs/msg/detail/cfg_dgnss__functions.h
[9.395s] -- Up-to-date: /home/amigo-pi/amigo_ros2_pi/install/ublox_msgs/include/ublox_msgs/ublox_msgs/msg/detail/nav_att__functions.h
[9.397s] -- Up-to-date: /home/amigo-pi/amigo_ros2_pi/install/ublox_msgs/include/ublox_msgs/ublox_msgs/msg/detail/aid_eph__type_support.h
[9.398s] -- Up-to-date: /home/amigo-pi/amigo_ros2_pi/install/ublox_msgs/include/ublox_msgs/ublox_msgs/msg/detail/rxm_rawsv__struct.h
[9.400s] -- Up-to-date: /home/amigo-pi/amigo_ros2_pi/install/ublox_msgs/include/ublox_msgs/ublox_msgs/msg/detail/cfg_ant__type_support.h
[9.402s] -- Up-to-date: /home/amigo-pi/amigo_ros2_pi/install/ublox_msgs/include/ublox_msgs/ublox_msgs/msg/detail/cfg_hnr__functions.h
[9.413s] -- Up-to-date: /home/amigo-pi/amigo_ros2_pi/install/ublox_msgs/include/ublox_msgs/ublox_msgs/msg/detail/cfg_msg__type_support.h
[9.415s] -- Up-to-date: /home/amigo-pi/amigo_ros2_pi/install/ublox_msgs/include/ublox_msgs/ublox_msgs/msg/detail/rxm_sfrbx__functions.c
[9.418s] -- Up-to-date: /home/amigo-pi/amigo_ros2_pi/install/ublox_msgs/include/ublox_msgs/ublox_msgs/msg/detail/aid_hui__functions.c
[9.420s] -- Up-to-date: /home/amigo-pi/amigo_ros2_pi/install/ublox_msgs/include/ublox_msgs/ublox_msgs/msg/detail/nav_clock__type_support.h
[9.422s] -- Up-to-date: /home/amigo-pi/amigo_ros2_pi/install/ublox_msgs/include/ublox_msgs/ublox_msgs/msg/detail/nav_relposned__functions.h
[9.424s] -- Up-to-date: /home/amigo-pi/amigo_ros2_pi/install/ublox_msgs/include/ublox_msgs/ublox_msgs/msg/detail/nav_sol__struct.h
[9.425s] -- Up-to-date: /home/amigo-pi/amigo_ros2_pi/install/ublox_msgs/include/ublox_msgs/ublox_msgs/msg/detail/mga_gal__functions.h
[9.427s] -- Up-to-date: /home/amigo-pi/amigo_ros2_pi/install/ublox_msgs/include/ublox_msgs/ublox_msgs/msg/detail/rxm_svsisv__functions.c
[9.428s] -- Up-to-date: /home/amigo-pi/amigo_ros2_pi/install/ublox_msgs/include/ublox_msgs/ublox_msgs/msg/mon_hw6.h
[9.429s] -- Up-to-date: /home/amigo-pi/amigo_ros2_pi/install/ublox_msgs/include/ublox_msgs/ublox_msgs/msg/esf_ins.h
[9.430s] -- Up-to-date: /home/amigo-pi/amigo_ros2_pi/install/ublox_msgs/include/ublox_msgs/ublox_msgs/msg/rxm_rawx_meas.h
[9.431s] -- Up-to-date: /home/amigo-pi/amigo_ros2_pi/install/ublox_msgs/include/ublox_msgs/ublox_msgs/msg/nav_velecef.h
[9.433s] -- Up-to-date: /home/amigo-pi/amigo_ros2_pi/install/ublox_msgs/include/ublox_msgs/ublox_msgs/msg/nav_relposned.h
[9.436s] -- Up-to-date: /home/amigo-pi/amigo_ros2_pi/install/ublox_msgs/include/ublox_msgs/ublox_msgs/msg/nav_status.h
[9.437s] -- Up-to-date: /home/amigo-pi/amigo_ros2_pi/install/ublox_msgs/include/ublox_msgs/ublox_msgs/msg/nav_dgpssv.h
[9.439s] -- Up-to-date: /home/amigo-pi/amigo_ros2_pi/install/ublox_msgs/include/ublox_msgs/ublox_msgs/msg/cfg_cfg.h
[9.440s] -- Up-to-date: /home/amigo-pi/amigo_ros2_pi/install/ublox_msgs/include/ublox_msgs/ublox_msgs/msg/rxm_svsisv.h
[9.441s] -- Up-to-date: /home/amigo-pi/amigo_ros2_pi/install/ublox_msgs/include/ublox_msgs/ublox_msgs/msg/nav_clock.h
[9.442s] -- Up-to-date: /home/amigo-pi/amigo_ros2_pi/install/ublox_msgs/include/ublox_msgs/ublox_msgs/msg/rxm_eph.h
[9.444s] -- Up-to-date: /home/amigo-pi/amigo_ros2_pi/install/ublox_msgs/include/ublox_msgs/ublox_msgs/msg/cfg_nmea.h
[9.445s] -- Up-to-date: /home/amigo-pi/amigo_ros2_pi/install/ublox_msgs/include/ublox_msgs/ublox_msgs/msg/cfg_sbas.h
[9.447s] -- Up-to-date: /home/amigo-pi/amigo_ros2_pi/install/ublox_msgs/include/ublox_msgs/ublox_msgs/msg/cfg_msg.h
[9.447s] -- Up-to-date: /home/amigo-pi/amigo_ros2_pi/install/ublox_msgs/include/ublox_msgs/ublox_msgs/msg/nav_svinfosv.h
[9.449s] -- Up-to-date: /home/amigo-pi/amigo_ros2_pi/install/ublox_msgs/include/ublox_msgs/ublox_msgs/msg/aid_alm.h
[9.451s] -- Up-to-date: /home/amigo-pi/amigo_ros2_pi/install/ublox_msgs/include/ublox_msgs/ublox_msgs/msg/cfg_nmea7.h
[9.454s] -- Up-to-date: /home/amigo-pi/amigo_ros2_pi/install/ublox_msgs/include/ublox_msgs/ublox_msgs/msg/nav_posllh.h
[9.455s] -- Up-to-date: /home/amigo-pi/amigo_ros2_pi/install/ublox_msgs/include/ublox_msgs/ublox_msgs/msg/cfg_inf_block.h
[9.456s] -- Up-to-date: /home/amigo-pi/amigo_ros2_pi/install/ublox_msgs/include/ublox_msgs/ublox_msgs/msg/aid_hui.h
[9.457s] -- Up-to-date: /home/amigo-pi/amigo_ros2_pi/install/ublox_msgs/include/ublox_msgs/ublox_msgs/msg/nav_velned.h
[9.458s] -- Up-to-date: /home/amigo-pi/amigo_ros2_pi/install/ublox_msgs/include/ublox_msgs/ublox_msgs/msg/rxm_rtcm.h
[9.459s] -- Up-to-date: /home/amigo-pi/amigo_ros2_pi/install/ublox_msgs/include/ublox_msgs/ublox_msgs/msg/tim_tm2.h
[9.460s] -- Up-to-date: /home/amigo-pi/amigo_ros2_pi/install/ublox_msgs/include/ublox_msgs/ublox_msgs/msg/nav_posecef.h
[9.461s] -- Up-to-date: /home/amigo-pi/amigo_ros2_pi/install/ublox_msgs/include/ublox_msgs/ublox_msgs/msg/nav_svin.h
[9.463s] -- Up-to-date: /home/amigo-pi/amigo_ros2_pi/install/ublox_msgs/include/ublox_msgs/ublox_msgs/msg/ack.h
[9.465s] -- Up-to-date: /home/amigo-pi/amigo_ros2_pi/install/ublox_msgs/include/ublox_msgs/ublox_msgs/msg/nav_att.h
[9.466s] -- Up-to-date: /home/amigo-pi/amigo_ros2_pi/install/ublox_msgs/include/ublox_msgs/ublox_msgs/msg/cfg_prt.h
[9.468s] -- Up-to-date: /home/amigo-pi/amigo_ros2_pi/install/ublox_msgs/share/ublox_msgs/environment/library_path.sh
[9.469s] -- Up-to-date: /home/amigo-pi/amigo_ros2_pi/install/ublox_msgs/share/ublox_msgs/environment/library_path.dsv
[9.471s] -- Up-to-date: /home/amigo-pi/amigo_ros2_pi/install/ublox_msgs/lib/libublox_msgs__rosidl_generator_c.so
[9.472s] -- Up-to-date: /home/amigo-pi/amigo_ros2_pi/install/ublox_msgs/include/ublox_msgs/ublox_msgs
[9.473s] -- Up-to-date: /home/amigo-pi/amigo_ros2_pi/install/ublox_msgs/include/ublox_msgs/ublox_msgs/msg
[9.474s] -- Up-to-date: /home/amigo-pi/amigo_ros2_pi/install/ublox_msgs/include/ublox_msgs/ublox_msgs/msg/detail
[9.475s] -- Up-to-date: /home/amigo-pi/amigo_ros2_pi/install/ublox_msgs/include/ublox_msgs/ublox_msgs/msg/detail/cfg_usb__rosidl_typesupport_fastrtps_c.h
[9.476s] -- Up-to-date: /home/amigo-pi/amigo_ros2_pi/install/ublox_msgs/include/ublox_msgs/ublox_msgs/msg/detail/cfg_rst__rosidl_typesupport_fastrtps_c.h
[9.478s] -- Up-to-date: /home/amigo-pi/amigo_ros2_pi/install/ublox_msgs/include/ublox_msgs/ublox_msgs/msg/detail/inf__rosidl_typesupport_fastrtps_c.h
[9.479s] -- Up-to-date: /home/amigo-pi/amigo_ros2_pi/install/ublox_msgs/include/ublox_msgs/ublox_msgs/msg/detail/cfg_inf_block__rosidl_typesupport_fastrtps_c.h
[9.480s] -- Up-to-date: /home/amigo-pi/amigo_ros2_pi/install/ublox_msgs/include/ublox_msgs/ublox_msgs/msg/detail/nav_sbassv__rosidl_typesupport_fastrtps_c.h
[9.481s] -- Up-to-date: /home/amigo-pi/amigo_ros2_pi/install/ublox_msgs/include/ublox_msgs/ublox_msgs/msg/detail/esf_raw__rosidl_typesupport_fastrtps_c.h
[9.482s] -- Up-to-date: /home/amigo-pi/amigo_ros2_pi/install/ublox_msgs/include/ublox_msgs/ublox_msgs/msg/detail/rxm_alm__rosidl_typesupport_fastrtps_c.h
[9.482s] -- Up-to-date: /home/amigo-pi/amigo_ros2_pi/install/ublox_msgs/include/ublox_msgs/ublox_msgs/msg/detail/nav_pvt7__rosidl_typesupport_fastrtps_c.h
[9.483s] -- Up-to-date: /home/amigo-pi/amigo_ros2_pi/install/ublox_msgs/include/ublox_msgs/ublox_msgs/msg/detail/rxm_rtcm__rosidl_typesupport_fastrtps_c.h
[9.484s] -- Up-to-date: /home/amigo-pi/amigo_ros2_pi/install/ublox_msgs/include/ublox_msgs/ublox_msgs/msg/detail/mon_ver_extension__rosidl_typesupport_fastrtps_c.h
[9.485s] -- Up-to-date: /home/amigo-pi/amigo_ros2_pi/install/ublox_msgs/include/ublox_msgs/ublox_msgs/msg/detail/aid_hui__rosidl_typesupport_fastrtps_c.h
[9.485s] -- Up-to-date: /home/amigo-pi/amigo_ros2_pi/install/ublox_msgs/include/ublox_msgs/ublox_msgs/msg/detail/rxm_eph__rosidl_typesupport_fastrtps_c.h
[9.486s] -- Up-to-date: /home/amigo-pi/amigo_ros2_pi/install/ublox_msgs/include/ublox_msgs/ublox_msgs/msg/detail/rxm_raw__rosidl_typesupport_fastrtps_c.h
[9.487s] -- Up-to-date: /home/amigo-pi/amigo_ros2_pi/install/ublox_msgs/include/ublox_msgs/ublox_msgs/msg/detail/nav_velned__rosidl_typesupport_fastrtps_c.h
[9.491s] -- Up-to-date: /home/amigo-pi/amigo_ros2_pi/install/ublox_msgs/include/ublox_msgs/ublox_msgs/msg/detail/cfg_ant__rosidl_typesupport_fastrtps_c.h
[9.493s] -- Up-to-date: /home/amigo-pi/amigo_ros2_pi/install/ublox_msgs/include/ublox_msgs/ublox_msgs/msg/detail/cfg_cfg__rosidl_typesupport_fastrtps_c.h
[9.494s] -- Up-to-date: /home/amigo-pi/amigo_ros2_pi/install/ublox_msgs/include/ublox_msgs/ublox_msgs/msg/detail/rxm_sfrb__rosidl_typesupport_fastrtps_c.h
[9.495s] -- Up-to-date: /home/amigo-pi/amigo_ros2_pi/install/ublox_msgs/include/ublox_msgs/ublox_msgs/msg/detail/cfg_rate__rosidl_typesupport_fastrtps_c.h
[9.496s] -- Up-to-date: /home/amigo-pi/amigo_ros2_pi/install/ublox_msgs/include/ublox_msgs/ublox_msgs/msg/detail/tim_tm2__rosidl_typesupport_fastrtps_c.h
[9.498s] -- Up-to-date: /home/amigo-pi/amigo_ros2_pi/install/ublox_msgs/include/ublox_msgs/ublox_msgs/msg/detail/upd_sos__rosidl_typesupport_fastrtps_c.h
[9.499s] -- Up-to-date: /home/amigo-pi/amigo_ros2_pi/install/ublox_msgs/include/ublox_msgs/ublox_msgs/msg/detail/esf_status_sens__rosidl_typesupport_fastrtps_c.h
[9.500s] -- Up-to-date: /home/amigo-pi/amigo_ros2_pi/install/ublox_msgs/include/ublox_msgs/ublox_msgs/msg/detail/cfg_nav5__rosidl_typesupport_fastrtps_c.h
[9.501s] -- Up-to-date: /home/amigo-pi/amigo_ros2_pi/install/ublox_msgs/include/ublox_msgs/ublox_msgs/msg/detail/upd_sos_ack__rosidl_typesupport_fastrtps_c.h
[9.503s] -- Up-to-date: /home/amigo-pi/amigo_ros2_pi/install/ublox_msgs/include/ublox_msgs/ublox_msgs/msg/detail/nav_satsv__rosidl_typesupport_fastrtps_c.h
[9.513s] -- Up-to-date: /home/amigo-pi/amigo_ros2_pi/install/ublox_msgs/include/ublox_msgs/ublox_msgs/msg/detail/nav_svin__rosidl_typesupport_fastrtps_c.h
[9.515s] -- Up-to-date: /home/amigo-pi/amigo_ros2_pi/install/ublox_msgs/include/ublox_msgs/ublox_msgs/msg/detail/nav_relposned__rosidl_typesupport_fastrtps_c.h
[9.515s] -- Up-to-date: /home/amigo-pi/amigo_ros2_pi/install/ublox_msgs/include/ublox_msgs/ublox_msgs/msg/detail/mon_ver__rosidl_typesupport_fastrtps_c.h
[9.516s] -- Up-to-date: /home/amigo-pi/amigo_ros2_pi/install/ublox_msgs/include/ublox_msgs/ublox_msgs/msg/detail/aid_eph__rosidl_typesupport_fastrtps_c.h
[9.517s] -- Up-to-date: /home/amigo-pi/amigo_ros2_pi/install/ublox_msgs/include/ublox_msgs/ublox_msgs/msg/detail/rxm_rawsv__rosidl_typesupport_fastrtps_c.h
[9.518s] -- Up-to-date: /home/amigo-pi/amigo_ros2_pi/install/ublox_msgs/include/ublox_msgs/ublox_msgs/msg/detail/cfg_msg__rosidl_typesupport_fastrtps_c.h
[9.521s] -- Up-to-date: /home/amigo-pi/amigo_ros2_pi/install/ublox_msgs/include/ublox_msgs/ublox_msgs/msg/detail/cfg_hnr__rosidl_typesupport_fastrtps_c.h
[9.522s] -- Up-to-date: /home/amigo-pi/amigo_ros2_pi/install/ublox_msgs/include/ublox_msgs/ublox_msgs/msg/detail/esf_meas__rosidl_typesupport_fastrtps_c.h
[9.523s] -- Up-to-date: /home/amigo-pi/amigo_ros2_pi/install/ublox_msgs/include/ublox_msgs/ublox_msgs/msg/detail/mon_hw6__rosidl_typesupport_fastrtps_c.h
[9.523s] -- Up-to-date: /home/amigo-pi/amigo_ros2_pi/install/ublox_msgs/include/ublox_msgs/ublox_msgs/msg/detail/nav_sat__rosidl_typesupport_fastrtps_c.h
[9.524s] -- Up-to-date: /home/amigo-pi/amigo_ros2_pi/install/ublox_msgs/include/ublox_msgs/ublox_msgs/msg/detail/nav_svinfosv__rosidl_typesupport_fastrtps_c.h
[9.526s] -- Up-to-date: /home/amigo-pi/amigo_ros2_pi/install/ublox_msgs/include/ublox_msgs/ublox_msgs/msg/detail/nav_sol__rosidl_typesupport_fastrtps_c.h
[9.526s] -- Up-to-date: /home/amigo-pi/amigo_ros2_pi/install/ublox_msgs/include/ublox_msgs/ublox_msgs/msg/detail/cfg_gnss_block__rosidl_typesupport_fastrtps_c.h
[9.527s] -- Up-to-date: /home/amigo-pi/amigo_ros2_pi/install/ublox_msgs/include/ublox_msgs/ublox_msgs/msg/detail/cfg_inf__rosidl_typesupport_fastrtps_c.h
[9.528s] -- Up-to-date: /home/amigo-pi/amigo_ros2_pi/install/ublox_msgs/include/ublox_msgs/ublox_msgs/msg/detail/nav_relposned9__rosidl_typesupport_fastrtps_c.h
[9.530s] -- Up-to-date: /home/amigo-pi/amigo_ros2_pi/install/ublox_msgs/include/ublox_msgs/ublox_msgs/msg/detail/cfg_nmea7__rosidl_typesupport_fastrtps_c.h
[9.532s] -- Up-to-date: /home/amigo-pi/amigo_ros2_pi/install/ublox_msgs/include/ublox_msgs/ublox_msgs/msg/detail/nav_pvt__rosidl_typesupport_fastrtps_c.h
[9.534s] -- Up-to-date: /home/amigo-pi/amigo_ros2_pi/install/ublox_msgs/include/ublox_msgs/ublox_msgs/msg/detail/rxm_svsi__rosidl_typesupport_fastrtps_c.h
[9.538s] -- Up-to-date: /home/amigo-pi/amigo_ros2_pi/install/ublox_msgs/include/ublox_msgs/ublox_msgs/msg/detail/rxm_sfrbx__rosidl_typesupport_fastrtps_c.h
[9.539s] -- Up-to-date: /home/amigo-pi/amigo_ros2_pi/install/ublox_msgs/include/ublox_msgs/ublox_msgs/msg/detail/cfg_dat__rosidl_typesupport_fastrtps_c.h
[9.541s] -- Up-to-date: /home/amigo-pi/amigo_ros2_pi/install/ublox_msgs/include/ublox_msgs/ublox_msgs/msg/detail/esf_status__rosidl_typesupport_fastrtps_c.h
[9.543s] -- Up-to-date: /home/amigo-pi/amigo_ros2_pi/install/ublox_msgs/include/ublox_msgs/ublox_msgs/msg/detail/mga_gal__rosidl_typesupport_fastrtps_c.h
[9.545s] -- Up-to-date: /home/amigo-pi/amigo_ros2_pi/install/ublox_msgs/include/ublox_msgs/ublox_msgs/msg/detail/nav_timegps__rosidl_typesupport_fastrtps_c.h
[9.546s] -- Up-to-date: /home/amigo-pi/amigo_ros2_pi/install/ublox_msgs/include/ublox_msgs/ublox_msgs/msg/detail/cfg_tmode3__rosidl_typesupport_fastrtps_c.h
[9.548s] -- Up-to-date: /home/amigo-pi/amigo_ros2_pi/install/ublox_msgs/include/ublox_msgs/ublox_msgs/msg/detail/nav_status__rosidl_typesupport_fastrtps_c.h
[9.549s] -- Up-to-date: /home/amigo-pi/amigo_ros2_pi/install/ublox_msgs/include/ublox_msgs/ublox_msgs/msg/detail/nav_sbas__rosidl_typesupport_fastrtps_c.h
[9.550s] -- Up-to-date: /home/amigo-pi/amigo_ros2_pi/install/ublox_msgs/include/ublox_msgs/ublox_msgs/msg/detail/nav_clock__rosidl_typesupport_fastrtps_c.h
[9.551s] -- Up-to-date: /home/amigo-pi/amigo_ros2_pi/install/ublox_msgs/include/ublox_msgs/ublox_msgs/msg/detail/cfg_sbas__rosidl_typesupport_fastrtps_c.h
[9.552s] -- Up-to-date: /home/amigo-pi/amigo_ros2_pi/install/ublox_msgs/include/ublox_msgs/ublox_msgs/msg/detail/cfg_navx5__rosidl_typesupport_fastrtps_c.h
[9.553s] -- Up-to-date: /home/amigo-pi/amigo_ros2_pi/install/ublox_msgs/include/ublox_msgs/ublox_msgs/msg/detail/esf_ins__rosidl_typesupport_fastrtps_c.h
[9.556s] -- Up-to-date: /home/amigo-pi/amigo_ros2_pi/install/ublox_msgs/include/ublox_msgs/ublox_msgs/msg/detail/nav_svinfo__rosidl_typesupport_fastrtps_c.h
[9.558s] -- Up-to-date: /home/amigo-pi/amigo_ros2_pi/install/ublox_msgs/include/ublox_msgs/ublox_msgs/msg/detail/cfg_gnss__rosidl_typesupport_fastrtps_c.h
[9.560s] -- Up-to-date: /home/amigo-pi/amigo_ros2_pi/install/ublox_msgs/include/ublox_msgs/ublox_msgs/msg/detail/nav_velecef__rosidl_typesupport_fastrtps_c.h
[9.562s] -- Up-to-date: /home/amigo-pi/amigo_ros2_pi/install/ublox_msgs/include/ublox_msgs/ublox_msgs/msg/detail/mon_gnss__rosidl_typesupport_fastrtps_c.h
[9.564s] -- Up-to-date: /home/amigo-pi/amigo_ros2_pi/install/ublox_msgs/include/ublox_msgs/ublox_msgs/msg/detail/ack__rosidl_typesupport_fastrtps_c.h
[9.566s] -- Up-to-date: /home/amigo-pi/amigo_ros2_pi/install/ublox_msgs/include/ublox_msgs/ublox_msgs/msg/detail/nav_timeutc__rosidl_typesupport_fastrtps_c.h
[9.568s] -- Up-to-date: /home/amigo-pi/amigo_ros2_pi/install/ublox_msgs/include/ublox_msgs/ublox_msgs/msg/detail/cfg_dgnss__rosidl_typesupport_fastrtps_c.h
[9.570s] -- Up-to-date: /home/amigo-pi/amigo_ros2_pi/install/ublox_msgs/include/ublox_msgs/ublox_msgs/msg/detail/cfg_prt__rosidl_typesupport_fastrtps_c.h
[9.572s] -- Up-to-date: /home/amigo-pi/amigo_ros2_pi/install/ublox_msgs/include/ublox_msgs/ublox_msgs/msg/detail/hnr_pvt__rosidl_typesupport_fastrtps_c.h
[9.576s] -- Up-to-date: /home/amigo-pi/amigo_ros2_pi/install/ublox_msgs/include/ublox_msgs/ublox_msgs/msg/detail/mon_hw__rosidl_typesupport_fastrtps_c.h
[9.580s] -- Up-to-date: /home/amigo-pi/amigo_ros2_pi/install/ublox_msgs/include/ublox_msgs/ublox_msgs/msg/detail/rxm_svsisv__rosidl_typesupport_fastrtps_c.h
[9.582s] -- Up-to-date: /home/amigo-pi/amigo_ros2_pi/install/ublox_msgs/include/ublox_msgs/ublox_msgs/msg/detail/aid_alm__rosidl_typesupport_fastrtps_c.h
[9.584s] -- Up-to-date: /home/amigo-pi/amigo_ros2_pi/install/ublox_msgs/include/ublox_msgs/ublox_msgs/msg/detail/rxm_rawx__rosidl_typesupport_fastrtps_c.h
[9.586s] -- Up-to-date: /home/amigo-pi/amigo_ros2_pi/install/ublox_msgs/include/ublox_msgs/ublox_msgs/msg/detail/cfg_nmea__rosidl_typesupport_fastrtps_c.h
[9.592s] -- Up-to-date: /home/amigo-pi/amigo_ros2_pi/install/ublox_msgs/include/ublox_msgs/ublox_msgs/msg/detail/nav_att__rosidl_typesupport_fastrtps_c.h
[9.595s] -- Up-to-date: /home/amigo-pi/amigo_ros2_pi/install/ublox_msgs/include/ublox_msgs/ublox_msgs/msg/detail/nav_dgps__rosidl_typesupport_fastrtps_c.h
[9.597s] -- Up-to-date: /home/amigo-pi/amigo_ros2_pi/install/ublox_msgs/include/ublox_msgs/ublox_msgs/msg/detail/nav_dop__rosidl_typesupport_fastrtps_c.h
[9.600s] -- Up-to-date: /home/amigo-pi/amigo_ros2_pi/install/ublox_msgs/include/ublox_msgs/ublox_msgs/msg/detail/nav_posllh__rosidl_typesupport_fastrtps_c.h
[9.602s] -- Up-to-date: /home/amigo-pi/amigo_ros2_pi/install/ublox_msgs/include/ublox_msgs/ublox_msgs/msg/detail/rxm_rawx_meas__rosidl_typesupport_fastrtps_c.h
[9.604s] -- Up-to-date: /home/amigo-pi/amigo_ros2_pi/install/ublox_msgs/include/ublox_msgs/ublox_msgs/msg/detail/nav_dgpssv__rosidl_typesupport_fastrtps_c.h
[9.615s] -- Up-to-date: /home/amigo-pi/amigo_ros2_pi/install/ublox_msgs/include/ublox_msgs/ublox_msgs/msg/detail/nav_posecef__rosidl_typesupport_fastrtps_c.h
[9.617s] -- Up-to-date: /home/amigo-pi/amigo_ros2_pi/install/ublox_msgs/include/ublox_msgs/ublox_msgs/msg/detail/cfg_nmea6__rosidl_typesupport_fastrtps_c.h
[9.618s] -- Up-to-date: /home/amigo-pi/amigo_ros2_pi/install/ublox_msgs/include/ublox_msgs/ublox_msgs/msg/detail/esf_raw_block__rosidl_typesupport_fastrtps_c.h
[9.619s] -- Up-to-date: /home/amigo-pi/amigo_ros2_pi/install/ublox_msgs/include/ublox_msgs/ublox_msgs/msg/rosidl_typesupport_fastrtps_c__visibility_control.h
[9.619s] -- Up-to-date: /home/amigo-pi/amigo_ros2_pi/install/ublox_msgs/lib/libublox_msgs__rosidl_typesupport_fastrtps_c.so
[9.620s] -- Up-to-date: /home/amigo-pi/amigo_ros2_pi/install/ublox_msgs/include/ublox_msgs/ublox_msgs
[9.621s] -- Up-to-date: /home/amigo-pi/amigo_ros2_pi/install/ublox_msgs/include/ublox_msgs/ublox_msgs/msg
[9.623s] -- Up-to-date: /home/amigo-pi/amigo_ros2_pi/install/ublox_msgs/include/ublox_msgs/ublox_msgs/msg/detail
[9.624s] -- Up-to-date: /home/amigo-pi/amigo_ros2_pi/install/ublox_msgs/include/ublox_msgs/ublox_msgs/msg/detail/nav_timegps__type_support.c
[9.625s] -- Up-to-date: /home/amigo-pi/amigo_ros2_pi/install/ublox_msgs/include/ublox_msgs/ublox_msgs/msg/detail/cfg_nav5__rosidl_typesupport_introspection_c.h
[9.628s] -- Up-to-date: /home/amigo-pi/amigo_ros2_pi/install/ublox_msgs/include/ublox_msgs/ublox_msgs/msg/detail/mon_hw6__rosidl_typesupport_introspection_c.h
[9.629s] -- Up-to-date: /home/amigo-pi/amigo_ros2_pi/install/ublox_msgs/include/ublox_msgs/ublox_msgs/msg/detail/cfg_rate__type_support.c
[9.630s] -- Up-to-date: /home/amigo-pi/amigo_ros2_pi/install/ublox_msgs/include/ublox_msgs/ublox_msgs/msg/detail/esf_meas__rosidl_typesupport_introspection_c.h
[9.631s] -- Up-to-date: /home/amigo-pi/amigo_ros2_pi/install/ublox_msgs/include/ublox_msgs/ublox_msgs/msg/detail/cfg_inf_block__type_support.c
[9.633s] -- Up-to-date: /home/amigo-pi/amigo_ros2_pi/install/ublox_msgs/include/ublox_msgs/ublox_msgs/msg/detail/cfg_cfg__type_support.c
[9.635s] -- Up-to-date: /home/amigo-pi/amigo_ros2_pi/install/ublox_msgs/include/ublox_msgs/ublox_msgs/msg/detail/inf__type_support.c
[9.636s] -- Up-to-date: /home/amigo-pi/amigo_ros2_pi/install/ublox_msgs/include/ublox_msgs/ublox_msgs/msg/detail/cfg_cfg__rosidl_typesupport_introspection_c.h
[9.639s] -- Up-to-date: /home/amigo-pi/amigo_ros2_pi/install/ublox_msgs/include/ublox_msgs/ublox_msgs/msg/detail/nav_att__rosidl_typesupport_introspection_c.h
[9.641s] -- Up-to-date: /home/amigo-pi/amigo_ros2_pi/install/ublox_msgs/include/ublox_msgs/ublox_msgs/msg/detail/esf_ins__rosidl_typesupport_introspection_c.h
[9.643s] -- Up-to-date: /home/amigo-pi/amigo_ros2_pi/install/ublox_msgs/include/ublox_msgs/ublox_msgs/msg/detail/nav_svinfo__type_support.c
[9.644s] -- Up-to-date: /home/amigo-pi/amigo_ros2_pi/install/ublox_msgs/include/ublox_msgs/ublox_msgs/msg/detail/nav_clock__rosidl_typesupport_introspection_c.h
[9.645s] -- Up-to-date: /home/amigo-pi/amigo_ros2_pi/install/ublox_msgs/include/ublox_msgs/ublox_msgs/msg/detail/nav_sbas__type_support.c
[9.647s] -- Up-to-date: /home/amigo-pi/amigo_ros2_pi/install/ublox_msgs/include/ublox_msgs/ublox_msgs/msg/detail/rxm_sfrbx__rosidl_typesupport_introspection_c.h
[9.649s] -- Up-to-date: /home/amigo-pi/amigo_ros2_pi/install/ublox_msgs/include/ublox_msgs/ublox_msgs/msg/detail/tim_tm2__type_support.c
[9.650s] -- Up-to-date: /home/amigo-pi/amigo_ros2_pi/install/ublox_msgs/include/ublox_msgs/ublox_msgs/msg/detail/aid_hui__type_support.c
[9.651s] -- Up-to-date: /home/amigo-pi/amigo_ros2_pi/install/ublox_msgs/include/ublox_msgs/ublox_msgs/msg/detail/rxm_rtcm__type_support.c
[9.652s] -- Up-to-date: /home/amigo-pi/amigo_ros2_pi/install/ublox_msgs/include/ublox_msgs/ublox_msgs/msg/detail/ack__rosidl_typesupport_introspection_c.h
[9.654s] -- Up-to-date: /home/amigo-pi/amigo_ros2_pi/install/ublox_msgs/include/ublox_msgs/ublox_msgs/msg/detail/mon_hw__type_support.c
[9.655s] -- Up-to-date: /home/amigo-pi/amigo_ros2_pi/install/ublox_msgs/include/ublox_msgs/ublox_msgs/msg/detail/mon_gnss__rosidl_typesupport_introspection_c.h
[9.655s] -- Up-to-date: /home/amigo-pi/amigo_ros2_pi/install/ublox_msgs/include/ublox_msgs/ublox_msgs/msg/detail/cfg_inf_block__rosidl_typesupport_introspection_c.h
[9.656s] -- Up-to-date: /home/amigo-pi/amigo_ros2_pi/install/ublox_msgs/include/ublox_msgs/ublox_msgs/msg/detail/nav_velned__rosidl_typesupport_introspection_c.h
[9.657s] -- Up-to-date: /home/amigo-pi/amigo_ros2_pi/install/ublox_msgs/include/ublox_msgs/ublox_msgs/msg/detail/cfg_gnss__type_support.c
[9.658s] -- Up-to-date: /home/amigo-pi/amigo_ros2_pi/install/ublox_msgs/include/ublox_msgs/ublox_msgs/msg/detail/nav_att__type_support.c
[9.658s] -- Up-to-date: /home/amigo-pi/amigo_ros2_pi/install/ublox_msgs/include/ublox_msgs/ublox_msgs/msg/detail/nav_relposned9__rosidl_typesupport_introspection_c.h
[9.659s] -- Up-to-date: /home/amigo-pi/amigo_ros2_pi/install/ublox_msgs/include/ublox_msgs/ublox_msgs/msg/detail/upd_sos_ack__type_support.c
[9.659s] -- Up-to-date: /home/amigo-pi/amigo_ros2_pi/install/ublox_msgs/include/ublox_msgs/ublox_msgs/msg/detail/nav_status__rosidl_typesupport_introspection_c.h
[9.659s] -- Up-to-date: /home/amigo-pi/amigo_ros2_pi/install/ublox_msgs/include/ublox_msgs/ublox_msgs/msg/detail/cfg_rst__type_support.c
[9.660s] -- Up-to-date: /home/amigo-pi/amigo_ros2_pi/install/ublox_msgs/include/ublox_msgs/ublox_msgs/msg/detail/ack__type_support.c
[9.660s] -- Up-to-date: /home/amigo-pi/amigo_ros2_pi/install/ublox_msgs/include/ublox_msgs/ublox_msgs/msg/detail/nav_velecef__rosidl_typesupport_introspection_c.h
[9.661s] -- Up-to-date: /home/amigo-pi/amigo_ros2_pi/install/ublox_msgs/include/ublox_msgs/ublox_msgs/msg/detail/aid_alm__rosidl_typesupport_introspection_c.h
[9.662s] -- Up-to-date: /home/amigo-pi/amigo_ros2_pi/install/ublox_msgs/include/ublox_msgs/ublox_msgs/msg/detail/nav_timeutc__type_support.c
[9.662s] -- Up-to-date: /home/amigo-pi/amigo_ros2_pi/install/ublox_msgs/include/ublox_msgs/ublox_msgs/msg/detail/cfg_ant__rosidl_typesupport_introspection_c.h
[9.663s] -- Up-to-date: /home/amigo-pi/amigo_ros2_pi/install/ublox_msgs/include/ublox_msgs/ublox_msgs/msg/detail/nav_dgps__type_support.c
[9.664s] -- Up-to-date: /home/amigo-pi/amigo_ros2_pi/install/ublox_msgs/include/ublox_msgs/ublox_msgs/msg/detail/rxm_raw__rosidl_typesupport_introspection_c.h
[9.664s] -- Up-to-date: /home/amigo-pi/amigo_ros2_pi/install/ublox_msgs/include/ublox_msgs/ublox_msgs/msg/detail/cfg_nmea6__rosidl_typesupport_introspection_c.h
[9.665s] -- Up-to-date: /home/amigo-pi/amigo_ros2_pi/install/ublox_msgs/include/ublox_msgs/ublox_msgs/msg/detail/nav_velned__type_support.c
[9.666s] -- Up-to-date: /home/amigo-pi/amigo_ros2_pi/install/ublox_msgs/include/ublox_msgs/ublox_msgs/msg/detail/rxm_svsisv__type_support.c
[9.667s] -- Up-to-date: /home/amigo-pi/amigo_ros2_pi/install/ublox_msgs/include/ublox_msgs/ublox_msgs/msg/detail/rxm_sfrb__rosidl_typesupport_introspection_c.h
[9.668s] -- Up-to-date: /home/amigo-pi/amigo_ros2_pi/install/ublox_msgs/include/ublox_msgs/ublox_msgs/msg/detail/nav_svinfosv__type_support.c
[9.670s] -- Up-to-date: /home/amigo-pi/amigo_ros2_pi/install/ublox_msgs/include/ublox_msgs/ublox_msgs/msg/detail/cfg_usb__rosidl_typesupport_introspection_c.h
[9.671s] -- Up-to-date: /home/amigo-pi/amigo_ros2_pi/install/ublox_msgs/include/ublox_msgs/ublox_msgs/msg/detail/inf__rosidl_typesupport_introspection_c.h
[9.672s] -- Up-to-date: /home/amigo-pi/amigo_ros2_pi/install/ublox_msgs/include/ublox_msgs/ublox_msgs/msg/detail/rxm_eph__rosidl_typesupport_introspection_c.h
[9.673s] -- Up-to-date: /home/amigo-pi/amigo_ros2_pi/install/ublox_msgs/include/ublox_msgs/ublox_msgs/msg/detail/esf_raw_block__type_support.c
[9.674s] -- Up-to-date: /home/amigo-pi/amigo_ros2_pi/install/ublox_msgs/include/ublox_msgs/ublox_msgs/msg/detail/rxm_svsi__type_support.c
[9.675s] -- Up-to-date: /home/amigo-pi/amigo_ros2_pi/install/ublox_msgs/include/ublox_msgs/ublox_msgs/msg/detail/nav_timegps__rosidl_typesupport_introspection_c.h
[9.677s] -- Up-to-date: /home/amigo-pi/amigo_ros2_pi/install/ublox_msgs/include/ublox_msgs/ublox_msgs/msg/detail/rxm_rtcm__rosidl_typesupport_introspection_c.h
[9.680s] -- Up-to-date: /home/amigo-pi/amigo_ros2_pi/install/ublox_msgs/include/ublox_msgs/ublox_msgs/msg/detail/rxm_svsisv__rosidl_typesupport_introspection_c.h
[9.681s] -- Up-to-date: /home/amigo-pi/amigo_ros2_pi/install/ublox_msgs/include/ublox_msgs/ublox_msgs/msg/detail/rxm_rawx_meas__type_support.c
[9.682s] -- Up-to-date: /home/amigo-pi/amigo_ros2_pi/install/ublox_msgs/include/ublox_msgs/ublox_msgs/msg/detail/esf_raw__type_support.c
[9.684s] -- Up-to-date: /home/amigo-pi/amigo_ros2_pi/install/ublox_msgs/include/ublox_msgs/ublox_msgs/msg/detail/upd_sos__type_support.c
[9.686s] -- Up-to-date: /home/amigo-pi/amigo_ros2_pi/install/ublox_msgs/include/ublox_msgs/ublox_msgs/msg/detail/nav_svin__type_support.c
[9.690s] -- Up-to-date: /home/amigo-pi/amigo_ros2_pi/install/ublox_msgs/include/ublox_msgs/ublox_msgs/msg/detail/cfg_inf__rosidl_typesupport_introspection_c.h
[9.691s] -- Up-to-date: /home/amigo-pi/amigo_ros2_pi/install/ublox_msgs/include/ublox_msgs/ublox_msgs/msg/detail/aid_eph__rosidl_typesupport_introspection_c.h
[9.693s] -- Up-to-date: /home/amigo-pi/amigo_ros2_pi/install/ublox_msgs/include/ublox_msgs/ublox_msgs/msg/detail/nav_sol__type_support.c
[9.694s] -- Up-to-date: /home/amigo-pi/amigo_ros2_pi/install/ublox_msgs/include/ublox_msgs/ublox_msgs/msg/detail/cfg_usb__type_support.c
[9.695s] -- Up-to-date: /home/amigo-pi/amigo_ros2_pi/install/ublox_msgs/include/ublox_msgs/ublox_msgs/msg/detail/rxm_rawx_meas__rosidl_typesupport_introspection_c.h
[9.697s] -- Up-to-date: /home/amigo-pi/amigo_ros2_pi/install/ublox_msgs/include/ublox_msgs/ublox_msgs/msg/detail/nav_satsv__type_support.c
[9.698s] -- Up-to-date: /home/amigo-pi/amigo_ros2_pi/install/ublox_msgs/include/ublox_msgs/ublox_msgs/msg/detail/nav_dgpssv__type_support.c
[9.700s] -- Up-to-date: /home/amigo-pi/amigo_ros2_pi/install/ublox_msgs/include/ublox_msgs/ublox_msgs/msg/detail/nav_sbassv__type_support.c
[9.702s] -- Up-to-date: /home/amigo-pi/amigo_ros2_pi/install/ublox_msgs/include/ublox_msgs/ublox_msgs/msg/detail/nav_timeutc__rosidl_typesupport_introspection_c.h
[9.704s] -- Up-to-date: /home/amigo-pi/amigo_ros2_pi/install/ublox_msgs/include/ublox_msgs/ublox_msgs/msg/detail/mon_ver__rosidl_typesupport_introspection_c.h
[9.713s] -- Up-to-date: /home/amigo-pi/amigo_ros2_pi/install/ublox_msgs/include/ublox_msgs/ublox_msgs/msg/detail/rxm_svsi__rosidl_typesupport_introspection_c.h
[9.715s] -- Up-to-date: /home/amigo-pi/amigo_ros2_pi/install/ublox_msgs/include/ublox_msgs/ublox_msgs/msg/detail/cfg_dgnss__rosidl_typesupport_introspection_c.h
[9.718s] -- Up-to-date: /home/amigo-pi/amigo_ros2_pi/install/ublox_msgs/include/ublox_msgs/ublox_msgs/msg/detail/rxm_rawx__type_support.c
[9.719s] -- Up-to-date: /home/amigo-pi/amigo_ros2_pi/install/ublox_msgs/include/ublox_msgs/ublox_msgs/msg/detail/aid_eph__type_support.c
[9.720s] -- Up-to-date: /home/amigo-pi/amigo_ros2_pi/install/ublox_msgs/include/ublox_msgs/ublox_msgs/msg/detail/cfg_nmea7__rosidl_typesupport_introspection_c.h
[9.721s] -- Up-to-date: /home/amigo-pi/amigo_ros2_pi/install/ublox_msgs/include/ublox_msgs/ublox_msgs/msg/detail/mon_hw6__type_support.c
[9.722s] -- Up-to-date: /home/amigo-pi/amigo_ros2_pi/install/ublox_msgs/include/ublox_msgs/ublox_msgs/msg/detail/nav_pvt7__rosidl_typesupport_introspection_c.h
[9.724s] -- Up-to-date: /home/amigo-pi/amigo_ros2_pi/install/ublox_msgs/include/ublox_msgs/ublox_msgs/msg/detail/esf_raw_block__rosidl_typesupport_introspection_c.h
[9.725s] -- Up-to-date: /home/amigo-pi/amigo_ros2_pi/install/ublox_msgs/include/ublox_msgs/ublox_msgs/msg/detail/cfg_gnss__rosidl_typesupport_introspection_c.h
[9.726s] -- Up-to-date: /home/amigo-pi/amigo_ros2_pi/install/ublox_msgs/include/ublox_msgs/ublox_msgs/msg/detail/nav_status__type_support.c
[9.732s] -- Up-to-date: /home/amigo-pi/amigo_ros2_pi/install/ublox_msgs/include/ublox_msgs/ublox_msgs/msg/detail/mon_hw__rosidl_typesupport_introspection_c.h
[9.734s] -- Up-to-date: /home/amigo-pi/amigo_ros2_pi/install/ublox_msgs/include/ublox_msgs/ublox_msgs/msg/detail/cfg_rst__rosidl_typesupport_introspection_c.h
[9.735s] -- Up-to-date: /home/amigo-pi/amigo_ros2_pi/install/ublox_msgs/include/ublox_msgs/ublox_msgs/msg/detail/mon_ver_extension__rosidl_typesupport_introspection_c.h
[9.737s] -- Up-to-date: /home/amigo-pi/amigo_ros2_pi/install/ublox_msgs/include/ublox_msgs/ublox_msgs/msg/detail/cfg_navx5__type_support.c
[9.738s] -- Up-to-date: /home/amigo-pi/amigo_ros2_pi/install/ublox_msgs/include/ublox_msgs/ublox_msgs/msg/detail/rxm_raw__type_support.c
[9.739s] -- Up-to-date: /home/amigo-pi/amigo_ros2_pi/install/ublox_msgs/include/ublox_msgs/ublox_msgs/msg/detail/rxm_alm__rosidl_typesupport_introspection_c.h
[9.740s] -- Up-to-date: /home/amigo-pi/amigo_ros2_pi/install/ublox_msgs/include/ublox_msgs/ublox_msgs/msg/detail/nav_sol__rosidl_typesupport_introspection_c.h
[9.741s] -- Up-to-date: /home/amigo-pi/amigo_ros2_pi/install/ublox_msgs/include/ublox_msgs/ublox_msgs/msg/detail/nav_svin__rosidl_typesupport_introspection_c.h
[9.743s] -- Up-to-date: /home/amigo-pi/amigo_ros2_pi/install/ublox_msgs/include/ublox_msgs/ublox_msgs/msg/detail/rxm_rawsv__rosidl_typesupport_introspection_c.h
[9.744s] -- Up-to-date: /home/amigo-pi/amigo_ros2_pi/install/ublox_msgs/include/ublox_msgs/ublox_msgs/msg/detail/cfg_hnr__rosidl_typesupport_introspection_c.h
[9.745s] -- Up-to-date: /home/amigo-pi/amigo_ros2_pi/install/ublox_msgs/include/ublox_msgs/ublox_msgs/msg/detail/nav_pvt__type_support.c
[9.746s] -- Up-to-date: /home/amigo-pi/amigo_ros2_pi/install/ublox_msgs/include/ublox_msgs/ublox_msgs/msg/detail/cfg_gnss_block__rosidl_typesupport_introspection_c.h
[9.748s] -- Up-to-date: /home/amigo-pi/amigo_ros2_pi/install/ublox_msgs/include/ublox_msgs/ublox_msgs/msg/detail/cfg_dgnss__type_support.c
[9.749s] -- Up-to-date: /home/amigo-pi/amigo_ros2_pi/install/ublox_msgs/include/ublox_msgs/ublox_msgs/msg/detail/cfg_ant__type_support.c
[9.750s] -- Up-to-date: /home/amigo-pi/amigo_ros2_pi/install/ublox_msgs/include/ublox_msgs/ublox_msgs/msg/detail/cfg_dat__rosidl_typesupport_introspection_c.h
[9.752s] -- Up-to-date: /home/amigo-pi/amigo_ros2_pi/install/ublox_msgs/include/ublox_msgs/ublox_msgs/msg/detail/upd_sos_ack__rosidl_typesupport_introspection_c.h
[9.753s] -- Up-to-date: /home/amigo-pi/amigo_ros2_pi/install/ublox_msgs/include/ublox_msgs/ublox_msgs/msg/detail/nav_pvt__rosidl_typesupport_introspection_c.h
[9.754s] -- Up-to-date: /home/amigo-pi/amigo_ros2_pi/install/ublox_msgs/include/ublox_msgs/ublox_msgs/msg/detail/esf_status__type_support.c
[9.754s] -- Up-to-date: /home/amigo-pi/amigo_ros2_pi/install/ublox_msgs/include/ublox_msgs/ublox_msgs/msg/detail/nav_svinfosv__rosidl_typesupport_introspection_c.h
[9.755s] -- Up-to-date: /home/amigo-pi/amigo_ros2_pi/install/ublox_msgs/include/ublox_msgs/ublox_msgs/msg/detail/cfg_prt__type_support.c
[9.756s] -- Up-to-date: /home/amigo-pi/amigo_ros2_pi/install/ublox_msgs/include/ublox_msgs/ublox_msgs/msg/detail/mon_gnss__type_support.c
[9.756s] -- Up-to-date: /home/amigo-pi/amigo_ros2_pi/install/ublox_msgs/include/ublox_msgs/ublox_msgs/msg/detail/nav_relposned9__type_support.c
[9.757s] -- Up-to-date: /home/amigo-pi/amigo_ros2_pi/install/ublox_msgs/include/ublox_msgs/ublox_msgs/msg/detail/cfg_hnr__type_support.c
[9.759s] -- Up-to-date: /home/amigo-pi/amigo_ros2_pi/install/ublox_msgs/include/ublox_msgs/ublox_msgs/msg/detail/nav_posllh__rosidl_typesupport_introspection_c.h
[9.761s] -- Up-to-date: /home/amigo-pi/amigo_ros2_pi/install/ublox_msgs/include/ublox_msgs/ublox_msgs/msg/detail/nav_svinfo__rosidl_typesupport_introspection_c.h
[9.762s] -- Up-to-date: /home/amigo-pi/amigo_ros2_pi/install/ublox_msgs/include/ublox_msgs/ublox_msgs/msg/detail/mga_gal__type_support.c
[9.762s] -- Up-to-date: /home/amigo-pi/amigo_ros2_pi/install/ublox_msgs/include/ublox_msgs/ublox_msgs/msg/detail/cfg_msg__type_support.c
[9.763s] -- Up-to-date: /home/amigo-pi/amigo_ros2_pi/install/ublox_msgs/include/ublox_msgs/ublox_msgs/msg/detail/nav_sat__type_support.c
[9.764s] -- Up-to-date: /home/amigo-pi/amigo_ros2_pi/install/ublox_msgs/include/ublox_msgs/ublox_msgs/msg/detail/nav_sbas__rosidl_typesupport_introspection_c.h
[9.765s] -- Up-to-date: /home/amigo-pi/amigo_ros2_pi/install/ublox_msgs/include/ublox_msgs/ublox_msgs/msg/detail/cfg_nmea__type_support.c
[9.766s] -- Up-to-date: /home/amigo-pi/amigo_ros2_pi/install/ublox_msgs/include/ublox_msgs/ublox_msgs/msg/detail/nav_relposned__rosidl_typesupport_introspection_c.h
[9.767s] -- Up-to-date: /home/amigo-pi/amigo_ros2_pi/install/ublox_msgs/include/ublox_msgs/ublox_msgs/msg/detail/rxm_alm__type_support.c
[9.768s] -- Up-to-date: /home/amigo-pi/amigo_ros2_pi/install/ublox_msgs/include/ublox_msgs/ublox_msgs/msg/detail/esf_status_sens__rosidl_typesupport_introspection_c.h
[9.769s] -- Up-to-date: /home/amigo-pi/amigo_ros2_pi/install/ublox_msgs/include/ublox_msgs/ublox_msgs/msg/detail/mon_ver_extension__type_support.c
[9.770s] -- Up-to-date: /home/amigo-pi/amigo_ros2_pi/install/ublox_msgs/include/ublox_msgs/ublox_msgs/msg/detail/mga_gal__rosidl_typesupport_introspection_c.h
[9.772s] -- Up-to-date: /home/amigo-pi/amigo_ros2_pi/install/ublox_msgs/include/ublox_msgs/ublox_msgs/msg/detail/nav_posecef__rosidl_typesupport_introspection_c.h
[9.773s] -- Up-to-date: /home/amigo-pi/amigo_ros2_pi/install/ublox_msgs/include/ublox_msgs/ublox_msgs/msg/detail/cfg_sbas__rosidl_typesupport_introspection_c.h
[9.774s] -- Up-to-date: /home/amigo-pi/amigo_ros2_pi/install/ublox_msgs/include/ublox_msgs/ublox_msgs/msg/detail/tim_tm2__rosidl_typesupport_introspection_c.h
[9.776s] -- Up-to-date: /home/amigo-pi/amigo_ros2_pi/install/ublox_msgs/include/ublox_msgs/ublox_msgs/msg/detail/esf_status_sens__type_support.c
[9.777s] -- Up-to-date: /home/amigo-pi/amigo_ros2_pi/install/ublox_msgs/include/ublox_msgs/ublox_msgs/msg/detail/rxm_sfrbx__type_support.c
[9.779s] -- Up-to-date: /home/amigo-pi/amigo_ros2_pi/install/ublox_msgs/include/ublox_msgs/ublox_msgs/msg/detail/cfg_prt__rosidl_typesupport_introspection_c.h
[9.783s] -- Up-to-date: /home/amigo-pi/amigo_ros2_pi/install/ublox_msgs/include/ublox_msgs/ublox_msgs/msg/detail/nav_dgps__rosidl_typesupport_introspection_c.h
[9.785s] -- Up-to-date: /home/amigo-pi/amigo_ros2_pi/install/ublox_msgs/include/ublox_msgs/ublox_msgs/msg/detail/upd_sos__rosidl_typesupport_introspection_c.h
[9.787s] -- Up-to-date: /home/amigo-pi/amigo_ros2_pi/install/ublox_msgs/include/ublox_msgs/ublox_msgs/msg/detail/aid_alm__type_support.c
[9.788s] -- Up-to-date: /home/amigo-pi/amigo_ros2_pi/install/ublox_msgs/include/ublox_msgs/ublox_msgs/msg/detail/cfg_rate__rosidl_typesupport_introspection_c.h
[9.790s] -- Up-to-date: /home/amigo-pi/amigo_ros2_pi/install/ublox_msgs/include/ublox_msgs/ublox_msgs/msg/detail/nav_relposned__type_support.c
[9.796s] -- Up-to-date: /home/amigo-pi/amigo_ros2_pi/install/ublox_msgs/include/ublox_msgs/ublox_msgs/msg/detail/nav_sat__rosidl_typesupport_introspection_c.h
[9.798s] -- Up-to-date: /home/amigo-pi/amigo_ros2_pi/install/ublox_msgs/include/ublox_msgs/ublox_msgs/msg/detail/esf_ins__type_support.c
[9.799s] -- Up-to-date: /home/amigo-pi/amigo_ros2_pi/install/ublox_msgs/include/ublox_msgs/ublox_msgs/msg/detail/nav_posecef__type_support.c
[9.800s] -- Up-to-date: /home/amigo-pi/amigo_ros2_pi/install/ublox_msgs/include/ublox_msgs/ublox_msgs/msg/detail/cfg_gnss_block__type_support.c
[9.802s] -- Up-to-date: /home/amigo-pi/amigo_ros2_pi/install/ublox_msgs/include/ublox_msgs/ublox_msgs/msg/detail/nav_posllh__type_support.c
[9.803s] -- Up-to-date: /home/amigo-pi/amigo_ros2_pi/install/ublox_msgs/include/ublox_msgs/ublox_msgs/msg/detail/cfg_nav5__type_support.c
[9.805s] -- Up-to-date: /home/amigo-pi/amigo_ros2_pi/install/ublox_msgs/include/ublox_msgs/ublox_msgs/msg/detail/hnr_pvt__rosidl_typesupport_introspection_c.h
[9.808s] -- Up-to-date: /home/amigo-pi/amigo_ros2_pi/install/ublox_msgs/include/ublox_msgs/ublox_msgs/msg/detail/cfg_tmode3__rosidl_typesupport_introspection_c.h
[9.820s] -- Up-to-date: /home/amigo-pi/amigo_ros2_pi/install/ublox_msgs/include/ublox_msgs/ublox_msgs/msg/detail/nav_dop__type_support.c
[9.823s] -- Up-to-date: /home/amigo-pi/amigo_ros2_pi/install/ublox_msgs/include/ublox_msgs/ublox_msgs/msg/detail/cfg_msg__rosidl_typesupport_introspection_c.h
[9.825s] -- Up-to-date: /home/amigo-pi/amigo_ros2_pi/install/ublox_msgs/include/ublox_msgs/ublox_msgs/msg/detail/esf_meas__type_support.c
[9.828s] -- Up-to-date: /home/amigo-pi/amigo_ros2_pi/install/ublox_msgs/include/ublox_msgs/ublox_msgs/msg/detail/hnr_pvt__type_support.c
[9.829s] -- Up-to-date: /home/amigo-pi/amigo_ros2_pi/install/ublox_msgs/include/ublox_msgs/ublox_msgs/msg/detail/nav_dop__rosidl_typesupport_introspection_c.h
[9.830s] -- Up-to-date: /home/amigo-pi/amigo_ros2_pi/install/ublox_msgs/include/ublox_msgs/ublox_msgs/msg/detail/nav_clock__type_support.c
[9.831s] -- Up-to-date: /home/amigo-pi/amigo_ros2_pi/install/ublox_msgs/include/ublox_msgs/ublox_msgs/msg/detail/cfg_inf__type_support.c
[9.834s] -- Up-to-date: /home/amigo-pi/amigo_ros2_pi/install/ublox_msgs/include/ublox_msgs/ublox_msgs/msg/detail/cfg_sbas__type_support.c
[9.837s] -- Up-to-date: /home/amigo-pi/amigo_ros2_pi/install/ublox_msgs/include/ublox_msgs/ublox_msgs/msg/detail/mon_ver__type_support.c
[9.838s] -- Up-to-date: /home/amigo-pi/amigo_ros2_pi/install/ublox_msgs/include/ublox_msgs/ublox_msgs/msg/detail/esf_raw__rosidl_typesupport_introspection_c.h
[9.839s] -- Up-to-date: /home/amigo-pi/amigo_ros2_pi/install/ublox_msgs/include/ublox_msgs/ublox_msgs/msg/detail/cfg_tmode3__type_support.c
[9.841s] -- Up-to-date: /home/amigo-pi/amigo_ros2_pi/install/ublox_msgs/include/ublox_msgs/ublox_msgs/msg/detail/rxm_rawsv__type_support.c
[9.843s] -- Up-to-date: /home/amigo-pi/amigo_ros2_pi/install/ublox_msgs/include/ublox_msgs/ublox_msgs/msg/detail/rxm_eph__type_support.c
[9.843s] -- Up-to-date: /home/amigo-pi/amigo_ros2_pi/install/ublox_msgs/include/ublox_msgs/ublox_msgs/msg/detail/rxm_sfrb__type_support.c
[9.845s] -- Up-to-date: /home/amigo-pi/amigo_ros2_pi/install/ublox_msgs/include/ublox_msgs/ublox_msgs/msg/detail/nav_sbassv__rosidl_typesupport_introspection_c.h
[9.846s] -- Up-to-date: /home/amigo-pi/amigo_ros2_pi/install/ublox_msgs/include/ublox_msgs/ublox_msgs/msg/detail/esf_status__rosidl_typesupport_introspection_c.h
[9.847s] -- Up-to-date: /home/amigo-pi/amigo_ros2_pi/install/ublox_msgs/include/ublox_msgs/ublox_msgs/msg/detail/aid_hui__rosidl_typesupport_introspection_c.h
[9.850s] -- Up-to-date: /home/amigo-pi/amigo_ros2_pi/install/ublox_msgs/include/ublox_msgs/ublox_msgs/msg/detail/nav_dgpssv__rosidl_typesupport_introspection_c.h
[9.851s] -- Up-to-date: /home/amigo-pi/amigo_ros2_pi/install/ublox_msgs/include/ublox_msgs/ublox_msgs/msg/detail/nav_pvt7__type_support.c
[9.852s] -- Up-to-date: /home/amigo-pi/amigo_ros2_pi/install/ublox_msgs/include/ublox_msgs/ublox_msgs/msg/detail/cfg_dat__type_support.c
[9.853s] -- Up-to-date: /home/amigo-pi/amigo_ros2_pi/install/ublox_msgs/include/ublox_msgs/ublox_msgs/msg/detail/cfg_nmea__rosidl_typesupport_introspection_c.h
[9.855s] -- Up-to-date: /home/amigo-pi/amigo_ros2_pi/install/ublox_msgs/include/ublox_msgs/ublox_msgs/msg/detail/rxm_rawx__rosidl_typesupport_introspection_c.h
[9.857s] -- Up-to-date: /home/amigo-pi/amigo_ros2_pi/install/ublox_msgs/include/ublox_msgs/ublox_msgs/msg/detail/nav_satsv__rosidl_typesupport_introspection_c.h
[9.858s] -- Up-to-date: /home/amigo-pi/amigo_ros2_pi/install/ublox_msgs/include/ublox_msgs/ublox_msgs/msg/detail/nav_velecef__type_support.c
[9.859s] -- Up-to-date: /home/amigo-pi/amigo_ros2_pi/install/ublox_msgs/include/ublox_msgs/ublox_msgs/msg/detail/cfg_nmea7__type_support.c
[9.860s] -- Up-to-date: /home/amigo-pi/amigo_ros2_pi/install/ublox_msgs/include/ublox_msgs/ublox_msgs/msg/detail/cfg_navx5__rosidl_typesupport_introspection_c.h
[9.862s] -- Up-to-date: /home/amigo-pi/amigo_ros2_pi/install/ublox_msgs/include/ublox_msgs/ublox_msgs/msg/detail/cfg_nmea6__type_support.c
[9.863s] -- Up-to-date: /home/amigo-pi/amigo_ros2_pi/install/ublox_msgs/include/ublox_msgs/ublox_msgs/msg/rosidl_typesupport_introspection_c__visibility_control.h
[9.864s] -- Up-to-date: /home/amigo-pi/amigo_ros2_pi/install/ublox_msgs/lib/libublox_msgs__rosidl_typesupport_introspection_c.so
[9.864s] -- Up-to-date: /home/amigo-pi/amigo_ros2_pi/install/ublox_msgs/lib/libublox_msgs__rosidl_typesupport_c.so
[9.865s] -- Up-to-date: /home/amigo-pi/amigo_ros2_pi/install/ublox_msgs/include/ublox_msgs/ublox_msgs
[9.865s] -- Up-to-date: /home/amigo-pi/amigo_ros2_pi/install/ublox_msgs/include/ublox_msgs/ublox_msgs/msg
[9.866s] -- Up-to-date: /home/amigo-pi/amigo_ros2_pi/install/ublox_msgs/include/ublox_msgs/ublox_msgs/msg/rosidl_generator_cpp__visibility_control.hpp
[9.867s] -- Up-to-date: /home/amigo-pi/amigo_ros2_pi/install/ublox_msgs/include/ublox_msgs/ublox_msgs/msg/cfg_navx5.hpp
[9.868s] -- Up-to-date: /home/amigo-pi/amigo_ros2_pi/install/ublox_msgs/include/ublox_msgs/ublox_msgs/msg/mon_ver.hpp
[9.869s] -- Up-to-date: /home/amigo-pi/amigo_ros2_pi/install/ublox_msgs/include/ublox_msgs/ublox_msgs/msg/rxm_raw.hpp
[9.870s] -- Up-to-date: /home/amigo-pi/amigo_ros2_pi/install/ublox_msgs/include/ublox_msgs/ublox_msgs/msg/mon_hw.hpp
[9.871s] -- Up-to-date: /home/amigo-pi/amigo_ros2_pi/install/ublox_msgs/include/ublox_msgs/ublox_msgs/msg/nav_velecef.hpp
[9.873s] -- Up-to-date: /home/amigo-pi/amigo_ros2_pi/install/ublox_msgs/include/ublox_msgs/ublox_msgs/msg/mon_gnss.hpp
[9.874s] -- Up-to-date: /home/amigo-pi/amigo_ros2_pi/install/ublox_msgs/include/ublox_msgs/ublox_msgs/msg/aid_alm.hpp
[9.874s] -- Up-to-date: /home/amigo-pi/amigo_ros2_pi/install/ublox_msgs/include/ublox_msgs/ublox_msgs/msg/cfg_tmode3.hpp
[9.876s] -- Up-to-date: /home/amigo-pi/amigo_ros2_pi/install/ublox_msgs/include/ublox_msgs/ublox_msgs/msg/esf_status.hpp
[9.876s] -- Up-to-date: /home/amigo-pi/amigo_ros2_pi/install/ublox_msgs/include/ublox_msgs/ublox_msgs/msg/nav_svinfosv.hpp
[9.877s] -- Up-to-date: /home/amigo-pi/amigo_ros2_pi/install/ublox_msgs/include/ublox_msgs/ublox_msgs/msg/rxm_eph.hpp
[9.878s] -- Up-to-date: /home/amigo-pi/amigo_ros2_pi/install/ublox_msgs/include/ublox_msgs/ublox_msgs/msg/nav_timeutc.hpp
[9.878s] -- Up-to-date: /home/amigo-pi/amigo_ros2_pi/install/ublox_msgs/include/ublox_msgs/ublox_msgs/msg/nav_posllh.hpp
[9.879s] -- Up-to-date: /home/amigo-pi/amigo_ros2_pi/install/ublox_msgs/include/ublox_msgs/ublox_msgs/msg/esf_raw_block.hpp
[9.880s] -- Up-to-date: /home/amigo-pi/amigo_ros2_pi/install/ublox_msgs/include/ublox_msgs/ublox_msgs/msg/nav_pvt.hpp
[9.884s] -- Up-to-date: /home/amigo-pi/amigo_ros2_pi/install/ublox_msgs/include/ublox_msgs/ublox_msgs/msg/cfg_cfg.hpp
[9.885s] -- Up-to-date: /home/amigo-pi/amigo_ros2_pi/install/ublox_msgs/include/ublox_msgs/ublox_msgs/msg/cfg_gnss_block.hpp
[9.886s] -- Up-to-date: /home/amigo-pi/amigo_ros2_pi/install/ublox_msgs/include/ublox_msgs/ublox_msgs/msg/nav_dgpssv.hpp
[9.888s] -- Up-to-date: /home/amigo-pi/amigo_ros2_pi/install/ublox_msgs/include/ublox_msgs/ublox_msgs/msg/tim_tm2.hpp
[9.890s] -- Up-to-date: /home/amigo-pi/amigo_ros2_pi/install/ublox_msgs/include/ublox_msgs/ublox_msgs/msg/cfg_ant.hpp
[9.891s] -- Up-to-date: /home/amigo-pi/amigo_ros2_pi/install/ublox_msgs/include/ublox_msgs/ublox_msgs/msg/mga_gal.hpp
[9.892s] -- Up-to-date: /home/amigo-pi/amigo_ros2_pi/install/ublox_msgs/include/ublox_msgs/ublox_msgs/msg/nav_timegps.hpp
[9.896s] -- Up-to-date: /home/amigo-pi/amigo_ros2_pi/install/ublox_msgs/include/ublox_msgs/ublox_msgs/msg/nav_clock.hpp
[9.897s] -- Up-to-date: /home/amigo-pi/amigo_ros2_pi/install/ublox_msgs/include/ublox_msgs/ublox_msgs/msg/cfg_dgnss.hpp
[9.898s] -- Up-to-date: /home/amigo-pi/amigo_ros2_pi/install/ublox_msgs/include/ublox_msgs/ublox_msgs/msg/cfg_sbas.hpp
[9.898s] -- Up-to-date: /home/amigo-pi/amigo_ros2_pi/install/ublox_msgs/include/ublox_msgs/ublox_msgs/msg/aid_eph.hpp
[9.899s] -- Up-to-date: /home/amigo-pi/amigo_ros2_pi/install/ublox_msgs/include/ublox_msgs/ublox_msgs/msg/esf_raw.hpp
[9.900s] -- Up-to-date: /home/amigo-pi/amigo_ros2_pi/install/ublox_msgs/include/ublox_msgs/ublox_msgs/msg/cfg_usb.hpp
[9.901s] -- Up-to-date: /home/amigo-pi/amigo_ros2_pi/install/ublox_msgs/include/ublox_msgs/ublox_msgs/msg/inf.hpp
[9.902s] -- Up-to-date: /home/amigo-pi/amigo_ros2_pi/install/ublox_msgs/include/ublox_msgs/ublox_msgs/msg/rxm_rawx.hpp
[9.902s] -- Up-to-date: /home/amigo-pi/amigo_ros2_pi/install/ublox_msgs/include/ublox_msgs/ublox_msgs/msg/esf_meas.hpp
[9.903s] -- Up-to-date: /home/amigo-pi/amigo_ros2_pi/install/ublox_msgs/include/ublox_msgs/ublox_msgs/msg/cfg_nav5.hpp
[9.904s] -- Up-to-date: /home/amigo-pi/amigo_ros2_pi/install/ublox_msgs/include/ublox_msgs/ublox_msgs/msg/nav_pvt7.hpp
[9.905s] -- Up-to-date: /home/amigo-pi/amigo_ros2_pi/install/ublox_msgs/include/ublox_msgs/ublox_msgs/msg/cfg_prt.hpp
[9.906s] -- Up-to-date: /home/amigo-pi/amigo_ros2_pi/install/ublox_msgs/include/ublox_msgs/ublox_msgs/msg/cfg_gnss.hpp
[9.907s] -- Up-to-date: /home/amigo-pi/amigo_ros2_pi/install/ublox_msgs/include/ublox_msgs/ublox_msgs/msg/mon_ver_extension.hpp
[9.919s] -- Up-to-date: /home/amigo-pi/amigo_ros2_pi/install/ublox_msgs/include/ublox_msgs/ublox_msgs/msg/rxm_svsisv.hpp
[9.921s] -- Up-to-date: /home/amigo-pi/amigo_ros2_pi/install/ublox_msgs/include/ublox_msgs/ublox_msgs/msg/upd_sos_ack.hpp
[9.923s] -- Up-to-date: /home/amigo-pi/amigo_ros2_pi/install/ublox_msgs/include/ublox_msgs/ublox_msgs/msg/nav_satsv.hpp
[9.926s] -- Up-to-date: /home/amigo-pi/amigo_ros2_pi/install/ublox_msgs/include/ublox_msgs/ublox_msgs/msg/rxm_rawsv.hpp
[9.927s] -- Up-to-date: /home/amigo-pi/amigo_ros2_pi/install/ublox_msgs/include/ublox_msgs/ublox_msgs/msg/hnr_pvt.hpp
[9.929s] -- Up-to-date: /home/amigo-pi/amigo_ros2_pi/install/ublox_msgs/include/ublox_msgs/ublox_msgs/msg/cfg_nmea.hpp
[9.931s] -- Up-to-date: /home/amigo-pi/amigo_ros2_pi/install/ublox_msgs/include/ublox_msgs/ublox_msgs/msg/nav_dgps.hpp
[9.933s] -- Up-to-date: /home/amigo-pi/amigo_ros2_pi/install/ublox_msgs/include/ublox_msgs/ublox_msgs/msg/cfg_hnr.hpp
[9.935s] -- Up-to-date: /home/amigo-pi/amigo_ros2_pi/install/ublox_msgs/include/ublox_msgs/ublox_msgs/msg/nav_relposned.hpp
[9.938s] -- Up-to-date: /home/amigo-pi/amigo_ros2_pi/install/ublox_msgs/include/ublox_msgs/ublox_msgs/msg/nav_svin.hpp
[9.939s] -- Up-to-date: /home/amigo-pi/amigo_ros2_pi/install/ublox_msgs/include/ublox_msgs/ublox_msgs/msg/cfg_rate.hpp
[9.943s] -- Up-to-date: /home/amigo-pi/amigo_ros2_pi/install/ublox_msgs/include/ublox_msgs/ublox_msgs/msg/nav_posecef.hpp
[9.946s] -- Up-to-date: /home/amigo-pi/amigo_ros2_pi/install/ublox_msgs/include/ublox_msgs/ublox_msgs/msg/rxm_sfrb.hpp
[9.949s] -- Up-to-date: /home/amigo-pi/amigo_ros2_pi/install/ublox_msgs/include/ublox_msgs/ublox_msgs/msg/nav_dop.hpp
[9.957s] -- Up-to-date: /home/amigo-pi/amigo_ros2_pi/install/ublox_msgs/include/ublox_msgs/ublox_msgs/msg/esf_ins.hpp
[9.962s] -- Up-to-date: /home/amigo-pi/amigo_ros2_pi/install/ublox_msgs/include/ublox_msgs/ublox_msgs/msg/cfg_inf_block.hpp
[9.966s] -- Up-to-date: /home/amigo-pi/amigo_ros2_pi/install/ublox_msgs/include/ublox_msgs/ublox_msgs/msg/detail
[9.971s] -- Up-to-date: /home/amigo-pi/amigo_ros2_pi/install/ublox_msgs/include/ublox_msgs/ublox_msgs/msg/detail/nav_sbas__struct.hpp
[9.975s] -- Up-to-date: /home/amigo-pi/amigo_ros2_pi/install/ublox_msgs/include/ublox_msgs/ublox_msgs/msg/detail/rxm_raw__struct.hpp
[9.979s] -- Up-to-date: /home/amigo-pi/amigo_ros2_pi/install/ublox_msgs/include/ublox_msgs/ublox_msgs/msg/detail/mon_hw__struct.hpp
[9.981s] -- Up-to-date: /home/amigo-pi/amigo_ros2_pi/install/ublox_msgs/include/ublox_msgs/ublox_msgs/msg/detail/aid_alm__traits.hpp
[9.989s] -- Up-to-date: /home/amigo-pi/amigo_ros2_pi/install/ublox_msgs/include/ublox_msgs/ublox_msgs/msg/detail/rxm_rawx__struct.hpp
[9.994s] -- Up-to-date: /home/amigo-pi/amigo_ros2_pi/install/ublox_msgs/include/ublox_msgs/ublox_msgs/msg/detail/upd_sos__struct.hpp
[9.995s] -- Up-to-date: /home/amigo-pi/amigo_ros2_pi/install/ublox_msgs/include/ublox_msgs/ublox_msgs/msg/detail/nav_att__type_support.hpp
[9.997s] -- Up-to-date: /home/amigo-pi/amigo_ros2_pi/install/ublox_msgs/include/ublox_msgs/ublox_msgs/msg/detail/mon_hw6__traits.hpp
[9.999s] -- Up-to-date: /home/amigo-pi/amigo_ros2_pi/install/ublox_msgs/include/ublox_msgs/ublox_msgs/msg/detail/nav_posllh__type_support.hpp
[10.002s] -- Up-to-date: /home/amigo-pi/amigo_ros2_pi/install/ublox_msgs/include/ublox_msgs/ublox_msgs/msg/detail/cfg_gnss__builder.hpp
[10.008s] -- Up-to-date: /home/amigo-pi/amigo_ros2_pi/install/ublox_msgs/include/ublox_msgs/ublox_msgs/msg/detail/cfg_rate__struct.hpp
[10.011s] -- Up-to-date: /home/amigo-pi/amigo_ros2_pi/install/ublox_msgs/include/ublox_msgs/ublox_msgs/msg/detail/nav_relposned9__builder.hpp
[10.013s] -- Up-to-date: /home/amigo-pi/amigo_ros2_pi/install/ublox_msgs/include/ublox_msgs/ublox_msgs/msg/detail/esf_raw__builder.hpp
[10.014s] -- Up-to-date: /home/amigo-pi/amigo_ros2_pi/install/ublox_msgs/include/ublox_msgs/ublox_msgs/msg/detail/esf_raw_block__type_support.hpp
[10.015s] -- Up-to-date: /home/amigo-pi/amigo_ros2_pi/install/ublox_msgs/include/ublox_msgs/ublox_msgs/msg/detail/nav_relposned__builder.hpp
[10.016s] -- Up-to-date: /home/amigo-pi/amigo_ros2_pi/install/ublox_msgs/include/ublox_msgs/ublox_msgs/msg/detail/cfg_gnss__traits.hpp
[10.017s] -- Up-to-date: /home/amigo-pi/amigo_ros2_pi/install/ublox_msgs/include/ublox_msgs/ublox_msgs/msg/detail/cfg_nmea6__struct.hpp
[10.018s] -- Up-to-date: /home/amigo-pi/amigo_ros2_pi/install/ublox_msgs/include/ublox_msgs/ublox_msgs/msg/detail/ack__type_support.hpp
[10.019s] -- Up-to-date: /home/amigo-pi/amigo_ros2_pi/install/ublox_msgs/include/ublox_msgs/ublox_msgs/msg/detail/ack__traits.hpp
[10.021s] -- Up-to-date: /home/amigo-pi/amigo_ros2_pi/install/ublox_msgs/include/ublox_msgs/ublox_msgs/msg/detail/nav_pvt__builder.hpp
[10.025s] -- Up-to-date: /home/amigo-pi/amigo_ros2_pi/install/ublox_msgs/include/ublox_msgs/ublox_msgs/msg/detail/esf_status_sens__type_support.hpp
[10.030s] -- Up-to-date: /home/amigo-pi/amigo_ros2_pi/install/ublox_msgs/include/ublox_msgs/ublox_msgs/msg/detail/rxm_svsi__traits.hpp
[10.032s] -- Up-to-date: /home/amigo-pi/amigo_ros2_pi/install/ublox_msgs/include/ublox_msgs/ublox_msgs/msg/detail/rxm_alm__builder.hpp
[10.034s] -- Up-to-date: /home/amigo-pi/amigo_ros2_pi/install/ublox_msgs/include/ublox_msgs/ublox_msgs/msg/detail/upd_sos_ack__traits.hpp
[10.036s] -- Up-to-date: /home/amigo-pi/amigo_ros2_pi/install/ublox_msgs/include/ublox_msgs/ublox_msgs/msg/detail/nav_pvt7__builder.hpp
[10.038s] -- Up-to-date: /home/amigo-pi/amigo_ros2_pi/install/ublox_msgs/include/ublox_msgs/ublox_msgs/msg/detail/rxm_rawx__builder.hpp
[10.039s] -- Up-to-date: /home/amigo-pi/amigo_ros2_pi/install/ublox_msgs/include/ublox_msgs/ublox_msgs/msg/detail/cfg_hnr__struct.hpp
[10.044s] -- Up-to-date: /home/amigo-pi/amigo_ros2_pi/install/ublox_msgs/include/ublox_msgs/ublox_msgs/msg/detail/nav_dgps__builder.hpp
[10.046s] -- Up-to-date: /home/amigo-pi/amigo_ros2_pi/install/ublox_msgs/include/ublox_msgs/ublox_msgs/msg/detail/cfg_nmea7__struct.hpp
[10.047s] -- Up-to-date: /home/amigo-pi/amigo_ros2_pi/install/ublox_msgs/include/ublox_msgs/ublox_msgs/msg/detail/nav_att__traits.hpp
[10.048s] -- Up-to-date: /home/amigo-pi/amigo_ros2_pi/install/ublox_msgs/include/ublox_msgs/ublox_msgs/msg/detail/nav_relposned__traits.hpp
[10.049s] -- Up-to-date: /home/amigo-pi/amigo_ros2_pi/install/ublox_msgs/include/ublox_msgs/ublox_msgs/msg/detail/rxm_alm__struct.hpp
[10.050s] -- Up-to-date: /home/amigo-pi/amigo_ros2_pi/install/ublox_msgs/include/ublox_msgs/ublox_msgs/msg/detail/rxm_sfrbx__struct.hpp
[10.051s] -- Up-to-date: /home/amigo-pi/amigo_ros2_pi/install/ublox_msgs/include/ublox_msgs/ublox_msgs/msg/detail/cfg_prt__traits.hpp
[10.052s] -- Up-to-date: /home/amigo-pi/amigo_ros2_pi/install/ublox_msgs/include/ublox_msgs/ublox_msgs/msg/detail/nav_pvt__struct.hpp
[10.053s] -- Up-to-date: /home/amigo-pi/amigo_ros2_pi/install/ublox_msgs/include/ublox_msgs/ublox_msgs/msg/detail/esf_meas__builder.hpp
[10.057s] -- Up-to-date: /home/amigo-pi/amigo_ros2_pi/install/ublox_msgs/include/ublox_msgs/ublox_msgs/msg/detail/nav_timeutc__type_support.hpp
[10.059s] -- Up-to-date: /home/amigo-pi/amigo_ros2_pi/install/ublox_msgs/include/ublox_msgs/ublox_msgs/msg/detail/cfg_rst__builder.hpp
[10.061s] -- Up-to-date: /home/amigo-pi/amigo_ros2_pi/install/ublox_msgs/include/ublox_msgs/ublox_msgs/msg/detail/cfg_inf_block__type_support.hpp
[10.062s] -- Up-to-date: /home/amigo-pi/amigo_ros2_pi/install/ublox_msgs/include/ublox_msgs/ublox_msgs/msg/detail/nav_timeutc__struct.hpp
[10.063s] -- Up-to-date: /home/amigo-pi/amigo_ros2_pi/install/ublox_msgs/include/ublox_msgs/ublox_msgs/msg/detail/mon_gnss__builder.hpp
[10.064s] -- Up-to-date: /home/amigo-pi/amigo_ros2_pi/install/ublox_msgs/include/ublox_msgs/ublox_msgs/msg/detail/cfg_usb__traits.hpp
[10.065s] -- Up-to-date: /home/amigo-pi/amigo_ros2_pi/install/ublox_msgs/include/ublox_msgs/ublox_msgs/msg/detail/cfg_dgnss__struct.hpp
[10.065s] -- Up-to-date: /home/amigo-pi/amigo_ros2_pi/install/ublox_msgs/include/ublox_msgs/ublox_msgs/msg/detail/cfg_nmea7__type_support.hpp
[10.066s] -- Up-to-date: /home/amigo-pi/amigo_ros2_pi/install/ublox_msgs/include/ublox_msgs/ublox_msgs/msg/detail/esf_status__traits.hpp
[10.067s] -- Up-to-date: /home/amigo-pi/amigo_ros2_pi/install/ublox_msgs/include/ublox_msgs/ublox_msgs/msg/detail/rxm_rawx_meas__type_support.hpp
[10.068s] -- Up-to-date: /home/amigo-pi/amigo_ros2_pi/install/ublox_msgs/include/ublox_msgs/ublox_msgs/msg/detail/nav_sat__traits.hpp
[10.069s] -- Up-to-date: /home/amigo-pi/amigo_ros2_pi/install/ublox_msgs/include/ublox_msgs/ublox_msgs/msg/detail/cfg_hnr__builder.hpp
[10.072s] -- Up-to-date: /home/amigo-pi/amigo_ros2_pi/install/ublox_msgs/include/ublox_msgs/ublox_msgs/msg/detail/esf_meas__type_support.hpp
[10.075s] -- Up-to-date: /home/amigo-pi/amigo_ros2_pi/install/ublox_msgs/include/ublox_msgs/ublox_msgs/msg/detail/rxm_eph__struct.hpp
[10.078s] -- Up-to-date: /home/amigo-pi/amigo_ros2_pi/install/ublox_msgs/include/ublox_msgs/ublox_msgs/msg/detail/rxm_sfrb__struct.hpp
[10.080s] -- Up-to-date: /home/amigo-pi/amigo_ros2_pi/install/ublox_msgs/include/ublox_msgs/ublox_msgs/msg/detail/nav_status__builder.hpp
[10.081s] -- Up-to-date: /home/amigo-pi/amigo_ros2_pi/install/ublox_msgs/include/ublox_msgs/ublox_msgs/msg/detail/rxm_eph__builder.hpp
[10.082s] -- Up-to-date: /home/amigo-pi/amigo_ros2_pi/install/ublox_msgs/include/ublox_msgs/ublox_msgs/msg/detail/rxm_svsisv__type_support.hpp
[10.085s] -- Up-to-date: /home/amigo-pi/amigo_ros2_pi/install/ublox_msgs/include/ublox_msgs/ublox_msgs/msg/detail/esf_ins__struct.hpp
[10.086s] -- Up-to-date: /home/amigo-pi/amigo_ros2_pi/install/ublox_msgs/include/ublox_msgs/ublox_msgs/msg/detail/mon_ver__builder.hpp
[10.088s] -- Up-to-date: /home/amigo-pi/amigo_ros2_pi/install/ublox_msgs/include/ublox_msgs/ublox_msgs/msg/detail/cfg_nmea6__traits.hpp
[10.091s] -- Up-to-date: /home/amigo-pi/amigo_ros2_pi/install/ublox_msgs/include/ublox_msgs/ublox_msgs/msg/detail/hnr_pvt__type_support.hpp
[10.094s] -- Up-to-date: /home/amigo-pi/amigo_ros2_pi/install/ublox_msgs/include/ublox_msgs/ublox_msgs/msg/detail/nav_dgps__struct.hpp
[10.096s] -- Up-to-date: /home/amigo-pi/amigo_ros2_pi/install/ublox_msgs/include/ublox_msgs/ublox_msgs/msg/detail/cfg_navx5__builder.hpp
[10.097s] -- Up-to-date: /home/amigo-pi/amigo_ros2_pi/install/ublox_msgs/include/ublox_msgs/ublox_msgs/msg/detail/rxm_rawsv__builder.hpp
[10.099s] -- Up-to-date: /home/amigo-pi/amigo_ros2_pi/install/ublox_msgs/include/ublox_msgs/ublox_msgs/msg/detail/nav_svin__builder.hpp
[10.099s] -- Up-to-date: /home/amigo-pi/amigo_ros2_pi/install/ublox_msgs/include/ublox_msgs/ublox_msgs/msg/detail/cfg_rate__builder.hpp
[10.101s] -- Up-to-date: /home/amigo-pi/amigo_ros2_pi/install/ublox_msgs/include/ublox_msgs/ublox_msgs/msg/detail/nav_velecef__type_support.hpp
[10.103s] -- Up-to-date: /home/amigo-pi/amigo_ros2_pi/install/ublox_msgs/include/ublox_msgs/ublox_msgs/msg/detail/rxm_sfrbx__builder.hpp
[10.106s] -- Up-to-date: /home/amigo-pi/amigo_ros2_pi/install/ublox_msgs/include/ublox_msgs/ublox_msgs/msg/detail/cfg_tmode3__builder.hpp
[10.108s] -- Up-to-date: /home/amigo-pi/amigo_ros2_pi/install/ublox_msgs/include/ublox_msgs/ublox_msgs/msg/detail/nav_dgps__type_support.hpp
[10.110s] -- Up-to-date: /home/amigo-pi/amigo_ros2_pi/install/ublox_msgs/include/ublox_msgs/ublox_msgs/msg/detail/nav_svinfo__traits.hpp
[10.111s] -- Up-to-date: /home/amigo-pi/amigo_ros2_pi/install/ublox_msgs/include/ublox_msgs/ublox_msgs/msg/detail/upd_sos_ack__builder.hpp
[10.112s] -- Up-to-date: /home/amigo-pi/amigo_ros2_pi/install/ublox_msgs/include/ublox_msgs/ublox_msgs/msg/detail/cfg_rate__type_support.hpp
[10.113s] -- Up-to-date: /home/amigo-pi/amigo_ros2_pi/install/ublox_msgs/include/ublox_msgs/ublox_msgs/msg/detail/esf_raw__struct.hpp
[10.113s] -- Up-to-date: /home/amigo-pi/amigo_ros2_pi/install/ublox_msgs/include/ublox_msgs/ublox_msgs/msg/detail/nav_timegps__traits.hpp
[10.114s] -- Up-to-date: /home/amigo-pi/amigo_ros2_pi/install/ublox_msgs/include/ublox_msgs/ublox_msgs/msg/detail/esf_status_sens__traits.hpp
[10.114s] -- Up-to-date: /home/amigo-pi/amigo_ros2_pi/install/ublox_msgs/include/ublox_msgs/ublox_msgs/msg/detail/nav_timegps__type_support.hpp
[10.115s] -- Up-to-date: /home/amigo-pi/amigo_ros2_pi/install/ublox_msgs/include/ublox_msgs/ublox_msgs/msg/detail/aid_alm__builder.hpp
[10.116s] -- Up-to-date: /home/amigo-pi/amigo_ros2_pi/install/ublox_msgs/include/ublox_msgs/ublox_msgs/msg/detail/cfg_gnss_block__type_support.hpp
[10.117s] -- Up-to-date: /home/amigo-pi/amigo_ros2_pi/install/ublox_msgs/include/ublox_msgs/ublox_msgs/msg/detail/rxm_svsisv__builder.hpp
[10.118s] -- Up-to-date: /home/amigo-pi/amigo_ros2_pi/install/ublox_msgs/include/ublox_msgs/ublox_msgs/msg/detail/rxm_sfrb__builder.hpp
[10.120s] -- Up-to-date: /home/amigo-pi/amigo_ros2_pi/install/ublox_msgs/include/ublox_msgs/ublox_msgs/msg/detail/mga_gal__type_support.hpp
[10.121s] -- Up-to-date: /home/amigo-pi/amigo_ros2_pi/install/ublox_msgs/include/ublox_msgs/ublox_msgs/msg/detail/cfg_rst__type_support.hpp
[10.122s] -- Up-to-date: /home/amigo-pi/amigo_ros2_pi/install/ublox_msgs/include/ublox_msgs/ublox_msgs/msg/detail/rxm_rtcm__builder.hpp
[10.123s] -- Up-to-date: /home/amigo-pi/amigo_ros2_pi/install/ublox_msgs/include/ublox_msgs/ublox_msgs/msg/detail/mon_gnss__type_support.hpp
[10.124s] -- Up-to-date: /home/amigo-pi/amigo_ros2_pi/install/ublox_msgs/include/ublox_msgs/ublox_msgs/msg/detail/cfg_dat__type_support.hpp
[10.125s] -- Up-to-date: /home/amigo-pi/amigo_ros2_pi/install/ublox_msgs/include/ublox_msgs/ublox_msgs/msg/detail/nav_dop__struct.hpp
[10.126s] -- Up-to-date: /home/amigo-pi/amigo_ros2_pi/install/ublox_msgs/include/ublox_msgs/ublox_msgs/msg/detail/rxm_rawsv__traits.hpp
[10.127s] -- Up-to-date: /home/amigo-pi/amigo_ros2_pi/install/ublox_msgs/include/ublox_msgs/ublox_msgs/msg/detail/esf_status_sens__builder.hpp
[10.128s] -- Up-to-date: /home/amigo-pi/amigo_ros2_pi/install/ublox_msgs/include/ublox_msgs/ublox_msgs/msg/detail/nav_posecef__type_support.hpp
[10.129s] -- Up-to-date: /home/amigo-pi/amigo_ros2_pi/install/ublox_msgs/include/ublox_msgs/ublox_msgs/msg/detail/aid_alm__type_support.hpp
[10.131s] -- Up-to-date: /home/amigo-pi/amigo_ros2_pi/install/ublox_msgs/include/ublox_msgs/ublox_msgs/msg/detail/upd_sos__type_support.hpp
[10.133s] -- Up-to-date: /home/amigo-pi/amigo_ros2_pi/install/ublox_msgs/include/ublox_msgs/ublox_msgs/msg/detail/nav_timeutc__builder.hpp
[10.134s] -- Up-to-date: /home/amigo-pi/amigo_ros2_pi/install/ublox_msgs/include/ublox_msgs/ublox_msgs/msg/detail/nav_posecef__builder.hpp
[10.135s] -- Up-to-date: /home/amigo-pi/amigo_ros2_pi/install/ublox_msgs/include/ublox_msgs/ublox_msgs/msg/detail/esf_raw_block__builder.hpp
[10.136s] -- Up-to-date: /home/amigo-pi/amigo_ros2_pi/install/ublox_msgs/include/ublox_msgs/ublox_msgs/msg/detail/nav_sbassv__traits.hpp
[10.137s] -- Up-to-date: /home/amigo-pi/amigo_ros2_pi/install/ublox_msgs/include/ublox_msgs/ublox_msgs/msg/detail/nav_posecef__struct.hpp
[10.138s] -- Up-to-date: /home/amigo-pi/amigo_ros2_pi/install/ublox_msgs/include/ublox_msgs/ublox_msgs/msg/detail/cfg_gnss_block__builder.hpp
[10.139s] -- Up-to-date: /home/amigo-pi/amigo_ros2_pi/install/ublox_msgs/include/ublox_msgs/ublox_msgs/msg/detail/mon_ver__traits.hpp
[10.141s] -- Up-to-date: /home/amigo-pi/amigo_ros2_pi/install/ublox_msgs/include/ublox_msgs/ublox_msgs/msg/detail/upd_sos__builder.hpp
[10.142s] -- Up-to-date: /home/amigo-pi/amigo_ros2_pi/install/ublox_msgs/include/ublox_msgs/ublox_msgs/msg/detail/esf_ins__type_support.hpp
[10.156s] -- Up-to-date: /home/amigo-pi/amigo_ros2_pi/install/ublox_msgs/include/ublox_msgs/ublox_msgs/msg/detail/cfg_nav5__builder.hpp
[10.157s] -- Up-to-date: /home/amigo-pi/amigo_ros2_pi/install/ublox_msgs/include/ublox_msgs/ublox_msgs/msg/detail/rxm_rtcm__type_support.hpp
[10.159s] -- Up-to-date: /home/amigo-pi/amigo_ros2_pi/install/ublox_msgs/include/ublox_msgs/ublox_msgs/msg/detail/cfg_inf_block__builder.hpp
[10.165s] -- Up-to-date: /home/amigo-pi/amigo_ros2_pi/install/ublox_msgs/include/ublox_msgs/ublox_msgs/msg/detail/cfg_cfg__type_support.hpp
[10.167s] -- Up-to-date: /home/amigo-pi/amigo_ros2_pi/install/ublox_msgs/include/ublox_msgs/ublox_msgs/msg/detail/nav_sbassv__type_support.hpp
[10.170s] -- Up-to-date: /home/amigo-pi/amigo_ros2_pi/install/ublox_msgs/include/ublox_msgs/ublox_msgs/msg/detail/cfg_sbas__type_support.hpp
[10.172s] -- Up-to-date: /home/amigo-pi/amigo_ros2_pi/install/ublox_msgs/include/ublox_msgs/ublox_msgs/msg/detail/nav_svinfo__type_support.hpp
[10.173s] -- Up-to-date: /home/amigo-pi/amigo_ros2_pi/install/ublox_msgs/include/ublox_msgs/ublox_msgs/msg/detail/rxm_svsisv__struct.hpp
[10.175s] -- Up-to-date: /home/amigo-pi/amigo_ros2_pi/install/ublox_msgs/include/ublox_msgs/ublox_msgs/msg/detail/nav_att__struct.hpp
[10.177s] -- Up-to-date: /home/amigo-pi/amigo_ros2_pi/install/ublox_msgs/include/ublox_msgs/ublox_msgs/msg/detail/rxm_rawx__type_support.hpp
[10.188s] -- Up-to-date: /home/amigo-pi/amigo_ros2_pi/install/ublox_msgs/include/ublox_msgs/ublox_msgs/msg/detail/mon_ver_extension__struct.hpp
[10.190s] -- Up-to-date: /home/amigo-pi/amigo_ros2_pi/install/ublox_msgs/include/ublox_msgs/ublox_msgs/msg/detail/inf__builder.hpp
[10.191s] -- Up-to-date: /home/amigo-pi/amigo_ros2_pi/install/ublox_msgs/include/ublox_msgs/ublox_msgs/msg/detail/nav_relposned__struct.hpp
[10.192s] -- Up-to-date: /home/amigo-pi/amigo_ros2_pi/install/ublox_msgs/include/ublox_msgs/ublox_msgs/msg/detail/hnr_pvt__traits.hpp
[10.194s] -- Up-to-date: /home/amigo-pi/amigo_ros2_pi/install/ublox_msgs/include/ublox_msgs/ublox_msgs/msg/detail/rxm_sfrb__traits.hpp
[10.195s] -- Up-to-date: /home/amigo-pi/amigo_ros2_pi/install/ublox_msgs/include/ublox_msgs/ublox_msgs/msg/detail/nav_timeutc__traits.hpp
[10.196s] -- Up-to-date: /home/amigo-pi/amigo_ros2_pi/install/ublox_msgs/include/ublox_msgs/ublox_msgs/msg/detail/nav_clock__type_support.hpp
[10.199s] -- Up-to-date: /home/amigo-pi/amigo_ros2_pi/install/ublox_msgs/include/ublox_msgs/ublox_msgs/msg/detail/nav_pvt7__struct.hpp
[10.201s] -- Up-to-date: /home/amigo-pi/amigo_ros2_pi/install/ublox_msgs/include/ublox_msgs/ublox_msgs/msg/detail/cfg_navx5__struct.hpp
[10.203s] -- Up-to-date: /home/amigo-pi/amigo_ros2_pi/install/ublox_msgs/include/ublox_msgs/ublox_msgs/msg/detail/nav_velecef__builder.hpp
[10.204s] -- Up-to-date: /home/amigo-pi/amigo_ros2_pi/install/ublox_msgs/include/ublox_msgs/ublox_msgs/msg/detail/mon_hw6__builder.hpp
[10.205s] -- Up-to-date: /home/amigo-pi/amigo_ros2_pi/install/ublox_msgs/include/ublox_msgs/ublox_msgs/msg/detail/upd_sos__traits.hpp
[10.206s] -- Up-to-date: /home/amigo-pi/amigo_ros2_pi/install/ublox_msgs/include/ublox_msgs/ublox_msgs/msg/detail/nav_svinfosv__builder.hpp
[10.207s] -- Up-to-date: /home/amigo-pi/amigo_ros2_pi/install/ublox_msgs/include/ublox_msgs/ublox_msgs/msg/detail/nav_svinfo__struct.hpp
[10.208s] -- Up-to-date: /home/amigo-pi/amigo_ros2_pi/install/ublox_msgs/include/ublox_msgs/ublox_msgs/msg/detail/nav_sat__builder.hpp
[10.221s] -- Up-to-date: /home/amigo-pi/amigo_ros2_pi/install/ublox_msgs/include/ublox_msgs/ublox_msgs/msg/detail/cfg_prt__type_support.hpp
[10.224s] -- Up-to-date: /home/amigo-pi/amigo_ros2_pi/install/ublox_msgs/include/ublox_msgs/ublox_msgs/msg/detail/cfg_usb__builder.hpp
[10.225s] -- Up-to-date: /home/amigo-pi/amigo_ros2_pi/install/ublox_msgs/include/ublox_msgs/ublox_msgs/msg/detail/nav_att__builder.hpp
[10.227s] -- Up-to-date: /home/amigo-pi/amigo_ros2_pi/install/ublox_msgs/include/ublox_msgs/ublox_msgs/msg/detail/rxm_rtcm__struct.hpp
[10.231s] -- Up-to-date: /home/amigo-pi/amigo_ros2_pi/install/ublox_msgs/include/ublox_msgs/ublox_msgs/msg/detail/esf_status_sens__struct.hpp
[10.237s] -- Up-to-date: /home/amigo-pi/amigo_ros2_pi/install/ublox_msgs/include/ublox_msgs/ublox_msgs/msg/detail/nav_sbas__traits.hpp
[10.238s] -- Up-to-date: /home/amigo-pi/amigo_ros2_pi/install/ublox_msgs/include/ublox_msgs/ublox_msgs/msg/detail/cfg_hnr__type_support.hpp
[10.249s] -- Up-to-date: /home/amigo-pi/amigo_ros2_pi/install/ublox_msgs/include/ublox_msgs/ublox_msgs/msg/detail/ack__builder.hpp
[10.250s] -- Up-to-date: /home/amigo-pi/amigo_ros2_pi/install/ublox_msgs/include/ublox_msgs/ublox_msgs/msg/detail/nav_dgpssv__type_support.hpp
[10.252s] -- Up-to-date: /home/amigo-pi/amigo_ros2_pi/install/ublox_msgs/include/ublox_msgs/ublox_msgs/msg/detail/aid_hui__traits.hpp
[10.257s] -- Up-to-date: /home/amigo-pi/amigo_ros2_pi/install/ublox_msgs/include/ublox_msgs/ublox_msgs/msg/detail/cfg_tmode3__struct.hpp
[10.258s] -- Up-to-date: /home/amigo-pi/amigo_ros2_pi/install/ublox_msgs/include/ublox_msgs/ublox_msgs/msg/detail/mon_hw__traits.hpp
[10.259s] -- Up-to-date: /home/amigo-pi/amigo_ros2_pi/install/ublox_msgs/include/ublox_msgs/ublox_msgs/msg/detail/aid_eph__traits.hpp
[10.261s] -- Up-to-date: /home/amigo-pi/amigo_ros2_pi/install/ublox_msgs/include/ublox_msgs/ublox_msgs/msg/detail/cfg_gnss_block__traits.hpp
[10.262s] -- Up-to-date: /home/amigo-pi/amigo_ros2_pi/install/ublox_msgs/include/ublox_msgs/ublox_msgs/msg/detail/rxm_sfrb__type_support.hpp
[10.271s] -- Up-to-date: /home/amigo-pi/amigo_ros2_pi/install/ublox_msgs/include/ublox_msgs/ublox_msgs/msg/detail/cfg_nmea6__type_support.hpp
[10.275s] -- Up-to-date: /home/amigo-pi/amigo_ros2_pi/install/ublox_msgs/include/ublox_msgs/ublox_msgs/msg/detail/upd_sos_ack__type_support.hpp
[10.279s] -- Up-to-date: /home/amigo-pi/amigo_ros2_pi/install/ublox_msgs/include/ublox_msgs/ublox_msgs/msg/detail/nav_dgpssv__builder.hpp
[10.281s] -- Up-to-date: /home/amigo-pi/amigo_ros2_pi/install/ublox_msgs/include/ublox_msgs/ublox_msgs/msg/detail/nav_relposned9__type_support.hpp
[10.284s] -- Up-to-date: /home/amigo-pi/amigo_ros2_pi/install/ublox_msgs/include/ublox_msgs/ublox_msgs/msg/detail/nav_pvt7__type_support.hpp
[10.285s] -- Up-to-date: /home/amigo-pi/amigo_ros2_pi/install/ublox_msgs/include/ublox_msgs/ublox_msgs/msg/detail/tim_tm2__type_support.hpp
[10.289s] -- Up-to-date: /home/amigo-pi/amigo_ros2_pi/install/ublox_msgs/include/ublox_msgs/ublox_msgs/msg/detail/nav_dgps__traits.hpp
[10.293s] -- Up-to-date: /home/amigo-pi/amigo_ros2_pi/install/ublox_msgs/include/ublox_msgs/ublox_msgs/msg/detail/rxm_rawsv__type_support.hpp
[10.294s] -- Up-to-date: /home/amigo-pi/amigo_ros2_pi/install/ublox_msgs/include/ublox_msgs/ublox_msgs/msg/detail/cfg_dgnss__type_support.hpp
[10.302s] -- Up-to-date: /home/amigo-pi/amigo_ros2_pi/install/ublox_msgs/include/ublox_msgs/ublox_msgs/msg/detail/cfg_navx5__type_support.hpp
[10.303s] -- Up-to-date: /home/amigo-pi/amigo_ros2_pi/install/ublox_msgs/include/ublox_msgs/ublox_msgs/msg/detail/nav_satsv__struct.hpp
[10.304s] -- Up-to-date: /home/amigo-pi/amigo_ros2_pi/install/ublox_msgs/include/ublox_msgs/ublox_msgs/msg/detail/cfg_ant__traits.hpp
[10.306s] -- Up-to-date: /home/amigo-pi/amigo_ros2_pi/install/ublox_msgs/include/ublox_msgs/ublox_msgs/msg/detail/nav_satsv__traits.hpp
[10.307s] -- Up-to-date: /home/amigo-pi/amigo_ros2_pi/install/ublox_msgs/include/ublox_msgs/ublox_msgs/msg/detail/mga_gal__builder.hpp
[10.312s] -- Up-to-date: /home/amigo-pi/amigo_ros2_pi/install/ublox_msgs/include/ublox_msgs/ublox_msgs/msg/detail/rxm_rawx_meas__struct.hpp
[10.315s] -- Up-to-date: /home/amigo-pi/amigo_ros2_pi/install/ublox_msgs/include/ublox_msgs/ublox_msgs/msg/detail/rxm_rawx_meas__builder.hpp
[10.316s] -- Up-to-date: /home/amigo-pi/amigo_ros2_pi/install/ublox_msgs/include/ublox_msgs/ublox_msgs/msg/detail/rxm_svsi__builder.hpp
[10.317s] -- Up-to-date: /home/amigo-pi/amigo_ros2_pi/install/ublox_msgs/include/ublox_msgs/ublox_msgs/msg/detail/nav_velecef__traits.hpp
[10.318s] -- Up-to-date: /home/amigo-pi/amigo_ros2_pi/install/ublox_msgs/include/ublox_msgs/ublox_msgs/msg/detail/mon_hw6__type_support.hpp
[10.319s] -- Up-to-date: /home/amigo-pi/amigo_ros2_pi/install/ublox_msgs/include/ublox_msgs/ublox_msgs/msg/detail/cfg_dat__struct.hpp
[10.321s] -- Up-to-date: /home/amigo-pi/amigo_ros2_pi/install/ublox_msgs/include/ublox_msgs/ublox_msgs/msg/detail/nav_svin__type_support.hpp
[10.322s] -- Up-to-date: /home/amigo-pi/amigo_ros2_pi/install/ublox_msgs/include/ublox_msgs/ublox_msgs/msg/detail/ack__struct.hpp
[10.323s] -- Up-to-date: /home/amigo-pi/amigo_ros2_pi/install/ublox_msgs/include/ublox_msgs/ublox_msgs/msg/detail/nav_velned__type_support.hpp
[10.326s] -- Up-to-date: /home/amigo-pi/amigo_ros2_pi/install/ublox_msgs/include/ublox_msgs/ublox_msgs/msg/detail/cfg_rst__traits.hpp
[10.328s] -- Up-to-date: /home/amigo-pi/amigo_ros2_pi/install/ublox_msgs/include/ublox_msgs/ublox_msgs/msg/detail/cfg_dgnss__traits.hpp
[10.334s] -- Up-to-date: /home/amigo-pi/amigo_ros2_pi/install/ublox_msgs/include/ublox_msgs/ublox_msgs/msg/detail/nav_status__type_support.hpp
[10.336s] -- Up-to-date: /home/amigo-pi/amigo_ros2_pi/install/ublox_msgs/include/ublox_msgs/ublox_msgs/msg/detail/esf_ins__builder.hpp
[10.346s] -- Up-to-date: /home/amigo-pi/amigo_ros2_pi/install/ublox_msgs/include/ublox_msgs/ublox_msgs/msg/detail/esf_meas__traits.hpp
[10.347s] -- Up-to-date: /home/amigo-pi/amigo_ros2_pi/install/ublox_msgs/include/ublox_msgs/ublox_msgs/msg/detail/hnr_pvt__struct.hpp
[10.362s] -- Up-to-date: /home/amigo-pi/amigo_ros2_pi/install/ublox_msgs/include/ublox_msgs/ublox_msgs/msg/detail/aid_eph__builder.hpp
[10.363s] -- Up-to-date: /home/amigo-pi/amigo_ros2_pi/install/ublox_msgs/include/ublox_msgs/ublox_msgs/msg/detail/nav_timegps__builder.hpp
[10.364s] -- Up-to-date: /home/amigo-pi/amigo_ros2_pi/install/ublox_msgs/include/ublox_msgs/ublox_msgs/msg/detail/cfg_inf_block__struct.hpp
[10.365s] -- Up-to-date: /home/amigo-pi/amigo_ros2_pi/install/ublox_msgs/include/ublox_msgs/ublox_msgs/msg/detail/mga_gal__struct.hpp
[10.366s] -- Up-to-date: /home/amigo-pi/amigo_ros2_pi/install/ublox_msgs/include/ublox_msgs/ublox_msgs/msg/detail/cfg_sbas__struct.hpp
[10.367s] -- Up-to-date: /home/amigo-pi/amigo_ros2_pi/install/ublox_msgs/include/ublox_msgs/ublox_msgs/msg/detail/nav_status__struct.hpp
[10.368s] -- Up-to-date: /home/amigo-pi/amigo_ros2_pi/install/ublox_msgs/include/ublox_msgs/ublox_msgs/msg/detail/nav_pvt7__traits.hpp
[10.374s] -- Up-to-date: /home/amigo-pi/amigo_ros2_pi/install/ublox_msgs/include/ublox_msgs/ublox_msgs/msg/detail/nav_svinfo__builder.hpp
[10.378s] -- Up-to-date: /home/amigo-pi/amigo_ros2_pi/install/ublox_msgs/include/ublox_msgs/ublox_msgs/msg/detail/esf_ins__traits.hpp
[10.380s] -- Up-to-date: /home/amigo-pi/amigo_ros2_pi/install/ublox_msgs/include/ublox_msgs/ublox_msgs/msg/detail/nav_svinfosv__traits.hpp
[10.382s] -- Up-to-date: /home/amigo-pi/amigo_ros2_pi/install/ublox_msgs/include/ublox_msgs/ublox_msgs/msg/detail/cfg_tmode3__traits.hpp
[10.382s] -- Up-to-date: /home/amigo-pi/amigo_ros2_pi/install/ublox_msgs/include/ublox_msgs/ublox_msgs/msg/detail/mon_hw6__struct.hpp
[10.383s] -- Up-to-date: /home/amigo-pi/amigo_ros2_pi/install/ublox_msgs/include/ublox_msgs/ublox_msgs/msg/detail/cfg_nmea6__builder.hpp
[10.384s] -- Up-to-date: /home/amigo-pi/amigo_ros2_pi/install/ublox_msgs/include/ublox_msgs/ublox_msgs/msg/detail/mon_ver_extension__type_support.hpp
[10.384s] -- Up-to-date: /home/amigo-pi/amigo_ros2_pi/install/ublox_msgs/include/ublox_msgs/ublox_msgs/msg/detail/nav_sbas__type_support.hpp
[10.385s] -- Up-to-date: /home/amigo-pi/amigo_ros2_pi/install/ublox_msgs/include/ublox_msgs/ublox_msgs/msg/detail/rxm_alm__traits.hpp
[10.386s] -- Up-to-date: /home/amigo-pi/amigo_ros2_pi/install/ublox_msgs/include/ublox_msgs/ublox_msgs/msg/detail/cfg_nmea__builder.hpp
[10.387s] -- Up-to-date: /home/amigo-pi/amigo_ros2_pi/install/ublox_msgs/include/ublox_msgs/ublox_msgs/msg/detail/tim_tm2__struct.hpp
[10.390s] -- Up-to-date: /home/amigo-pi/amigo_ros2_pi/install/ublox_msgs/include/ublox_msgs/ublox_msgs/msg/detail/mga_gal__traits.hpp
[10.394s] -- Up-to-date: /home/amigo-pi/amigo_ros2_pi/install/ublox_msgs/include/ublox_msgs/ublox_msgs/msg/detail/rxm_alm__type_support.hpp
[10.395s] -- Up-to-date: /home/amigo-pi/amigo_ros2_pi/install/ublox_msgs/include/ublox_msgs/ublox_msgs/msg/detail/cfg_nav5__traits.hpp
[10.396s] -- Up-to-date: /home/amigo-pi/amigo_ros2_pi/install/ublox_msgs/include/ublox_msgs/ublox_msgs/msg/detail/nav_clock__builder.hpp
[10.397s] -- Up-to-date: /home/amigo-pi/amigo_ros2_pi/install/ublox_msgs/include/ublox_msgs/ublox_msgs/msg/detail/nav_dgpssv__traits.hpp
[10.397s] -- Up-to-date: /home/amigo-pi/amigo_ros2_pi/install/ublox_msgs/include/ublox_msgs/ublox_msgs/msg/detail/rxm_eph__traits.hpp
[10.422s] -- Up-to-date: /home/amigo-pi/amigo_ros2_pi/install/ublox_msgs/include/ublox_msgs/ublox_msgs/msg/detail/cfg_gnss_block__struct.hpp
[10.424s] -- Up-to-date: /home/amigo-pi/amigo_ros2_pi/install/ublox_msgs/include/ublox_msgs/ublox_msgs/msg/detail/nav_velecef__struct.hpp
[10.425s] -- Up-to-date: /home/amigo-pi/amigo_ros2_pi/install/ublox_msgs/include/ublox_msgs/ublox_msgs/msg/detail/nav_sol__builder.hpp
[10.441s] -- Up-to-date: /home/amigo-pi/amigo_ros2_pi/install/ublox_msgs/include/ublox_msgs/ublox_msgs/msg/detail/nav_sol__traits.hpp
[10.442s] -- Up-to-date: /home/amigo-pi/amigo_ros2_pi/install/ublox_msgs/include/ublox_msgs/ublox_msgs/msg/detail/cfg_dat__traits.hpp
[10.443s] -- Up-to-date: /home/amigo-pi/amigo_ros2_pi/install/ublox_msgs/include/ublox_msgs/ublox_msgs/msg/detail/cfg_nmea7__builder.hpp
[10.445s] -- Up-to-date: /home/amigo-pi/amigo_ros2_pi/install/ublox_msgs/include/ublox_msgs/ublox_msgs/msg/detail/cfg_inf_block__traits.hpp
[10.446s] -- Up-to-date: /home/amigo-pi/amigo_ros2_pi/install/ublox_msgs/include/ublox_msgs/ublox_msgs/msg/detail/cfg_navx5__traits.hpp
[10.448s] -- Up-to-date: /home/amigo-pi/amigo_ros2_pi/install/ublox_msgs/include/ublox_msgs/ublox_msgs/msg/detail/aid_hui__struct.hpp
[10.450s] -- Up-to-date: /home/amigo-pi/amigo_ros2_pi/install/ublox_msgs/include/ublox_msgs/ublox_msgs/msg/detail/cfg_gnss__struct.hpp
[10.450s] -- Up-to-date: /home/amigo-pi/amigo_ros2_pi/install/ublox_msgs/include/ublox_msgs/ublox_msgs/msg/detail/nav_velned__struct.hpp
[10.451s] -- Up-to-date: /home/amigo-pi/amigo_ros2_pi/install/ublox_msgs/include/ublox_msgs/ublox_msgs/msg/detail/nav_dop__type_support.hpp
[10.454s] -- Up-to-date: /home/amigo-pi/amigo_ros2_pi/install/ublox_msgs/include/ublox_msgs/ublox_msgs/msg/detail/nav_clock__traits.hpp
[10.460s] -- Up-to-date: /home/amigo-pi/amigo_ros2_pi/install/ublox_msgs/include/ublox_msgs/ublox_msgs/msg/detail/inf__type_support.hpp
[10.466s] -- Up-to-date: /home/amigo-pi/amigo_ros2_pi/install/ublox_msgs/include/ublox_msgs/ublox_msgs/msg/detail/nav_sbassv__builder.hpp
[10.469s] -- Up-to-date: /home/amigo-pi/amigo_ros2_pi/install/ublox_msgs/include/ublox_msgs/ublox_msgs/msg/detail/nav_velned__traits.hpp
[10.470s] -- Up-to-date: /home/amigo-pi/amigo_ros2_pi/install/ublox_msgs/include/ublox_msgs/ublox_msgs/msg/detail/cfg_sbas__builder.hpp
[10.484s] -- Up-to-date: /home/amigo-pi/amigo_ros2_pi/install/ublox_msgs/include/ublox_msgs/ublox_msgs/msg/detail/cfg_tmode3__type_support.hpp
[10.486s] -- Up-to-date: /home/amigo-pi/amigo_ros2_pi/install/ublox_msgs/include/ublox_msgs/ublox_msgs/msg/detail/cfg_hnr__traits.hpp
[10.487s] -- Up-to-date: /home/amigo-pi/amigo_ros2_pi/install/ublox_msgs/include/ublox_msgs/ublox_msgs/msg/detail/nav_relposned9__traits.hpp
[10.491s] -- Up-to-date: /home/amigo-pi/amigo_ros2_pi/install/ublox_msgs/include/ublox_msgs/ublox_msgs/msg/detail/rxm_sfrbx__type_support.hpp
[10.493s] -- Up-to-date: /home/amigo-pi/amigo_ros2_pi/install/ublox_msgs/include/ublox_msgs/ublox_msgs/msg/detail/nav_posecef__traits.hpp
[10.495s] -- Up-to-date: /home/amigo-pi/amigo_ros2_pi/install/ublox_msgs/include/ublox_msgs/ublox_msgs/msg/detail/mon_gnss__traits.hpp
[10.495s] -- Up-to-date: /home/amigo-pi/amigo_ros2_pi/install/ublox_msgs/include/ublox_msgs/ublox_msgs/msg/detail/cfg_inf__traits.hpp
[10.496s] -- Up-to-date: /home/amigo-pi/amigo_ros2_pi/install/ublox_msgs/include/ublox_msgs/ublox_msgs/msg/detail/nav_pvt__type_support.hpp
[10.502s] -- Up-to-date: /home/amigo-pi/amigo_ros2_pi/install/ublox_msgs/include/ublox_msgs/ublox_msgs/msg/detail/cfg_cfg__traits.hpp
[10.506s] -- Up-to-date: /home/amigo-pi/amigo_ros2_pi/install/ublox_msgs/include/ublox_msgs/ublox_msgs/msg/detail/esf_status__type_support.hpp
[10.507s] -- Up-to-date: /home/amigo-pi/amigo_ros2_pi/install/ublox_msgs/include/ublox_msgs/ublox_msgs/msg/detail/cfg_cfg__builder.hpp
[10.513s] -- Up-to-date: /home/amigo-pi/amigo_ros2_pi/install/ublox_msgs/include/ublox_msgs/ublox_msgs/msg/detail/mon_ver__type_support.hpp
[10.522s] -- Up-to-date: /home/amigo-pi/amigo_ros2_pi/install/ublox_msgs/include/ublox_msgs/ublox_msgs/msg/detail/nav_dop__traits.hpp
[10.523s] -- Up-to-date: /home/amigo-pi/amigo_ros2_pi/install/ublox_msgs/include/ublox_msgs/ublox_msgs/msg/detail/aid_hui__type_support.hpp
[10.524s] -- Up-to-date: /home/amigo-pi/amigo_ros2_pi/install/ublox_msgs/include/ublox_msgs/ublox_msgs/msg/detail/rxm_svsi__type_support.hpp
[10.524s] -- Up-to-date: /home/amigo-pi/amigo_ros2_pi/install/ublox_msgs/include/ublox_msgs/ublox_msgs/msg/detail/mon_hw__builder.hpp
[10.525s] -- Up-to-date: /home/amigo-pi/amigo_ros2_pi/install/ublox_msgs/include/ublox_msgs/ublox_msgs/msg/detail/esf_raw_block__struct.hpp
[10.525s] -- Up-to-date: /home/amigo-pi/amigo_ros2_pi/install/ublox_msgs/include/ublox_msgs/ublox_msgs/msg/detail/rxm_raw__traits.hpp
[10.526s] -- Up-to-date: /home/amigo-pi/amigo_ros2_pi/install/ublox_msgs/include/ublox_msgs/ublox_msgs/msg/detail/cfg_dat__builder.hpp
[10.528s] -- Up-to-date: /home/amigo-pi/amigo_ros2_pi/install/ublox_msgs/include/ublox_msgs/ublox_msgs/msg/detail/aid_hui__builder.hpp
[10.530s] -- Up-to-date: /home/amigo-pi/amigo_ros2_pi/install/ublox_msgs/include/ublox_msgs/ublox_msgs/msg/detail/cfg_rst__struct.hpp
[10.533s] -- Up-to-date: /home/amigo-pi/amigo_ros2_pi/install/ublox_msgs/include/ublox_msgs/ublox_msgs/msg/detail/nav_satsv__type_support.hpp
[10.542s] -- Up-to-date: /home/amigo-pi/amigo_ros2_pi/install/ublox_msgs/include/ublox_msgs/ublox_msgs/msg/detail/rxm_sfrbx__traits.hpp
[10.543s] -- Up-to-date: /home/amigo-pi/amigo_ros2_pi/install/ublox_msgs/include/ublox_msgs/ublox_msgs/msg/detail/cfg_nmea7__traits.hpp
[10.544s] -- Up-to-date: /home/amigo-pi/amigo_ros2_pi/install/ublox_msgs/include/ublox_msgs/ublox_msgs/msg/detail/rxm_svsi__struct.hpp
[10.545s] -- Up-to-date: /home/amigo-pi/amigo_ros2_pi/install/ublox_msgs/include/ublox_msgs/ublox_msgs/msg/detail/hnr_pvt__builder.hpp
[10.546s] -- Up-to-date: /home/amigo-pi/amigo_ros2_pi/install/ublox_msgs/include/ublox_msgs/ublox_msgs/msg/detail/mon_hw__type_support.hpp
[10.551s] -- Up-to-date: /home/amigo-pi/amigo_ros2_pi/install/ublox_msgs/include/ublox_msgs/ublox_msgs/msg/detail/nav_sol__type_support.hpp
[10.553s] -- Up-to-date: /home/amigo-pi/amigo_ros2_pi/install/ublox_msgs/include/ublox_msgs/ublox_msgs/msg/detail/aid_eph__type_support.hpp
[10.555s] -- Up-to-date: /home/amigo-pi/amigo_ros2_pi/install/ublox_msgs/include/ublox_msgs/ublox_msgs/msg/detail/mon_gnss__struct.hpp
[10.559s] -- Up-to-date: /home/amigo-pi/amigo_ros2_pi/install/ublox_msgs/include/ublox_msgs/ublox_msgs/msg/detail/tim_tm2__traits.hpp
[10.568s] -- Up-to-date: /home/amigo-pi/amigo_ros2_pi/install/ublox_msgs/include/ublox_msgs/ublox_msgs/msg/detail/nav_dop__builder.hpp
[10.569s] -- Up-to-date: /home/amigo-pi/amigo_ros2_pi/install/ublox_msgs/include/ublox_msgs/ublox_msgs/msg/detail/nav_sat__type_support.hpp
[10.571s] -- Up-to-date: /home/amigo-pi/amigo_ros2_pi/install/ublox_msgs/include/ublox_msgs/ublox_msgs/msg/detail/mon_ver_extension__builder.hpp
[10.572s] -- Up-to-date: /home/amigo-pi/amigo_ros2_pi/install/ublox_msgs/include/ublox_msgs/ublox_msgs/msg/detail/cfg_msg__type_support.hpp
[10.573s] -- Up-to-date: /home/amigo-pi/amigo_ros2_pi/install/ublox_msgs/include/ublox_msgs/ublox_msgs/msg/detail/nav_sbassv__struct.hpp
[10.577s] -- Up-to-date: /home/amigo-pi/amigo_ros2_pi/install/ublox_msgs/include/ublox_msgs/ublox_msgs/msg/detail/nav_dgpssv__struct.hpp
[10.577s] -- Up-to-date: /home/amigo-pi/amigo_ros2_pi/install/ublox_msgs/include/ublox_msgs/ublox_msgs/msg/detail/nav_posllh__struct.hpp
[10.578s] -- Up-to-date: /home/amigo-pi/amigo_ros2_pi/install/ublox_msgs/include/ublox_msgs/ublox_msgs/msg/detail/cfg_ant__type_support.hpp
[10.579s] -- Up-to-date: /home/amigo-pi/amigo_ros2_pi/install/ublox_msgs/include/ublox_msgs/ublox_msgs/msg/detail/esf_status__builder.hpp
[10.584s] -- Up-to-date: /home/amigo-pi/amigo_ros2_pi/install/ublox_msgs/include/ublox_msgs/ublox_msgs/msg/detail/nav_sat__struct.hpp
[10.595s] -- Up-to-date: /home/amigo-pi/amigo_ros2_pi/install/ublox_msgs/include/ublox_msgs/ublox_msgs/msg/detail/cfg_inf__struct.hpp
[10.600s] -- Up-to-date: /home/amigo-pi/amigo_ros2_pi/install/ublox_msgs/include/ublox_msgs/ublox_msgs/msg/detail/mon_ver_extension__traits.hpp
[10.602s] -- Up-to-date: /home/amigo-pi/amigo_ros2_pi/install/ublox_msgs/include/ublox_msgs/ublox_msgs/msg/detail/rxm_rawsv__struct.hpp
[10.603s] -- Up-to-date: /home/amigo-pi/amigo_ros2_pi/install/ublox_msgs/include/ublox_msgs/ublox_msgs/msg/detail/cfg_ant__struct.hpp
[10.604s] -- Up-to-date: /home/amigo-pi/amigo_ros2_pi/install/ublox_msgs/include/ublox_msgs/ublox_msgs/msg/detail/aid_alm__struct.hpp
[10.606s] -- Up-to-date: /home/amigo-pi/amigo_ros2_pi/install/ublox_msgs/include/ublox_msgs/ublox_msgs/msg/detail/nav_satsv__builder.hpp
[10.606s] -- Up-to-date: /home/amigo-pi/amigo_ros2_pi/install/ublox_msgs/include/ublox_msgs/ublox_msgs/msg/detail/cfg_nav5__type_support.hpp
[10.608s] -- Up-to-date: /home/amigo-pi/amigo_ros2_pi/install/ublox_msgs/include/ublox_msgs/ublox_msgs/msg/detail/nav_relposned__type_support.hpp
[10.609s] -- Up-to-date: /home/amigo-pi/amigo_ros2_pi/install/ublox_msgs/include/ublox_msgs/ublox_msgs/msg/detail/rxm_rawx_meas__traits.hpp
[10.611s] -- Up-to-date: /home/amigo-pi/amigo_ros2_pi/install/ublox_msgs/include/ublox_msgs/ublox_msgs/msg/detail/nav_relposned9__struct.hpp
[10.611s] -- Up-to-date: /home/amigo-pi/amigo_ros2_pi/install/ublox_msgs/include/ublox_msgs/ublox_msgs/msg/detail/nav_sol__struct.hpp
[10.612s] -- Up-to-date: /home/amigo-pi/amigo_ros2_pi/install/ublox_msgs/include/ublox_msgs/ublox_msgs/msg/detail/rxm_eph__type_support.hpp
[10.612s] -- Up-to-date: /home/amigo-pi/amigo_ros2_pi/install/ublox_msgs/include/ublox_msgs/ublox_msgs/msg/detail/rxm_rtcm__traits.hpp
[10.613s] -- Up-to-date: /home/amigo-pi/amigo_ros2_pi/install/ublox_msgs/include/ublox_msgs/ublox_msgs/msg/detail/cfg_dgnss__builder.hpp
[10.614s] -- Up-to-date: /home/amigo-pi/amigo_ros2_pi/install/ublox_msgs/include/ublox_msgs/ublox_msgs/msg/detail/cfg_nav5__struct.hpp
[10.615s] -- Up-to-date: /home/amigo-pi/amigo_ros2_pi/install/ublox_msgs/include/ublox_msgs/ublox_msgs/msg/detail/cfg_msg__builder.hpp
[10.617s] -- Up-to-date: /home/amigo-pi/amigo_ros2_pi/install/ublox_msgs/include/ublox_msgs/ublox_msgs/msg/detail/cfg_rate__traits.hpp
[10.623s] -- Up-to-date: /home/amigo-pi/amigo_ros2_pi/install/ublox_msgs/include/ublox_msgs/ublox_msgs/msg/detail/nav_svin__struct.hpp
[10.624s] -- Up-to-date: /home/amigo-pi/amigo_ros2_pi/install/ublox_msgs/include/ublox_msgs/ublox_msgs/msg/detail/cfg_prt__struct.hpp
[10.625s] -- Up-to-date: /home/amigo-pi/amigo_ros2_pi/install/ublox_msgs/include/ublox_msgs/ublox_msgs/msg/detail/esf_raw_block__traits.hpp
[10.631s] -- Up-to-date: /home/amigo-pi/amigo_ros2_pi/install/ublox_msgs/include/ublox_msgs/ublox_msgs/msg/detail/cfg_msg__struct.hpp
[10.632s] -- Up-to-date: /home/amigo-pi/amigo_ros2_pi/install/ublox_msgs/include/ublox_msgs/ublox_msgs/msg/detail/tim_tm2__builder.hpp
[10.633s] -- Up-to-date: /home/amigo-pi/amigo_ros2_pi/install/ublox_msgs/include/ublox_msgs/ublox_msgs/msg/detail/inf__struct.hpp
[10.634s] -- Up-to-date: /home/amigo-pi/amigo_ros2_pi/install/ublox_msgs/include/ublox_msgs/ublox_msgs/msg/detail/cfg_nmea__traits.hpp
[10.634s] -- Up-to-date: /home/amigo-pi/amigo_ros2_pi/install/ublox_msgs/include/ublox_msgs/ublox_msgs/msg/detail/cfg_nmea__type_support.hpp
[10.639s] -- Up-to-date: /home/amigo-pi/amigo_ros2_pi/install/ublox_msgs/include/ublox_msgs/ublox_msgs/msg/detail/esf_status__struct.hpp
[10.642s] -- Up-to-date: /home/amigo-pi/amigo_ros2_pi/install/ublox_msgs/include/ublox_msgs/ublox_msgs/msg/detail/rxm_svsisv__traits.hpp
[10.644s] -- Up-to-date: /home/amigo-pi/amigo_ros2_pi/install/ublox_msgs/include/ublox_msgs/ublox_msgs/msg/detail/nav_clock__struct.hpp
[10.646s] -- Up-to-date: /home/amigo-pi/amigo_ros2_pi/install/ublox_msgs/include/ublox_msgs/ublox_msgs/msg/detail/cfg_msg__traits.hpp
[10.646s] -- Up-to-date: /home/amigo-pi/amigo_ros2_pi/install/ublox_msgs/include/ublox_msgs/ublox_msgs/msg/detail/mon_ver__struct.hpp
[10.647s] -- Up-to-date: /home/amigo-pi/amigo_ros2_pi/install/ublox_msgs/include/ublox_msgs/ublox_msgs/msg/detail/nav_svinfosv__type_support.hpp
[10.648s] -- Up-to-date: /home/amigo-pi/amigo_ros2_pi/install/ublox_msgs/include/ublox_msgs/ublox_msgs/msg/detail/rxm_rawx__traits.hpp
[10.648s] -- Up-to-date: /home/amigo-pi/amigo_ros2_pi/install/ublox_msgs/include/ublox_msgs/ublox_msgs/msg/detail/cfg_inf__type_support.hpp
[10.650s] -- Up-to-date: /home/amigo-pi/amigo_ros2_pi/install/ublox_msgs/include/ublox_msgs/ublox_msgs/msg/detail/nav_velned__builder.hpp
[10.651s] -- Up-to-date: /home/amigo-pi/amigo_ros2_pi/install/ublox_msgs/include/ublox_msgs/ublox_msgs/msg/detail/nav_posllh__traits.hpp
[10.653s] -- Up-to-date: /home/amigo-pi/amigo_ros2_pi/install/ublox_msgs/include/ublox_msgs/ublox_msgs/msg/detail/cfg_cfg__struct.hpp
[10.654s] -- Up-to-date: /home/amigo-pi/amigo_ros2_pi/install/ublox_msgs/include/ublox_msgs/ublox_msgs/msg/detail/nav_timegps__struct.hpp
[10.655s] -- Up-to-date: /home/amigo-pi/amigo_ros2_pi/install/ublox_msgs/include/ublox_msgs/ublox_msgs/msg/detail/nav_status__traits.hpp
[10.655s] -- Up-to-date: /home/amigo-pi/amigo_ros2_pi/install/ublox_msgs/include/ublox_msgs/ublox_msgs/msg/detail/cfg_sbas__traits.hpp
[10.658s] -- Up-to-date: /home/amigo-pi/amigo_ros2_pi/install/ublox_msgs/include/ublox_msgs/ublox_msgs/msg/detail/cfg_usb__type_support.hpp
[10.659s] -- Up-to-date: /home/amigo-pi/amigo_ros2_pi/install/ublox_msgs/include/ublox_msgs/ublox_msgs/msg/detail/esf_raw__traits.hpp
[10.661s] -- Up-to-date: /home/amigo-pi/amigo_ros2_pi/install/ublox_msgs/include/ublox_msgs/ublox_msgs/msg/detail/cfg_gnss__type_support.hpp
[10.662s] -- Up-to-date: /home/amigo-pi/amigo_ros2_pi/install/ublox_msgs/include/ublox_msgs/ublox_msgs/msg/detail/nav_svinfosv__struct.hpp
[10.662s] -- Up-to-date: /home/amigo-pi/amigo_ros2_pi/install/ublox_msgs/include/ublox_msgs/ublox_msgs/msg/detail/cfg_nmea__struct.hpp
[10.663s] -- Up-to-date: /home/amigo-pi/amigo_ros2_pi/install/ublox_msgs/include/ublox_msgs/ublox_msgs/msg/detail/cfg_usb__struct.hpp
[10.666s] -- Up-to-date: /home/amigo-pi/amigo_ros2_pi/install/ublox_msgs/include/ublox_msgs/ublox_msgs/msg/detail/esf_raw__type_support.hpp
[10.667s] -- Up-to-date: /home/amigo-pi/amigo_ros2_pi/install/ublox_msgs/include/ublox_msgs/ublox_msgs/msg/detail/cfg_ant__builder.hpp
[10.668s] -- Up-to-date: /home/amigo-pi/amigo_ros2_pi/install/ublox_msgs/include/ublox_msgs/ublox_msgs/msg/detail/rxm_raw__builder.hpp
[10.669s] -- Up-to-date: /home/amigo-pi/amigo_ros2_pi/install/ublox_msgs/include/ublox_msgs/ublox_msgs/msg/detail/esf_meas__struct.hpp
[10.669s] -- Up-to-date: /home/amigo-pi/amigo_ros2_pi/install/ublox_msgs/include/ublox_msgs/ublox_msgs/msg/detail/nav_svin__traits.hpp
[10.670s] -- Up-to-date: /home/amigo-pi/amigo_ros2_pi/install/ublox_msgs/include/ublox_msgs/ublox_msgs/msg/detail/cfg_inf__builder.hpp
[10.671s] -- Up-to-date: /home/amigo-pi/amigo_ros2_pi/install/ublox_msgs/include/ublox_msgs/ublox_msgs/msg/detail/inf__traits.hpp
[10.672s] -- Up-to-date: /home/amigo-pi/amigo_ros2_pi/install/ublox_msgs/include/ublox_msgs/ublox_msgs/msg/detail/upd_sos_ack__struct.hpp
[10.675s] -- Up-to-date: /home/amigo-pi/amigo_ros2_pi/install/ublox_msgs/include/ublox_msgs/ublox_msgs/msg/detail/nav_pvt__traits.hpp
[10.677s] -- Up-to-date: /home/amigo-pi/amigo_ros2_pi/install/ublox_msgs/include/ublox_msgs/ublox_msgs/msg/detail/nav_posllh__builder.hpp
[10.677s] -- Up-to-date: /home/amigo-pi/amigo_ros2_pi/install/ublox_msgs/include/ublox_msgs/ublox_msgs/msg/detail/rxm_raw__type_support.hpp
[10.678s] -- Up-to-date: /home/amigo-pi/amigo_ros2_pi/install/ublox_msgs/include/ublox_msgs/ublox_msgs/msg/detail/cfg_prt__builder.hpp
[10.681s] -- Up-to-date: /home/amigo-pi/amigo_ros2_pi/install/ublox_msgs/include/ublox_msgs/ublox_msgs/msg/detail/nav_sbas__builder.hpp
[10.682s] -- Up-to-date: /home/amigo-pi/amigo_ros2_pi/install/ublox_msgs/include/ublox_msgs/ublox_msgs/msg/detail/aid_eph__struct.hpp
[10.686s] -- Up-to-date: /home/amigo-pi/amigo_ros2_pi/install/ublox_msgs/include/ublox_msgs/ublox_msgs/msg/nav_sbassv.hpp
[10.687s] -- Up-to-date: /home/amigo-pi/amigo_ros2_pi/install/ublox_msgs/include/ublox_msgs/ublox_msgs/msg/cfg_inf.hpp
[10.688s] -- Up-to-date: /home/amigo-pi/amigo_ros2_pi/install/ublox_msgs/include/ublox_msgs/ublox_msgs/msg/nav_sat.hpp
[10.689s] -- Up-to-date: /home/amigo-pi/amigo_ros2_pi/install/ublox_msgs/include/ublox_msgs/ublox_msgs/msg/nav_svinfo.hpp
[10.689s] -- Up-to-date: /home/amigo-pi/amigo_ros2_pi/install/ublox_msgs/include/ublox_msgs/ublox_msgs/msg/rxm_rtcm.hpp
[10.690s] -- Up-to-date: /home/amigo-pi/amigo_ros2_pi/install/ublox_msgs/include/ublox_msgs/ublox_msgs/msg/aid_hui.hpp
[10.691s] -- Up-to-date: /home/amigo-pi/amigo_ros2_pi/install/ublox_msgs/include/ublox_msgs/ublox_msgs/msg/nav_relposned9.hpp
[10.691s] -- Up-to-date: /home/amigo-pi/amigo_ros2_pi/install/ublox_msgs/include/ublox_msgs/ublox_msgs/msg/rxm_alm.hpp
[10.692s] -- Up-to-date: /home/amigo-pi/amigo_ros2_pi/install/ublox_msgs/include/ublox_msgs/ublox_msgs/msg/rxm_sfrbx.hpp
[10.692s] -- Up-to-date: /home/amigo-pi/amigo_ros2_pi/install/ublox_msgs/include/ublox_msgs/ublox_msgs/msg/nav_sol.hpp
[10.693s] -- Up-to-date: /home/amigo-pi/amigo_ros2_pi/install/ublox_msgs/include/ublox_msgs/ublox_msgs/msg/cfg_dat.hpp
[10.693s] -- Up-to-date: /home/amigo-pi/amigo_ros2_pi/install/ublox_msgs/include/ublox_msgs/ublox_msgs/msg/nav_status.hpp
[10.694s] -- Up-to-date: /home/amigo-pi/amigo_ros2_pi/install/ublox_msgs/include/ublox_msgs/ublox_msgs/msg/cfg_rst.hpp
[10.694s] -- Up-to-date: /home/amigo-pi/amigo_ros2_pi/install/ublox_msgs/include/ublox_msgs/ublox_msgs/msg/cfg_msg.hpp
[10.695s] -- Up-to-date: /home/amigo-pi/amigo_ros2_pi/install/ublox_msgs/include/ublox_msgs/ublox_msgs/msg/nav_att.hpp
[10.695s] -- Up-to-date: /home/amigo-pi/amigo_ros2_pi/install/ublox_msgs/include/ublox_msgs/ublox_msgs/msg/rxm_rawx_meas.hpp
[10.696s] -- Up-to-date: /home/amigo-pi/amigo_ros2_pi/install/ublox_msgs/include/ublox_msgs/ublox_msgs/msg/esf_status_sens.hpp
[10.700s] -- Up-to-date: /home/amigo-pi/amigo_ros2_pi/install/ublox_msgs/include/ublox_msgs/ublox_msgs/msg/cfg_nmea6.hpp
[10.701s] -- Up-to-date: /home/amigo-pi/amigo_ros2_pi/install/ublox_msgs/include/ublox_msgs/ublox_msgs/msg/ack.hpp
[10.702s] -- Up-to-date: /home/amigo-pi/amigo_ros2_pi/install/ublox_msgs/include/ublox_msgs/ublox_msgs/msg/nav_velned.hpp
[10.703s] -- Up-to-date: /home/amigo-pi/amigo_ros2_pi/install/ublox_msgs/include/ublox_msgs/ublox_msgs/msg/rxm_svsi.hpp
[10.705s] -- Up-to-date: /home/amigo-pi/amigo_ros2_pi/install/ublox_msgs/include/ublox_msgs/ublox_msgs/msg/cfg_nmea7.hpp
[10.706s] -- Up-to-date: /home/amigo-pi/amigo_ros2_pi/install/ublox_msgs/include/ublox_msgs/ublox_msgs/msg/nav_sbas.hpp
[10.707s] -- Up-to-date: /home/amigo-pi/amigo_ros2_pi/install/ublox_msgs/include/ublox_msgs/ublox_msgs/msg/upd_sos.hpp
[10.708s] -- Up-to-date: /home/amigo-pi/amigo_ros2_pi/install/ublox_msgs/include/ublox_msgs/ublox_msgs/msg/mon_hw6.hpp
[10.712s] -- Up-to-date: /home/amigo-pi/amigo_ros2_pi/install/ublox_msgs/include/ublox_msgs/ublox_msgs
[10.714s] -- Up-to-date: /home/amigo-pi/amigo_ros2_pi/install/ublox_msgs/include/ublox_msgs/ublox_msgs/msg
[10.715s] -- Up-to-date: /home/amigo-pi/amigo_ros2_pi/install/ublox_msgs/include/ublox_msgs/ublox_msgs/msg/rosidl_typesupport_fastrtps_cpp__visibility_control.h
[10.716s] -- Up-to-date: /home/amigo-pi/amigo_ros2_pi/install/ublox_msgs/include/ublox_msgs/ublox_msgs/msg/detail
[10.719s] -- Up-to-date: /home/amigo-pi/amigo_ros2_pi/install/ublox_msgs/include/ublox_msgs/ublox_msgs/msg/detail/cfg_inf_block__rosidl_typesupport_fastrtps_cpp.hpp
[10.720s] -- Up-to-date: /home/amigo-pi/amigo_ros2_pi/install/ublox_msgs/include/ublox_msgs/ublox_msgs/msg/detail/rxm_svsi__rosidl_typesupport_fastrtps_cpp.hpp
[10.721s] -- Up-to-date: /home/amigo-pi/amigo_ros2_pi/install/ublox_msgs/include/ublox_msgs/ublox_msgs/msg/detail/cfg_inf__rosidl_typesupport_fastrtps_cpp.hpp
[10.721s] -- Up-to-date: /home/amigo-pi/amigo_ros2_pi/install/ublox_msgs/include/ublox_msgs/ublox_msgs/msg/detail/cfg_nav5__rosidl_typesupport_fastrtps_cpp.hpp
[10.721s] -- Up-to-date: /home/amigo-pi/amigo_ros2_pi/install/ublox_msgs/include/ublox_msgs/ublox_msgs/msg/detail/cfg_nmea6__rosidl_typesupport_fastrtps_cpp.hpp
[10.722s] -- Up-to-date: /home/amigo-pi/amigo_ros2_pi/install/ublox_msgs/include/ublox_msgs/ublox_msgs/msg/detail/rxm_rawx__rosidl_typesupport_fastrtps_cpp.hpp
[10.722s] -- Up-to-date: /home/amigo-pi/amigo_ros2_pi/install/ublox_msgs/include/ublox_msgs/ublox_msgs/msg/detail/hnr_pvt__rosidl_typesupport_fastrtps_cpp.hpp
[10.723s] -- Up-to-date: /home/amigo-pi/amigo_ros2_pi/install/ublox_msgs/include/ublox_msgs/ublox_msgs/msg/detail/nav_pvt7__rosidl_typesupport_fastrtps_cpp.hpp
[10.724s] -- Up-to-date: /home/amigo-pi/amigo_ros2_pi/install/ublox_msgs/include/ublox_msgs/ublox_msgs/msg/detail/cfg_usb__rosidl_typesupport_fastrtps_cpp.hpp
[10.724s] -- Up-to-date: /home/amigo-pi/amigo_ros2_pi/install/ublox_msgs/include/ublox_msgs/ublox_msgs/msg/detail/nav_dgpssv__rosidl_typesupport_fastrtps_cpp.hpp
[10.725s] -- Up-to-date: /home/amigo-pi/amigo_ros2_pi/install/ublox_msgs/include/ublox_msgs/ublox_msgs/msg/detail/cfg_cfg__rosidl_typesupport_fastrtps_cpp.hpp
[10.726s] -- Up-to-date: /home/amigo-pi/amigo_ros2_pi/install/ublox_msgs/include/ublox_msgs/ublox_msgs/msg/detail/cfg_dat__rosidl_typesupport_fastrtps_cpp.hpp
[10.727s] -- Up-to-date: /home/amigo-pi/amigo_ros2_pi/install/ublox_msgs/include/ublox_msgs/ublox_msgs/msg/detail/cfg_prt__rosidl_typesupport_fastrtps_cpp.hpp
[10.727s] -- Up-to-date: /home/amigo-pi/amigo_ros2_pi/install/ublox_msgs/include/ublox_msgs/ublox_msgs/msg/detail/esf_raw_block__rosidl_typesupport_fastrtps_cpp.hpp
[10.727s] -- Up-to-date: /home/amigo-pi/amigo_ros2_pi/install/ublox_msgs/include/ublox_msgs/ublox_msgs/msg/detail/rxm_rawsv__rosidl_typesupport_fastrtps_cpp.hpp
[10.728s] -- Up-to-date: /home/amigo-pi/amigo_ros2_pi/install/ublox_msgs/include/ublox_msgs/ublox_msgs/msg/detail/mga_gal__rosidl_typesupport_fastrtps_cpp.hpp
[10.729s] -- Up-to-date: /home/amigo-pi/amigo_ros2_pi/install/ublox_msgs/include/ublox_msgs/ublox_msgs/msg/detail/esf_status_sens__rosidl_typesupport_fastrtps_cpp.hpp
[10.730s] -- Up-to-date: /home/amigo-pi/amigo_ros2_pi/install/ublox_msgs/include/ublox_msgs/ublox_msgs/msg/detail/nav_sol__rosidl_typesupport_fastrtps_cpp.hpp
[10.731s] -- Up-to-date: /home/amigo-pi/amigo_ros2_pi/install/ublox_msgs/include/ublox_msgs/ublox_msgs/msg/detail/tim_tm2__rosidl_typesupport_fastrtps_cpp.hpp
[10.732s] -- Up-to-date: /home/amigo-pi/amigo_ros2_pi/install/ublox_msgs/include/ublox_msgs/ublox_msgs/msg/detail/cfg_gnss__rosidl_typesupport_fastrtps_cpp.hpp
[10.736s] -- Up-to-date: /home/amigo-pi/amigo_ros2_pi/install/ublox_msgs/include/ublox_msgs/ublox_msgs/msg/detail/cfg_rst__rosidl_typesupport_fastrtps_cpp.hpp
[10.738s] -- Up-to-date: /home/amigo-pi/amigo_ros2_pi/install/ublox_msgs/include/ublox_msgs/ublox_msgs/msg/detail/nav_satsv__rosidl_typesupport_fastrtps_cpp.hpp
[10.739s] -- Up-to-date: /home/amigo-pi/amigo_ros2_pi/install/ublox_msgs/include/ublox_msgs/ublox_msgs/msg/detail/nav_dgps__rosidl_typesupport_fastrtps_cpp.hpp
[10.754s] -- Up-to-date: /home/amigo-pi/amigo_ros2_pi/install/ublox_msgs/include/ublox_msgs/ublox_msgs/msg/detail/cfg_rate__rosidl_typesupport_fastrtps_cpp.hpp
[10.757s] -- Up-to-date: /home/amigo-pi/amigo_ros2_pi/install/ublox_msgs/include/ublox_msgs/ublox_msgs/msg/detail/nav_sbas__rosidl_typesupport_fastrtps_cpp.hpp
[10.758s] -- Up-to-date: /home/amigo-pi/amigo_ros2_pi/install/ublox_msgs/include/ublox_msgs/ublox_msgs/msg/detail/nav_sbassv__rosidl_typesupport_fastrtps_cpp.hpp
[10.761s] -- Up-to-date: /home/amigo-pi/amigo_ros2_pi/install/ublox_msgs/include/ublox_msgs/ublox_msgs/msg/detail/rxm_rtcm__rosidl_typesupport_fastrtps_cpp.hpp
[10.768s] -- Up-to-date: /home/amigo-pi/amigo_ros2_pi/install/ublox_msgs/include/ublox_msgs/ublox_msgs/msg/detail/cfg_sbas__rosidl_typesupport_fastrtps_cpp.hpp
[10.772s] -- Up-to-date: /home/amigo-pi/amigo_ros2_pi/install/ublox_msgs/include/ublox_msgs/ublox_msgs/msg/detail/cfg_nmea__rosidl_typesupport_fastrtps_cpp.hpp
[10.780s] -- Up-to-date: /home/amigo-pi/amigo_ros2_pi/install/ublox_msgs/include/ublox_msgs/ublox_msgs/msg/detail/mon_hw__rosidl_typesupport_fastrtps_cpp.hpp
[10.782s] -- Up-to-date: /home/amigo-pi/amigo_ros2_pi/install/ublox_msgs/include/ublox_msgs/ublox_msgs/msg/detail/mon_ver__rosidl_typesupport_fastrtps_cpp.hpp
[10.784s] -- Up-to-date: /home/amigo-pi/amigo_ros2_pi/install/ublox_msgs/include/ublox_msgs/ublox_msgs/msg/detail/nav_posecef__rosidl_typesupport_fastrtps_cpp.hpp
[10.785s] -- Up-to-date: /home/amigo-pi/amigo_ros2_pi/install/ublox_msgs/include/ublox_msgs/ublox_msgs/msg/detail/cfg_ant__rosidl_typesupport_fastrtps_cpp.hpp
[10.786s] -- Up-to-date: /home/amigo-pi/amigo_ros2_pi/install/ublox_msgs/include/ublox_msgs/ublox_msgs/msg/detail/esf_status__rosidl_typesupport_fastrtps_cpp.hpp
[10.791s] -- Up-to-date: /home/amigo-pi/amigo_ros2_pi/install/ublox_msgs/include/ublox_msgs/ublox_msgs/msg/detail/nav_dop__rosidl_typesupport_fastrtps_cpp.hpp
[10.796s] -- Up-to-date: /home/amigo-pi/amigo_ros2_pi/install/ublox_msgs/include/ublox_msgs/ublox_msgs/msg/detail/esf_ins__rosidl_typesupport_fastrtps_cpp.hpp
[10.797s] -- Up-to-date: /home/amigo-pi/amigo_ros2_pi/install/ublox_msgs/include/ublox_msgs/ublox_msgs/msg/detail/nav_svinfo__rosidl_typesupport_fastrtps_cpp.hpp
[10.799s] -- Up-to-date: /home/amigo-pi/amigo_ros2_pi/install/ublox_msgs/include/ublox_msgs/ublox_msgs/msg/detail/cfg_navx5__rosidl_typesupport_fastrtps_cpp.hpp
[10.800s] -- Up-to-date: /home/amigo-pi/amigo_ros2_pi/install/ublox_msgs/include/ublox_msgs/ublox_msgs/msg/detail/cfg_tmode3__rosidl_typesupport_fastrtps_cpp.hpp
[10.801s] -- Up-to-date: /home/amigo-pi/amigo_ros2_pi/install/ublox_msgs/include/ublox_msgs/ublox_msgs/msg/detail/nav_timeutc__rosidl_typesupport_fastrtps_cpp.hpp
[10.802s] -- Up-to-date: /home/amigo-pi/amigo_ros2_pi/install/ublox_msgs/include/ublox_msgs/ublox_msgs/msg/detail/aid_alm__rosidl_typesupport_fastrtps_cpp.hpp
[10.803s] -- Up-to-date: /home/amigo-pi/amigo_ros2_pi/install/ublox_msgs/include/ublox_msgs/ublox_msgs/msg/detail/nav_velned__rosidl_typesupport_fastrtps_cpp.hpp
[10.804s] -- Up-to-date: /home/amigo-pi/amigo_ros2_pi/install/ublox_msgs/include/ublox_msgs/ublox_msgs/msg/detail/nav_status__rosidl_typesupport_fastrtps_cpp.hpp
[10.805s] -- Up-to-date: /home/amigo-pi/amigo_ros2_pi/install/ublox_msgs/include/ublox_msgs/ublox_msgs/msg/detail/cfg_dgnss__rosidl_typesupport_fastrtps_cpp.hpp
[10.805s] -- Up-to-date: /home/amigo-pi/amigo_ros2_pi/install/ublox_msgs/include/ublox_msgs/ublox_msgs/msg/detail/dds_fastrtps
[10.806s] -- Up-to-date: /home/amigo-pi/amigo_ros2_pi/install/ublox_msgs/include/ublox_msgs/ublox_msgs/msg/detail/nav_svinfosv__rosidl_typesupport_fastrtps_cpp.hpp
[10.807s] -- Up-to-date: /home/amigo-pi/amigo_ros2_pi/install/ublox_msgs/include/ublox_msgs/ublox_msgs/msg/detail/rxm_raw__rosidl_typesupport_fastrtps_cpp.hpp
[10.809s] -- Up-to-date: /home/amigo-pi/amigo_ros2_pi/install/ublox_msgs/include/ublox_msgs/ublox_msgs/msg/detail/esf_raw__rosidl_typesupport_fastrtps_cpp.hpp
[10.809s] -- Up-to-date: /home/amigo-pi/amigo_ros2_pi/install/ublox_msgs/include/ublox_msgs/ublox_msgs/msg/detail/upd_sos_ack__rosidl_typesupport_fastrtps_cpp.hpp
[10.810s] -- Up-to-date: /home/amigo-pi/amigo_ros2_pi/install/ublox_msgs/include/ublox_msgs/ublox_msgs/msg/detail/nav_clock__rosidl_typesupport_fastrtps_cpp.hpp
[10.810s] -- Up-to-date: /home/amigo-pi/amigo_ros2_pi/install/ublox_msgs/include/ublox_msgs/ublox_msgs/msg/detail/aid_eph__rosidl_typesupport_fastrtps_cpp.hpp
[10.811s] -- Up-to-date: /home/amigo-pi/amigo_ros2_pi/install/ublox_msgs/include/ublox_msgs/ublox_msgs/msg/detail/nav_relposned9__rosidl_typesupport_fastrtps_cpp.hpp
[10.812s] -- Up-to-date: /home/amigo-pi/amigo_ros2_pi/install/ublox_msgs/include/ublox_msgs/ublox_msgs/msg/detail/mon_ver_extension__rosidl_typesupport_fastrtps_cpp.hpp
[10.812s] -- Up-to-date: /home/amigo-pi/amigo_ros2_pi/install/ublox_msgs/include/ublox_msgs/ublox_msgs/msg/detail/cfg_msg__rosidl_typesupport_fastrtps_cpp.hpp
[10.813s] -- Up-to-date: /home/amigo-pi/amigo_ros2_pi/install/ublox_msgs/include/ublox_msgs/ublox_msgs/msg/detail/mon_hw6__rosidl_typesupport_fastrtps_cpp.hpp
[10.814s] -- Up-to-date: /home/amigo-pi/amigo_ros2_pi/install/ublox_msgs/include/ublox_msgs/ublox_msgs/msg/detail/cfg_hnr__rosidl_typesupport_fastrtps_cpp.hpp
[10.814s] -- Up-to-date: /home/amigo-pi/amigo_ros2_pi/install/ublox_msgs/include/ublox_msgs/ublox_msgs/msg/detail/nav_pvt__rosidl_typesupport_fastrtps_cpp.hpp
[10.815s] -- Up-to-date: /home/amigo-pi/amigo_ros2_pi/install/ublox_msgs/include/ublox_msgs/ublox_msgs/msg/detail/cfg_gnss_block__rosidl_typesupport_fastrtps_cpp.hpp
[10.818s] -- Up-to-date: /home/amigo-pi/amigo_ros2_pi/install/ublox_msgs/include/ublox_msgs/ublox_msgs/msg/detail/nav_sat__rosidl_typesupport_fastrtps_cpp.hpp
[10.820s] -- Up-to-date: /home/amigo-pi/amigo_ros2_pi/install/ublox_msgs/include/ublox_msgs/ublox_msgs/msg/detail/rxm_eph__rosidl_typesupport_fastrtps_cpp.hpp
[10.821s] -- Up-to-date: /home/amigo-pi/amigo_ros2_pi/install/ublox_msgs/include/ublox_msgs/ublox_msgs/msg/detail/nav_att__rosidl_typesupport_fastrtps_cpp.hpp
[10.821s] -- Up-to-date: /home/amigo-pi/amigo_ros2_pi/install/ublox_msgs/include/ublox_msgs/ublox_msgs/msg/detail/rxm_rawx_meas__rosidl_typesupport_fastrtps_cpp.hpp
[10.823s] -- Up-to-date: /home/amigo-pi/amigo_ros2_pi/install/ublox_msgs/include/ublox_msgs/ublox_msgs/msg/detail/esf_meas__rosidl_typesupport_fastrtps_cpp.hpp
[10.835s] -- Up-to-date: /home/amigo-pi/amigo_ros2_pi/install/ublox_msgs/include/ublox_msgs/ublox_msgs/msg/detail/cfg_nmea7__rosidl_typesupport_fastrtps_cpp.hpp
[10.839s] -- Up-to-date: /home/amigo-pi/amigo_ros2_pi/install/ublox_msgs/include/ublox_msgs/ublox_msgs/msg/detail/inf__rosidl_typesupport_fastrtps_cpp.hpp
[10.841s] -- Up-to-date: /home/amigo-pi/amigo_ros2_pi/install/ublox_msgs/include/ublox_msgs/ublox_msgs/msg/detail/nav_posllh__rosidl_typesupport_fastrtps_cpp.hpp
[10.843s] -- Up-to-date: /home/amigo-pi/amigo_ros2_pi/install/ublox_msgs/include/ublox_msgs/ublox_msgs/msg/detail/rxm_svsisv__rosidl_typesupport_fastrtps_cpp.hpp
[10.844s] -- Up-to-date: /home/amigo-pi/amigo_ros2_pi/install/ublox_msgs/include/ublox_msgs/ublox_msgs/msg/detail/ack__rosidl_typesupport_fastrtps_cpp.hpp
[10.846s] -- Up-to-date: /home/amigo-pi/amigo_ros2_pi/install/ublox_msgs/include/ublox_msgs/ublox_msgs/msg/detail/nav_velecef__rosidl_typesupport_fastrtps_cpp.hpp
[10.847s] -- Up-to-date: /home/amigo-pi/amigo_ros2_pi/install/ublox_msgs/include/ublox_msgs/ublox_msgs/msg/detail/nav_svin__rosidl_typesupport_fastrtps_cpp.hpp
[10.849s] -- Up-to-date: /home/amigo-pi/amigo_ros2_pi/install/ublox_msgs/include/ublox_msgs/ublox_msgs/msg/detail/rxm_sfrb__rosidl_typesupport_fastrtps_cpp.hpp
[10.851s] -- Up-to-date: /home/amigo-pi/amigo_ros2_pi/install/ublox_msgs/include/ublox_msgs/ublox_msgs/msg/detail/mon_gnss__rosidl_typesupport_fastrtps_cpp.hpp
[10.852s] -- Up-to-date: /home/amigo-pi/amigo_ros2_pi/install/ublox_msgs/include/ublox_msgs/ublox_msgs/msg/detail/aid_hui__rosidl_typesupport_fastrtps_cpp.hpp
[10.854s] -- Up-to-date: /home/amigo-pi/amigo_ros2_pi/install/ublox_msgs/include/ublox_msgs/ublox_msgs/msg/detail/rxm_sfrbx__rosidl_typesupport_fastrtps_cpp.hpp
[10.856s] -- Up-to-date: /home/amigo-pi/amigo_ros2_pi/install/ublox_msgs/include/ublox_msgs/ublox_msgs/msg/detail/nav_timegps__rosidl_typesupport_fastrtps_cpp.hpp
[10.857s] -- Up-to-date: /home/amigo-pi/amigo_ros2_pi/install/ublox_msgs/include/ublox_msgs/ublox_msgs/msg/detail/nav_relposned__rosidl_typesupport_fastrtps_cpp.hpp
[10.858s] -- Up-to-date: /home/amigo-pi/amigo_ros2_pi/install/ublox_msgs/include/ublox_msgs/ublox_msgs/msg/detail/upd_sos__rosidl_typesupport_fastrtps_cpp.hpp
[10.862s] -- Up-to-date: /home/amigo-pi/amigo_ros2_pi/install/ublox_msgs/include/ublox_msgs/ublox_msgs/msg/detail/rxm_alm__rosidl_typesupport_fastrtps_cpp.hpp
[10.865s] -- Up-to-date: /home/amigo-pi/amigo_ros2_pi/install/ublox_msgs/lib/libublox_msgs__rosidl_typesupport_fastrtps_cpp.so
[10.869s] -- Up-to-date: /home/amigo-pi/amigo_ros2_pi/install/ublox_msgs/include/ublox_msgs/ublox_msgs
[10.870s] -- Up-to-date: /home/amigo-pi/amigo_ros2_pi/install/ublox_msgs/include/ublox_msgs/ublox_msgs/msg
[10.873s] -- Up-to-date: /home/amigo-pi/amigo_ros2_pi/install/ublox_msgs/include/ublox_msgs/ublox_msgs/msg/detail
[10.875s] -- Up-to-date: /home/amigo-pi/amigo_ros2_pi/install/ublox_msgs/include/ublox_msgs/ublox_msgs/msg/detail/rxm_eph__type_support.cpp
[10.877s] -- Up-to-date: /home/amigo-pi/amigo_ros2_pi/install/ublox_msgs/include/ublox_msgs/ublox_msgs/msg/detail/nav_satsv__rosidl_typesupport_introspection_cpp.hpp
[10.879s] -- Up-to-date: /home/amigo-pi/amigo_ros2_pi/install/ublox_msgs/include/ublox_msgs/ublox_msgs/msg/detail/cfg_nav5__type_support.cpp
[10.882s] -- Up-to-date: /home/amigo-pi/amigo_ros2_pi/install/ublox_msgs/include/ublox_msgs/ublox_msgs/msg/detail/rxm_raw__rosidl_typesupport_introspection_cpp.hpp
[10.883s] -- Up-to-date: /home/amigo-pi/amigo_ros2_pi/install/ublox_msgs/include/ublox_msgs/ublox_msgs/msg/detail/cfg_nmea__type_support.cpp
[10.885s] -- Up-to-date: /home/amigo-pi/amigo_ros2_pi/install/ublox_msgs/include/ublox_msgs/ublox_msgs/msg/detail/aid_alm__rosidl_typesupport_introspection_cpp.hpp
[10.889s] -- Up-to-date: /home/amigo-pi/amigo_ros2_pi/install/ublox_msgs/include/ublox_msgs/ublox_msgs/msg/detail/nav_velecef__rosidl_typesupport_introspection_cpp.hpp
[10.893s] -- Up-to-date: /home/amigo-pi/amigo_ros2_pi/install/ublox_msgs/include/ublox_msgs/ublox_msgs/msg/detail/rxm_sfrb__rosidl_typesupport_introspection_cpp.hpp
[10.895s] -- Up-to-date: /home/amigo-pi/amigo_ros2_pi/install/ublox_msgs/include/ublox_msgs/ublox_msgs/msg/detail/tim_tm2__type_support.cpp
[10.898s] -- Up-to-date: /home/amigo-pi/amigo_ros2_pi/install/ublox_msgs/include/ublox_msgs/ublox_msgs/msg/detail/cfg_ant__type_support.cpp
[10.903s] -- Up-to-date: /home/amigo-pi/amigo_ros2_pi/install/ublox_msgs/include/ublox_msgs/ublox_msgs/msg/detail/nav_timeutc__rosidl_typesupport_introspection_cpp.hpp
[10.907s] -- Up-to-date: /home/amigo-pi/amigo_ros2_pi/install/ublox_msgs/include/ublox_msgs/ublox_msgs/msg/detail/cfg_dat__type_support.cpp
[10.915s] -- Up-to-date: /home/amigo-pi/amigo_ros2_pi/install/ublox_msgs/include/ublox_msgs/ublox_msgs/msg/detail/nav_sbassv__type_support.cpp
[10.917s] -- Up-to-date: /home/amigo-pi/amigo_ros2_pi/install/ublox_msgs/include/ublox_msgs/ublox_msgs/msg/detail/nav_velned__type_support.cpp
[10.919s] -- Up-to-date: /home/amigo-pi/amigo_ros2_pi/install/ublox_msgs/include/ublox_msgs/ublox_msgs/msg/detail/esf_meas__rosidl_typesupport_introspection_cpp.hpp
[10.921s] -- Up-to-date: /home/amigo-pi/amigo_ros2_pi/install/ublox_msgs/include/ublox_msgs/ublox_msgs/msg/detail/mon_ver__type_support.cpp
[10.926s] -- Up-to-date: /home/amigo-pi/amigo_ros2_pi/install/ublox_msgs/include/ublox_msgs/ublox_msgs/msg/detail/cfg_hnr__rosidl_typesupport_introspection_cpp.hpp
[10.927s] -- Up-to-date: /home/amigo-pi/amigo_ros2_pi/install/ublox_msgs/include/ublox_msgs/ublox_msgs/msg/detail/cfg_usb__type_support.cpp
[10.939s] -- Up-to-date: /home/amigo-pi/amigo_ros2_pi/install/ublox_msgs/include/ublox_msgs/ublox_msgs/msg/detail/nav_relposned9__type_support.cpp
[10.941s] -- Up-to-date: /home/amigo-pi/amigo_ros2_pi/install/ublox_msgs/include/ublox_msgs/ublox_msgs/msg/detail/aid_eph__rosidl_typesupport_introspection_cpp.hpp
[10.957s] -- Up-to-date: /home/amigo-pi/amigo_ros2_pi/install/ublox_msgs/include/ublox_msgs/ublox_msgs/msg/detail/rxm_rtcm__rosidl_typesupport_introspection_cpp.hpp
[10.965s] -- Up-to-date: /home/amigo-pi/amigo_ros2_pi/install/ublox_msgs/include/ublox_msgs/ublox_msgs/msg/detail/mon_ver_extension__type_support.cpp
[10.976s] -- Up-to-date: /home/amigo-pi/amigo_ros2_pi/install/ublox_msgs/include/ublox_msgs/ublox_msgs/msg/detail/rxm_eph__rosidl_typesupport_introspection_cpp.hpp
[10.983s] -- Up-to-date: /home/amigo-pi/amigo_ros2_pi/install/ublox_msgs/include/ublox_msgs/ublox_msgs/msg/detail/rxm_rawx_meas__rosidl_typesupport_introspection_cpp.hpp
[10.990s] -- Up-to-date: /home/amigo-pi/amigo_ros2_pi/install/ublox_msgs/include/ublox_msgs/ublox_msgs/msg/detail/esf_status_sens__type_support.cpp
[10.994s] -- Up-to-date: /home/amigo-pi/amigo_ros2_pi/install/ublox_msgs/include/ublox_msgs/ublox_msgs/msg/detail/esf_raw_block__rosidl_typesupport_introspection_cpp.hpp
[11.005s] -- Up-to-date: /home/amigo-pi/amigo_ros2_pi/install/ublox_msgs/include/ublox_msgs/ublox_msgs/msg/detail/nav_sat__rosidl_typesupport_introspection_cpp.hpp
[11.015s] -- Up-to-date: /home/amigo-pi/amigo_ros2_pi/install/ublox_msgs/include/ublox_msgs/ublox_msgs/msg/detail/nav_timegps__rosidl_typesupport_introspection_cpp.hpp
[11.022s] -- Up-to-date: /home/amigo-pi/amigo_ros2_pi/install/ublox_msgs/include/ublox_msgs/ublox_msgs/msg/detail/nav_timeutc__type_support.cpp
[11.024s] -- Up-to-date: /home/amigo-pi/amigo_ros2_pi/install/ublox_msgs/include/ublox_msgs/ublox_msgs/msg/detail/esf_raw__type_support.cpp
[11.026s] -- Up-to-date: /home/amigo-pi/amigo_ros2_pi/install/ublox_msgs/include/ublox_msgs/ublox_msgs/msg/detail/nav_posecef__type_support.cpp
[11.028s] -- Up-to-date: /home/amigo-pi/amigo_ros2_pi/install/ublox_msgs/include/ublox_msgs/ublox_msgs/msg/detail/upd_sos__rosidl_typesupport_introspection_cpp.hpp
[11.030s] -- Up-to-date: /home/amigo-pi/amigo_ros2_pi/install/ublox_msgs/include/ublox_msgs/ublox_msgs/msg/detail/nav_dop__type_support.cpp
[11.033s] -- Up-to-date: /home/amigo-pi/amigo_ros2_pi/install/ublox_msgs/include/ublox_msgs/ublox_msgs/msg/detail/nav_velecef__type_support.cpp
[11.035s] -- Up-to-date: /home/amigo-pi/amigo_ros2_pi/install/ublox_msgs/include/ublox_msgs/ublox_msgs/msg/detail/cfg_msg__rosidl_typesupport_introspection_cpp.hpp
[11.037s] -- Up-to-date: /home/amigo-pi/amigo_ros2_pi/install/ublox_msgs/include/ublox_msgs/ublox_msgs/msg/detail/nav_relposned9__rosidl_typesupport_introspection_cpp.hpp
[11.038s] -- Up-to-date: /home/amigo-pi/amigo_ros2_pi/install/ublox_msgs/include/ublox_msgs/ublox_msgs/msg/detail/rxm_alm__type_support.cpp
[11.040s] -- Up-to-date: /home/amigo-pi/amigo_ros2_pi/install/ublox_msgs/include/ublox_msgs/ublox_msgs/msg/detail/nav_svinfo__rosidl_typesupport_introspection_cpp.hpp
[11.041s] -- Up-to-date: /home/amigo-pi/amigo_ros2_pi/install/ublox_msgs/include/ublox_msgs/ublox_msgs/msg/detail/mon_gnss__type_support.cpp
[11.042s] -- Up-to-date: /home/amigo-pi/amigo_ros2_pi/install/ublox_msgs/include/ublox_msgs/ublox_msgs/msg/detail/rxm_svsisv__rosidl_typesupport_introspection_cpp.hpp
[11.046s] -- Up-to-date: /home/amigo-pi/amigo_ros2_pi/install/ublox_msgs/include/ublox_msgs/ublox_msgs/msg/detail/nav_dgpssv__type_support.cpp
[11.052s] -- Up-to-date: /home/amigo-pi/amigo_ros2_pi/install/ublox_msgs/include/ublox_msgs/ublox_msgs/msg/detail/nav_satsv__type_support.cpp
[11.055s] -- Up-to-date: /home/amigo-pi/amigo_ros2_pi/install/ublox_msgs/include/ublox_msgs/ublox_msgs/msg/detail/nav_svinfosv__type_support.cpp
[11.056s] -- Up-to-date: /home/amigo-pi/amigo_ros2_pi/install/ublox_msgs/include/ublox_msgs/ublox_msgs/msg/detail/aid_hui__type_support.cpp
[11.059s] -- Up-to-date: /home/amigo-pi/amigo_ros2_pi/install/ublox_msgs/include/ublox_msgs/ublox_msgs/msg/detail/nav_sbas__type_support.cpp
[11.062s] -- Up-to-date: /home/amigo-pi/amigo_ros2_pi/install/ublox_msgs/include/ublox_msgs/ublox_msgs/msg/detail/cfg_nmea7__type_support.cpp
[11.066s] -- Up-to-date: /home/amigo-pi/amigo_ros2_pi/install/ublox_msgs/include/ublox_msgs/ublox_msgs/msg/detail/nav_clock__type_support.cpp
[11.091s] -- Up-to-date: /home/amigo-pi/amigo_ros2_pi/install/ublox_msgs/include/ublox_msgs/ublox_msgs/msg/detail/cfg_navx5__type_support.cpp
[11.097s] -- Up-to-date: /home/amigo-pi/amigo_ros2_pi/install/ublox_msgs/include/ublox_msgs/ublox_msgs/msg/detail/esf_ins__rosidl_typesupport_introspection_cpp.hpp
[11.108s] -- Up-to-date: /home/amigo-pi/amigo_ros2_pi/install/ublox_msgs/include/ublox_msgs/ublox_msgs/msg/detail/cfg_sbas__type_support.cpp
[11.116s] -- Up-to-date: /home/amigo-pi/amigo_ros2_pi/install/ublox_msgs/include/ublox_msgs/ublox_msgs/msg/detail/nav_dgps__rosidl_typesupport_introspection_cpp.hpp
[11.123s] -- Up-to-date: /home/amigo-pi/amigo_ros2_pi/install/ublox_msgs/include/ublox_msgs/ublox_msgs/msg/detail/esf_raw_block__type_support.cpp
[11.126s] -- Up-to-date: /home/amigo-pi/amigo_ros2_pi/install/ublox_msgs/include/ublox_msgs/ublox_msgs/msg/detail/nav_sol__type_support.cpp
[11.127s] -- Up-to-date: /home/amigo-pi/amigo_ros2_pi/install/ublox_msgs/include/ublox_msgs/ublox_msgs/msg/detail/rxm_raw__type_support.cpp
[11.128s] -- Up-to-date: /home/amigo-pi/amigo_ros2_pi/install/ublox_msgs/include/ublox_msgs/ublox_msgs/msg/detail/mon_ver__rosidl_typesupport_introspection_cpp.hpp
[11.129s] -- Up-to-date: /home/amigo-pi/amigo_ros2_pi/install/ublox_msgs/include/ublox_msgs/ublox_msgs/msg/detail/nav_dgpssv__rosidl_typesupport_introspection_cpp.hpp
[11.130s] -- Up-to-date: /home/amigo-pi/amigo_ros2_pi/install/ublox_msgs/include/ublox_msgs/ublox_msgs/msg/detail/nav_status__type_support.cpp
[11.132s] -- Up-to-date: /home/amigo-pi/amigo_ros2_pi/install/ublox_msgs/include/ublox_msgs/ublox_msgs/msg/detail/esf_raw__rosidl_typesupport_introspection_cpp.hpp
[11.134s] -- Up-to-date: /home/amigo-pi/amigo_ros2_pi/install/ublox_msgs/include/ublox_msgs/ublox_msgs/msg/detail/nav_relposned__rosidl_typesupport_introspection_cpp.hpp
[11.136s] -- Up-to-date: /home/amigo-pi/amigo_ros2_pi/install/ublox_msgs/include/ublox_msgs/ublox_msgs/msg/detail/esf_status_sens__rosidl_typesupport_introspection_cpp.hpp
[11.149s] -- Up-to-date: /home/amigo-pi/amigo_ros2_pi/install/ublox_msgs/include/ublox_msgs/ublox_msgs/msg/detail/cfg_hnr__type_support.cpp
[11.157s] -- Up-to-date: /home/amigo-pi/amigo_ros2_pi/install/ublox_msgs/include/ublox_msgs/ublox_msgs/msg/detail/mon_hw6__type_support.cpp
[11.158s] -- Up-to-date: /home/amigo-pi/amigo_ros2_pi/install/ublox_msgs/include/ublox_msgs/ublox_msgs/msg/detail/cfg_nmea6__rosidl_typesupport_introspection_cpp.hpp
[11.160s] -- Up-to-date: /home/amigo-pi/amigo_ros2_pi/install/ublox_msgs/include/ublox_msgs/ublox_msgs/msg/detail/cfg_tmode3__type_support.cpp
[11.163s] -- Up-to-date: /home/amigo-pi/amigo_ros2_pi/install/ublox_msgs/include/ublox_msgs/ublox_msgs/msg/detail/rxm_rawx__rosidl_typesupport_introspection_cpp.hpp
[11.165s] -- Up-to-date: /home/amigo-pi/amigo_ros2_pi/install/ublox_msgs/include/ublox_msgs/ublox_msgs/msg/detail/inf__type_support.cpp
[11.167s] -- Up-to-date: /home/amigo-pi/amigo_ros2_pi/install/ublox_msgs/include/ublox_msgs/ublox_msgs/msg/detail/rxm_sfrbx__rosidl_typesupport_introspection_cpp.hpp
[11.170s] -- Up-to-date: /home/amigo-pi/amigo_ros2_pi/install/ublox_msgs/include/ublox_msgs/ublox_msgs/msg/detail/cfg_usb__rosidl_typesupport_introspection_cpp.hpp
[11.173s] -- Up-to-date: /home/amigo-pi/amigo_ros2_pi/install/ublox_msgs/include/ublox_msgs/ublox_msgs/msg/detail/cfg_nmea7__rosidl_typesupport_introspection_cpp.hpp
[11.176s] -- Up-to-date: /home/amigo-pi/amigo_ros2_pi/install/ublox_msgs/include/ublox_msgs/ublox_msgs/msg/detail/nav_pvt7__rosidl_typesupport_introspection_cpp.hpp
[11.178s] -- Up-to-date: /home/amigo-pi/amigo_ros2_pi/install/ublox_msgs/include/ublox_msgs/ublox_msgs/msg/detail/nav_pvt__type_support.cpp
[11.180s] -- Up-to-date: /home/amigo-pi/amigo_ros2_pi/install/ublox_msgs/include/ublox_msgs/ublox_msgs/msg/detail/mon_hw__rosidl_typesupport_introspection_cpp.hpp
[11.181s] -- Up-to-date: /home/amigo-pi/amigo_ros2_pi/install/ublox_msgs/include/ublox_msgs/ublox_msgs/msg/detail/nav_att__type_support.cpp
[11.182s] -- Up-to-date: /home/amigo-pi/amigo_ros2_pi/install/ublox_msgs/include/ublox_msgs/ublox_msgs/msg/detail/nav_dgps__type_support.cpp
[11.183s] -- Up-to-date: /home/amigo-pi/amigo_ros2_pi/install/ublox_msgs/include/ublox_msgs/ublox_msgs/msg/detail/cfg_msg__type_support.cpp
[11.186s] -- Up-to-date: /home/amigo-pi/amigo_ros2_pi/install/ublox_msgs/include/ublox_msgs/ublox_msgs/msg/detail/esf_status__rosidl_typesupport_introspection_cpp.hpp
[11.189s] -- Up-to-date: /home/amigo-pi/amigo_ros2_pi/install/ublox_msgs/include/ublox_msgs/ublox_msgs/msg/detail/cfg_rate__rosidl_typesupport_introspection_cpp.hpp
[11.193s] -- Up-to-date: /home/amigo-pi/amigo_ros2_pi/install/ublox_msgs/include/ublox_msgs/ublox_msgs/msg/detail/cfg_nmea__rosidl_typesupport_introspection_cpp.hpp
[11.199s] -- Up-to-date: /home/amigo-pi/amigo_ros2_pi/install/ublox_msgs/include/ublox_msgs/ublox_msgs/msg/detail/mon_ver_extension__rosidl_typesupport_introspection_cpp.hpp
[11.201s] -- Up-to-date: /home/amigo-pi/amigo_ros2_pi/install/ublox_msgs/include/ublox_msgs/ublox_msgs/msg/detail/esf_status__type_support.cpp
[11.204s] -- Up-to-date: /home/amigo-pi/amigo_ros2_pi/install/ublox_msgs/include/ublox_msgs/ublox_msgs/msg/detail/tim_tm2__rosidl_typesupport_introspection_cpp.hpp
[11.210s] -- Up-to-date: /home/amigo-pi/amigo_ros2_pi/install/ublox_msgs/include/ublox_msgs/ublox_msgs/msg/detail/nav_svinfosv__rosidl_typesupport_introspection_cpp.hpp
[11.217s] -- Up-to-date: /home/amigo-pi/amigo_ros2_pi/install/ublox_msgs/include/ublox_msgs/ublox_msgs/msg/detail/cfg_rate__type_support.cpp
[11.220s] -- Up-to-date: /home/amigo-pi/amigo_ros2_pi/install/ublox_msgs/include/ublox_msgs/ublox_msgs/msg/detail/cfg_dgnss__type_support.cpp
[11.221s] -- Up-to-date: /home/amigo-pi/amigo_ros2_pi/install/ublox_msgs/include/ublox_msgs/ublox_msgs/msg/detail/rxm_svsi__rosidl_typesupport_introspection_cpp.hpp
[11.222s] -- Up-to-date: /home/amigo-pi/amigo_ros2_pi/install/ublox_msgs/include/ublox_msgs/ublox_msgs/msg/detail/nav_dop__rosidl_typesupport_introspection_cpp.hpp
[11.223s] -- Up-to-date: /home/amigo-pi/amigo_ros2_pi/install/ublox_msgs/include/ublox_msgs/ublox_msgs/msg/detail/upd_sos_ack__type_support.cpp
[11.225s] -- Up-to-date: /home/amigo-pi/amigo_ros2_pi/install/ublox_msgs/include/ublox_msgs/ublox_msgs/msg/detail/nav_timegps__type_support.cpp
[11.227s] -- Up-to-date: /home/amigo-pi/amigo_ros2_pi/install/ublox_msgs/include/ublox_msgs/ublox_msgs/msg/detail/aid_eph__type_support.cpp
[11.233s] -- Up-to-date: /home/amigo-pi/amigo_ros2_pi/install/ublox_msgs/include/ublox_msgs/ublox_msgs/msg/detail/cfg_inf__type_support.cpp
[11.234s] -- Up-to-date: /home/amigo-pi/amigo_ros2_pi/install/ublox_msgs/include/ublox_msgs/ublox_msgs/msg/detail/nav_velned__rosidl_typesupport_introspection_cpp.hpp
[11.237s] -- Up-to-date: /home/amigo-pi/amigo_ros2_pi/install/ublox_msgs/include/ublox_msgs/ublox_msgs/msg/detail/cfg_gnss__type_support.cpp
[11.238s] -- Up-to-date: /home/amigo-pi/amigo_ros2_pi/install/ublox_msgs/include/ublox_msgs/ublox_msgs/msg/detail/esf_ins__type_support.cpp
[11.240s] -- Up-to-date: /home/amigo-pi/amigo_ros2_pi/install/ublox_msgs/include/ublox_msgs/ublox_msgs/msg/detail/cfg_cfg__type_support.cpp
[11.242s] -- Up-to-date: /home/amigo-pi/amigo_ros2_pi/install/ublox_msgs/include/ublox_msgs/ublox_msgs/msg/detail/rxm_rawx_meas__type_support.cpp
[11.245s] -- Up-to-date: /home/amigo-pi/amigo_ros2_pi/install/ublox_msgs/include/ublox_msgs/ublox_msgs/msg/detail/cfg_inf__rosidl_typesupport_introspection_cpp.hpp
[11.247s] -- Up-to-date: /home/amigo-pi/amigo_ros2_pi/install/ublox_msgs/include/ublox_msgs/ublox_msgs/msg/detail/cfg_navx5__rosidl_typesupport_introspection_cpp.hpp
[11.248s] -- Up-to-date: /home/amigo-pi/amigo_ros2_pi/install/ublox_msgs/include/ublox_msgs/ublox_msgs/msg/detail/nav_posllh__type_support.cpp
[11.249s] -- Up-to-date: /home/amigo-pi/amigo_ros2_pi/install/ublox_msgs/include/ublox_msgs/ublox_msgs/msg/detail/cfg_dgnss__rosidl_typesupport_introspection_cpp.hpp
[11.250s] -- Up-to-date: /home/amigo-pi/amigo_ros2_pi/install/ublox_msgs/include/ublox_msgs/ublox_msgs/msg/detail/cfg_nav5__rosidl_typesupport_introspection_cpp.hpp
[11.251s] -- Up-to-date: /home/amigo-pi/amigo_ros2_pi/install/ublox_msgs/include/ublox_msgs/ublox_msgs/msg/detail/cfg_inf_block__type_support.cpp
[11.252s] -- Up-to-date: /home/amigo-pi/amigo_ros2_pi/install/ublox_msgs/include/ublox_msgs/ublox_msgs/msg/detail/aid_hui__rosidl_typesupport_introspection_cpp.hpp
[11.254s] -- Up-to-date: /home/amigo-pi/amigo_ros2_pi/install/ublox_msgs/include/ublox_msgs/ublox_msgs/msg/detail/nav_svin__type_support.cpp
[11.255s] -- Up-to-date: /home/amigo-pi/amigo_ros2_pi/install/ublox_msgs/include/ublox_msgs/ublox_msgs/msg/detail/nav_sbas__rosidl_typesupport_introspection_cpp.hpp
[11.258s] -- Up-to-date: /home/amigo-pi/amigo_ros2_pi/install/ublox_msgs/include/ublox_msgs/ublox_msgs/msg/detail/nav_sat__type_support.cpp
[11.259s] -- Up-to-date: /home/amigo-pi/amigo_ros2_pi/install/ublox_msgs/include/ublox_msgs/ublox_msgs/msg/detail/cfg_gnss_block__rosidl_typesupport_introspection_cpp.hpp
[11.261s] -- Up-to-date: /home/amigo-pi/amigo_ros2_pi/install/ublox_msgs/include/ublox_msgs/ublox_msgs/msg/detail/rxm_sfrb__type_support.cpp
[11.264s] -- Up-to-date: /home/amigo-pi/amigo_ros2_pi/install/ublox_msgs/include/ublox_msgs/ublox_msgs/msg/detail/ack__type_support.cpp
[11.266s] -- Up-to-date: /home/amigo-pi/amigo_ros2_pi/install/ublox_msgs/include/ublox_msgs/ublox_msgs/msg/detail/mon_gnss__rosidl_typesupport_introspection_cpp.hpp
[11.268s] -- Up-to-date: /home/amigo-pi/amigo_ros2_pi/install/ublox_msgs/include/ublox_msgs/ublox_msgs/msg/detail/cfg_gnss_block__type_support.cpp
[11.269s] -- Up-to-date: /home/amigo-pi/amigo_ros2_pi/install/ublox_msgs/include/ublox_msgs/ublox_msgs/msg/detail/cfg_rst__type_support.cpp
[11.271s] -- Up-to-date: /home/amigo-pi/amigo_ros2_pi/install/ublox_msgs/include/ublox_msgs/ublox_msgs/msg/detail/cfg_sbas__rosidl_typesupport_introspection_cpp.hpp
[11.274s] -- Up-to-date: /home/amigo-pi/amigo_ros2_pi/install/ublox_msgs/include/ublox_msgs/ublox_msgs/msg/detail/upd_sos__type_support.cpp
[11.275s] -- Up-to-date: /home/amigo-pi/amigo_ros2_pi/install/ublox_msgs/include/ublox_msgs/ublox_msgs/msg/detail/rxm_rawx__type_support.cpp
[11.276s] -- Up-to-date: /home/amigo-pi/amigo_ros2_pi/install/ublox_msgs/include/ublox_msgs/ublox_msgs/msg/detail/mon_hw__type_support.cpp
[11.277s] -- Up-to-date: /home/amigo-pi/amigo_ros2_pi/install/ublox_msgs/include/ublox_msgs/ublox_msgs/msg/detail/nav_sbassv__rosidl_typesupport_introspection_cpp.hpp
[11.278s] -- Up-to-date: /home/amigo-pi/amigo_ros2_pi/install/ublox_msgs/include/ublox_msgs/ublox_msgs/msg/detail/rxm_rawsv__rosidl_typesupport_introspection_cpp.hpp
[11.279s] -- Up-to-date: /home/amigo-pi/amigo_ros2_pi/install/ublox_msgs/include/ublox_msgs/ublox_msgs/msg/detail/upd_sos_ack__rosidl_typesupport_introspection_cpp.hpp
[11.279s] -- Up-to-date: /home/amigo-pi/amigo_ros2_pi/install/ublox_msgs/include/ublox_msgs/ublox_msgs/msg/detail/mga_gal__type_support.cpp
[11.281s] -- Up-to-date: /home/amigo-pi/amigo_ros2_pi/install/ublox_msgs/include/ublox_msgs/ublox_msgs/msg/detail/cfg_cfg__rosidl_typesupport_introspection_cpp.hpp
[11.282s] -- Up-to-date: /home/amigo-pi/amigo_ros2_pi/install/ublox_msgs/include/ublox_msgs/ublox_msgs/msg/detail/esf_meas__type_support.cpp
[11.283s] -- Up-to-date: /home/amigo-pi/amigo_ros2_pi/install/ublox_msgs/include/ublox_msgs/ublox_msgs/msg/detail/nav_pvt__rosidl_typesupport_introspection_cpp.hpp
[11.286s] -- Up-to-date: /home/amigo-pi/amigo_ros2_pi/install/ublox_msgs/include/ublox_msgs/ublox_msgs/msg/detail/mon_hw6__rosidl_typesupport_introspection_cpp.hpp
[11.288s] -- Up-to-date: /home/amigo-pi/amigo_ros2_pi/install/ublox_msgs/include/ublox_msgs/ublox_msgs/msg/detail/cfg_inf_block__rosidl_typesupport_introspection_cpp.hpp
[11.290s] -- Up-to-date: /home/amigo-pi/amigo_ros2_pi/install/ublox_msgs/include/ublox_msgs/ublox_msgs/msg/detail/ack__rosidl_typesupport_introspection_cpp.hpp
[11.291s] -- Up-to-date: /home/amigo-pi/amigo_ros2_pi/install/ublox_msgs/include/ublox_msgs/ublox_msgs/msg/detail/nav_posllh__rosidl_typesupport_introspection_cpp.hpp
[11.292s] -- Up-to-date: /home/amigo-pi/amigo_ros2_pi/install/ublox_msgs/include/ublox_msgs/ublox_msgs/msg/detail/nav_pvt7__type_support.cpp
[11.294s] -- Up-to-date: /home/amigo-pi/amigo_ros2_pi/install/ublox_msgs/include/ublox_msgs/ublox_msgs/msg/detail/aid_alm__type_support.cpp
[11.295s] -- Up-to-date: /home/amigo-pi/amigo_ros2_pi/install/ublox_msgs/include/ublox_msgs/ublox_msgs/msg/detail/inf__rosidl_typesupport_introspection_cpp.hpp
[11.296s] -- Up-to-date: /home/amigo-pi/amigo_ros2_pi/install/ublox_msgs/include/ublox_msgs/ublox_msgs/msg/detail/nav_svinfo__type_support.cpp
[11.299s] -- Up-to-date: /home/amigo-pi/amigo_ros2_pi/install/ublox_msgs/include/ublox_msgs/ublox_msgs/msg/detail/mga_gal__rosidl_typesupport_introspection_cpp.hpp
[11.301s] -- Up-to-date: /home/amigo-pi/amigo_ros2_pi/install/ublox_msgs/include/ublox_msgs/ublox_msgs/msg/detail/nav_posecef__rosidl_typesupport_introspection_cpp.hpp
[11.306s] -- Up-to-date: /home/amigo-pi/amigo_ros2_pi/install/ublox_msgs/include/ublox_msgs/ublox_msgs/msg/detail/rxm_rawsv__type_support.cpp
[11.310s] -- Up-to-date: /home/amigo-pi/amigo_ros2_pi/install/ublox_msgs/include/ublox_msgs/ublox_msgs/msg/detail/rxm_alm__rosidl_typesupport_introspection_cpp.hpp
[11.317s] -- Up-to-date: /home/amigo-pi/amigo_ros2_pi/install/ublox_msgs/include/ublox_msgs/ublox_msgs/msg/detail/cfg_tmode3__rosidl_typesupport_introspection_cpp.hpp
[11.318s] -- Up-to-date: /home/amigo-pi/amigo_ros2_pi/install/ublox_msgs/include/ublox_msgs/ublox_msgs/msg/detail/nav_svin__rosidl_typesupport_introspection_cpp.hpp
[11.319s] -- Up-to-date: /home/amigo-pi/amigo_ros2_pi/install/ublox_msgs/include/ublox_msgs/ublox_msgs/msg/detail/nav_att__rosidl_typesupport_introspection_cpp.hpp
[11.319s] -- Up-to-date: /home/amigo-pi/amigo_ros2_pi/install/ublox_msgs/include/ublox_msgs/ublox_msgs/msg/detail/rxm_sfrbx__type_support.cpp
[11.321s] -- Up-to-date: /home/amigo-pi/amigo_ros2_pi/install/ublox_msgs/include/ublox_msgs/ublox_msgs/msg/detail/nav_clock__rosidl_typesupport_introspection_cpp.hpp
[11.326s] -- Up-to-date: /home/amigo-pi/amigo_ros2_pi/install/ublox_msgs/include/ublox_msgs/ublox_msgs/msg/detail/cfg_prt__rosidl_typesupport_introspection_cpp.hpp
[11.330s] -- Up-to-date: /home/amigo-pi/amigo_ros2_pi/install/ublox_msgs/include/ublox_msgs/ublox_msgs/msg/detail/rxm_svsisv__type_support.cpp
[11.332s] -- Up-to-date: /home/amigo-pi/amigo_ros2_pi/install/ublox_msgs/include/ublox_msgs/ublox_msgs/msg/detail/cfg_rst__rosidl_typesupport_introspection_cpp.hpp
[11.336s] -- Up-to-date: /home/amigo-pi/amigo_ros2_pi/install/ublox_msgs/include/ublox_msgs/ublox_msgs/msg/detail/nav_relposned__type_support.cpp
[11.338s] -- Up-to-date: /home/amigo-pi/amigo_ros2_pi/install/ublox_msgs/include/ublox_msgs/ublox_msgs/msg/detail/nav_status__rosidl_typesupport_introspection_cpp.hpp
[11.357s] -- Up-to-date: /home/amigo-pi/amigo_ros2_pi/install/ublox_msgs/include/ublox_msgs/ublox_msgs/msg/detail/hnr_pvt__rosidl_typesupport_introspection_cpp.hpp
[11.359s] -- Up-to-date: /home/amigo-pi/amigo_ros2_pi/install/ublox_msgs/include/ublox_msgs/ublox_msgs/msg/detail/rxm_svsi__type_support.cpp
[11.359s] -- Up-to-date: /home/amigo-pi/amigo_ros2_pi/install/ublox_msgs/include/ublox_msgs/ublox_msgs/msg/detail/rxm_rtcm__type_support.cpp
[11.360s] -- Up-to-date: /home/amigo-pi/amigo_ros2_pi/install/ublox_msgs/include/ublox_msgs/ublox_msgs/msg/detail/hnr_pvt__type_support.cpp
[11.364s] -- Up-to-date: /home/amigo-pi/amigo_ros2_pi/install/ublox_msgs/include/ublox_msgs/ublox_msgs/msg/detail/cfg_ant__rosidl_typesupport_introspection_cpp.hpp
[11.372s] -- Up-to-date: /home/amigo-pi/amigo_ros2_pi/install/ublox_msgs/include/ublox_msgs/ublox_msgs/msg/detail/nav_sol__rosidl_typesupport_introspection_cpp.hpp
[11.375s] -- Up-to-date: /home/amigo-pi/amigo_ros2_pi/install/ublox_msgs/include/ublox_msgs/ublox_msgs/msg/detail/cfg_dat__rosidl_typesupport_introspection_cpp.hpp
[11.376s] -- Up-to-date: /home/amigo-pi/amigo_ros2_pi/install/ublox_msgs/include/ublox_msgs/ublox_msgs/msg/detail/cfg_nmea6__type_support.cpp
[11.377s] -- Up-to-date: /home/amigo-pi/amigo_ros2_pi/install/ublox_msgs/include/ublox_msgs/ublox_msgs/msg/detail/cfg_gnss__rosidl_typesupport_introspection_cpp.hpp
[11.380s] -- Up-to-date: /home/amigo-pi/amigo_ros2_pi/install/ublox_msgs/include/ublox_msgs/ublox_msgs/msg/detail/cfg_prt__type_support.cpp
[11.382s] -- Up-to-date: /home/amigo-pi/amigo_ros2_pi/install/ublox_msgs/lib/libublox_msgs__rosidl_typesupport_introspection_cpp.so
[11.388s] -- Up-to-date: /home/amigo-pi/amigo_ros2_pi/install/ublox_msgs/lib/libublox_msgs__rosidl_typesupport_cpp.so
[11.390s] -- Up-to-date: /home/amigo-pi/amigo_ros2_pi/install/ublox_msgs/share/ublox_msgs/environment/pythonpath.sh
[11.391s] -- Up-to-date: /home/amigo-pi/amigo_ros2_pi/install/ublox_msgs/share/ublox_msgs/environment/pythonpath.dsv
[11.392s] -- Up-to-date: /home/amigo-pi/amigo_ros2_pi/install/ublox_msgs/local/lib/python3.10/dist-packages/ublox_msgs-2.2.0-py3.10.egg-info
[11.393s] -- Installing: /home/amigo-pi/amigo_ros2_pi/install/ublox_msgs/local/lib/python3.10/dist-packages/ublox_msgs-2.2.0-py3.10.egg-info/PKG-INFO
[11.402s] -- Installing: /home/amigo-pi/amigo_ros2_pi/install/ublox_msgs/local/lib/python3.10/dist-packages/ublox_msgs-2.2.0-py3.10.egg-info/top_level.txt
[11.404s] -- Installing: /home/amigo-pi/amigo_ros2_pi/install/ublox_msgs/local/lib/python3.10/dist-packages/ublox_msgs-2.2.0-py3.10.egg-info/dependency_links.txt
[11.407s] -- Installing: /home/amigo-pi/amigo_ros2_pi/install/ublox_msgs/local/lib/python3.10/dist-packages/ublox_msgs-2.2.0-py3.10.egg-info/SOURCES.txt
[11.408s] -- Up-to-date: /home/amigo-pi/amigo_ros2_pi/install/ublox_msgs/local/lib/python3.10/dist-packages/ublox_msgs
[11.411s] -- Up-to-date: /home/amigo-pi/amigo_ros2_pi/install/ublox_msgs/local/lib/python3.10/dist-packages/ublox_msgs/_ublox_msgs_s.ep.rosidl_typesupport_introspection_c.c
[11.414s] -- Up-to-date: /home/amigo-pi/amigo_ros2_pi/install/ublox_msgs/local/lib/python3.10/dist-packages/ublox_msgs/msg
[11.421s] -- Up-to-date: /home/amigo-pi/amigo_ros2_pi/install/ublox_msgs/local/lib/python3.10/dist-packages/ublox_msgs/msg/_cfg_msg_s.c
[11.424s] -- Up-to-date: /home/amigo-pi/amigo_ros2_pi/install/ublox_msgs/local/lib/python3.10/dist-packages/ublox_msgs/msg/_cfg_inf.py
[11.425s] -- Up-to-date: /home/amigo-pi/amigo_ros2_pi/install/ublox_msgs/local/lib/python3.10/dist-packages/ublox_msgs/msg/_cfg_gnss.py
[11.426s] -- Up-to-date: /home/amigo-pi/amigo_ros2_pi/install/ublox_msgs/local/lib/python3.10/dist-packages/ublox_msgs/msg/_cfg_tmode3.py
[11.426s] -- Up-to-date: /home/amigo-pi/amigo_ros2_pi/install/ublox_msgs/local/lib/python3.10/dist-packages/ublox_msgs/msg/_rxm_alm_s.c
[11.426s] -- Up-to-date: /home/amigo-pi/amigo_ros2_pi/install/ublox_msgs/local/lib/python3.10/dist-packages/ublox_msgs/msg/_cfg_rst.py
[11.429s] -- Up-to-date: /home/amigo-pi/amigo_ros2_pi/install/ublox_msgs/local/lib/python3.10/dist-packages/ublox_msgs/msg/_rxm_rawsv.py
[11.432s] -- Up-to-date: /home/amigo-pi/amigo_ros2_pi/install/ublox_msgs/local/lib/python3.10/dist-packages/ublox_msgs/msg/_nav_clock.py
[11.435s] -- Up-to-date: /home/amigo-pi/amigo_ros2_pi/install/ublox_msgs/local/lib/python3.10/dist-packages/ublox_msgs/msg/_rxm_rawx_meas_s.c
[11.437s] -- Up-to-date: /home/amigo-pi/amigo_ros2_pi/install/ublox_msgs/local/lib/python3.10/dist-packages/ublox_msgs/msg/_mga_gal_s.c
[11.439s] -- Up-to-date: /home/amigo-pi/amigo_ros2_pi/install/ublox_msgs/local/lib/python3.10/dist-packages/ublox_msgs/msg/_nav_relposned9.py
[11.440s] -- Up-to-date: /home/amigo-pi/amigo_ros2_pi/install/ublox_msgs/local/lib/python3.10/dist-packages/ublox_msgs/msg/_cfg_prt.py
[11.441s] -- Up-to-date: /home/amigo-pi/amigo_ros2_pi/install/ublox_msgs/local/lib/python3.10/dist-packages/ublox_msgs/msg/_esf_status.py
[11.442s] -- Up-to-date: /home/amigo-pi/amigo_ros2_pi/install/ublox_msgs/local/lib/python3.10/dist-packages/ublox_msgs/msg/_nav_dop_s.c
[11.454s] -- Up-to-date: /home/amigo-pi/amigo_ros2_pi/install/ublox_msgs/local/lib/python3.10/dist-packages/ublox_msgs/msg/_cfg_gnss_block.py
[11.457s] -- Up-to-date: /home/amigo-pi/amigo_ros2_pi/install/ublox_msgs/local/lib/python3.10/dist-packages/ublox_msgs/msg/_rxm_rawx_s.c
[11.459s] -- Up-to-date: /home/amigo-pi/amigo_ros2_pi/install/ublox_msgs/local/lib/python3.10/dist-packages/ublox_msgs/msg/_rxm_rtcm_s.c
[11.462s] -- Up-to-date: /home/amigo-pi/amigo_ros2_pi/install/ublox_msgs/local/lib/python3.10/dist-packages/ublox_msgs/msg/_rxm_sfrb_s.c
[11.465s] -- Up-to-date: /home/amigo-pi/amigo_ros2_pi/install/ublox_msgs/local/lib/python3.10/dist-packages/ublox_msgs/msg/_cfg_cfg.py
[11.466s] -- Up-to-date: /home/amigo-pi/amigo_ros2_pi/install/ublox_msgs/local/lib/python3.10/dist-packages/ublox_msgs/msg/_nav_att_s.c
[11.467s] -- Up-to-date: /home/amigo-pi/amigo_ros2_pi/install/ublox_msgs/local/lib/python3.10/dist-packages/ublox_msgs/msg/_cfg_inf_block.py
[11.467s] -- Up-to-date: /home/amigo-pi/amigo_ros2_pi/install/ublox_msgs/local/lib/python3.10/dist-packages/ublox_msgs/msg/_cfg_nmea_s.c
[11.468s] -- Up-to-date: /home/amigo-pi/amigo_ros2_pi/install/ublox_msgs/local/lib/python3.10/dist-packages/ublox_msgs/msg/_cfg_inf_block_s.c
[11.469s] -- Up-to-date: /home/amigo-pi/amigo_ros2_pi/install/ublox_msgs/local/lib/python3.10/dist-packages/ublox_msgs/msg/_cfg_rate.py
[11.469s] -- Up-to-date: /home/amigo-pi/amigo_ros2_pi/install/ublox_msgs/local/lib/python3.10/dist-packages/ublox_msgs/msg/_nav_sbassv_s.c
[11.470s] -- Up-to-date: /home/amigo-pi/amigo_ros2_pi/install/ublox_msgs/local/lib/python3.10/dist-packages/ublox_msgs/msg/_rxm_raw_s.c
[11.471s] -- Up-to-date: /home/amigo-pi/amigo_ros2_pi/install/ublox_msgs/local/lib/python3.10/dist-packages/ublox_msgs/msg/_cfg_rate_s.c
[11.474s] -- Up-to-date: /home/amigo-pi/amigo_ros2_pi/install/ublox_msgs/local/lib/python3.10/dist-packages/ublox_msgs/msg/_cfg_ant.py
[11.476s] -- Up-to-date: /home/amigo-pi/amigo_ros2_pi/install/ublox_msgs/local/lib/python3.10/dist-packages/ublox_msgs/msg/_nav_pvt.py
[11.477s] -- Up-to-date: /home/amigo-pi/amigo_ros2_pi/install/ublox_msgs/local/lib/python3.10/dist-packages/ublox_msgs/msg/_mon_gnss.py
[11.479s] -- Up-to-date: /home/amigo-pi/amigo_ros2_pi/install/ublox_msgs/local/lib/python3.10/dist-packages/ublox_msgs/msg/_nav_velned.py
[11.482s] -- Up-to-date: /home/amigo-pi/amigo_ros2_pi/install/ublox_msgs/local/lib/python3.10/dist-packages/ublox_msgs/msg/_mon_hw6_s.c
[11.487s] -- Up-to-date: /home/amigo-pi/amigo_ros2_pi/install/ublox_msgs/local/lib/python3.10/dist-packages/ublox_msgs/msg/_esf_raw_block.py
[11.488s] -- Up-to-date: /home/amigo-pi/amigo_ros2_pi/install/ublox_msgs/local/lib/python3.10/dist-packages/ublox_msgs/msg/_nav_sbas.py
[11.489s] -- Up-to-date: /home/amigo-pi/amigo_ros2_pi/install/ublox_msgs/local/lib/python3.10/dist-packages/ublox_msgs/msg/_rxm_svsi_s.c
[11.489s] -- Up-to-date: /home/amigo-pi/amigo_ros2_pi/install/ublox_msgs/local/lib/python3.10/dist-packages/ublox_msgs/msg/_nav_dgpssv_s.c
[11.489s] -- Up-to-date: /home/amigo-pi/amigo_ros2_pi/install/ublox_msgs/local/lib/python3.10/dist-packages/ublox_msgs/msg/_upd_sos_ack_s.c
[11.490s] -- Up-to-date: /home/amigo-pi/amigo_ros2_pi/install/ublox_msgs/local/lib/python3.10/dist-packages/ublox_msgs/msg/_ack.py
[11.490s] -- Up-to-date: /home/amigo-pi/amigo_ros2_pi/install/ublox_msgs/local/lib/python3.10/dist-packages/ublox_msgs/msg/_nav_satsv_s.c
[11.491s] -- Up-to-date: /home/amigo-pi/amigo_ros2_pi/install/ublox_msgs/local/lib/python3.10/dist-packages/ublox_msgs/msg/_nav_clock_s.c
[11.492s] -- Up-to-date: /home/amigo-pi/amigo_ros2_pi/install/ublox_msgs/local/lib/python3.10/dist-packages/ublox_msgs/msg/_nav_pvt7_s.c
[11.493s] -- Up-to-date: /home/amigo-pi/amigo_ros2_pi/install/ublox_msgs/local/lib/python3.10/dist-packages/ublox_msgs/msg/_nav_relposned.py
[11.493s] -- Up-to-date: /home/amigo-pi/amigo_ros2_pi/install/ublox_msgs/local/lib/python3.10/dist-packages/ublox_msgs/msg/_mon_ver_extension.py
[11.494s] -- Up-to-date: /home/amigo-pi/amigo_ros2_pi/install/ublox_msgs/local/lib/python3.10/dist-packages/ublox_msgs/msg/_rxm_sfrb.py
[11.494s] -- Up-to-date: /home/amigo-pi/amigo_ros2_pi/install/ublox_msgs/local/lib/python3.10/dist-packages/ublox_msgs/msg/_rxm_sfrbx.py
[11.495s] -- Up-to-date: /home/amigo-pi/amigo_ros2_pi/install/ublox_msgs/local/lib/python3.10/dist-packages/ublox_msgs/msg/_tim_tm2.py
[11.495s] -- Up-to-date: /home/amigo-pi/amigo_ros2_pi/install/ublox_msgs/local/lib/python3.10/dist-packages/ublox_msgs/msg/_cfg_inf_s.c
[11.495s] -- Up-to-date: /home/amigo-pi/amigo_ros2_pi/install/ublox_msgs/local/lib/python3.10/dist-packages/ublox_msgs/msg/_nav_svin_s.c
[11.496s] -- Up-to-date: /home/amigo-pi/amigo_ros2_pi/install/ublox_msgs/local/lib/python3.10/dist-packages/ublox_msgs/msg/_rxm_svsisv_s.c
[11.496s] -- Up-to-date: /home/amigo-pi/amigo_ros2_pi/install/ublox_msgs/local/lib/python3.10/dist-packages/ublox_msgs/msg/_nav_timegps.py
[11.498s] -- Up-to-date: /home/amigo-pi/amigo_ros2_pi/install/ublox_msgs/local/lib/python3.10/dist-packages/ublox_msgs/msg/_cfg_hnr.py
[11.499s] -- Up-to-date: /home/amigo-pi/amigo_ros2_pi/install/ublox_msgs/local/lib/python3.10/dist-packages/ublox_msgs/msg/_cfg_nmea7.py
[11.501s] -- Up-to-date: /home/amigo-pi/amigo_ros2_pi/install/ublox_msgs/local/lib/python3.10/dist-packages/ublox_msgs/msg/_aid_eph_s.c
[11.503s] -- Up-to-date: /home/amigo-pi/amigo_ros2_pi/install/ublox_msgs/local/lib/python3.10/dist-packages/ublox_msgs/msg/_cfg_usb.py
[11.503s] -- Up-to-date: /home/amigo-pi/amigo_ros2_pi/install/ublox_msgs/local/lib/python3.10/dist-packages/ublox_msgs/msg/_rxm_sfrbx_s.c
[11.505s] -- Up-to-date: /home/amigo-pi/amigo_ros2_pi/install/ublox_msgs/local/lib/python3.10/dist-packages/ublox_msgs/msg/_nav_pvt_s.c
[11.506s] -- Up-to-date: /home/amigo-pi/amigo_ros2_pi/install/ublox_msgs/local/lib/python3.10/dist-packages/ublox_msgs/msg/_nav_svinfo_s.c
[11.508s] -- Up-to-date: /home/amigo-pi/amigo_ros2_pi/install/ublox_msgs/local/lib/python3.10/dist-packages/ublox_msgs/msg/_esf_raw_s.c
[11.509s] -- Up-to-date: /home/amigo-pi/amigo_ros2_pi/install/ublox_msgs/local/lib/python3.10/dist-packages/ublox_msgs/msg/_upd_sos.py
[11.510s] -- Up-to-date: /home/amigo-pi/amigo_ros2_pi/install/ublox_msgs/local/lib/python3.10/dist-packages/ublox_msgs/msg/_esf_status_sens.py
[11.511s] -- Up-to-date: /home/amigo-pi/amigo_ros2_pi/install/ublox_msgs/local/lib/python3.10/dist-packages/ublox_msgs/msg/_hnr_pvt.py
[11.512s] -- Up-to-date: /home/amigo-pi/amigo_ros2_pi/install/ublox_msgs/local/lib/python3.10/dist-packages/ublox_msgs/msg/_cfg_cfg_s.c
[11.514s] -- Up-to-date: /home/amigo-pi/amigo_ros2_pi/install/ublox_msgs/local/lib/python3.10/dist-packages/ublox_msgs/msg/_nav_dop.py
[11.515s] -- Up-to-date: /home/amigo-pi/amigo_ros2_pi/install/ublox_msgs/local/lib/python3.10/dist-packages/ublox_msgs/msg/_esf_raw.py
[11.517s] -- Up-to-date: /home/amigo-pi/amigo_ros2_pi/install/ublox_msgs/local/lib/python3.10/dist-packages/ublox_msgs/msg/_cfg_prt_s.c
[11.517s] -- Up-to-date: /home/amigo-pi/amigo_ros2_pi/install/ublox_msgs/local/lib/python3.10/dist-packages/ublox_msgs/msg/_nav_status_s.c
[11.518s] -- Up-to-date: /home/amigo-pi/amigo_ros2_pi/install/ublox_msgs/local/lib/python3.10/dist-packages/ublox_msgs/msg/_rxm_svsi.py
[11.518s] -- Up-to-date: /home/amigo-pi/amigo_ros2_pi/install/ublox_msgs/local/lib/python3.10/dist-packages/ublox_msgs/msg/__init__.py
[11.519s] -- Up-to-date: /home/amigo-pi/amigo_ros2_pi/install/ublox_msgs/local/lib/python3.10/dist-packages/ublox_msgs/msg/_cfg_nmea.py
[11.519s] -- Up-to-date: /home/amigo-pi/amigo_ros2_pi/install/ublox_msgs/local/lib/python3.10/dist-packages/ublox_msgs/msg/_aid_eph.py
[11.520s] -- Up-to-date: /home/amigo-pi/amigo_ros2_pi/install/ublox_msgs/local/lib/python3.10/dist-packages/ublox_msgs/msg/_cfg_ant_s.c
[11.520s] -- Up-to-date: /home/amigo-pi/amigo_ros2_pi/install/ublox_msgs/local/lib/python3.10/dist-packages/ublox_msgs/msg/_nav_posllh_s.c
[11.520s] -- Up-to-date: /home/amigo-pi/amigo_ros2_pi/install/ublox_msgs/local/lib/python3.10/dist-packages/ublox_msgs/msg/_nav_dgps.py
[11.521s] -- Up-to-date: /home/amigo-pi/amigo_ros2_pi/install/ublox_msgs/local/lib/python3.10/dist-packages/ublox_msgs/msg/_nav_timeutc_s.c
[11.521s] -- Up-to-date: /home/amigo-pi/amigo_ros2_pi/install/ublox_msgs/local/lib/python3.10/dist-packages/ublox_msgs/msg/_rxm_eph_s.c
[11.521s] -- Up-to-date: /home/amigo-pi/amigo_ros2_pi/install/ublox_msgs/local/lib/python3.10/dist-packages/ublox_msgs/msg/_nav_timeutc.py
[11.522s] -- Up-to-date: /home/amigo-pi/amigo_ros2_pi/install/ublox_msgs/local/lib/python3.10/dist-packages/ublox_msgs/msg/_nav_velecef.py
[11.522s] -- Up-to-date: /home/amigo-pi/amigo_ros2_pi/install/ublox_msgs/local/lib/python3.10/dist-packages/ublox_msgs/msg/_nav_sbassv.py
[11.522s] -- Up-to-date: /home/amigo-pi/amigo_ros2_pi/install/ublox_msgs/local/lib/python3.10/dist-packages/ublox_msgs/msg/_nav_svinfosv_s.c
[11.522s] -- Up-to-date: /home/amigo-pi/amigo_ros2_pi/install/ublox_msgs/local/lib/python3.10/dist-packages/ublox_msgs/msg/_esf_ins.py
[11.523s] -- Up-to-date: /home/amigo-pi/amigo_ros2_pi/install/ublox_msgs/local/lib/python3.10/dist-packages/ublox_msgs/msg/_inf.py
[11.523s] -- Up-to-date: /home/amigo-pi/amigo_ros2_pi/install/ublox_msgs/local/lib/python3.10/dist-packages/ublox_msgs/msg/_nav_svin.py
[11.524s] -- Up-to-date: /home/amigo-pi/amigo_ros2_pi/install/ublox_msgs/local/lib/python3.10/dist-packages/ublox_msgs/msg/_mon_hw6.py
[11.524s] -- Up-to-date: /home/amigo-pi/amigo_ros2_pi/install/ublox_msgs/local/lib/python3.10/dist-packages/ublox_msgs/msg/_rxm_raw.py
[11.525s] -- Up-to-date: /home/amigo-pi/amigo_ros2_pi/install/ublox_msgs/local/lib/python3.10/dist-packages/ublox_msgs/msg/_nav_sat.py
[11.525s] -- Up-to-date: /home/amigo-pi/amigo_ros2_pi/install/ublox_msgs/local/lib/python3.10/dist-packages/ublox_msgs/msg/_nav_posllh.py
[11.526s] -- Up-to-date: /home/amigo-pi/amigo_ros2_pi/install/ublox_msgs/local/lib/python3.10/dist-packages/ublox_msgs/msg/_mga_gal.py
[11.526s] -- Up-to-date: /home/amigo-pi/amigo_ros2_pi/install/ublox_msgs/local/lib/python3.10/dist-packages/ublox_msgs/msg/_mon_ver_extension_s.c
[11.527s] -- Up-to-date: /home/amigo-pi/amigo_ros2_pi/install/ublox_msgs/local/lib/python3.10/dist-packages/ublox_msgs/msg/_nav_sat_s.c
[11.528s] -- Up-to-date: /home/amigo-pi/amigo_ros2_pi/install/ublox_msgs/local/lib/python3.10/dist-packages/ublox_msgs/msg/_cfg_nmea7_s.c
[11.528s] -- Up-to-date: /home/amigo-pi/amigo_ros2_pi/install/ublox_msgs/local/lib/python3.10/dist-packages/ublox_msgs/msg/_nav_sol_s.c
[11.529s] -- Up-to-date: /home/amigo-pi/amigo_ros2_pi/install/ublox_msgs/local/lib/python3.10/dist-packages/ublox_msgs/msg/_cfg_usb_s.c
[11.529s] -- Up-to-date: /home/amigo-pi/amigo_ros2_pi/install/ublox_msgs/local/lib/python3.10/dist-packages/ublox_msgs/msg/_esf_meas_s.c
[11.530s] -- Up-to-date: /home/amigo-pi/amigo_ros2_pi/install/ublox_msgs/local/lib/python3.10/dist-packages/ublox_msgs/msg/_rxm_rawx.py
[11.531s] -- Up-to-date: /home/amigo-pi/amigo_ros2_pi/install/ublox_msgs/local/lib/python3.10/dist-packages/ublox_msgs/msg/_cfg_nmea6_s.c
[11.533s] -- Up-to-date: /home/amigo-pi/amigo_ros2_pi/install/ublox_msgs/local/lib/python3.10/dist-packages/ublox_msgs/msg/_nav_posecef.py
[11.534s] -- Up-to-date: /home/amigo-pi/amigo_ros2_pi/install/ublox_msgs/local/lib/python3.10/dist-packages/ublox_msgs/msg/_nav_dgpssv.py
[11.534s] -- Up-to-date: /home/amigo-pi/amigo_ros2_pi/install/ublox_msgs/local/lib/python3.10/dist-packages/ublox_msgs/msg/_nav_sbas_s.c
[11.535s] -- Up-to-date: /home/amigo-pi/amigo_ros2_pi/install/ublox_msgs/local/lib/python3.10/dist-packages/ublox_msgs/msg/_esf_status_sens_s.c
[11.536s] -- Up-to-date: /home/amigo-pi/amigo_ros2_pi/install/ublox_msgs/local/lib/python3.10/dist-packages/ublox_msgs/msg/_cfg_navx5_s.c
[11.537s] -- Up-to-date: /home/amigo-pi/amigo_ros2_pi/install/ublox_msgs/local/lib/python3.10/dist-packages/ublox_msgs/msg/_mon_gnss_s.c
[11.538s] -- Up-to-date: /home/amigo-pi/amigo_ros2_pi/install/ublox_msgs/local/lib/python3.10/dist-packages/ublox_msgs/msg/_esf_ins_s.c
[11.539s] -- Up-to-date: /home/amigo-pi/amigo_ros2_pi/install/ublox_msgs/local/lib/python3.10/dist-packages/ublox_msgs/msg/_mon_hw.py
[11.539s] -- Up-to-date: /home/amigo-pi/amigo_ros2_pi/install/ublox_msgs/local/lib/python3.10/dist-packages/ublox_msgs/msg/_nav_satsv.py
[11.540s] -- Up-to-date: /home/amigo-pi/amigo_ros2_pi/install/ublox_msgs/local/lib/python3.10/dist-packages/ublox_msgs/msg/_nav_att.py
[11.540s] -- Up-to-date: /home/amigo-pi/amigo_ros2_pi/install/ublox_msgs/local/lib/python3.10/dist-packages/ublox_msgs/msg/_cfg_sbas_s.c
[11.541s] -- Up-to-date: /home/amigo-pi/amigo_ros2_pi/install/ublox_msgs/local/lib/python3.10/dist-packages/ublox_msgs/msg/_cfg_hnr_s.c
[11.542s] -- Up-to-date: /home/amigo-pi/amigo_ros2_pi/install/ublox_msgs/local/lib/python3.10/dist-packages/ublox_msgs/msg/_nav_sol.py
[11.543s] -- Up-to-date: /home/amigo-pi/amigo_ros2_pi/install/ublox_msgs/local/lib/python3.10/dist-packages/ublox_msgs/msg/_upd_sos_s.c
[11.544s] -- Up-to-date: /home/amigo-pi/amigo_ros2_pi/install/ublox_msgs/local/lib/python3.10/dist-packages/ublox_msgs/msg/_cfg_rst_s.c
[11.545s] -- Up-to-date: /home/amigo-pi/amigo_ros2_pi/install/ublox_msgs/local/lib/python3.10/dist-packages/ublox_msgs/msg/_inf_s.c
[11.546s] -- Up-to-date: /home/amigo-pi/amigo_ros2_pi/install/ublox_msgs/local/lib/python3.10/dist-packages/ublox_msgs/msg/_hnr_pvt_s.c
[11.547s] -- Up-to-date: /home/amigo-pi/amigo_ros2_pi/install/ublox_msgs/local/lib/python3.10/dist-packages/ublox_msgs/msg/_esf_status_s.c
[11.547s] -- Up-to-date: /home/amigo-pi/amigo_ros2_pi/install/ublox_msgs/local/lib/python3.10/dist-packages/ublox_msgs/msg/_rxm_rawsv_s.c
[11.548s] -- Up-to-date: /home/amigo-pi/amigo_ros2_pi/install/ublox_msgs/local/lib/python3.10/dist-packages/ublox_msgs/msg/_nav_svinfo.py
[11.549s] -- Up-to-date: /home/amigo-pi/amigo_ros2_pi/install/ublox_msgs/local/lib/python3.10/dist-packages/ublox_msgs/msg/_rxm_svsisv.py
[11.549s] -- Up-to-date: /home/amigo-pi/amigo_ros2_pi/install/ublox_msgs/local/lib/python3.10/dist-packages/ublox_msgs/msg/_nav_posecef_s.c
[11.550s] -- Up-to-date: /home/amigo-pi/amigo_ros2_pi/install/ublox_msgs/local/lib/python3.10/dist-packages/ublox_msgs/msg/_aid_alm.py
[11.551s] -- Up-to-date: /home/amigo-pi/amigo_ros2_pi/install/ublox_msgs/local/lib/python3.10/dist-packages/ublox_msgs/msg/_cfg_nmea6.py
[11.552s] -- Up-to-date: /home/amigo-pi/amigo_ros2_pi/install/ublox_msgs/local/lib/python3.10/dist-packages/ublox_msgs/msg/_nav_pvt7.py
[11.553s] -- Up-to-date: /home/amigo-pi/amigo_ros2_pi/install/ublox_msgs/local/lib/python3.10/dist-packages/ublox_msgs/msg/_cfg_gnss_block_s.c
[11.554s] -- Up-to-date: /home/amigo-pi/amigo_ros2_pi/install/ublox_msgs/local/lib/python3.10/dist-packages/ublox_msgs/msg/_upd_sos_ack.py
[11.554s] -- Up-to-date: /home/amigo-pi/amigo_ros2_pi/install/ublox_msgs/local/lib/python3.10/dist-packages/ublox_msgs/msg/_mon_ver.py
[11.554s] -- Up-to-date: /home/amigo-pi/amigo_ros2_pi/install/ublox_msgs/local/lib/python3.10/dist-packages/ublox_msgs/msg/_aid_hui_s.c
[11.555s] -- Up-to-date: /home/amigo-pi/amigo_ros2_pi/install/ublox_msgs/local/lib/python3.10/dist-packages/ublox_msgs/msg/_nav_velned_s.c
[11.555s] -- Up-to-date: /home/amigo-pi/amigo_ros2_pi/install/ublox_msgs/local/lib/python3.10/dist-packages/ublox_msgs/msg/_tim_tm2_s.c
[11.555s] -- Up-to-date: /home/amigo-pi/amigo_ros2_pi/install/ublox_msgs/local/lib/python3.10/dist-packages/ublox_msgs/msg/_nav_status.py
[11.556s] -- Up-to-date: /home/amigo-pi/amigo_ros2_pi/install/ublox_msgs/local/lib/python3.10/dist-packages/ublox_msgs/msg/_ack_s.c
[11.556s] -- Up-to-date: /home/amigo-pi/amigo_ros2_pi/install/ublox_msgs/local/lib/python3.10/dist-packages/ublox_msgs/msg/_cfg_dgnss_s.c
[11.557s] -- Up-to-date: /home/amigo-pi/amigo_ros2_pi/install/ublox_msgs/local/lib/python3.10/dist-packages/ublox_msgs/msg/_cfg_tmode3_s.c
[11.557s] -- Up-to-date: /home/amigo-pi/amigo_ros2_pi/install/ublox_msgs/local/lib/python3.10/dist-packages/ublox_msgs/msg/_cfg_gnss_s.c
[11.557s] -- Up-to-date: /home/amigo-pi/amigo_ros2_pi/install/ublox_msgs/local/lib/python3.10/dist-packages/ublox_msgs/msg/_cfg_navx5.py
[11.558s] -- Up-to-date: /home/amigo-pi/amigo_ros2_pi/install/ublox_msgs/local/lib/python3.10/dist-packages/ublox_msgs/msg/_esf_meas.py
[11.558s] -- Up-to-date: /home/amigo-pi/amigo_ros2_pi/install/ublox_msgs/local/lib/python3.10/dist-packages/ublox_msgs/msg/_cfg_dgnss.py
[11.558s] -- Up-to-date: /home/amigo-pi/amigo_ros2_pi/install/ublox_msgs/local/lib/python3.10/dist-packages/ublox_msgs/msg/_cfg_sbas.py
[11.559s] -- Up-to-date: /home/amigo-pi/amigo_ros2_pi/install/ublox_msgs/local/lib/python3.10/dist-packages/ublox_msgs/msg/_mon_ver_s.c
[11.559s] -- Up-to-date: /home/amigo-pi/amigo_ros2_pi/install/ublox_msgs/local/lib/python3.10/dist-packages/ublox_msgs/msg/_nav_relposned_s.c
[11.560s] -- Up-to-date: /home/amigo-pi/amigo_ros2_pi/install/ublox_msgs/local/lib/python3.10/dist-packages/ublox_msgs/msg/_rxm_alm.py
[11.560s] -- Up-to-date: /home/amigo-pi/amigo_ros2_pi/install/ublox_msgs/local/lib/python3.10/dist-packages/ublox_msgs/msg/_nav_svinfosv.py
[11.561s] -- Up-to-date: /home/amigo-pi/amigo_ros2_pi/install/ublox_msgs/local/lib/python3.10/dist-packages/ublox_msgs/msg/_aid_alm_s.c
[11.561s] -- Up-to-date: /home/amigo-pi/amigo_ros2_pi/install/ublox_msgs/local/lib/python3.10/dist-packages/ublox_msgs/msg/_aid_hui.py
[11.562s] -- Up-to-date: /home/amigo-pi/amigo_ros2_pi/install/ublox_msgs/local/lib/python3.10/dist-packages/ublox_msgs/msg/_nav_dgps_s.c
[11.562s] -- Up-to-date: /home/amigo-pi/amigo_ros2_pi/install/ublox_msgs/local/lib/python3.10/dist-packages/ublox_msgs/msg/_rxm_rtcm.py
[11.562s] -- Up-to-date: /home/amigo-pi/amigo_ros2_pi/install/ublox_msgs/local/lib/python3.10/dist-packages/ublox_msgs/msg/_cfg_dat.py
[11.563s] -- Up-to-date: /home/amigo-pi/amigo_ros2_pi/install/ublox_msgs/local/lib/python3.10/dist-packages/ublox_msgs/msg/_cfg_msg.py
[11.563s] -- Up-to-date: /home/amigo-pi/amigo_ros2_pi/install/ublox_msgs/local/lib/python3.10/dist-packages/ublox_msgs/msg/_rxm_rawx_meas.py
[11.563s] -- Up-to-date: /home/amigo-pi/amigo_ros2_pi/install/ublox_msgs/local/lib/python3.10/dist-packages/ublox_msgs/msg/_cfg_dat_s.c
[11.564s] -- Up-to-date: /home/amigo-pi/amigo_ros2_pi/install/ublox_msgs/local/lib/python3.10/dist-packages/ublox_msgs/msg/_mon_hw_s.c
[11.564s] -- Up-to-date: /home/amigo-pi/amigo_ros2_pi/install/ublox_msgs/local/lib/python3.10/dist-packages/ublox_msgs/msg/_nav_velecef_s.c
[11.564s] -- Up-to-date: /home/amigo-pi/amigo_ros2_pi/install/ublox_msgs/local/lib/python3.10/dist-packages/ublox_msgs/msg/_cfg_nav5_s.c
[11.565s] -- Up-to-date: /home/amigo-pi/amigo_ros2_pi/install/ublox_msgs/local/lib/python3.10/dist-packages/ublox_msgs/msg/_esf_raw_block_s.c
[11.566s] -- Up-to-date: /home/amigo-pi/amigo_ros2_pi/install/ublox_msgs/local/lib/python3.10/dist-packages/ublox_msgs/msg/_nav_relposned9_s.c
[11.567s] -- Up-to-date: /home/amigo-pi/amigo_ros2_pi/install/ublox_msgs/local/lib/python3.10/dist-packages/ublox_msgs/msg/_nav_timegps_s.c
[11.567s] -- Up-to-date: /home/amigo-pi/amigo_ros2_pi/install/ublox_msgs/local/lib/python3.10/dist-packages/ublox_msgs/msg/_rxm_eph.py
[11.568s] -- Up-to-date: /home/amigo-pi/amigo_ros2_pi/install/ublox_msgs/local/lib/python3.10/dist-packages/ublox_msgs/msg/_cfg_nav5.py
[11.569s] -- Up-to-date: /home/amigo-pi/amigo_ros2_pi/install/ublox_msgs/local/lib/python3.10/dist-packages/ublox_msgs/ublox_msgs_s__rosidl_typesupport_fastrtps_c.cpython-310-aarch64-linux-gnu.so
[11.569s] -- Up-to-date: /home/amigo-pi/amigo_ros2_pi/install/ublox_msgs/local/lib/python3.10/dist-packages/ublox_msgs/_ublox_msgs_s.ep.rosidl_typesupport_c.c
[11.570s] -- Up-to-date: /home/amigo-pi/amigo_ros2_pi/install/ublox_msgs/local/lib/python3.10/dist-packages/ublox_msgs/_ublox_msgs_s.ep.rosidl_typesupport_fastrtps_c.c
[11.570s] -- Up-to-date: /home/amigo-pi/amigo_ros2_pi/install/ublox_msgs/local/lib/python3.10/dist-packages/ublox_msgs/__init__.py
[11.571s] -- Up-to-date: /home/amigo-pi/amigo_ros2_pi/install/ublox_msgs/local/lib/python3.10/dist-packages/ublox_msgs/libublox_msgs__rosidl_generator_py.so
[11.571s] -- Up-to-date: /home/amigo-pi/amigo_ros2_pi/install/ublox_msgs/local/lib/python3.10/dist-packages/ublox_msgs/ublox_msgs_s__rosidl_typesupport_introspection_c.cpython-310-aarch64-linux-gnu.so
[11.572s] -- Up-to-date: /home/amigo-pi/amigo_ros2_pi/install/ublox_msgs/local/lib/python3.10/dist-packages/ublox_msgs/ublox_msgs_s__rosidl_typesupport_c.cpython-310-aarch64-linux-gnu.so
[11.612s] Listing '/home/amigo-pi/amigo_ros2_pi/install/ublox_msgs/local/lib/python3.10/dist-packages/ublox_msgs'...
[11.612s] Listing '/home/amigo-pi/amigo_ros2_pi/install/ublox_msgs/local/lib/python3.10/dist-packages/ublox_msgs/msg'...
[11.614s] -- Up-to-date: /home/amigo-pi/amigo_ros2_pi/install/ublox_msgs/local/lib/python3.10/dist-packages/ublox_msgs/ublox_msgs_s__rosidl_typesupport_fastrtps_c.cpython-310-aarch64-linux-gnu.so
[11.614s] -- Up-to-date: /home/amigo-pi/amigo_ros2_pi/install/ublox_msgs/local/lib/python3.10/dist-packages/ublox_msgs/ublox_msgs_s__rosidl_typesupport_introspection_c.cpython-310-aarch64-linux-gnu.so
[11.616s] -- Up-to-date: /home/amigo-pi/amigo_ros2_pi/install/ublox_msgs/local/lib/python3.10/dist-packages/ublox_msgs/ublox_msgs_s__rosidl_typesupport_c.cpython-310-aarch64-linux-gnu.so
[11.624s] -- Up-to-date: /home/amigo-pi/amigo_ros2_pi/install/ublox_msgs/lib/libublox_msgs__rosidl_generator_py.so
[11.626s] -- Up-to-date: /home/amigo-pi/amigo_ros2_pi/install/ublox_msgs/share/ublox_msgs/msg/Ack.idl
[11.627s] -- Up-to-date: /home/amigo-pi/amigo_ros2_pi/install/ublox_msgs/share/ublox_msgs/msg/AidALM.idl
[11.629s] -- Up-to-date: /home/amigo-pi/amigo_ros2_pi/install/ublox_msgs/share/ublox_msgs/msg/AidEPH.idl
[11.634s] -- Up-to-date: /home/amigo-pi/amigo_ros2_pi/install/ublox_msgs/share/ublox_msgs/msg/AidHUI.idl
[11.636s] -- Up-to-date: /home/amigo-pi/amigo_ros2_pi/install/ublox_msgs/share/ublox_msgs/msg/CfgANT.idl
[11.637s] -- Up-to-date: /home/amigo-pi/amigo_ros2_pi/install/ublox_msgs/share/ublox_msgs/msg/CfgCFG.idl
[11.638s] -- Up-to-date: /home/amigo-pi/amigo_ros2_pi/install/ublox_msgs/share/ublox_msgs/msg/CfgDAT.idl
[11.640s] -- Up-to-date: /home/amigo-pi/amigo_ros2_pi/install/ublox_msgs/share/ublox_msgs/msg/CfgDGNSS.idl
[11.641s] -- Up-to-date: /home/amigo-pi/amigo_ros2_pi/install/ublox_msgs/share/ublox_msgs/msg/CfgGNSSBlock.idl
[11.643s] -- Up-to-date: /home/amigo-pi/amigo_ros2_pi/install/ublox_msgs/share/ublox_msgs/msg/CfgGNSS.idl
[11.646s] -- Up-to-date: /home/amigo-pi/amigo_ros2_pi/install/ublox_msgs/share/ublox_msgs/msg/CfgHNR.idl
[11.648s] -- Up-to-date: /home/amigo-pi/amigo_ros2_pi/install/ublox_msgs/share/ublox_msgs/msg/CfgINFBlock.idl
[11.651s] -- Up-to-date: /home/amigo-pi/amigo_ros2_pi/install/ublox_msgs/share/ublox_msgs/msg/CfgINF.idl
[11.660s] -- Up-to-date: /home/amigo-pi/amigo_ros2_pi/install/ublox_msgs/share/ublox_msgs/msg/CfgMSG.idl
[11.664s] -- Up-to-date: /home/amigo-pi/amigo_ros2_pi/install/ublox_msgs/share/ublox_msgs/msg/CfgNAV5.idl
[11.672s] -- Up-to-date: /home/amigo-pi/amigo_ros2_pi/install/ublox_msgs/share/ublox_msgs/msg/CfgNAVX5.idl
[11.674s] -- Up-to-date: /home/amigo-pi/amigo_ros2_pi/install/ublox_msgs/share/ublox_msgs/msg/CfgNMEA6.idl
[11.674s] -- Up-to-date: /home/amigo-pi/amigo_ros2_pi/install/ublox_msgs/share/ublox_msgs/msg/CfgNMEA7.idl
[11.677s] -- Up-to-date: /home/amigo-pi/amigo_ros2_pi/install/ublox_msgs/share/ublox_msgs/msg/CfgNMEA.idl
[11.681s] -- Up-to-date: /home/amigo-pi/amigo_ros2_pi/install/ublox_msgs/share/ublox_msgs/msg/CfgPRT.idl
[11.682s] -- Up-to-date: /home/amigo-pi/amigo_ros2_pi/install/ublox_msgs/share/ublox_msgs/msg/CfgRATE.idl
[11.683s] -- Up-to-date: /home/amigo-pi/amigo_ros2_pi/install/ublox_msgs/share/ublox_msgs/msg/CfgRST.idl
[11.688s] -- Up-to-date: /home/amigo-pi/amigo_ros2_pi/install/ublox_msgs/share/ublox_msgs/msg/CfgSBAS.idl
[11.689s] -- Up-to-date: /home/amigo-pi/amigo_ros2_pi/install/ublox_msgs/share/ublox_msgs/msg/CfgTMODE3.idl
[11.689s] -- Up-to-date: /home/amigo-pi/amigo_ros2_pi/install/ublox_msgs/share/ublox_msgs/msg/CfgUSB.idl
[11.690s] -- Up-to-date: /home/amigo-pi/amigo_ros2_pi/install/ublox_msgs/share/ublox_msgs/msg/EsfINS.idl
[11.692s] -- Up-to-date: /home/amigo-pi/amigo_ros2_pi/install/ublox_msgs/share/ublox_msgs/msg/EsfMEAS.idl
[11.693s] -- Up-to-date: /home/amigo-pi/amigo_ros2_pi/install/ublox_msgs/share/ublox_msgs/msg/EsfRAWBlock.idl
[11.695s] -- Up-to-date: /home/amigo-pi/amigo_ros2_pi/install/ublox_msgs/share/ublox_msgs/msg/EsfRAW.idl
[11.695s] -- Up-to-date: /home/amigo-pi/amigo_ros2_pi/install/ublox_msgs/share/ublox_msgs/msg/EsfSTATUS.idl
[11.697s] -- Up-to-date: /home/amigo-pi/amigo_ros2_pi/install/ublox_msgs/share/ublox_msgs/msg/EsfSTATUSSens.idl
[11.699s] -- Up-to-date: /home/amigo-pi/amigo_ros2_pi/install/ublox_msgs/share/ublox_msgs/msg/HnrPVT.idl
[11.699s] -- Up-to-date: /home/amigo-pi/amigo_ros2_pi/install/ublox_msgs/share/ublox_msgs/msg/Inf.idl
[11.702s] -- Up-to-date: /home/amigo-pi/amigo_ros2_pi/install/ublox_msgs/share/ublox_msgs/msg/MgaGAL.idl
[11.703s] -- Up-to-date: /home/amigo-pi/amigo_ros2_pi/install/ublox_msgs/share/ublox_msgs/msg/MonGNSS.idl
[11.704s] -- Up-to-date: /home/amigo-pi/amigo_ros2_pi/install/ublox_msgs/share/ublox_msgs/msg/MonHW6.idl
[11.705s] -- Up-to-date: /home/amigo-pi/amigo_ros2_pi/install/ublox_msgs/share/ublox_msgs/msg/MonHW.idl
[11.706s] -- Up-to-date: /home/amigo-pi/amigo_ros2_pi/install/ublox_msgs/share/ublox_msgs/msg/MonVERExtension.idl
[11.706s] -- Up-to-date: /home/amigo-pi/amigo_ros2_pi/install/ublox_msgs/share/ublox_msgs/msg/MonVER.idl
[11.707s] -- Up-to-date: /home/amigo-pi/amigo_ros2_pi/install/ublox_msgs/share/ublox_msgs/msg/NavATT.idl
[11.707s] -- Up-to-date: /home/amigo-pi/amigo_ros2_pi/install/ublox_msgs/share/ublox_msgs/msg/NavCLOCK.idl
[11.707s] -- Up-to-date: /home/amigo-pi/amigo_ros2_pi/install/ublox_msgs/share/ublox_msgs/msg/NavDGPS.idl
[11.708s] -- Up-to-date: /home/amigo-pi/amigo_ros2_pi/install/ublox_msgs/share/ublox_msgs/msg/NavDGPSSV.idl
[11.709s] -- Up-to-date: /home/amigo-pi/amigo_ros2_pi/install/ublox_msgs/share/ublox_msgs/msg/NavDOP.idl
[11.710s] -- Up-to-date: /home/amigo-pi/amigo_ros2_pi/install/ublox_msgs/share/ublox_msgs/msg/NavPOSECEF.idl
[11.710s] -- Up-to-date: /home/amigo-pi/amigo_ros2_pi/install/ublox_msgs/share/ublox_msgs/msg/NavPOSLLH.idl
[11.711s] -- Up-to-date: /home/amigo-pi/amigo_ros2_pi/install/ublox_msgs/share/ublox_msgs/msg/NavPVT7.idl
[11.711s] -- Up-to-date: /home/amigo-pi/amigo_ros2_pi/install/ublox_msgs/share/ublox_msgs/msg/NavPVT.idl
[11.711s] -- Up-to-date: /home/amigo-pi/amigo_ros2_pi/install/ublox_msgs/share/ublox_msgs/msg/NavRELPOSNED9.idl
[11.712s] -- Up-to-date: /home/amigo-pi/amigo_ros2_pi/install/ublox_msgs/share/ublox_msgs/msg/NavRELPOSNED.idl
[11.713s] -- Up-to-date: /home/amigo-pi/amigo_ros2_pi/install/ublox_msgs/share/ublox_msgs/msg/NavSAT.idl
[11.715s] -- Up-to-date: /home/amigo-pi/amigo_ros2_pi/install/ublox_msgs/share/ublox_msgs/msg/NavSATSV.idl
[11.718s] -- Up-to-date: /home/amigo-pi/amigo_ros2_pi/install/ublox_msgs/share/ublox_msgs/msg/NavSBAS.idl
[11.723s] -- Up-to-date: /home/amigo-pi/amigo_ros2_pi/install/ublox_msgs/share/ublox_msgs/msg/NavSBASSV.idl
[11.724s] -- Up-to-date: /home/amigo-pi/amigo_ros2_pi/install/ublox_msgs/share/ublox_msgs/msg/NavSOL.idl
[11.725s] -- Up-to-date: /home/amigo-pi/amigo_ros2_pi/install/ublox_msgs/share/ublox_msgs/msg/NavSTATUS.idl
[11.726s] -- Up-to-date: /home/amigo-pi/amigo_ros2_pi/install/ublox_msgs/share/ublox_msgs/msg/NavSVINFO.idl
[11.727s] -- Up-to-date: /home/amigo-pi/amigo_ros2_pi/install/ublox_msgs/share/ublox_msgs/msg/NavSVINFOSV.idl
[11.727s] -- Up-to-date: /home/amigo-pi/amigo_ros2_pi/install/ublox_msgs/share/ublox_msgs/msg/NavSVIN.idl
[11.728s] -- Up-to-date: /home/amigo-pi/amigo_ros2_pi/install/ublox_msgs/share/ublox_msgs/msg/NavTIMEGPS.idl
[11.729s] -- Up-to-date: /home/amigo-pi/amigo_ros2_pi/install/ublox_msgs/share/ublox_msgs/msg/NavTIMEUTC.idl
[11.729s] -- Up-to-date: /home/amigo-pi/amigo_ros2_pi/install/ublox_msgs/share/ublox_msgs/msg/NavVELECEF.idl
[11.729s] -- Up-to-date: /home/amigo-pi/amigo_ros2_pi/install/ublox_msgs/share/ublox_msgs/msg/NavVELNED.idl
[11.730s] -- Up-to-date: /home/amigo-pi/amigo_ros2_pi/install/ublox_msgs/share/ublox_msgs/msg/RxmALM.idl
[11.731s] -- Up-to-date: /home/amigo-pi/amigo_ros2_pi/install/ublox_msgs/share/ublox_msgs/msg/RxmEPH.idl
[11.732s] -- Up-to-date: /home/amigo-pi/amigo_ros2_pi/install/ublox_msgs/share/ublox_msgs/msg/RxmRAW.idl
[11.732s] -- Up-to-date: /home/amigo-pi/amigo_ros2_pi/install/ublox_msgs/share/ublox_msgs/msg/RxmRAWSV.idl
[11.733s] -- Up-to-date: /home/amigo-pi/amigo_ros2_pi/install/ublox_msgs/share/ublox_msgs/msg/RxmRAWXMeas.idl
[11.735s] -- Up-to-date: /home/amigo-pi/amigo_ros2_pi/install/ublox_msgs/share/ublox_msgs/msg/RxmRAWX.idl
[11.736s] -- Up-to-date: /home/amigo-pi/amigo_ros2_pi/install/ublox_msgs/share/ublox_msgs/msg/RxmRTCM.idl
[11.737s] -- Up-to-date: /home/amigo-pi/amigo_ros2_pi/install/ublox_msgs/share/ublox_msgs/msg/RxmSFRB.idl
[11.737s] -- Up-to-date: /home/amigo-pi/amigo_ros2_pi/install/ublox_msgs/share/ublox_msgs/msg/RxmSFRBX.idl
[11.738s] -- Up-to-date: /home/amigo-pi/amigo_ros2_pi/install/ublox_msgs/share/ublox_msgs/msg/RxmSVSI.idl
[11.738s] -- Up-to-date: /home/amigo-pi/amigo_ros2_pi/install/ublox_msgs/share/ublox_msgs/msg/RxmSVSISV.idl
[11.739s] -- Up-to-date: /home/amigo-pi/amigo_ros2_pi/install/ublox_msgs/share/ublox_msgs/msg/TimTM2.idl
[11.739s] -- Up-to-date: /home/amigo-pi/amigo_ros2_pi/install/ublox_msgs/share/ublox_msgs/msg/UpdSOSAck.idl
[11.740s] -- Up-to-date: /home/amigo-pi/amigo_ros2_pi/install/ublox_msgs/share/ublox_msgs/msg/UpdSOS.idl
[11.741s] -- Up-to-date: /home/amigo-pi/amigo_ros2_pi/install/ublox_msgs/share/ublox_msgs/msg/Ack.msg
[11.742s] -- Up-to-date: /home/amigo-pi/amigo_ros2_pi/install/ublox_msgs/share/ublox_msgs/msg/AidALM.msg
[11.742s] -- Up-to-date: /home/amigo-pi/amigo_ros2_pi/install/ublox_msgs/share/ublox_msgs/msg/AidEPH.msg
[11.743s] -- Up-to-date: /home/amigo-pi/amigo_ros2_pi/install/ublox_msgs/share/ublox_msgs/msg/AidHUI.msg
[11.743s] -- Up-to-date: /home/amigo-pi/amigo_ros2_pi/install/ublox_msgs/share/ublox_msgs/msg/CfgANT.msg
[11.743s] -- Up-to-date: /home/amigo-pi/amigo_ros2_pi/install/ublox_msgs/share/ublox_msgs/msg/CfgCFG.msg
[11.744s] -- Up-to-date: /home/amigo-pi/amigo_ros2_pi/install/ublox_msgs/share/ublox_msgs/msg/CfgDAT.msg
[11.744s] -- Up-to-date: /home/amigo-pi/amigo_ros2_pi/install/ublox_msgs/share/ublox_msgs/msg/CfgDGNSS.msg
[11.745s] -- Up-to-date: /home/amigo-pi/amigo_ros2_pi/install/ublox_msgs/share/ublox_msgs/msg/CfgGNSSBlock.msg
[11.745s] -- Up-to-date: /home/amigo-pi/amigo_ros2_pi/install/ublox_msgs/share/ublox_msgs/msg/CfgGNSS.msg
[11.746s] -- Up-to-date: /home/amigo-pi/amigo_ros2_pi/install/ublox_msgs/share/ublox_msgs/msg/CfgHNR.msg
[11.746s] -- Up-to-date: /home/amigo-pi/amigo_ros2_pi/install/ublox_msgs/share/ublox_msgs/msg/CfgINFBlock.msg
[11.747s] -- Up-to-date: /home/amigo-pi/amigo_ros2_pi/install/ublox_msgs/share/ublox_msgs/msg/CfgINF.msg
[11.747s] -- Up-to-date: /home/amigo-pi/amigo_ros2_pi/install/ublox_msgs/share/ublox_msgs/msg/CfgMSG.msg
[11.748s] -- Up-to-date: /home/amigo-pi/amigo_ros2_pi/install/ublox_msgs/share/ublox_msgs/msg/CfgNAV5.msg
[11.748s] -- Up-to-date: /home/amigo-pi/amigo_ros2_pi/install/ublox_msgs/share/ublox_msgs/msg/CfgNAVX5.msg
[11.749s] -- Up-to-date: /home/amigo-pi/amigo_ros2_pi/install/ublox_msgs/share/ublox_msgs/msg/CfgNMEA6.msg
[11.749s] -- Up-to-date: /home/amigo-pi/amigo_ros2_pi/install/ublox_msgs/share/ublox_msgs/msg/CfgNMEA7.msg
[11.750s] -- Up-to-date: /home/amigo-pi/amigo_ros2_pi/install/ublox_msgs/share/ublox_msgs/msg/CfgNMEA.msg
[11.751s] -- Up-to-date: /home/amigo-pi/amigo_ros2_pi/install/ublox_msgs/share/ublox_msgs/msg/CfgPRT.msg
[11.753s] -- Up-to-date: /home/amigo-pi/amigo_ros2_pi/install/ublox_msgs/share/ublox_msgs/msg/CfgRATE.msg
[11.754s] -- Up-to-date: /home/amigo-pi/amigo_ros2_pi/install/ublox_msgs/share/ublox_msgs/msg/CfgRST.msg
[11.755s] -- Up-to-date: /home/amigo-pi/amigo_ros2_pi/install/ublox_msgs/share/ublox_msgs/msg/CfgSBAS.msg
[11.755s] -- Up-to-date: /home/amigo-pi/amigo_ros2_pi/install/ublox_msgs/share/ublox_msgs/msg/CfgTMODE3.msg
[11.756s] -- Up-to-date: /home/amigo-pi/amigo_ros2_pi/install/ublox_msgs/share/ublox_msgs/msg/CfgUSB.msg
[11.757s] -- Up-to-date: /home/amigo-pi/amigo_ros2_pi/install/ublox_msgs/share/ublox_msgs/msg/EsfINS.msg
[11.759s] -- Up-to-date: /home/amigo-pi/amigo_ros2_pi/install/ublox_msgs/share/ublox_msgs/msg/EsfMEAS.msg
[11.760s] -- Up-to-date: /home/amigo-pi/amigo_ros2_pi/install/ublox_msgs/share/ublox_msgs/msg/EsfRAWBlock.msg
[11.761s] -- Up-to-date: /home/amigo-pi/amigo_ros2_pi/install/ublox_msgs/share/ublox_msgs/msg/EsfRAW.msg
[11.762s] -- Up-to-date: /home/amigo-pi/amigo_ros2_pi/install/ublox_msgs/share/ublox_msgs/msg/EsfSTATUS.msg
[11.762s] -- Up-to-date: /home/amigo-pi/amigo_ros2_pi/install/ublox_msgs/share/ublox_msgs/msg/EsfSTATUSSens.msg
[11.762s] -- Up-to-date: /home/amigo-pi/amigo_ros2_pi/install/ublox_msgs/share/ublox_msgs/msg/HnrPVT.msg
[11.763s] -- Up-to-date: /home/amigo-pi/amigo_ros2_pi/install/ublox_msgs/share/ublox_msgs/msg/Inf.msg
[11.763s] -- Up-to-date: /home/amigo-pi/amigo_ros2_pi/install/ublox_msgs/share/ublox_msgs/msg/MgaGAL.msg
[11.764s] -- Up-to-date: /home/amigo-pi/amigo_ros2_pi/install/ublox_msgs/share/ublox_msgs/msg/MonGNSS.msg
[11.768s] -- Up-to-date: /home/amigo-pi/amigo_ros2_pi/install/ublox_msgs/share/ublox_msgs/msg/MonHW6.msg
[11.769s] -- Up-to-date: /home/amigo-pi/amigo_ros2_pi/install/ublox_msgs/share/ublox_msgs/msg/MonHW.msg
[11.770s] -- Up-to-date: /home/amigo-pi/amigo_ros2_pi/install/ublox_msgs/share/ublox_msgs/msg/MonVERExtension.msg
[11.770s] -- Up-to-date: /home/amigo-pi/amigo_ros2_pi/install/ublox_msgs/share/ublox_msgs/msg/MonVER.msg
[11.770s] -- Up-to-date: /home/amigo-pi/amigo_ros2_pi/install/ublox_msgs/share/ublox_msgs/msg/NavATT.msg
[11.771s] -- Up-to-date: /home/amigo-pi/amigo_ros2_pi/install/ublox_msgs/share/ublox_msgs/msg/NavCLOCK.msg
[11.771s] -- Up-to-date: /home/amigo-pi/amigo_ros2_pi/install/ublox_msgs/share/ublox_msgs/msg/NavDGPS.msg
[11.772s] -- Up-to-date: /home/amigo-pi/amigo_ros2_pi/install/ublox_msgs/share/ublox_msgs/msg/NavDGPSSV.msg
[11.772s] -- Up-to-date: /home/amigo-pi/amigo_ros2_pi/install/ublox_msgs/share/ublox_msgs/msg/NavDOP.msg
[11.773s] -- Up-to-date: /home/amigo-pi/amigo_ros2_pi/install/ublox_msgs/share/ublox_msgs/msg/NavPOSECEF.msg
[11.773s] -- Up-to-date: /home/amigo-pi/amigo_ros2_pi/install/ublox_msgs/share/ublox_msgs/msg/NavPOSLLH.msg
[11.773s] -- Up-to-date: /home/amigo-pi/amigo_ros2_pi/install/ublox_msgs/share/ublox_msgs/msg/NavPVT7.msg
[11.773s] -- Up-to-date: /home/amigo-pi/amigo_ros2_pi/install/ublox_msgs/share/ublox_msgs/msg/NavPVT.msg
[11.774s] -- Up-to-date: /home/amigo-pi/amigo_ros2_pi/install/ublox_msgs/share/ublox_msgs/msg/NavRELPOSNED9.msg
[11.774s] -- Up-to-date: /home/amigo-pi/amigo_ros2_pi/install/ublox_msgs/share/ublox_msgs/msg/NavRELPOSNED.msg
[11.774s] -- Up-to-date: /home/amigo-pi/amigo_ros2_pi/install/ublox_msgs/share/ublox_msgs/msg/NavSAT.msg
[11.775s] -- Up-to-date: /home/amigo-pi/amigo_ros2_pi/install/ublox_msgs/share/ublox_msgs/msg/NavSATSV.msg
[11.775s] -- Up-to-date: /home/amigo-pi/amigo_ros2_pi/install/ublox_msgs/share/ublox_msgs/msg/NavSBAS.msg
[11.775s] -- Up-to-date: /home/amigo-pi/amigo_ros2_pi/install/ublox_msgs/share/ublox_msgs/msg/NavSBASSV.msg
[11.776s] -- Up-to-date: /home/amigo-pi/amigo_ros2_pi/install/ublox_msgs/share/ublox_msgs/msg/NavSOL.msg
[11.776s] -- Up-to-date: /home/amigo-pi/amigo_ros2_pi/install/ublox_msgs/share/ublox_msgs/msg/NavSTATUS.msg
[11.776s] -- Up-to-date: /home/amigo-pi/amigo_ros2_pi/install/ublox_msgs/share/ublox_msgs/msg/NavSVINFO.msg
[11.777s] -- Up-to-date: /home/amigo-pi/amigo_ros2_pi/install/ublox_msgs/share/ublox_msgs/msg/NavSVINFOSV.msg
[11.777s] -- Up-to-date: /home/amigo-pi/amigo_ros2_pi/install/ublox_msgs/share/ublox_msgs/msg/NavSVIN.msg
[11.777s] -- Up-to-date: /home/amigo-pi/amigo_ros2_pi/install/ublox_msgs/share/ublox_msgs/msg/NavTIMEGPS.msg
[11.778s] -- Up-to-date: /home/amigo-pi/amigo_ros2_pi/install/ublox_msgs/share/ublox_msgs/msg/NavTIMEUTC.msg
[11.778s] -- Up-to-date: /home/amigo-pi/amigo_ros2_pi/install/ublox_msgs/share/ublox_msgs/msg/NavVELECEF.msg
[11.778s] -- Up-to-date: /home/amigo-pi/amigo_ros2_pi/install/ublox_msgs/share/ublox_msgs/msg/NavVELNED.msg
[11.779s] -- Up-to-date: /home/amigo-pi/amigo_ros2_pi/install/ublox_msgs/share/ublox_msgs/msg/RxmALM.msg
[11.779s] -- Up-to-date: /home/amigo-pi/amigo_ros2_pi/install/ublox_msgs/share/ublox_msgs/msg/RxmEPH.msg
[11.780s] -- Up-to-date: /home/amigo-pi/amigo_ros2_pi/install/ublox_msgs/share/ublox_msgs/msg/RxmRAW.msg
[11.780s] -- Up-to-date: /home/amigo-pi/amigo_ros2_pi/install/ublox_msgs/share/ublox_msgs/msg/RxmRAWSV.msg
[11.781s] -- Up-to-date: /home/amigo-pi/amigo_ros2_pi/install/ublox_msgs/share/ublox_msgs/msg/RxmRAWXMeas.msg
[11.782s] -- Up-to-date: /home/amigo-pi/amigo_ros2_pi/install/ublox_msgs/share/ublox_msgs/msg/RxmRAWX.msg
[11.782s] -- Up-to-date: /home/amigo-pi/amigo_ros2_pi/install/ublox_msgs/share/ublox_msgs/msg/RxmRTCM.msg
[11.782s] -- Up-to-date: /home/amigo-pi/amigo_ros2_pi/install/ublox_msgs/share/ublox_msgs/msg/RxmSFRB.msg
[11.783s] -- Up-to-date: /home/amigo-pi/amigo_ros2_pi/install/ublox_msgs/share/ublox_msgs/msg/RxmSFRBX.msg
[11.783s] -- Up-to-date: /home/amigo-pi/amigo_ros2_pi/install/ublox_msgs/share/ublox_msgs/msg/RxmSVSI.msg
[11.784s] -- Up-to-date: /home/amigo-pi/amigo_ros2_pi/install/ublox_msgs/share/ublox_msgs/msg/RxmSVSISV.msg
[11.784s] -- Up-to-date: /home/amigo-pi/amigo_ros2_pi/install/ublox_msgs/share/ublox_msgs/msg/TimTM2.msg
[11.785s] -- Up-to-date: /home/amigo-pi/amigo_ros2_pi/install/ublox_msgs/share/ublox_msgs/msg/UpdSOSAck.msg
[11.785s] -- Up-to-date: /home/amigo-pi/amigo_ros2_pi/install/ublox_msgs/share/ublox_msgs/msg/UpdSOS.msg
[11.786s] -- Up-to-date: /home/amigo-pi/amigo_ros2_pi/install/ublox_msgs/lib/libublox_msgs_lib.so
[11.786s] -- Up-to-date: /home/amigo-pi/amigo_ros2_pi/install/ublox_msgs/include
[11.786s] -- Up-to-date: /home/amigo-pi/amigo_ros2_pi/install/ublox_msgs/include/ublox_msgs
[11.787s] -- Up-to-date: /home/amigo-pi/amigo_ros2_pi/install/ublox_msgs/include/ublox_msgs/ublox_msgs.hpp
[11.788s] -- Up-to-date: /home/amigo-pi/amigo_ros2_pi/install/ublox_msgs/include/ublox_msgs/serialization.hpp
[11.789s] -- Up-to-date: /home/amigo-pi/amigo_ros2_pi/install/ublox_msgs/share/ament_index/resource_index/package_run_dependencies/ublox_msgs
[11.790s] -- Up-to-date: /home/amigo-pi/amigo_ros2_pi/install/ublox_msgs/share/ament_index/resource_index/parent_prefix_path/ublox_msgs
[11.790s] -- Up-to-date: /home/amigo-pi/amigo_ros2_pi/install/ublox_msgs/share/ublox_msgs/environment/ament_prefix_path.sh
[11.790s] -- Up-to-date: /home/amigo-pi/amigo_ros2_pi/install/ublox_msgs/share/ublox_msgs/environment/ament_prefix_path.dsv
[11.791s] -- Up-to-date: /home/amigo-pi/amigo_ros2_pi/install/ublox_msgs/share/ublox_msgs/environment/path.sh
[11.791s] -- Up-to-date: /home/amigo-pi/amigo_ros2_pi/install/ublox_msgs/share/ublox_msgs/environment/path.dsv
[11.792s] -- Up-to-date: /home/amigo-pi/amigo_ros2_pi/install/ublox_msgs/share/ublox_msgs/local_setup.bash
[11.792s] -- Up-to-date: /home/amigo-pi/amigo_ros2_pi/install/ublox_msgs/share/ublox_msgs/local_setup.sh
[11.792s] -- Up-to-date: /home/amigo-pi/amigo_ros2_pi/install/ublox_msgs/share/ublox_msgs/local_setup.zsh
[11.793s] -- Up-to-date: /home/amigo-pi/amigo_ros2_pi/install/ublox_msgs/share/ublox_msgs/local_setup.dsv
[11.793s] -- Installing: /home/amigo-pi/amigo_ros2_pi/install/ublox_msgs/share/ublox_msgs/package.dsv
[11.794s] -- Up-to-date: /home/amigo-pi/amigo_ros2_pi/install/ublox_msgs/share/ament_index/resource_index/packages/ublox_msgs
[11.794s] -- Up-to-date: /home/amigo-pi/amigo_ros2_pi/install/ublox_msgs/share/ublox_msgs/cmake/export_ublox_msgs__rosidl_generator_cExport.cmake
[11.794s] -- Up-to-date: /home/amigo-pi/amigo_ros2_pi/install/ublox_msgs/share/ublox_msgs/cmake/export_ublox_msgs__rosidl_generator_cExport-noconfig.cmake
[11.795s] -- Up-to-date: /home/amigo-pi/amigo_ros2_pi/install/ublox_msgs/share/ublox_msgs/cmake/export_ublox_msgs__rosidl_typesupport_fastrtps_cExport.cmake
[11.795s] -- Up-to-date: /home/amigo-pi/amigo_ros2_pi/install/ublox_msgs/share/ublox_msgs/cmake/export_ublox_msgs__rosidl_typesupport_fastrtps_cExport-noconfig.cmake
[11.795s] -- Up-to-date: /home/amigo-pi/amigo_ros2_pi/install/ublox_msgs/share/ublox_msgs/cmake/ublox_msgs__rosidl_typesupport_introspection_cExport.cmake
[11.796s] -- Up-to-date: /home/amigo-pi/amigo_ros2_pi/install/ublox_msgs/share/ublox_msgs/cmake/ublox_msgs__rosidl_typesupport_introspection_cExport-noconfig.cmake
[11.797s] -- Up-to-date: /home/amigo-pi/amigo_ros2_pi/install/ublox_msgs/share/ublox_msgs/cmake/ublox_msgs__rosidl_typesupport_cExport.cmake
[11.797s] -- Up-to-date: /home/amigo-pi/amigo_ros2_pi/install/ublox_msgs/share/ublox_msgs/cmake/ublox_msgs__rosidl_typesupport_cExport-noconfig.cmake
[11.798s] -- Up-to-date: /home/amigo-pi/amigo_ros2_pi/install/ublox_msgs/share/ublox_msgs/cmake/export_ublox_msgs__rosidl_generator_cppExport.cmake
[11.799s] -- Up-to-date: /home/amigo-pi/amigo_ros2_pi/install/ublox_msgs/share/ublox_msgs/cmake/export_ublox_msgs__rosidl_typesupport_fastrtps_cppExport.cmake
[11.799s] -- Up-to-date: /home/amigo-pi/amigo_ros2_pi/install/ublox_msgs/share/ublox_msgs/cmake/export_ublox_msgs__rosidl_typesupport_fastrtps_cppExport-noconfig.cmake
[11.800s] -- Up-to-date: /home/amigo-pi/amigo_ros2_pi/install/ublox_msgs/share/ublox_msgs/cmake/ublox_msgs__rosidl_typesupport_introspection_cppExport.cmake
[11.801s] -- Up-to-date: /home/amigo-pi/amigo_ros2_pi/install/ublox_msgs/share/ublox_msgs/cmake/ublox_msgs__rosidl_typesupport_introspection_cppExport-noconfig.cmake
[11.802s] -- Up-to-date: /home/amigo-pi/amigo_ros2_pi/install/ublox_msgs/share/ublox_msgs/cmake/ublox_msgs__rosidl_typesupport_cppExport.cmake
[11.803s] -- Up-to-date: /home/amigo-pi/amigo_ros2_pi/install/ublox_msgs/share/ublox_msgs/cmake/ublox_msgs__rosidl_typesupport_cppExport-noconfig.cmake
[11.803s] -- Up-to-date: /home/amigo-pi/amigo_ros2_pi/install/ublox_msgs/share/ublox_msgs/cmake/export_ublox_msgs__rosidl_generator_pyExport.cmake
[11.804s] -- Up-to-date: /home/amigo-pi/amigo_ros2_pi/install/ublox_msgs/share/ublox_msgs/cmake/export_ublox_msgs__rosidl_generator_pyExport-noconfig.cmake
[11.804s] -- Up-to-date: /home/amigo-pi/amigo_ros2_pi/install/ublox_msgs/share/ublox_msgs/cmake/ublox_msgs_libExport.cmake
[11.805s] -- Up-to-date: /home/amigo-pi/amigo_ros2_pi/install/ublox_msgs/share/ublox_msgs/cmake/ublox_msgs_libExport-noconfig.cmake
[11.805s] -- Up-to-date: /home/amigo-pi/amigo_ros2_pi/install/ublox_msgs/share/ublox_msgs/cmake/rosidl_cmake-extras.cmake
[11.807s] -- Up-to-date: /home/amigo-pi/amigo_ros2_pi/install/ublox_msgs/share/ublox_msgs/cmake/ament_cmake_export_dependencies-extras.cmake
[11.807s] -- Up-to-date: /home/amigo-pi/amigo_ros2_pi/install/ublox_msgs/share/ublox_msgs/cmake/ament_cmake_export_include_directories-extras.cmake
[11.808s] -- Up-to-date: /home/amigo-pi/amigo_ros2_pi/install/ublox_msgs/share/ublox_msgs/cmake/ament_cmake_export_libraries-extras.cmake
[11.808s] -- Up-to-date: /home/amigo-pi/amigo_ros2_pi/install/ublox_msgs/share/ublox_msgs/cmake/ament_cmake_export_targets-extras.cmake
[11.808s] -- Up-to-date: /home/amigo-pi/amigo_ros2_pi/install/ublox_msgs/share/ublox_msgs/cmake/rosidl_cmake_export_typesupport_targets-extras.cmake
[11.809s] -- Up-to-date: /home/amigo-pi/amigo_ros2_pi/install/ublox_msgs/share/ublox_msgs/cmake/rosidl_cmake_export_typesupport_libraries-extras.cmake
[11.809s] -- Up-to-date: /home/amigo-pi/amigo_ros2_pi/install/ublox_msgs/share/ublox_msgs/cmake/ublox_msgsConfig.cmake
[11.809s] -- Up-to-date: /home/amigo-pi/amigo_ros2_pi/install/ublox_msgs/share/ublox_msgs/cmake/ublox_msgsConfig-version.cmake
[11.810s] -- Up-to-date: /home/amigo-pi/amigo_ros2_pi/install/ublox_msgs/share/ublox_msgs/package.xml
[11.810s] Invoked command in '/home/amigo-pi/amigo_ros2_pi/build/ublox_msgs' returned '0': AMENT_PREFIX_PATH=/home/amigo-pi/amigo_ros2_pi/install/ublox_serialization:${AMENT_PREFIX_PATH} CMAKE_PREFIX_PATH=/home/amigo-pi/amigo_ros2_pi/install/ublox_serialization:/opt/ros/humble /usr/bin/cmake --install /home/amigo-pi/amigo_ros2_pi/build/ublox_msgs
