[0.045s] Invoking command in '/home/amigo-pi/amigo_ros2_pi/build/ublox_msgs': CMAKE_PREFIX_PATH=${CMAKE_PREFIX_PATH}:/home/amigo-pi/amigo_ros2_pi/install/camera_control:/opt/ros/humble /usr/bin/cmake /home/amigo-pi/amigo_ros2_pi/src/ros2-ublox-zedf9p/ublox_msgs -DCMAKE_INSTALL_PREFIX=/home/amigo-pi/amigo_ros2_pi/install/ublox_msgs
[0.322s] -- The C compiler identification is GNU 11.4.0
[0.584s] -- The CXX compiler identification is GNU 11.4.0
[0.616s] -- Detecting C compiler ABI info
[0.947s] -- Detecting C compiler ABI info - done
[0.973s] -- Check for working C compiler: /usr/bin/cc - skipped
[0.973s] -- Detecting C compile features
[0.975s] -- Detecting C compile features - done
[0.986s] -- Detecting CXX compiler ABI info
[1.345s] -- Detecting CXX compiler ABI info - done
[1.374s] -- Check for working CXX compiler: /usr/bin/c++ - skipped
[1.374s] -- Detecting CXX compile features
[1.376s] -- Detecting CXX compile features - done
[1.396s] -- Found ament_cmake_ros: 0.10.0 (/opt/ros/humble/share/ament_cmake_ros/cmake)
[2.226s] -- Found Python3: /usr/bin/python3 (found version "3.10.12") found components: Interpreter 
[2.803s] -- Found rosidl_default_generators: 1.2.0 (/opt/ros/humble/share/rosidl_default_generators/cmake)
[2.828s] -- Using all available rosidl_typesupport_c: rosidl_typesupport_fastrtps_c;rosidl_typesupport_introspection_c
[2.896s] -- Found rosidl_adapter: 3.1.6 (/opt/ros/humble/share/rosidl_adapter/cmake)
[3.268s] -- Using all available rosidl_typesupport_cpp: rosidl_typesupport_fastrtps_cpp;rosidl_typesupport_introspection_cpp
[3.588s] -- Found sensor_msgs: 4.2.4 (/opt/ros/humble/share/sensor_msgs/cmake)
[3.965s] -- Found ublox_serialization: 2.2.0 (/home/amigo-pi/amigo_ros2_pi/install/ublox_serialization/share/ublox_serialization/cmake)
[9.985s] -- Using all available rosidl_typesupport_c: rosidl_typesupport_fastrtps_c;rosidl_typesupport_introspection_c
[11.851s] -- Using all available rosidl_typesupport_cpp: rosidl_typesupport_fastrtps_cpp;rosidl_typesupport_introspection_cpp
[11.967s] -- Found PythonInterp: /usr/bin/python3 (found suitable version "3.10.12", minimum required is "3.6") 
[11.987s] -- Found python_cmake_module: 0.10.0 (/opt/ros/humble/share/python_cmake_module/cmake)
[12.113s] -- Found PythonLibs: /usr/lib/aarch64-linux-gnu/libpython3.10.so (found suitable version "3.10.12", minimum required is "3.5") 
[12.113s] -- Using PYTHON_EXECUTABLE: /usr/bin/python3
[12.114s] -- Using PYTHON_INCLUDE_DIRS: /usr/include/python3.10
[12.114s] -- Using PYTHON_LIBRARIES: /usr/lib/aarch64-linux-gnu/libpython3.10.so
[12.220s] -- Found PythonExtra: .so  
[12.610s] [0mCMake Deprecation Warning at /opt/ros/humble/share/rosidl_cmake/cmake/rosidl_target_interfaces.cmake:32 (message):
[12.610s]   Use rosidl_get_typesupport_target() and target_link_libraries() instead of
[12.610s]   rosidl_target_interfaces()
[12.611s] Call Stack (most recent call first):
[12.611s]   CMakeLists.txt:108 (rosidl_target_interfaces)
[12.611s] 
[12.611s] [0m
[12.654s] -- Configuring done
[13.323s] -- Generating done
[13.416s] -- Build files have been written to: /home/amigo-pi/amigo_ros2_pi/build/ublox_msgs
[13.471s] Invoked command in '/home/amigo-pi/amigo_ros2_pi/build/ublox_msgs' returned '0': CMAKE_PREFIX_PATH=${CMAKE_PREFIX_PATH}:/home/amigo-pi/amigo_ros2_pi/install/camera_control:/opt/ros/humble /usr/bin/cmake /home/amigo-pi/amigo_ros2_pi/src/ros2-ublox-zedf9p/ublox_msgs -DCMAKE_INSTALL_PREFIX=/home/amigo-pi/amigo_ros2_pi/install/ublox_msgs
[13.478s] Invoking command in '/home/amigo-pi/amigo_ros2_pi/build/ublox_msgs': CMAKE_PREFIX_PATH=${CMAKE_PREFIX_PATH}:/home/amigo-pi/amigo_ros2_pi/install/camera_control:/opt/ros/humble /usr/bin/cmake --build /home/amigo-pi/amigo_ros2_pi/build/ublox_msgs -- -j4 -l4
[13.826s] [  0%] [34m[1mGenerating C code for ROS interfaces[0m
[13.891s] [  0%] Built target ament_cmake_python_copy_ublox_msgs
[13.892s] [  0%] [34m[1mGenerating C++ code for ROS interfaces[0m
[15.540s] running egg_info
[15.543s] creating ublox_msgs.egg-info
[15.544s] writing ublox_msgs.egg-info/PKG-INFO
[15.545s] writing dependency_links to ublox_msgs.egg-info/dependency_links.txt
[15.549s] writing top-level names to ublox_msgs.egg-info/top_level.txt
[15.550s] writing manifest file 'ublox_msgs.egg-info/SOURCES.txt'
[15.561s] reading manifest file 'ublox_msgs.egg-info/SOURCES.txt'
[15.566s] writing manifest file 'ublox_msgs.egg-info/SOURCES.txt'
[15.721s] [  0%] Built target ament_cmake_python_build_ublox_msgs_egg
[106.403s] [  0%] [32mBuilding C object CMakeFiles/ublox_msgs__rosidl_generator_c.dir/rosidl_generator_c/ublox_msgs/msg/detail/ack__functions.c.o[0m
[106.413s] [  0%] [32mBuilding C object CMakeFiles/ublox_msgs__rosidl_generator_c.dir/rosidl_generator_c/ublox_msgs/msg/detail/aid_alm__functions.c.o[0m
[106.452s] [  0%] [32mBuilding C object CMakeFiles/ublox_msgs__rosidl_generator_c.dir/rosidl_generator_c/ublox_msgs/msg/detail/aid_eph__functions.c.o[0m
[106.820s] [  1%] [32mBuilding C object CMakeFiles/ublox_msgs__rosidl_generator_c.dir/rosidl_generator_c/ublox_msgs/msg/detail/aid_hui__functions.c.o[0m
[106.841s] [  1%] [32mBuilding C object CMakeFiles/ublox_msgs__rosidl_generator_c.dir/rosidl_generator_c/ublox_msgs/msg/detail/cfg_ant__functions.c.o[0m
[106.856s] [  1%] [32mBuilding C object CMakeFiles/ublox_msgs__rosidl_generator_c.dir/rosidl_generator_c/ublox_msgs/msg/detail/cfg_cfg__functions.c.o[0m
[107.132s] [  1%] [32mBuilding C object CMakeFiles/ublox_msgs__rosidl_generator_c.dir/rosidl_generator_c/ublox_msgs/msg/detail/cfg_dat__functions.c.o[0m
[107.156s] [  1%] [32mBuilding C object CMakeFiles/ublox_msgs__rosidl_generator_c.dir/rosidl_generator_c/ublox_msgs/msg/detail/cfg_dgnss__functions.c.o[0m
[107.163s] [  1%] [32mBuilding C object CMakeFiles/ublox_msgs__rosidl_generator_c.dir/rosidl_generator_c/ublox_msgs/msg/detail/cfg_gnss_block__functions.c.o[0m
[107.434s] [  2%] [32mBuilding C object CMakeFiles/ublox_msgs__rosidl_generator_c.dir/rosidl_generator_c/ublox_msgs/msg/detail/cfg_gnss__functions.c.o[0m
[107.444s] [  2%] [32mBuilding C object CMakeFiles/ublox_msgs__rosidl_generator_c.dir/rosidl_generator_c/ublox_msgs/msg/detail/cfg_hnr__functions.c.o[0m
[107.492s] [  2%] [32mBuilding C object CMakeFiles/ublox_msgs__rosidl_generator_c.dir/rosidl_generator_c/ublox_msgs/msg/detail/cfg_inf_block__functions.c.o[0m
[107.728s] [  2%] [32mBuilding C object CMakeFiles/ublox_msgs__rosidl_generator_c.dir/rosidl_generator_c/ublox_msgs/msg/detail/cfg_inf__functions.c.o[0m
[107.801s] [  2%] [32mBuilding C object CMakeFiles/ublox_msgs__rosidl_generator_c.dir/rosidl_generator_c/ublox_msgs/msg/detail/cfg_msg__functions.c.o[0m
[108.025s] [  2%] [32mBuilding C object CMakeFiles/ublox_msgs__rosidl_generator_c.dir/rosidl_generator_c/ublox_msgs/msg/detail/cfg_nav5__functions.c.o[0m
[108.100s] [  2%] [32mBuilding C object CMakeFiles/ublox_msgs__rosidl_generator_c.dir/rosidl_generator_c/ublox_msgs/msg/detail/cfg_navx5__functions.c.o[0m
[108.315s] [  3%] [32mBuilding C object CMakeFiles/ublox_msgs__rosidl_generator_c.dir/rosidl_generator_c/ublox_msgs/msg/detail/cfg_nmea6__functions.c.o[0m
[108.356s] [  3%] [32mBuilding C object CMakeFiles/ublox_msgs__rosidl_generator_c.dir/rosidl_generator_c/ublox_msgs/msg/detail/cfg_nmea7__functions.c.o[0m
[108.458s] [  3%] [32mBuilding C object CMakeFiles/ublox_msgs__rosidl_generator_c.dir/rosidl_generator_c/ublox_msgs/msg/detail/cfg_nmea__functions.c.o[0m
[108.544s] [  3%] Built target ublox_msgs__cpp
[108.585s] [  3%] [32mBuilding C object CMakeFiles/ublox_msgs__rosidl_generator_c.dir/rosidl_generator_c/ublox_msgs/msg/detail/cfg_prt__functions.c.o[0m
[108.643s] [  3%] [32mBuilding C object CMakeFiles/ublox_msgs__rosidl_generator_c.dir/rosidl_generator_c/ublox_msgs/msg/detail/cfg_rate__functions.c.o[0m
[108.653s] [  3%] [32mBuilding C object CMakeFiles/ublox_msgs__rosidl_generator_c.dir/rosidl_generator_c/ublox_msgs/msg/detail/cfg_rst__functions.c.o[0m
[108.769s] [  4%] [32mBuilding C object CMakeFiles/ublox_msgs__rosidl_generator_c.dir/rosidl_generator_c/ublox_msgs/msg/detail/cfg_sbas__functions.c.o[0m
[108.878s] [  4%] [32mBuilding C object CMakeFiles/ublox_msgs__rosidl_generator_c.dir/rosidl_generator_c/ublox_msgs/msg/detail/cfg_tmode3__functions.c.o[0m
[108.932s] [  4%] [32mBuilding C object CMakeFiles/ublox_msgs__rosidl_generator_c.dir/rosidl_generator_c/ublox_msgs/msg/detail/cfg_usb__functions.c.o[0m
[108.964s] [  4%] [32mBuilding C object CMakeFiles/ublox_msgs__rosidl_generator_c.dir/rosidl_generator_c/ublox_msgs/msg/detail/esf_ins__functions.c.o[0m
[109.068s] [  4%] [32mBuilding C object CMakeFiles/ublox_msgs__rosidl_generator_c.dir/rosidl_generator_c/ublox_msgs/msg/detail/esf_meas__functions.c.o[0m
[109.193s] [  4%] [32mBuilding C object CMakeFiles/ublox_msgs__rosidl_generator_c.dir/rosidl_generator_c/ublox_msgs/msg/detail/esf_raw_block__functions.c.o[0m
[109.287s] [  4%] [32mBuilding C object CMakeFiles/ublox_msgs__rosidl_generator_c.dir/rosidl_generator_c/ublox_msgs/msg/detail/esf_raw__functions.c.o[0m
[109.292s] [  5%] [32mBuilding C object CMakeFiles/ublox_msgs__rosidl_generator_c.dir/rosidl_generator_c/ublox_msgs/msg/detail/esf_status__functions.c.o[0m
[109.404s] [  5%] [32mBuilding C object CMakeFiles/ublox_msgs__rosidl_generator_c.dir/rosidl_generator_c/ublox_msgs/msg/detail/esf_status_sens__functions.c.o[0m
[109.512s] [  5%] [32mBuilding C object CMakeFiles/ublox_msgs__rosidl_generator_c.dir/rosidl_generator_c/ublox_msgs/msg/detail/hnr_pvt__functions.c.o[0m
[109.589s] [  5%] [32mBuilding C object CMakeFiles/ublox_msgs__rosidl_generator_c.dir/rosidl_generator_c/ublox_msgs/msg/detail/inf__functions.c.o[0m
[109.614s] [  5%] [34m[1mGenerating C++ type support dispatch for ROS interfaces[0m
[109.743s] [  5%] [32mBuilding C object CMakeFiles/ublox_msgs__rosidl_generator_c.dir/rosidl_generator_c/ublox_msgs/msg/detail/mga_gal__functions.c.o[0m
[109.836s] [  5%] [32mBuilding C object CMakeFiles/ublox_msgs__rosidl_generator_c.dir/rosidl_generator_c/ublox_msgs/msg/detail/mon_gnss__functions.c.o[0m
[109.896s] [  6%] [32mBuilding C object CMakeFiles/ublox_msgs__rosidl_generator_c.dir/rosidl_generator_c/ublox_msgs/msg/detail/mon_hw6__functions.c.o[0m
[110.097s] [  6%] [32mBuilding C object CMakeFiles/ublox_msgs__rosidl_generator_c.dir/rosidl_generator_c/ublox_msgs/msg/detail/mon_hw__functions.c.o[0m
[110.146s] [  6%] [32mBuilding C object CMakeFiles/ublox_msgs__rosidl_generator_c.dir/rosidl_generator_c/ublox_msgs/msg/detail/mon_ver_extension__functions.c.o[0m
[110.208s] [  6%] [32mBuilding C object CMakeFiles/ublox_msgs__rosidl_generator_c.dir/rosidl_generator_c/ublox_msgs/msg/detail/mon_ver__functions.c.o[0m
[110.399s] [  6%] [32mBuilding C object CMakeFiles/ublox_msgs__rosidl_generator_c.dir/rosidl_generator_c/ublox_msgs/msg/detail/nav_att__functions.c.o[0m
[110.470s] [  6%] [32mBuilding C object CMakeFiles/ublox_msgs__rosidl_generator_c.dir/rosidl_generator_c/ublox_msgs/msg/detail/nav_clock__functions.c.o[0m
[110.523s] [  7%] [32mBuilding C object CMakeFiles/ublox_msgs__rosidl_generator_c.dir/rosidl_generator_c/ublox_msgs/msg/detail/nav_dgps__functions.c.o[0m
[110.717s] [  7%] [34m[1mGenerating C++ type support for eProsima Fast-RTPS[0m
[110.762s] [  7%] [32mBuilding C object CMakeFiles/ublox_msgs__rosidl_generator_c.dir/rosidl_generator_c/ublox_msgs/msg/detail/nav_dgpssv__functions.c.o[0m
[110.862s] [  7%] [34m[1mGenerating C++ introspection for ROS interfaces[0m
[111.072s] [  7%] [32mBuilding C object CMakeFiles/ublox_msgs__rosidl_generator_c.dir/rosidl_generator_c/ublox_msgs/msg/detail/nav_dop__functions.c.o[0m
[111.391s] [  7%] [32mBuilding C object CMakeFiles/ublox_msgs__rosidl_generator_c.dir/rosidl_generator_c/ublox_msgs/msg/detail/nav_posecef__functions.c.o[0m
[111.709s] [  7%] [32mBuilding C object CMakeFiles/ublox_msgs__rosidl_generator_c.dir/rosidl_generator_c/ublox_msgs/msg/detail/nav_posllh__functions.c.o[0m
[112.022s] [  7%] [32mBuilding C object CMakeFiles/ublox_msgs__rosidl_generator_c.dir/rosidl_generator_c/ublox_msgs/msg/detail/nav_pvt7__functions.c.o[0m
[112.358s] [  7%] [32mBuilding C object CMakeFiles/ublox_msgs__rosidl_generator_c.dir/rosidl_generator_c/ublox_msgs/msg/detail/nav_pvt__functions.c.o[0m
[112.669s] [  8%] [32mBuilding C object CMakeFiles/ublox_msgs__rosidl_generator_c.dir/rosidl_generator_c/ublox_msgs/msg/detail/nav_relposned9__functions.c.o[0m
[112.976s] [  8%] [32mBuilding C object CMakeFiles/ublox_msgs__rosidl_generator_c.dir/rosidl_generator_c/ublox_msgs/msg/detail/nav_relposned__functions.c.o[0m
[113.284s] [  8%] [32mBuilding C object CMakeFiles/ublox_msgs__rosidl_generator_c.dir/rosidl_generator_c/ublox_msgs/msg/detail/nav_sat__functions.c.o[0m
[113.573s] [  8%] [32mBuilding C object CMakeFiles/ublox_msgs__rosidl_generator_c.dir/rosidl_generator_c/ublox_msgs/msg/detail/nav_satsv__functions.c.o[0m
[113.855s] [  8%] [32mBuilding C object CMakeFiles/ublox_msgs__rosidl_generator_c.dir/rosidl_generator_c/ublox_msgs/msg/detail/nav_sbas__functions.c.o[0m
[114.140s] [  8%] [32mBuilding C object CMakeFiles/ublox_msgs__rosidl_generator_c.dir/rosidl_generator_c/ublox_msgs/msg/detail/nav_sbassv__functions.c.o[0m
[114.422s] [  9%] [32mBuilding C object CMakeFiles/ublox_msgs__rosidl_generator_c.dir/rosidl_generator_c/ublox_msgs/msg/detail/nav_sol__functions.c.o[0m
[114.721s] [  9%] [32mBuilding C object CMakeFiles/ublox_msgs__rosidl_generator_c.dir/rosidl_generator_c/ublox_msgs/msg/detail/nav_status__functions.c.o[0m
[115.038s] [  9%] [32mBuilding C object CMakeFiles/ublox_msgs__rosidl_generator_c.dir/rosidl_generator_c/ublox_msgs/msg/detail/nav_svinfo__functions.c.o[0m
[115.324s] [  9%] [32mBuilding C object CMakeFiles/ublox_msgs__rosidl_generator_c.dir/rosidl_generator_c/ublox_msgs/msg/detail/nav_svinfosv__functions.c.o[0m
[115.616s] [  9%] [32mBuilding C object CMakeFiles/ublox_msgs__rosidl_generator_c.dir/rosidl_generator_c/ublox_msgs/msg/detail/nav_svin__functions.c.o[0m
[115.910s] [  9%] [32mBuilding C object CMakeFiles/ublox_msgs__rosidl_generator_c.dir/rosidl_generator_c/ublox_msgs/msg/detail/nav_timegps__functions.c.o[0m
[116.192s] [  9%] [32mBuilding C object CMakeFiles/ublox_msgs__rosidl_generator_c.dir/rosidl_generator_c/ublox_msgs/msg/detail/nav_timeutc__functions.c.o[0m
[116.539s] [ 10%] [32mBuilding C object CMakeFiles/ublox_msgs__rosidl_generator_c.dir/rosidl_generator_c/ublox_msgs/msg/detail/nav_velecef__functions.c.o[0m
[116.905s] [ 10%] [32mBuilding C object CMakeFiles/ublox_msgs__rosidl_generator_c.dir/rosidl_generator_c/ublox_msgs/msg/detail/nav_velned__functions.c.o[0m
[117.230s] [ 10%] [32mBuilding C object CMakeFiles/ublox_msgs__rosidl_generator_c.dir/rosidl_generator_c/ublox_msgs/msg/detail/rxm_alm__functions.c.o[0m
[117.556s] [ 10%] [32mBuilding C object CMakeFiles/ublox_msgs__rosidl_generator_c.dir/rosidl_generator_c/ublox_msgs/msg/detail/rxm_eph__functions.c.o[0m
[117.852s] [ 10%] [32mBuilding C object CMakeFiles/ublox_msgs__rosidl_generator_c.dir/rosidl_generator_c/ublox_msgs/msg/detail/rxm_raw__functions.c.o[0m
[118.174s] [ 10%] [32mBuilding C object CMakeFiles/ublox_msgs__rosidl_generator_c.dir/rosidl_generator_c/ublox_msgs/msg/detail/rxm_rawsv__functions.c.o[0m
[118.461s] [ 11%] [32mBuilding C object CMakeFiles/ublox_msgs__rosidl_generator_c.dir/rosidl_generator_c/ublox_msgs/msg/detail/rxm_rawx_meas__functions.c.o[0m
[118.752s] [ 11%] [32mBuilding C object CMakeFiles/ublox_msgs__rosidl_generator_c.dir/rosidl_generator_c/ublox_msgs/msg/detail/rxm_rawx__functions.c.o[0m
[119.048s] [ 11%] [32mBuilding C object CMakeFiles/ublox_msgs__rosidl_generator_c.dir/rosidl_generator_c/ublox_msgs/msg/detail/rxm_rtcm__functions.c.o[0m
[119.381s] [ 11%] [32mBuilding C object CMakeFiles/ublox_msgs__rosidl_generator_c.dir/rosidl_generator_c/ublox_msgs/msg/detail/rxm_sfrb__functions.c.o[0m
[119.670s] [ 11%] [32mBuilding C object CMakeFiles/ublox_msgs__rosidl_generator_c.dir/rosidl_generator_c/ublox_msgs/msg/detail/rxm_sfrbx__functions.c.o[0m
[120.034s] [ 11%] [32mBuilding C object CMakeFiles/ublox_msgs__rosidl_generator_c.dir/rosidl_generator_c/ublox_msgs/msg/detail/rxm_svsi__functions.c.o[0m
[120.332s] [ 12%] [32mBuilding C object CMakeFiles/ublox_msgs__rosidl_generator_c.dir/rosidl_generator_c/ublox_msgs/msg/detail/rxm_svsisv__functions.c.o[0m
[120.647s] [ 12%] [32mBuilding C object CMakeFiles/ublox_msgs__rosidl_generator_c.dir/rosidl_generator_c/ublox_msgs/msg/detail/tim_tm2__functions.c.o[0m
[120.957s] [ 12%] [32mBuilding C object CMakeFiles/ublox_msgs__rosidl_generator_c.dir/rosidl_generator_c/ublox_msgs/msg/detail/upd_sos_ack__functions.c.o[0m
[121.258s] [ 12%] [32mBuilding C object CMakeFiles/ublox_msgs__rosidl_generator_c.dir/rosidl_generator_c/ublox_msgs/msg/detail/upd_sos__functions.c.o[0m
[121.575s] [ 12%] [32m[1mLinking C shared library libublox_msgs__rosidl_generator_c.so[0m
[121.978s] [ 12%] Built target ublox_msgs__rosidl_generator_c
[122.050s] [ 12%] [34m[1mGenerating C type support for eProsima Fast-RTPS[0m
[204.498s] [ 12%] [32mBuilding CXX object CMakeFiles/ublox_msgs__rosidl_typesupport_cpp.dir/rosidl_typesupport_cpp/ublox_msgs/msg/ack__type_support.cpp.o[0m
[206.819s] [ 12%] [32mBuilding CXX object CMakeFiles/ublox_msgs__rosidl_typesupport_cpp.dir/rosidl_typesupport_cpp/ublox_msgs/msg/aid_alm__type_support.cpp.o[0m
[208.899s] [ 13%] [32mBuilding CXX object CMakeFiles/ublox_msgs__rosidl_typesupport_cpp.dir/rosidl_typesupport_cpp/ublox_msgs/msg/aid_eph__type_support.cpp.o[0m
[210.087s] [ 13%] [32mBuilding CXX object CMakeFiles/ublox_msgs__rosidl_typesupport_introspection_cpp.dir/rosidl_typesupport_introspection_cpp/ublox_msgs/msg/detail/ack__type_support.cpp.o[0m
[210.729s] [ 13%] [32mBuilding CXX object CMakeFiles/ublox_msgs__rosidl_typesupport_cpp.dir/rosidl_typesupport_cpp/ublox_msgs/msg/aid_hui__type_support.cpp.o[0m
[212.632s] [ 13%] [32mBuilding CXX object CMakeFiles/ublox_msgs__rosidl_typesupport_cpp.dir/rosidl_typesupport_cpp/ublox_msgs/msg/cfg_ant__type_support.cpp.o[0m
[212.855s] [ 13%] [32mBuilding CXX object CMakeFiles/ublox_msgs__rosidl_typesupport_introspection_cpp.dir/rosidl_typesupport_introspection_cpp/ublox_msgs/msg/detail/aid_alm__type_support.cpp.o[0m
[213.937s] [ 13%] [32mBuilding CXX object CMakeFiles/ublox_msgs__rosidl_typesupport_fastrtps_cpp.dir/rosidl_typesupport_fastrtps_cpp/ublox_msgs/msg/detail/dds_fastrtps/ack__type_support.cpp.o[0m
[214.492s] [ 13%] [32mBuilding CXX object CMakeFiles/ublox_msgs__rosidl_typesupport_cpp.dir/rosidl_typesupport_cpp/ublox_msgs/msg/cfg_cfg__type_support.cpp.o[0m
[215.585s] [ 13%] [32mBuilding CXX object CMakeFiles/ublox_msgs__rosidl_typesupport_introspection_cpp.dir/rosidl_typesupport_introspection_cpp/ublox_msgs/msg/detail/aid_eph__type_support.cpp.o[0m
[216.397s] [ 13%] [32mBuilding CXX object CMakeFiles/ublox_msgs__rosidl_typesupport_cpp.dir/rosidl_typesupport_cpp/ublox_msgs/msg/cfg_dat__type_support.cpp.o[0m
[216.681s] [ 13%] [32mBuilding CXX object CMakeFiles/ublox_msgs__rosidl_typesupport_fastrtps_cpp.dir/rosidl_typesupport_fastrtps_cpp/ublox_msgs/msg/detail/dds_fastrtps/aid_alm__type_support.cpp.o[0m
[218.221s] [ 13%] [32mBuilding CXX object CMakeFiles/ublox_msgs__rosidl_typesupport_cpp.dir/rosidl_typesupport_cpp/ublox_msgs/msg/cfg_dgnss__type_support.cpp.o[0m
[218.348s] [ 14%] [32mBuilding CXX object CMakeFiles/ublox_msgs__rosidl_typesupport_introspection_cpp.dir/rosidl_typesupport_introspection_cpp/ublox_msgs/msg/detail/aid_hui__type_support.cpp.o[0m
[219.712s] [ 15%] [32mBuilding CXX object CMakeFiles/ublox_msgs__rosidl_typesupport_fastrtps_cpp.dir/rosidl_typesupport_fastrtps_cpp/ublox_msgs/msg/detail/dds_fastrtps/aid_eph__type_support.cpp.o[0m
[220.225s] [ 16%] [32mBuilding CXX object CMakeFiles/ublox_msgs__rosidl_typesupport_cpp.dir/rosidl_typesupport_cpp/ublox_msgs/msg/cfg_gnss_block__type_support.cpp.o[0m
[221.207s] [ 16%] [32mBuilding CXX object CMakeFiles/ublox_msgs__rosidl_typesupport_introspection_cpp.dir/rosidl_typesupport_introspection_cpp/ublox_msgs/msg/detail/cfg_ant__type_support.cpp.o[0m
[222.244s] [ 16%] [32mBuilding CXX object CMakeFiles/ublox_msgs__rosidl_typesupport_cpp.dir/rosidl_typesupport_cpp/ublox_msgs/msg/cfg_gnss__type_support.cpp.o[0m
[222.791s] [ 16%] [32mBuilding CXX object CMakeFiles/ublox_msgs__rosidl_typesupport_fastrtps_cpp.dir/rosidl_typesupport_fastrtps_cpp/ublox_msgs/msg/detail/dds_fastrtps/aid_hui__type_support.cpp.o[0m
[223.816s] [ 16%] [32mBuilding CXX object CMakeFiles/ublox_msgs__rosidl_typesupport_introspection_cpp.dir/rosidl_typesupport_introspection_cpp/ublox_msgs/msg/detail/cfg_cfg__type_support.cpp.o[0m
[224.159s] [ 16%] [32mBuilding CXX object CMakeFiles/ublox_msgs__rosidl_typesupport_cpp.dir/rosidl_typesupport_cpp/ublox_msgs/msg/cfg_hnr__type_support.cpp.o[0m
[225.535s] [ 16%] [32mBuilding CXX object CMakeFiles/ublox_msgs__rosidl_typesupport_fastrtps_cpp.dir/rosidl_typesupport_fastrtps_cpp/ublox_msgs/msg/detail/dds_fastrtps/cfg_ant__type_support.cpp.o[0m
[226.171s] [ 16%] [32mBuilding CXX object CMakeFiles/ublox_msgs__rosidl_typesupport_cpp.dir/rosidl_typesupport_cpp/ublox_msgs/msg/cfg_inf_block__type_support.cpp.o[0m
[226.503s] [ 16%] [32mBuilding CXX object CMakeFiles/ublox_msgs__rosidl_typesupport_introspection_cpp.dir/rosidl_typesupport_introspection_cpp/ublox_msgs/msg/detail/cfg_dat__type_support.cpp.o[0m
[227.269s] [ 17%] [32mBuilding CXX object CMakeFiles/ublox_msgs__rosidl_typesupport_fastrtps_c.dir/rosidl_typesupport_fastrtps_c/ublox_msgs/msg/detail/ack__type_support_c.cpp.o[0m
[228.038s] [ 17%] [32mBuilding CXX object CMakeFiles/ublox_msgs__rosidl_typesupport_cpp.dir/rosidl_typesupport_cpp/ublox_msgs/msg/cfg_inf__type_support.cpp.o[0m
[228.149s] [ 17%] [32mBuilding CXX object CMakeFiles/ublox_msgs__rosidl_typesupport_fastrtps_cpp.dir/rosidl_typesupport_fastrtps_cpp/ublox_msgs/msg/detail/dds_fastrtps/cfg_cfg__type_support.cpp.o[0m
[229.109s] [ 17%] [32mBuilding CXX object CMakeFiles/ublox_msgs__rosidl_typesupport_introspection_cpp.dir/rosidl_typesupport_introspection_cpp/ublox_msgs/msg/detail/cfg_dgnss__type_support.cpp.o[0m
[229.537s] [ 17%] [32mBuilding CXX object CMakeFiles/ublox_msgs__rosidl_typesupport_fastrtps_c.dir/rosidl_typesupport_fastrtps_c/ublox_msgs/msg/detail/aid_alm__type_support_c.cpp.o[0m
[229.946s] [ 17%] [32mBuilding CXX object CMakeFiles/ublox_msgs__rosidl_typesupport_cpp.dir/rosidl_typesupport_cpp/ublox_msgs/msg/cfg_msg__type_support.cpp.o[0m
[230.776s] [ 17%] [32mBuilding CXX object CMakeFiles/ublox_msgs__rosidl_typesupport_fastrtps_cpp.dir/rosidl_typesupport_fastrtps_cpp/ublox_msgs/msg/detail/dds_fastrtps/cfg_dat__type_support.cpp.o[0m
[231.687s] [ 17%] [32mBuilding CXX object CMakeFiles/ublox_msgs__rosidl_typesupport_introspection_cpp.dir/rosidl_typesupport_introspection_cpp/ublox_msgs/msg/detail/cfg_gnss_block__type_support.cpp.o[0m
[231.856s] [ 17%] [32mBuilding CXX object CMakeFiles/ublox_msgs__rosidl_typesupport_fastrtps_c.dir/rosidl_typesupport_fastrtps_c/ublox_msgs/msg/detail/aid_eph__type_support_c.cpp.o[0m
[231.934s] [ 17%] [32mBuilding CXX object CMakeFiles/ublox_msgs__rosidl_typesupport_cpp.dir/rosidl_typesupport_cpp/ublox_msgs/msg/cfg_nav5__type_support.cpp.o[0m
[233.529s] [ 17%] [32mBuilding CXX object CMakeFiles/ublox_msgs__rosidl_typesupport_fastrtps_cpp.dir/rosidl_typesupport_fastrtps_cpp/ublox_msgs/msg/detail/dds_fastrtps/cfg_dgnss__type_support.cpp.o[0m
[233.755s] [ 18%] [32mBuilding CXX object CMakeFiles/ublox_msgs__rosidl_typesupport_cpp.dir/rosidl_typesupport_cpp/ublox_msgs/msg/cfg_navx5__type_support.cpp.o[0m
[234.174s] [ 19%] [32mBuilding CXX object CMakeFiles/ublox_msgs__rosidl_typesupport_introspection_cpp.dir/rosidl_typesupport_introspection_cpp/ublox_msgs/msg/detail/cfg_gnss__type_support.cpp.o[0m
[234.283s] [ 19%] [32mBuilding CXX object CMakeFiles/ublox_msgs__rosidl_typesupport_fastrtps_c.dir/rosidl_typesupport_fastrtps_c/ublox_msgs/msg/detail/aid_hui__type_support_c.cpp.o[0m
[235.683s] [ 19%] [32mBuilding CXX object CMakeFiles/ublox_msgs__rosidl_typesupport_cpp.dir/rosidl_typesupport_cpp/ublox_msgs/msg/cfg_nmea6__type_support.cpp.o[0m
[236.176s] [ 19%] [32mBuilding CXX object CMakeFiles/ublox_msgs__rosidl_typesupport_fastrtps_cpp.dir/rosidl_typesupport_fastrtps_cpp/ublox_msgs/msg/detail/dds_fastrtps/cfg_gnss_block__type_support.cpp.o[0m
[236.711s] [ 19%] [32mBuilding CXX object CMakeFiles/ublox_msgs__rosidl_typesupport_fastrtps_c.dir/rosidl_typesupport_fastrtps_c/ublox_msgs/msg/detail/cfg_ant__type_support_c.cpp.o[0m
[236.858s] [ 19%] [32mBuilding CXX object CMakeFiles/ublox_msgs__rosidl_typesupport_introspection_cpp.dir/rosidl_typesupport_introspection_cpp/ublox_msgs/msg/detail/cfg_hnr__type_support.cpp.o[0m
[237.425s] [ 19%] [32mBuilding CXX object CMakeFiles/ublox_msgs__rosidl_typesupport_cpp.dir/rosidl_typesupport_cpp/ublox_msgs/msg/cfg_nmea7__type_support.cpp.o[0m
[238.858s] [ 20%] [32mBuilding CXX object CMakeFiles/ublox_msgs__rosidl_typesupport_fastrtps_cpp.dir/rosidl_typesupport_fastrtps_cpp/ublox_msgs/msg/detail/dds_fastrtps/cfg_gnss__type_support.cpp.o[0m
[239.146s] [ 20%] [32mBuilding CXX object CMakeFiles/ublox_msgs__rosidl_typesupport_fastrtps_c.dir/rosidl_typesupport_fastrtps_c/ublox_msgs/msg/detail/cfg_cfg__type_support_c.cpp.o[0m
[239.280s] [ 20%] [32mBuilding CXX object CMakeFiles/ublox_msgs__rosidl_typesupport_cpp.dir/rosidl_typesupport_cpp/ublox_msgs/msg/cfg_nmea__type_support.cpp.o[0m
[239.431s] [ 20%] [32mBuilding CXX object CMakeFiles/ublox_msgs__rosidl_typesupport_introspection_cpp.dir/rosidl_typesupport_introspection_cpp/ublox_msgs/msg/detail/cfg_inf_block__type_support.cpp.o[0m
[241.345s] [ 20%] [32mBuilding CXX object CMakeFiles/ublox_msgs__rosidl_typesupport_cpp.dir/rosidl_typesupport_cpp/ublox_msgs/msg/cfg_prt__type_support.cpp.o[0m
[241.438s] [ 21%] [32mBuilding CXX object CMakeFiles/ublox_msgs__rosidl_typesupport_fastrtps_c.dir/rosidl_typesupport_fastrtps_c/ublox_msgs/msg/detail/cfg_dat__type_support_c.cpp.o[0m
[241.743s] [ 21%] [32mBuilding CXX object CMakeFiles/ublox_msgs__rosidl_typesupport_fastrtps_cpp.dir/rosidl_typesupport_fastrtps_cpp/ublox_msgs/msg/detail/dds_fastrtps/cfg_hnr__type_support.cpp.o[0m
[242.038s] [ 21%] [32mBuilding CXX object CMakeFiles/ublox_msgs__rosidl_typesupport_introspection_cpp.dir/rosidl_typesupport_introspection_cpp/ublox_msgs/msg/detail/cfg_inf__type_support.cpp.o[0m
[243.138s] [ 21%] [32mBuilding CXX object CMakeFiles/ublox_msgs__rosidl_typesupport_cpp.dir/rosidl_typesupport_cpp/ublox_msgs/msg/cfg_rate__type_support.cpp.o[0m
[243.706s] [ 21%] [32mBuilding CXX object CMakeFiles/ublox_msgs__rosidl_typesupport_fastrtps_c.dir/rosidl_typesupport_fastrtps_c/ublox_msgs/msg/detail/cfg_dgnss__type_support_c.cpp.o[0m
[244.603s] [ 21%] [32mBuilding CXX object CMakeFiles/ublox_msgs__rosidl_typesupport_fastrtps_cpp.dir/rosidl_typesupport_fastrtps_cpp/ublox_msgs/msg/detail/dds_fastrtps/cfg_inf_block__type_support.cpp.o[0m
[244.866s] [ 21%] [32mBuilding CXX object CMakeFiles/ublox_msgs__rosidl_typesupport_introspection_cpp.dir/rosidl_typesupport_introspection_cpp/ublox_msgs/msg/detail/cfg_msg__type_support.cpp.o[0m
[244.977s] [ 22%] [32mBuilding CXX object CMakeFiles/ublox_msgs__rosidl_typesupport_cpp.dir/rosidl_typesupport_cpp/ublox_msgs/msg/cfg_rst__type_support.cpp.o[0m
[246.048s] [ 22%] [32mBuilding CXX object CMakeFiles/ublox_msgs__rosidl_typesupport_fastrtps_c.dir/rosidl_typesupport_fastrtps_c/ublox_msgs/msg/detail/cfg_gnss_block__type_support_c.cpp.o[0m
[246.796s] [ 22%] [32mBuilding CXX object CMakeFiles/ublox_msgs__rosidl_typesupport_cpp.dir/rosidl_typesupport_cpp/ublox_msgs/msg/cfg_sbas__type_support.cpp.o[0m
[247.370s] [ 22%] [32mBuilding CXX object CMakeFiles/ublox_msgs__rosidl_typesupport_fastrtps_cpp.dir/rosidl_typesupport_fastrtps_cpp/ublox_msgs/msg/detail/dds_fastrtps/cfg_inf__type_support.cpp.o[0m
[247.443s] [ 22%] [32mBuilding CXX object CMakeFiles/ublox_msgs__rosidl_typesupport_introspection_cpp.dir/rosidl_typesupport_introspection_cpp/ublox_msgs/msg/detail/cfg_nav5__type_support.cpp.o[0m
[248.250s] [ 22%] [32mBuilding CXX object CMakeFiles/ublox_msgs__rosidl_typesupport_fastrtps_c.dir/rosidl_typesupport_fastrtps_c/ublox_msgs/msg/detail/cfg_gnss__type_support_c.cpp.o[0m
[248.559s] [ 22%] [32mBuilding CXX object CMakeFiles/ublox_msgs__rosidl_typesupport_cpp.dir/rosidl_typesupport_cpp/ublox_msgs/msg/cfg_tmode3__type_support.cpp.o[0m
[250.248s] [ 23%] [32mBuilding CXX object CMakeFiles/ublox_msgs__rosidl_typesupport_introspection_cpp.dir/rosidl_typesupport_introspection_cpp/ublox_msgs/msg/detail/cfg_navx5__type_support.cpp.o[0m
[250.391s] [ 23%] [32mBuilding CXX object CMakeFiles/ublox_msgs__rosidl_typesupport_fastrtps_cpp.dir/rosidl_typesupport_fastrtps_cpp/ublox_msgs/msg/detail/dds_fastrtps/cfg_msg__type_support.cpp.o[0m
[250.450s] [ 23%] [32mBuilding CXX object CMakeFiles/ublox_msgs__rosidl_typesupport_cpp.dir/rosidl_typesupport_cpp/ublox_msgs/msg/cfg_usb__type_support.cpp.o[0m
[250.574s] [ 23%] [32mBuilding CXX object CMakeFiles/ublox_msgs__rosidl_typesupport_fastrtps_c.dir/rosidl_typesupport_fastrtps_c/ublox_msgs/msg/detail/cfg_hnr__type_support_c.cpp.o[0m
[252.727s] [ 23%] [32mBuilding CXX object CMakeFiles/ublox_msgs__rosidl_typesupport_cpp.dir/rosidl_typesupport_cpp/ublox_msgs/msg/esf_ins__type_support.cpp.o[0m
[253.153s] [ 23%] [32mBuilding CXX object CMakeFiles/ublox_msgs__rosidl_typesupport_fastrtps_cpp.dir/rosidl_typesupport_fastrtps_cpp/ublox_msgs/msg/detail/dds_fastrtps/cfg_nav5__type_support.cpp.o[0m
[253.163s] [ 23%] [32mBuilding CXX object CMakeFiles/ublox_msgs__rosidl_typesupport_introspection_cpp.dir/rosidl_typesupport_introspection_cpp/ublox_msgs/msg/detail/cfg_nmea6__type_support.cpp.o[0m
[253.193s] [ 23%] [32mBuilding CXX object CMakeFiles/ublox_msgs__rosidl_typesupport_fastrtps_c.dir/rosidl_typesupport_fastrtps_c/ublox_msgs/msg/detail/cfg_inf_block__type_support_c.cpp.o[0m
[254.410s] [ 23%] [32mBuilding CXX object CMakeFiles/ublox_msgs__rosidl_typesupport_cpp.dir/rosidl_typesupport_cpp/ublox_msgs/msg/esf_meas__type_support.cpp.o[0m
[255.623s] [ 23%] [32mBuilding CXX object CMakeFiles/ublox_msgs__rosidl_typesupport_fastrtps_c.dir/rosidl_typesupport_fastrtps_c/ublox_msgs/msg/detail/cfg_inf__type_support_c.cpp.o[0m
[255.656s] [ 23%] [32mBuilding CXX object CMakeFiles/ublox_msgs__rosidl_typesupport_introspection_cpp.dir/rosidl_typesupport_introspection_cpp/ublox_msgs/msg/detail/cfg_nmea7__type_support.cpp.o[0m
[256.066s] [ 24%] [32mBuilding CXX object CMakeFiles/ublox_msgs__rosidl_typesupport_fastrtps_cpp.dir/rosidl_typesupport_fastrtps_cpp/ublox_msgs/msg/detail/dds_fastrtps/cfg_navx5__type_support.cpp.o[0m
[256.216s] [ 24%] [32mBuilding CXX object CMakeFiles/ublox_msgs__rosidl_typesupport_cpp.dir/rosidl_typesupport_cpp/ublox_msgs/msg/esf_raw_block__type_support.cpp.o[0m
[258.100s] [ 25%] [32mBuilding CXX object CMakeFiles/ublox_msgs__rosidl_typesupport_fastrtps_c.dir/rosidl_typesupport_fastrtps_c/ublox_msgs/msg/detail/cfg_msg__type_support_c.cpp.o[0m
[258.158s] [ 26%] [32mBuilding CXX object CMakeFiles/ublox_msgs__rosidl_typesupport_cpp.dir/rosidl_typesupport_cpp/ublox_msgs/msg/esf_raw__type_support.cpp.o[0m
[258.212s] [ 26%] [32mBuilding CXX object CMakeFiles/ublox_msgs__rosidl_typesupport_introspection_cpp.dir/rosidl_typesupport_introspection_cpp/ublox_msgs/msg/detail/cfg_nmea__type_support.cpp.o[0m
[259.087s] [ 26%] [32mBuilding CXX object CMakeFiles/ublox_msgs__rosidl_typesupport_fastrtps_cpp.dir/rosidl_typesupport_fastrtps_cpp/ublox_msgs/msg/detail/dds_fastrtps/cfg_nmea6__type_support.cpp.o[0m
[259.937s] [ 26%] [32mBuilding CXX object CMakeFiles/ublox_msgs__rosidl_typesupport_cpp.dir/rosidl_typesupport_cpp/ublox_msgs/msg/esf_status__type_support.cpp.o[0m
[260.441s] [ 26%] [32mBuilding CXX object CMakeFiles/ublox_msgs__rosidl_typesupport_fastrtps_c.dir/rosidl_typesupport_fastrtps_c/ublox_msgs/msg/detail/cfg_nav5__type_support_c.cpp.o[0m
[260.880s] [ 26%] [32mBuilding CXX object CMakeFiles/ublox_msgs__rosidl_typesupport_introspection_cpp.dir/rosidl_typesupport_introspection_cpp/ublox_msgs/msg/detail/cfg_prt__type_support.cpp.o[0m
[261.686s] [ 26%] [32mBuilding CXX object CMakeFiles/ublox_msgs__rosidl_typesupport_cpp.dir/rosidl_typesupport_cpp/ublox_msgs/msg/esf_status_sens__type_support.cpp.o[0m
[261.740s] [ 26%] [32mBuilding CXX object CMakeFiles/ublox_msgs__rosidl_typesupport_fastrtps_cpp.dir/rosidl_typesupport_fastrtps_cpp/ublox_msgs/msg/detail/dds_fastrtps/cfg_nmea7__type_support.cpp.o[0m
[262.964s] [ 26%] [32mBuilding CXX object CMakeFiles/ublox_msgs__rosidl_typesupport_fastrtps_c.dir/rosidl_typesupport_fastrtps_c/ublox_msgs/msg/detail/cfg_navx5__type_support_c.cpp.o[0m
[263.465s] [ 26%] [32mBuilding CXX object CMakeFiles/ublox_msgs__rosidl_typesupport_cpp.dir/rosidl_typesupport_cpp/ublox_msgs/msg/hnr_pvt__type_support.cpp.o[0m
[263.490s] [ 26%] [32mBuilding CXX object CMakeFiles/ublox_msgs__rosidl_typesupport_introspection_cpp.dir/rosidl_typesupport_introspection_cpp/ublox_msgs/msg/detail/cfg_rate__type_support.cpp.o[0m
[264.485s] [ 26%] [32mBuilding CXX object CMakeFiles/ublox_msgs__rosidl_typesupport_fastrtps_cpp.dir/rosidl_typesupport_fastrtps_cpp/ublox_msgs/msg/detail/dds_fastrtps/cfg_nmea__type_support.cpp.o[0m
[265.250s] [ 26%] [32mBuilding CXX object CMakeFiles/ublox_msgs__rosidl_typesupport_cpp.dir/rosidl_typesupport_cpp/ublox_msgs/msg/inf__type_support.cpp.o[0m
[265.506s] [ 26%] [32mBuilding CXX object CMakeFiles/ublox_msgs__rosidl_typesupport_fastrtps_c.dir/rosidl_typesupport_fastrtps_c/ublox_msgs/msg/detail/cfg_nmea6__type_support_c.cpp.o[0m
[266.032s] [ 26%] [32mBuilding CXX object CMakeFiles/ublox_msgs__rosidl_typesupport_introspection_cpp.dir/rosidl_typesupport_introspection_cpp/ublox_msgs/msg/detail/cfg_rst__type_support.cpp.o[0m
[266.992s] [ 26%] [32mBuilding CXX object CMakeFiles/ublox_msgs__rosidl_typesupport_cpp.dir/rosidl_typesupport_cpp/ublox_msgs/msg/mga_gal__type_support.cpp.o[0m
[267.194s] [ 26%] [32mBuilding CXX object CMakeFiles/ublox_msgs__rosidl_typesupport_fastrtps_cpp.dir/rosidl_typesupport_fastrtps_cpp/ublox_msgs/msg/detail/dds_fastrtps/cfg_prt__type_support.cpp.o[0m
[267.948s] [ 26%] [32mBuilding CXX object CMakeFiles/ublox_msgs__rosidl_typesupport_fastrtps_c.dir/rosidl_typesupport_fastrtps_c/ublox_msgs/msg/detail/cfg_nmea7__type_support_c.cpp.o[0m
[268.697s] [ 27%] [32mBuilding CXX object CMakeFiles/ublox_msgs__rosidl_typesupport_introspection_cpp.dir/rosidl_typesupport_introspection_cpp/ublox_msgs/msg/detail/cfg_sbas__type_support.cpp.o[0m
[268.767s] [ 28%] [32mBuilding CXX object CMakeFiles/ublox_msgs__rosidl_typesupport_cpp.dir/rosidl_typesupport_cpp/ublox_msgs/msg/mon_gnss__type_support.cpp.o[0m
[269.942s] [ 28%] [32mBuilding CXX object CMakeFiles/ublox_msgs__rosidl_typesupport_fastrtps_cpp.dir/rosidl_typesupport_fastrtps_cpp/ublox_msgs/msg/detail/dds_fastrtps/cfg_rate__type_support.cpp.o[0m
[270.257s] [ 28%] [32mBuilding CXX object CMakeFiles/ublox_msgs__rosidl_typesupport_fastrtps_c.dir/rosidl_typesupport_fastrtps_c/ublox_msgs/msg/detail/cfg_nmea__type_support_c.cpp.o[0m
[270.750s] [ 28%] [32mBuilding CXX object CMakeFiles/ublox_msgs__rosidl_typesupport_cpp.dir/rosidl_typesupport_cpp/ublox_msgs/msg/mon_hw6__type_support.cpp.o[0m
[271.150s] [ 28%] [32mBuilding CXX object CMakeFiles/ublox_msgs__rosidl_typesupport_introspection_cpp.dir/rosidl_typesupport_introspection_cpp/ublox_msgs/msg/detail/cfg_tmode3__type_support.cpp.o[0m
[272.496s] [ 29%] [32mBuilding CXX object CMakeFiles/ublox_msgs__rosidl_typesupport_fastrtps_c.dir/rosidl_typesupport_fastrtps_c/ublox_msgs/msg/detail/cfg_prt__type_support_c.cpp.o[0m
[272.652s] [ 29%] [32mBuilding CXX object CMakeFiles/ublox_msgs__rosidl_typesupport_fastrtps_cpp.dir/rosidl_typesupport_fastrtps_cpp/ublox_msgs/msg/detail/dds_fastrtps/cfg_rst__type_support.cpp.o[0m
[272.843s] [ 29%] [32mBuilding CXX object CMakeFiles/ublox_msgs__rosidl_typesupport_cpp.dir/rosidl_typesupport_cpp/ublox_msgs/msg/mon_hw__type_support.cpp.o[0m
[273.685s] [ 29%] [32mBuilding CXX object CMakeFiles/ublox_msgs__rosidl_typesupport_introspection_cpp.dir/rosidl_typesupport_introspection_cpp/ublox_msgs/msg/detail/cfg_usb__type_support.cpp.o[0m
[274.753s] [ 29%] [32mBuilding CXX object CMakeFiles/ublox_msgs__rosidl_typesupport_cpp.dir/rosidl_typesupport_cpp/ublox_msgs/msg/mon_ver_extension__type_support.cpp.o[0m
[274.892s] [ 29%] [32mBuilding CXX object CMakeFiles/ublox_msgs__rosidl_typesupport_fastrtps_c.dir/rosidl_typesupport_fastrtps_c/ublox_msgs/msg/detail/cfg_rate__type_support_c.cpp.o[0m
[275.270s] [ 30%] [32mBuilding CXX object CMakeFiles/ublox_msgs__rosidl_typesupport_fastrtps_cpp.dir/rosidl_typesupport_fastrtps_cpp/ublox_msgs/msg/detail/dds_fastrtps/cfg_sbas__type_support.cpp.o[0m
[276.317s] [ 30%] [32mBuilding CXX object CMakeFiles/ublox_msgs__rosidl_typesupport_introspection_cpp.dir/rosidl_typesupport_introspection_cpp/ublox_msgs/msg/detail/esf_ins__type_support.cpp.o[0m
[276.590s] [ 30%] [32mBuilding CXX object CMakeFiles/ublox_msgs__rosidl_typesupport_cpp.dir/rosidl_typesupport_cpp/ublox_msgs/msg/mon_ver__type_support.cpp.o[0m
[277.223s] [ 30%] [32mBuilding CXX object CMakeFiles/ublox_msgs__rosidl_typesupport_fastrtps_c.dir/rosidl_typesupport_fastrtps_c/ublox_msgs/msg/detail/cfg_rst__type_support_c.cpp.o[0m
[277.954s] [ 30%] [32mBuilding CXX object CMakeFiles/ublox_msgs__rosidl_typesupport_fastrtps_cpp.dir/rosidl_typesupport_fastrtps_cpp/ublox_msgs/msg/detail/dds_fastrtps/cfg_tmode3__type_support.cpp.o[0m
[278.648s] [ 30%] [32mBuilding CXX object CMakeFiles/ublox_msgs__rosidl_typesupport_cpp.dir/rosidl_typesupport_cpp/ublox_msgs/msg/nav_att__type_support.cpp.o[0m
[278.834s] [ 30%] [32mBuilding CXX object CMakeFiles/ublox_msgs__rosidl_typesupport_introspection_cpp.dir/rosidl_typesupport_introspection_cpp/ublox_msgs/msg/detail/esf_meas__type_support.cpp.o[0m
[279.511s] [ 30%] [32mBuilding CXX object CMakeFiles/ublox_msgs__rosidl_typesupport_fastrtps_c.dir/rosidl_typesupport_fastrtps_c/ublox_msgs/msg/detail/cfg_sbas__type_support_c.cpp.o[0m
[280.541s] [ 30%] [32mBuilding CXX object CMakeFiles/ublox_msgs__rosidl_typesupport_cpp.dir/rosidl_typesupport_cpp/ublox_msgs/msg/nav_clock__type_support.cpp.o[0m
[280.777s] [ 30%] [32mBuilding CXX object CMakeFiles/ublox_msgs__rosidl_typesupport_fastrtps_cpp.dir/rosidl_typesupport_fastrtps_cpp/ublox_msgs/msg/detail/dds_fastrtps/cfg_usb__type_support.cpp.o[0m
[281.767s] [ 30%] [32mBuilding CXX object CMakeFiles/ublox_msgs__rosidl_typesupport_introspection_cpp.dir/rosidl_typesupport_introspection_cpp/ublox_msgs/msg/detail/esf_raw_block__type_support.cpp.o[0m
[281.960s] [ 30%] [32mBuilding CXX object CMakeFiles/ublox_msgs__rosidl_typesupport_fastrtps_c.dir/rosidl_typesupport_fastrtps_c/ublox_msgs/msg/detail/cfg_tmode3__type_support_c.cpp.o[0m
[282.491s] [ 31%] [32mBuilding CXX object CMakeFiles/ublox_msgs__rosidl_typesupport_cpp.dir/rosidl_typesupport_cpp/ublox_msgs/msg/nav_dgps__type_support.cpp.o[0m
[283.732s] [ 31%] [32mBuilding CXX object CMakeFiles/ublox_msgs__rosidl_typesupport_fastrtps_cpp.dir/rosidl_typesupport_fastrtps_cpp/ublox_msgs/msg/detail/dds_fastrtps/esf_ins__type_support.cpp.o[0m
[284.307s] [ 32%] [32mBuilding CXX object CMakeFiles/ublox_msgs__rosidl_typesupport_introspection_cpp.dir/rosidl_typesupport_introspection_cpp/ublox_msgs/msg/detail/esf_raw__type_support.cpp.o[0m
[284.315s] [ 32%] [32mBuilding CXX object CMakeFiles/ublox_msgs__rosidl_typesupport_cpp.dir/rosidl_typesupport_cpp/ublox_msgs/msg/nav_dgpssv__type_support.cpp.o[0m
[284.396s] [ 32%] [32mBuilding CXX object CMakeFiles/ublox_msgs__rosidl_typesupport_fastrtps_c.dir/rosidl_typesupport_fastrtps_c/ublox_msgs/msg/detail/cfg_usb__type_support_c.cpp.o[0m
[286.158s] [ 32%] [32mBuilding CXX object CMakeFiles/ublox_msgs__rosidl_typesupport_cpp.dir/rosidl_typesupport_cpp/ublox_msgs/msg/nav_dop__type_support.cpp.o[0m
[286.670s] [ 32%] [32mBuilding CXX object CMakeFiles/ublox_msgs__rosidl_typesupport_fastrtps_cpp.dir/rosidl_typesupport_fastrtps_cpp/ublox_msgs/msg/detail/dds_fastrtps/esf_meas__type_support.cpp.o[0m
[286.691s] [ 32%] [32mBuilding CXX object CMakeFiles/ublox_msgs__rosidl_typesupport_fastrtps_c.dir/rosidl_typesupport_fastrtps_c/ublox_msgs/msg/detail/esf_ins__type_support_c.cpp.o[0m
[287.097s] [ 32%] [32mBuilding CXX object CMakeFiles/ublox_msgs__rosidl_typesupport_introspection_cpp.dir/rosidl_typesupport_introspection_cpp/ublox_msgs/msg/detail/esf_status__type_support.cpp.o[0m
[287.974s] [ 32%] [32mBuilding CXX object CMakeFiles/ublox_msgs__rosidl_typesupport_cpp.dir/rosidl_typesupport_cpp/ublox_msgs/msg/nav_posecef__type_support.cpp.o[0m
[288.944s] [ 33%] [32mBuilding CXX object CMakeFiles/ublox_msgs__rosidl_typesupport_fastrtps_c.dir/rosidl_typesupport_fastrtps_c/ublox_msgs/msg/detail/esf_meas__type_support_c.cpp.o[0m
[289.674s] [ 33%] [32mBuilding CXX object CMakeFiles/ublox_msgs__rosidl_typesupport_fastrtps_cpp.dir/rosidl_typesupport_fastrtps_cpp/ublox_msgs/msg/detail/dds_fastrtps/esf_raw_block__type_support.cpp.o[0m
[289.807s] [ 33%] [32mBuilding CXX object CMakeFiles/ublox_msgs__rosidl_typesupport_cpp.dir/rosidl_typesupport_cpp/ublox_msgs/msg/nav_posllh__type_support.cpp.o[0m
[290.175s] [ 33%] [32mBuilding CXX object CMakeFiles/ublox_msgs__rosidl_typesupport_introspection_cpp.dir/rosidl_typesupport_introspection_cpp/ublox_msgs/msg/detail/esf_status_sens__type_support.cpp.o[0m
[291.213s] [ 33%] [32mBuilding CXX object CMakeFiles/ublox_msgs__rosidl_typesupport_fastrtps_c.dir/rosidl_typesupport_fastrtps_c/ublox_msgs/msg/detail/esf_raw_block__type_support_c.cpp.o[0m
[291.576s] [ 33%] [32mBuilding CXX object CMakeFiles/ublox_msgs__rosidl_typesupport_cpp.dir/rosidl_typesupport_cpp/ublox_msgs/msg/nav_pvt7__type_support.cpp.o[0m
[292.247s] [ 34%] [32mBuilding CXX object CMakeFiles/ublox_msgs__rosidl_typesupport_fastrtps_cpp.dir/rosidl_typesupport_fastrtps_cpp/ublox_msgs/msg/detail/dds_fastrtps/esf_raw__type_support.cpp.o[0m
[292.946s] [ 34%] [32mBuilding CXX object CMakeFiles/ublox_msgs__rosidl_typesupport_introspection_cpp.dir/rosidl_typesupport_introspection_cpp/ublox_msgs/msg/detail/hnr_pvt__type_support.cpp.o[0m
[293.435s] [ 34%] [32mBuilding CXX object CMakeFiles/ublox_msgs__rosidl_typesupport_fastrtps_c.dir/rosidl_typesupport_fastrtps_c/ublox_msgs/msg/detail/esf_raw__type_support_c.cpp.o[0m
[293.578s] [ 35%] [32mBuilding CXX object CMakeFiles/ublox_msgs__rosidl_typesupport_cpp.dir/rosidl_typesupport_cpp/ublox_msgs/msg/nav_pvt__type_support.cpp.o[0m
[295.321s] [ 35%] [32mBuilding CXX object CMakeFiles/ublox_msgs__rosidl_typesupport_fastrtps_cpp.dir/rosidl_typesupport_fastrtps_cpp/ublox_msgs/msg/detail/dds_fastrtps/esf_status__type_support.cpp.o[0m
[295.590s] [ 35%] [32mBuilding CXX object CMakeFiles/ublox_msgs__rosidl_typesupport_introspection_cpp.dir/rosidl_typesupport_introspection_cpp/ublox_msgs/msg/detail/inf__type_support.cpp.o[0m
[295.599s] [ 35%] [32mBuilding CXX object CMakeFiles/ublox_msgs__rosidl_typesupport_cpp.dir/rosidl_typesupport_cpp/ublox_msgs/msg/nav_relposned9__type_support.cpp.o[0m
[295.700s] [ 35%] [32mBuilding CXX object CMakeFiles/ublox_msgs__rosidl_typesupport_fastrtps_c.dir/rosidl_typesupport_fastrtps_c/ublox_msgs/msg/detail/esf_status__type_support_c.cpp.o[0m
[297.386s] [ 35%] [32mBuilding CXX object CMakeFiles/ublox_msgs__rosidl_typesupport_cpp.dir/rosidl_typesupport_cpp/ublox_msgs/msg/nav_relposned__type_support.cpp.o[0m
[298.083s] [ 35%] [32mBuilding CXX object CMakeFiles/ublox_msgs__rosidl_typesupport_fastrtps_c.dir/rosidl_typesupport_fastrtps_c/ublox_msgs/msg/detail/esf_status_sens__type_support_c.cpp.o[0m
[298.319s] [ 35%] [32mBuilding CXX object CMakeFiles/ublox_msgs__rosidl_typesupport_introspection_cpp.dir/rosidl_typesupport_introspection_cpp/ublox_msgs/msg/detail/mga_gal__type_support.cpp.o[0m
[298.395s] [ 35%] [32mBuilding CXX object CMakeFiles/ublox_msgs__rosidl_typesupport_fastrtps_cpp.dir/rosidl_typesupport_fastrtps_cpp/ublox_msgs/msg/detail/dds_fastrtps/esf_status_sens__type_support.cpp.o[0m
[299.133s] [ 35%] [32mBuilding CXX object CMakeFiles/ublox_msgs__rosidl_typesupport_cpp.dir/rosidl_typesupport_cpp/ublox_msgs/msg/nav_sat__type_support.cpp.o[0m
[300.386s] [ 35%] [32mBuilding CXX object CMakeFiles/ublox_msgs__rosidl_typesupport_fastrtps_c.dir/rosidl_typesupport_fastrtps_c/ublox_msgs/msg/detail/hnr_pvt__type_support_c.cpp.o[0m
[300.989s] [ 35%] [32mBuilding CXX object CMakeFiles/ublox_msgs__rosidl_typesupport_introspection_cpp.dir/rosidl_typesupport_introspection_cpp/ublox_msgs/msg/detail/mon_gnss__type_support.cpp.o[0m
[301.002s] [ 35%] [32mBuilding CXX object CMakeFiles/ublox_msgs__rosidl_typesupport_cpp.dir/rosidl_typesupport_cpp/ublox_msgs/msg/nav_satsv__type_support.cpp.o[0m
[301.258s] [ 35%] [32mBuilding CXX object CMakeFiles/ublox_msgs__rosidl_typesupport_fastrtps_cpp.dir/rosidl_typesupport_fastrtps_cpp/ublox_msgs/msg/detail/dds_fastrtps/hnr_pvt__type_support.cpp.o[0m
[302.750s] [ 35%] [32mBuilding CXX object CMakeFiles/ublox_msgs__rosidl_typesupport_cpp.dir/rosidl_typesupport_cpp/ublox_msgs/msg/nav_sbas__type_support.cpp.o[0m
[302.764s] [ 36%] [32mBuilding CXX object CMakeFiles/ublox_msgs__rosidl_typesupport_fastrtps_c.dir/rosidl_typesupport_fastrtps_c/ublox_msgs/msg/detail/inf__type_support_c.cpp.o[0m
[303.796s] [ 37%] [32mBuilding CXX object CMakeFiles/ublox_msgs__rosidl_typesupport_introspection_cpp.dir/rosidl_typesupport_introspection_cpp/ublox_msgs/msg/detail/mon_hw6__type_support.cpp.o[0m
[304.058s] [ 37%] [32mBuilding CXX object CMakeFiles/ublox_msgs__rosidl_typesupport_fastrtps_cpp.dir/rosidl_typesupport_fastrtps_cpp/ublox_msgs/msg/detail/dds_fastrtps/inf__type_support.cpp.o[0m
[304.522s] [ 38%] [32mBuilding CXX object CMakeFiles/ublox_msgs__rosidl_typesupport_cpp.dir/rosidl_typesupport_cpp/ublox_msgs/msg/nav_sbassv__type_support.cpp.o[0m
[305.258s] [ 38%] [32mBuilding CXX object CMakeFiles/ublox_msgs__rosidl_typesupport_fastrtps_c.dir/rosidl_typesupport_fastrtps_c/ublox_msgs/msg/detail/mga_gal__type_support_c.cpp.o[0m
[306.356s] [ 38%] [32mBuilding CXX object CMakeFiles/ublox_msgs__rosidl_typesupport_cpp.dir/rosidl_typesupport_cpp/ublox_msgs/msg/nav_sol__type_support.cpp.o[0m
[306.468s] [ 38%] [32mBuilding CXX object CMakeFiles/ublox_msgs__rosidl_typesupport_introspection_cpp.dir/rosidl_typesupport_introspection_cpp/ublox_msgs/msg/detail/mon_hw__type_support.cpp.o[0m
[306.966s] [ 38%] [32mBuilding CXX object CMakeFiles/ublox_msgs__rosidl_typesupport_fastrtps_cpp.dir/rosidl_typesupport_fastrtps_cpp/ublox_msgs/msg/detail/dds_fastrtps/mga_gal__type_support.cpp.o[0m
[307.833s] [ 38%] [32mBuilding CXX object CMakeFiles/ublox_msgs__rosidl_typesupport_fastrtps_c.dir/rosidl_typesupport_fastrtps_c/ublox_msgs/msg/detail/mon_gnss__type_support_c.cpp.o[0m
[308.138s] [ 38%] [32mBuilding CXX object CMakeFiles/ublox_msgs__rosidl_typesupport_cpp.dir/rosidl_typesupport_cpp/ublox_msgs/msg/nav_status__type_support.cpp.o[0m
[309.086s] [ 38%] [32mBuilding CXX object CMakeFiles/ublox_msgs__rosidl_typesupport_introspection_cpp.dir/rosidl_typesupport_introspection_cpp/ublox_msgs/msg/detail/mon_ver_extension__type_support.cpp.o[0m
[309.765s] [ 39%] [32mBuilding CXX object CMakeFiles/ublox_msgs__rosidl_typesupport_fastrtps_cpp.dir/rosidl_typesupport_fastrtps_cpp/ublox_msgs/msg/detail/dds_fastrtps/mon_gnss__type_support.cpp.o[0m
[310.003s] [ 39%] [32mBuilding CXX object CMakeFiles/ublox_msgs__rosidl_typesupport_cpp.dir/rosidl_typesupport_cpp/ublox_msgs/msg/nav_svinfo__type_support.cpp.o[0m
[310.309s] [ 39%] [32mBuilding CXX object CMakeFiles/ublox_msgs__rosidl_typesupport_fastrtps_c.dir/rosidl_typesupport_fastrtps_c/ublox_msgs/msg/detail/mon_hw6__type_support_c.cpp.o[0m
[311.600s] [ 39%] [32mBuilding CXX object CMakeFiles/ublox_msgs__rosidl_typesupport_introspection_cpp.dir/rosidl_typesupport_introspection_cpp/ublox_msgs/msg/detail/mon_ver__type_support.cpp.o[0m
[311.794s] [ 39%] [32mBuilding CXX object CMakeFiles/ublox_msgs__rosidl_typesupport_cpp.dir/rosidl_typesupport_cpp/ublox_msgs/msg/nav_svinfosv__type_support.cpp.o[0m
[312.619s] [ 39%] [32mBuilding CXX object CMakeFiles/ublox_msgs__rosidl_typesupport_fastrtps_c.dir/rosidl_typesupport_fastrtps_c/ublox_msgs/msg/detail/mon_hw__type_support_c.cpp.o[0m
[312.690s] [ 39%] [32mBuilding CXX object CMakeFiles/ublox_msgs__rosidl_typesupport_fastrtps_cpp.dir/rosidl_typesupport_fastrtps_cpp/ublox_msgs/msg/detail/dds_fastrtps/mon_hw6__type_support.cpp.o[0m
[313.515s] [ 39%] [32mBuilding CXX object CMakeFiles/ublox_msgs__rosidl_typesupport_cpp.dir/rosidl_typesupport_cpp/ublox_msgs/msg/nav_svin__type_support.cpp.o[0m
[314.390s] [ 39%] [32mBuilding CXX object CMakeFiles/ublox_msgs__rosidl_typesupport_introspection_cpp.dir/rosidl_typesupport_introspection_cpp/ublox_msgs/msg/detail/nav_att__type_support.cpp.o[0m
[314.864s] [ 39%] [32mBuilding CXX object CMakeFiles/ublox_msgs__rosidl_typesupport_fastrtps_c.dir/rosidl_typesupport_fastrtps_c/ublox_msgs/msg/detail/mon_ver_extension__type_support_c.cpp.o[0m
[315.387s] [ 39%] [32mBuilding CXX object CMakeFiles/ublox_msgs__rosidl_typesupport_cpp.dir/rosidl_typesupport_cpp/ublox_msgs/msg/nav_timegps__type_support.cpp.o[0m
[315.742s] [ 39%] [32mBuilding CXX object CMakeFiles/ublox_msgs__rosidl_typesupport_fastrtps_cpp.dir/rosidl_typesupport_fastrtps_cpp/ublox_msgs/msg/detail/dds_fastrtps/mon_hw__type_support.cpp.o[0m
[317.049s] [ 39%] [32mBuilding CXX object CMakeFiles/ublox_msgs__rosidl_typesupport_introspection_cpp.dir/rosidl_typesupport_introspection_cpp/ublox_msgs/msg/detail/nav_clock__type_support.cpp.o[0m
[317.078s] [ 40%] [32mBuilding CXX object CMakeFiles/ublox_msgs__rosidl_typesupport_fastrtps_c.dir/rosidl_typesupport_fastrtps_c/ublox_msgs/msg/detail/mon_ver__type_support_c.cpp.o[0m
[317.159s] [ 41%] [32mBuilding CXX object CMakeFiles/ublox_msgs__rosidl_typesupport_cpp.dir/rosidl_typesupport_cpp/ublox_msgs/msg/nav_timeutc__type_support.cpp.o[0m
[318.860s] [ 41%] [32mBuilding CXX object CMakeFiles/ublox_msgs__rosidl_typesupport_fastrtps_cpp.dir/rosidl_typesupport_fastrtps_cpp/ublox_msgs/msg/detail/dds_fastrtps/mon_ver_extension__type_support.cpp.o[0m
[319.178s] [ 41%] [32mBuilding CXX object CMakeFiles/ublox_msgs__rosidl_typesupport_cpp.dir/rosidl_typesupport_cpp/ublox_msgs/msg/nav_velecef__type_support.cpp.o[0m
[319.451s] [ 41%] [32mBuilding CXX object CMakeFiles/ublox_msgs__rosidl_typesupport_fastrtps_c.dir/rosidl_typesupport_fastrtps_c/ublox_msgs/msg/detail/nav_att__type_support_c.cpp.o[0m
[319.706s] [ 42%] [32mBuilding CXX object CMakeFiles/ublox_msgs__rosidl_typesupport_introspection_cpp.dir/rosidl_typesupport_introspection_cpp/ublox_msgs/msg/detail/nav_dgps__type_support.cpp.o[0m
[320.933s] [ 42%] [32mBuilding CXX object CMakeFiles/ublox_msgs__rosidl_typesupport_cpp.dir/rosidl_typesupport_cpp/ublox_msgs/msg/nav_velned__type_support.cpp.o[0m
[321.622s] [ 42%] [32mBuilding CXX object CMakeFiles/ublox_msgs__rosidl_typesupport_fastrtps_cpp.dir/rosidl_typesupport_fastrtps_cpp/ublox_msgs/msg/detail/dds_fastrtps/mon_ver__type_support.cpp.o[0m
[321.795s] [ 42%] [32mBuilding CXX object CMakeFiles/ublox_msgs__rosidl_typesupport_fastrtps_c.dir/rosidl_typesupport_fastrtps_c/ublox_msgs/msg/detail/nav_clock__type_support_c.cpp.o[0m
[322.591s] [ 42%] [32mBuilding CXX object CMakeFiles/ublox_msgs__rosidl_typesupport_introspection_cpp.dir/rosidl_typesupport_introspection_cpp/ublox_msgs/msg/detail/nav_dgpssv__type_support.cpp.o[0m
[322.758s] [ 42%] [32mBuilding CXX object CMakeFiles/ublox_msgs__rosidl_typesupport_cpp.dir/rosidl_typesupport_cpp/ublox_msgs/msg/rxm_alm__type_support.cpp.o[0m
[324.091s] [ 42%] [32mBuilding CXX object CMakeFiles/ublox_msgs__rosidl_typesupport_fastrtps_c.dir/rosidl_typesupport_fastrtps_c/ublox_msgs/msg/detail/nav_dgps__type_support_c.cpp.o[0m
[324.696s] [ 42%] [32mBuilding CXX object CMakeFiles/ublox_msgs__rosidl_typesupport_cpp.dir/rosidl_typesupport_cpp/ublox_msgs/msg/rxm_eph__type_support.cpp.o[0m
[324.772s] [ 42%] [32mBuilding CXX object CMakeFiles/ublox_msgs__rosidl_typesupport_fastrtps_cpp.dir/rosidl_typesupport_fastrtps_cpp/ublox_msgs/msg/detail/dds_fastrtps/nav_att__type_support.cpp.o[0m
[325.112s] [ 42%] [32mBuilding CXX object CMakeFiles/ublox_msgs__rosidl_typesupport_introspection_cpp.dir/rosidl_typesupport_introspection_cpp/ublox_msgs/msg/detail/nav_dop__type_support.cpp.o[0m
[326.456s] [ 42%] [32mBuilding CXX object CMakeFiles/ublox_msgs__rosidl_typesupport_fastrtps_c.dir/rosidl_typesupport_fastrtps_c/ublox_msgs/msg/detail/nav_dgpssv__type_support_c.cpp.o[0m
[326.637s] [ 42%] [32mBuilding CXX object CMakeFiles/ublox_msgs__rosidl_typesupport_cpp.dir/rosidl_typesupport_cpp/ublox_msgs/msg/rxm_raw__type_support.cpp.o[0m
[327.610s] [ 42%] [32mBuilding CXX object CMakeFiles/ublox_msgs__rosidl_typesupport_fastrtps_cpp.dir/rosidl_typesupport_fastrtps_cpp/ublox_msgs/msg/detail/dds_fastrtps/nav_clock__type_support.cpp.o[0m
[327.700s] [ 42%] [32mBuilding CXX object CMakeFiles/ublox_msgs__rosidl_typesupport_introspection_cpp.dir/rosidl_typesupport_introspection_cpp/ublox_msgs/msg/detail/nav_posecef__type_support.cpp.o[0m
[328.455s] [ 43%] [32mBuilding CXX object CMakeFiles/ublox_msgs__rosidl_typesupport_cpp.dir/rosidl_typesupport_cpp/ublox_msgs/msg/rxm_rawsv__type_support.cpp.o[0m
[328.779s] [ 43%] [32mBuilding CXX object CMakeFiles/ublox_msgs__rosidl_typesupport_fastrtps_c.dir/rosidl_typesupport_fastrtps_c/ublox_msgs/msg/detail/nav_dop__type_support_c.cpp.o[0m
[330.238s] [ 43%] [32mBuilding CXX object CMakeFiles/ublox_msgs__rosidl_typesupport_introspection_cpp.dir/rosidl_typesupport_introspection_cpp/ublox_msgs/msg/detail/nav_posllh__type_support.cpp.o[0m
[330.383s] [ 44%] [32mBuilding CXX object CMakeFiles/ublox_msgs__rosidl_typesupport_fastrtps_cpp.dir/rosidl_typesupport_fastrtps_cpp/ublox_msgs/msg/detail/dds_fastrtps/nav_dgps__type_support.cpp.o[0m
[330.507s] [ 44%] [32mBuilding CXX object CMakeFiles/ublox_msgs__rosidl_typesupport_cpp.dir/rosidl_typesupport_cpp/ublox_msgs/msg/rxm_rawx_meas__type_support.cpp.o[0m
[331.124s] [ 44%] [32mBuilding CXX object CMakeFiles/ublox_msgs__rosidl_typesupport_fastrtps_c.dir/rosidl_typesupport_fastrtps_c/ublox_msgs/msg/detail/nav_posecef__type_support_c.cpp.o[0m
[332.249s] [ 44%] [32mBuilding CXX object CMakeFiles/ublox_msgs__rosidl_typesupport_cpp.dir/rosidl_typesupport_cpp/ublox_msgs/msg/rxm_rawx__type_support.cpp.o[0m
[332.810s] [ 44%] [32mBuilding CXX object CMakeFiles/ublox_msgs__rosidl_typesupport_introspection_cpp.dir/rosidl_typesupport_introspection_cpp/ublox_msgs/msg/detail/nav_pvt7__type_support.cpp.o[0m
[333.451s] [ 44%] [32mBuilding CXX object CMakeFiles/ublox_msgs__rosidl_typesupport_fastrtps_cpp.dir/rosidl_typesupport_fastrtps_cpp/ublox_msgs/msg/detail/dds_fastrtps/nav_dgpssv__type_support.cpp.o[0m
[333.470s] [ 45%] [32mBuilding CXX object CMakeFiles/ublox_msgs__rosidl_typesupport_fastrtps_c.dir/rosidl_typesupport_fastrtps_c/ublox_msgs/msg/detail/nav_posllh__type_support_c.cpp.o[0m
[334.003s] [ 45%] [32mBuilding CXX object CMakeFiles/ublox_msgs__rosidl_typesupport_cpp.dir/rosidl_typesupport_cpp/ublox_msgs/msg/rxm_rtcm__type_support.cpp.o[0m
[335.494s] [ 46%] [32mBuilding CXX object CMakeFiles/ublox_msgs__rosidl_typesupport_introspection_cpp.dir/rosidl_typesupport_introspection_cpp/ublox_msgs/msg/detail/nav_pvt__type_support.cpp.o[0m
[335.752s] [ 46%] [32mBuilding CXX object CMakeFiles/ublox_msgs__rosidl_typesupport_fastrtps_c.dir/rosidl_typesupport_fastrtps_c/ublox_msgs/msg/detail/nav_pvt7__type_support_c.cpp.o[0m
[335.894s] [ 46%] [32mBuilding CXX object CMakeFiles/ublox_msgs__rosidl_typesupport_cpp.dir/rosidl_typesupport_cpp/ublox_msgs/msg/rxm_sfrb__type_support.cpp.o[0m
[336.249s] [ 46%] [32mBuilding CXX object CMakeFiles/ublox_msgs__rosidl_typesupport_fastrtps_cpp.dir/rosidl_typesupport_fastrtps_cpp/ublox_msgs/msg/detail/dds_fastrtps/nav_dop__type_support.cpp.o[0m
[337.705s] [ 46%] [32mBuilding CXX object CMakeFiles/ublox_msgs__rosidl_typesupport_cpp.dir/rosidl_typesupport_cpp/ublox_msgs/msg/rxm_sfrbx__type_support.cpp.o[0m
[337.975s] [ 46%] [32mBuilding CXX object CMakeFiles/ublox_msgs__rosidl_typesupport_introspection_cpp.dir/rosidl_typesupport_introspection_cpp/ublox_msgs/msg/detail/nav_relposned9__type_support.cpp.o[0m
[338.022s] [ 46%] [32mBuilding CXX object CMakeFiles/ublox_msgs__rosidl_typesupport_fastrtps_c.dir/rosidl_typesupport_fastrtps_c/ublox_msgs/msg/detail/nav_pvt__type_support_c.cpp.o[0m
[339.471s] [ 46%] [32mBuilding CXX object CMakeFiles/ublox_msgs__rosidl_typesupport_fastrtps_cpp.dir/rosidl_typesupport_fastrtps_cpp/ublox_msgs/msg/detail/dds_fastrtps/nav_posecef__type_support.cpp.o[0m
[339.756s] [ 46%] [32mBuilding CXX object CMakeFiles/ublox_msgs__rosidl_typesupport_cpp.dir/rosidl_typesupport_cpp/ublox_msgs/msg/rxm_svsi__type_support.cpp.o[0m
[341.173s] [ 46%] [32mBuilding CXX object CMakeFiles/ublox_msgs__rosidl_typesupport_fastrtps_c.dir/rosidl_typesupport_fastrtps_c/ublox_msgs/msg/detail/nav_relposned9__type_support_c.cpp.o[0m
[341.621s] [ 46%] [32mBuilding CXX object CMakeFiles/ublox_msgs__rosidl_typesupport_introspection_cpp.dir/rosidl_typesupport_introspection_cpp/ublox_msgs/msg/detail/nav_relposned__type_support.cpp.o[0m
[342.008s] [ 47%] [32mBuilding CXX object CMakeFiles/ublox_msgs__rosidl_typesupport_cpp.dir/rosidl_typesupport_cpp/ublox_msgs/msg/rxm_svsisv__type_support.cpp.o[0m
[342.966s] [ 47%] [32mBuilding CXX object CMakeFiles/ublox_msgs__rosidl_typesupport_fastrtps_cpp.dir/rosidl_typesupport_fastrtps_cpp/ublox_msgs/msg/detail/dds_fastrtps/nav_posllh__type_support.cpp.o[0m
[344.084s] [ 47%] [32mBuilding CXX object CMakeFiles/ublox_msgs__rosidl_typesupport_fastrtps_c.dir/rosidl_typesupport_fastrtps_c/ublox_msgs/msg/detail/nav_relposned__type_support_c.cpp.o[0m
[344.109s] [ 47%] [32mBuilding CXX object CMakeFiles/ublox_msgs__rosidl_typesupport_cpp.dir/rosidl_typesupport_cpp/ublox_msgs/msg/tim_tm2__type_support.cpp.o[0m
[344.665s] [ 47%] [32mBuilding CXX object CMakeFiles/ublox_msgs__rosidl_typesupport_introspection_cpp.dir/rosidl_typesupport_introspection_cpp/ublox_msgs/msg/detail/nav_sat__type_support.cpp.o[0m
[346.086s] [ 47%] [32mBuilding CXX object CMakeFiles/ublox_msgs__rosidl_typesupport_cpp.dir/rosidl_typesupport_cpp/ublox_msgs/msg/upd_sos_ack__type_support.cpp.o[0m
[346.531s] [ 47%] [32mBuilding CXX object CMakeFiles/ublox_msgs__rosidl_typesupport_fastrtps_cpp.dir/rosidl_typesupport_fastrtps_cpp/ublox_msgs/msg/detail/dds_fastrtps/nav_pvt7__type_support.cpp.o[0m
[346.679s] [ 47%] [32mBuilding CXX object CMakeFiles/ublox_msgs__rosidl_typesupport_fastrtps_c.dir/rosidl_typesupport_fastrtps_c/ublox_msgs/msg/detail/nav_sat__type_support_c.cpp.o[0m
[347.688s] [ 47%] [32mBuilding CXX object CMakeFiles/ublox_msgs__rosidl_typesupport_introspection_cpp.dir/rosidl_typesupport_introspection_cpp/ublox_msgs/msg/detail/nav_satsv__type_support.cpp.o[0m
[348.015s] [ 47%] [32mBuilding CXX object CMakeFiles/ublox_msgs__rosidl_typesupport_cpp.dir/rosidl_typesupport_cpp/ublox_msgs/msg/upd_sos__type_support.cpp.o[0m
[349.025s] [ 48%] [32mBuilding CXX object CMakeFiles/ublox_msgs__rosidl_typesupport_fastrtps_c.dir/rosidl_typesupport_fastrtps_c/ublox_msgs/msg/detail/nav_satsv__type_support_c.cpp.o[0m
[350.347s] [ 49%] [32mBuilding CXX object CMakeFiles/ublox_msgs__rosidl_typesupport_fastrtps_cpp.dir/rosidl_typesupport_fastrtps_cpp/ublox_msgs/msg/detail/dds_fastrtps/nav_pvt__type_support.cpp.o[0m
[350.505s] [ 49%] [32m[1mLinking CXX shared library libublox_msgs__rosidl_typesupport_cpp.so[0m
[351.134s] [ 49%] Built target ublox_msgs__rosidl_typesupport_cpp
[351.196s] [ 49%] [32mBuilding CXX object CMakeFiles/ublox_msgs__rosidl_typesupport_introspection_cpp.dir/rosidl_typesupport_introspection_cpp/ublox_msgs/msg/detail/nav_sbas__type_support.cpp.o[0m
[351.962s] [ 49%] [32mBuilding CXX object CMakeFiles/ublox_msgs__rosidl_typesupport_fastrtps_c.dir/rosidl_typesupport_fastrtps_c/ublox_msgs/msg/detail/nav_sbas__type_support_c.cpp.o[0m
[352.994s] [ 49%] [32mBuilding CXX object CMakeFiles/ublox_msgs__rosidl_typesupport_fastrtps_cpp.dir/rosidl_typesupport_fastrtps_cpp/ublox_msgs/msg/detail/dds_fastrtps/nav_relposned9__type_support.cpp.o[0m
[353.499s] [ 49%] [32mBuilding CXX object CMakeFiles/ublox_msgs__rosidl_typesupport_introspection_cpp.dir/rosidl_typesupport_introspection_cpp/ublox_msgs/msg/detail/nav_sbassv__type_support.cpp.o[0m
[353.834s] [ 49%] [32mBuilding CXX object CMakeFiles/ublox_msgs__rosidl_typesupport_fastrtps_c.dir/rosidl_typesupport_fastrtps_c/ublox_msgs/msg/detail/nav_sbassv__type_support_c.cpp.o[0m
[355.518s] [ 49%] [32mBuilding CXX object CMakeFiles/ublox_msgs__rosidl_typesupport_fastrtps_cpp.dir/rosidl_typesupport_fastrtps_cpp/ublox_msgs/msg/detail/dds_fastrtps/nav_relposned__type_support.cpp.o[0m
[355.833s] [ 50%] [32mBuilding CXX object CMakeFiles/ublox_msgs__rosidl_typesupport_introspection_cpp.dir/rosidl_typesupport_introspection_cpp/ublox_msgs/msg/detail/nav_sol__type_support.cpp.o[0m
[356.036s] [ 50%] [32mBuilding CXX object CMakeFiles/ublox_msgs__rosidl_typesupport_fastrtps_c.dir/rosidl_typesupport_fastrtps_c/ublox_msgs/msg/detail/nav_sol__type_support_c.cpp.o[0m
[357.822s] [ 50%] [32mBuilding CXX object CMakeFiles/ublox_msgs__rosidl_typesupport_fastrtps_cpp.dir/rosidl_typesupport_fastrtps_cpp/ublox_msgs/msg/detail/dds_fastrtps/nav_sat__type_support.cpp.o[0m
[357.996s] [ 50%] [32mBuilding CXX object CMakeFiles/ublox_msgs__rosidl_typesupport_introspection_cpp.dir/rosidl_typesupport_introspection_cpp/ublox_msgs/msg/detail/nav_status__type_support.cpp.o[0m
[358.080s] [ 50%] [32mBuilding CXX object CMakeFiles/ublox_msgs__rosidl_typesupport_fastrtps_c.dir/rosidl_typesupport_fastrtps_c/ublox_msgs/msg/detail/nav_status__type_support_c.cpp.o[0m
[360.012s] [ 50%] [32mBuilding CXX object CMakeFiles/ublox_msgs__rosidl_typesupport_fastrtps_c.dir/rosidl_typesupport_fastrtps_c/ublox_msgs/msg/detail/nav_svinfo__type_support_c.cpp.o[0m
[360.115s] [ 50%] [32mBuilding CXX object CMakeFiles/ublox_msgs__rosidl_typesupport_introspection_cpp.dir/rosidl_typesupport_introspection_cpp/ublox_msgs/msg/detail/nav_svinfo__type_support.cpp.o[0m
[360.280s] [ 50%] [32mBuilding CXX object CMakeFiles/ublox_msgs__rosidl_typesupport_fastrtps_cpp.dir/rosidl_typesupport_fastrtps_cpp/ublox_msgs/msg/detail/dds_fastrtps/nav_satsv__type_support.cpp.o[0m
[361.932s] [ 50%] [32mBuilding CXX object CMakeFiles/ublox_msgs__rosidl_typesupport_fastrtps_c.dir/rosidl_typesupport_fastrtps_c/ublox_msgs/msg/detail/nav_svinfosv__type_support_c.cpp.o[0m
[362.433s] [ 50%] [32mBuilding CXX object CMakeFiles/ublox_msgs__rosidl_typesupport_introspection_cpp.dir/rosidl_typesupport_introspection_cpp/ublox_msgs/msg/detail/nav_svinfosv__type_support.cpp.o[0m
[362.572s] [ 50%] [32mBuilding CXX object CMakeFiles/ublox_msgs__rosidl_typesupport_fastrtps_cpp.dir/rosidl_typesupport_fastrtps_cpp/ublox_msgs/msg/detail/dds_fastrtps/nav_sbas__type_support.cpp.o[0m
[363.864s] [ 51%] [32mBuilding CXX object CMakeFiles/ublox_msgs__rosidl_typesupport_fastrtps_c.dir/rosidl_typesupport_fastrtps_c/ublox_msgs/msg/detail/nav_svin__type_support_c.cpp.o[0m
[364.548s] [ 51%] [32mBuilding CXX object CMakeFiles/ublox_msgs__rosidl_typesupport_introspection_cpp.dir/rosidl_typesupport_introspection_cpp/ublox_msgs/msg/detail/nav_svin__type_support.cpp.o[0m
[365.077s] [ 51%] [32mBuilding CXX object CMakeFiles/ublox_msgs__rosidl_typesupport_fastrtps_cpp.dir/rosidl_typesupport_fastrtps_cpp/ublox_msgs/msg/detail/dds_fastrtps/nav_sbassv__type_support.cpp.o[0m
[365.815s] [ 51%] [32mBuilding CXX object CMakeFiles/ublox_msgs__rosidl_typesupport_fastrtps_c.dir/rosidl_typesupport_fastrtps_c/ublox_msgs/msg/detail/nav_timegps__type_support_c.cpp.o[0m
[366.715s] [ 51%] [32mBuilding CXX object CMakeFiles/ublox_msgs__rosidl_typesupport_introspection_cpp.dir/rosidl_typesupport_introspection_cpp/ublox_msgs/msg/detail/nav_timegps__type_support.cpp.o[0m
[367.337s] [ 52%] [32mBuilding CXX object CMakeFiles/ublox_msgs__rosidl_typesupport_fastrtps_cpp.dir/rosidl_typesupport_fastrtps_cpp/ublox_msgs/msg/detail/dds_fastrtps/nav_sol__type_support.cpp.o[0m
[367.738s] [ 52%] [32mBuilding CXX object CMakeFiles/ublox_msgs__rosidl_typesupport_fastrtps_c.dir/rosidl_typesupport_fastrtps_c/ublox_msgs/msg/detail/nav_timeutc__type_support_c.cpp.o[0m
[368.823s] [ 53%] [32mBuilding CXX object CMakeFiles/ublox_msgs__rosidl_typesupport_introspection_cpp.dir/rosidl_typesupport_introspection_cpp/ublox_msgs/msg/detail/nav_timeutc__type_support.cpp.o[0m
[369.614s] [ 53%] [32mBuilding CXX object CMakeFiles/ublox_msgs__rosidl_typesupport_fastrtps_cpp.dir/rosidl_typesupport_fastrtps_cpp/ublox_msgs/msg/detail/dds_fastrtps/nav_status__type_support.cpp.o[0m
[369.673s] [ 53%] [32mBuilding CXX object CMakeFiles/ublox_msgs__rosidl_typesupport_fastrtps_c.dir/rosidl_typesupport_fastrtps_c/ublox_msgs/msg/detail/nav_velecef__type_support_c.cpp.o[0m
[370.923s] [ 53%] [32mBuilding CXX object CMakeFiles/ublox_msgs__rosidl_typesupport_introspection_cpp.dir/rosidl_typesupport_introspection_cpp/ublox_msgs/msg/detail/nav_velecef__type_support.cpp.o[0m
[371.571s] [ 53%] [32mBuilding CXX object CMakeFiles/ublox_msgs__rosidl_typesupport_fastrtps_c.dir/rosidl_typesupport_fastrtps_c/ublox_msgs/msg/detail/nav_velned__type_support_c.cpp.o[0m
[371.838s] [ 53%] [32mBuilding CXX object CMakeFiles/ublox_msgs__rosidl_typesupport_fastrtps_cpp.dir/rosidl_typesupport_fastrtps_cpp/ublox_msgs/msg/detail/dds_fastrtps/nav_svinfo__type_support.cpp.o[0m
[373.009s] [ 53%] [32mBuilding CXX object CMakeFiles/ublox_msgs__rosidl_typesupport_introspection_cpp.dir/rosidl_typesupport_introspection_cpp/ublox_msgs/msg/detail/nav_velned__type_support.cpp.o[0m
[373.467s] [ 53%] [32mBuilding CXX object CMakeFiles/ublox_msgs__rosidl_typesupport_fastrtps_c.dir/rosidl_typesupport_fastrtps_c/ublox_msgs/msg/detail/rxm_alm__type_support_c.cpp.o[0m
[374.281s] [ 53%] [32mBuilding CXX object CMakeFiles/ublox_msgs__rosidl_typesupport_fastrtps_cpp.dir/rosidl_typesupport_fastrtps_cpp/ublox_msgs/msg/detail/dds_fastrtps/nav_svinfosv__type_support.cpp.o[0m
[375.108s] [ 53%] [32mBuilding CXX object CMakeFiles/ublox_msgs__rosidl_typesupport_introspection_cpp.dir/rosidl_typesupport_introspection_cpp/ublox_msgs/msg/detail/rxm_alm__type_support.cpp.o[0m
[375.377s] [ 54%] [32mBuilding CXX object CMakeFiles/ublox_msgs__rosidl_typesupport_fastrtps_c.dir/rosidl_typesupport_fastrtps_c/ublox_msgs/msg/detail/rxm_eph__type_support_c.cpp.o[0m
[376.535s] [ 54%] [32mBuilding CXX object CMakeFiles/ublox_msgs__rosidl_typesupport_fastrtps_cpp.dir/rosidl_typesupport_fastrtps_cpp/ublox_msgs/msg/detail/dds_fastrtps/nav_svin__type_support.cpp.o[0m
[377.315s] [ 54%] [32mBuilding CXX object CMakeFiles/ublox_msgs__rosidl_typesupport_fastrtps_c.dir/rosidl_typesupport_fastrtps_c/ublox_msgs/msg/detail/rxm_raw__type_support_c.cpp.o[0m
[377.384s] [ 54%] [32mBuilding CXX object CMakeFiles/ublox_msgs__rosidl_typesupport_introspection_cpp.dir/rosidl_typesupport_introspection_cpp/ublox_msgs/msg/detail/rxm_eph__type_support.cpp.o[0m
[378.871s] [ 54%] [32mBuilding CXX object CMakeFiles/ublox_msgs__rosidl_typesupport_fastrtps_cpp.dir/rosidl_typesupport_fastrtps_cpp/ublox_msgs/msg/detail/dds_fastrtps/nav_timegps__type_support.cpp.o[0m
[379.255s] [ 54%] [32mBuilding CXX object CMakeFiles/ublox_msgs__rosidl_typesupport_fastrtps_c.dir/rosidl_typesupport_fastrtps_c/ublox_msgs/msg/detail/rxm_rawsv__type_support_c.cpp.o[0m
[379.718s] [ 54%] [32mBuilding CXX object CMakeFiles/ublox_msgs__rosidl_typesupport_introspection_cpp.dir/rosidl_typesupport_introspection_cpp/ublox_msgs/msg/detail/rxm_raw__type_support.cpp.o[0m
[381.180s] [ 55%] [32mBuilding CXX object CMakeFiles/ublox_msgs__rosidl_typesupport_fastrtps_cpp.dir/rosidl_typesupport_fastrtps_cpp/ublox_msgs/msg/detail/dds_fastrtps/nav_timeutc__type_support.cpp.o[0m
[381.209s] [ 55%] [32mBuilding CXX object CMakeFiles/ublox_msgs__rosidl_typesupport_fastrtps_c.dir/rosidl_typesupport_fastrtps_c/ublox_msgs/msg/detail/rxm_rawx_meas__type_support_c.cpp.o[0m
[382.087s] [ 55%] [32mBuilding CXX object CMakeFiles/ublox_msgs__rosidl_typesupport_introspection_cpp.dir/rosidl_typesupport_introspection_cpp/ublox_msgs/msg/detail/rxm_rawsv__type_support.cpp.o[0m
[383.134s] [ 55%] [32mBuilding CXX object CMakeFiles/ublox_msgs__rosidl_typesupport_fastrtps_c.dir/rosidl_typesupport_fastrtps_c/ublox_msgs/msg/detail/rxm_rawx__type_support_c.cpp.o[0m
[383.412s] [ 55%] [32mBuilding CXX object CMakeFiles/ublox_msgs__rosidl_typesupport_fastrtps_cpp.dir/rosidl_typesupport_fastrtps_cpp/ublox_msgs/msg/detail/dds_fastrtps/nav_velecef__type_support.cpp.o[0m
[384.230s] [ 56%] [32mBuilding CXX object CMakeFiles/ublox_msgs__rosidl_typesupport_introspection_cpp.dir/rosidl_typesupport_introspection_cpp/ublox_msgs/msg/detail/rxm_rawx_meas__type_support.cpp.o[0m
[384.253s] [ 56%] [34m[1mGenerating C introspection for ROS interfaces[0m
[385.216s] [ 56%] [32mBuilding CXX object CMakeFiles/ublox_msgs__rosidl_typesupport_fastrtps_c.dir/rosidl_typesupport_fastrtps_c/ublox_msgs/msg/detail/rxm_rtcm__type_support_c.cpp.o[0m
[385.888s] [ 56%] [32mBuilding CXX object CMakeFiles/ublox_msgs__rosidl_typesupport_fastrtps_cpp.dir/rosidl_typesupport_fastrtps_cpp/ublox_msgs/msg/detail/dds_fastrtps/nav_velned__type_support.cpp.o[0m
[386.695s] [ 56%] [32mBuilding CXX object CMakeFiles/ublox_msgs__rosidl_typesupport_introspection_cpp.dir/rosidl_typesupport_introspection_cpp/ublox_msgs/msg/detail/rxm_rawx__type_support.cpp.o[0m
[387.339s] [ 56%] [32mBuilding CXX object CMakeFiles/ublox_msgs__rosidl_typesupport_fastrtps_c.dir/rosidl_typesupport_fastrtps_c/ublox_msgs/msg/detail/rxm_sfrb__type_support_c.cpp.o[0m
[388.398s] [ 56%] [32mBuilding CXX object CMakeFiles/ublox_msgs__rosidl_typesupport_fastrtps_cpp.dir/rosidl_typesupport_fastrtps_cpp/ublox_msgs/msg/detail/dds_fastrtps/rxm_alm__type_support.cpp.o[0m
[389.384s] [ 56%] [32mBuilding CXX object CMakeFiles/ublox_msgs__rosidl_typesupport_introspection_cpp.dir/rosidl_typesupport_introspection_cpp/ublox_msgs/msg/detail/rxm_rtcm__type_support.cpp.o[0m
[389.535s] [ 57%] [32mBuilding CXX object CMakeFiles/ublox_msgs__rosidl_typesupport_fastrtps_c.dir/rosidl_typesupport_fastrtps_c/ublox_msgs/msg/detail/rxm_sfrbx__type_support_c.cpp.o[0m
[391.247s] [ 57%] [32mBuilding CXX object CMakeFiles/ublox_msgs__rosidl_typesupport_fastrtps_cpp.dir/rosidl_typesupport_fastrtps_cpp/ublox_msgs/msg/detail/dds_fastrtps/rxm_eph__type_support.cpp.o[0m
[391.791s] [ 57%] [32mBuilding CXX object CMakeFiles/ublox_msgs__rosidl_typesupport_fastrtps_c.dir/rosidl_typesupport_fastrtps_c/ublox_msgs/msg/detail/rxm_svsi__type_support_c.cpp.o[0m
[391.861s] [ 57%] [32mBuilding CXX object CMakeFiles/ublox_msgs__rosidl_typesupport_introspection_cpp.dir/rosidl_typesupport_introspection_cpp/ublox_msgs/msg/detail/rxm_sfrb__type_support.cpp.o[0m
[394.043s] [ 57%] [32mBuilding CXX object CMakeFiles/ublox_msgs__rosidl_typesupport_fastrtps_c.dir/rosidl_typesupport_fastrtps_c/ublox_msgs/msg/detail/rxm_svsisv__type_support_c.cpp.o[0m
[394.086s] [ 57%] [32mBuilding CXX object CMakeFiles/ublox_msgs__rosidl_typesupport_fastrtps_cpp.dir/rosidl_typesupport_fastrtps_cpp/ublox_msgs/msg/detail/dds_fastrtps/rxm_raw__type_support.cpp.o[0m
[394.372s] [ 57%] [32mBuilding CXX object CMakeFiles/ublox_msgs__rosidl_typesupport_introspection_cpp.dir/rosidl_typesupport_introspection_cpp/ublox_msgs/msg/detail/rxm_sfrbx__type_support.cpp.o[0m
[396.192s] [ 57%] [32mBuilding CXX object CMakeFiles/ublox_msgs__rosidl_typesupport_fastrtps_c.dir/rosidl_typesupport_fastrtps_c/ublox_msgs/msg/detail/tim_tm2__type_support_c.cpp.o[0m
[396.821s] [ 58%] [32mBuilding CXX object CMakeFiles/ublox_msgs__rosidl_typesupport_fastrtps_cpp.dir/rosidl_typesupport_fastrtps_cpp/ublox_msgs/msg/detail/dds_fastrtps/rxm_rawsv__type_support.cpp.o[0m
[397.009s] [ 58%] [32mBuilding CXX object CMakeFiles/ublox_msgs__rosidl_typesupport_introspection_cpp.dir/rosidl_typesupport_introspection_cpp/ublox_msgs/msg/detail/rxm_svsi__type_support.cpp.o[0m
[398.399s] [ 58%] [32mBuilding CXX object CMakeFiles/ublox_msgs__rosidl_typesupport_fastrtps_c.dir/rosidl_typesupport_fastrtps_c/ublox_msgs/msg/detail/upd_sos_ack__type_support_c.cpp.o[0m
[399.360s] [ 58%] [32mBuilding CXX object CMakeFiles/ublox_msgs__rosidl_typesupport_fastrtps_cpp.dir/rosidl_typesupport_fastrtps_cpp/ublox_msgs/msg/detail/dds_fastrtps/rxm_rawx_meas__type_support.cpp.o[0m
[399.638s] [ 59%] [32mBuilding CXX object CMakeFiles/ublox_msgs__rosidl_typesupport_introspection_cpp.dir/rosidl_typesupport_introspection_cpp/ublox_msgs/msg/detail/rxm_svsisv__type_support.cpp.o[0m
[400.539s] [ 59%] [32mBuilding CXX object CMakeFiles/ublox_msgs__rosidl_typesupport_fastrtps_c.dir/rosidl_typesupport_fastrtps_c/ublox_msgs/msg/detail/upd_sos__type_support_c.cpp.o[0m
[402.520s] [ 59%] [32mBuilding CXX object CMakeFiles/ublox_msgs__rosidl_typesupport_fastrtps_cpp.dir/rosidl_typesupport_fastrtps_cpp/ublox_msgs/msg/detail/dds_fastrtps/rxm_rawx__type_support.cpp.o[0m
[402.632s] [ 59%] [32mBuilding CXX object CMakeFiles/ublox_msgs__rosidl_typesupport_introspection_cpp.dir/rosidl_typesupport_introspection_cpp/ublox_msgs/msg/detail/tim_tm2__type_support.cpp.o[0m
[403.372s] [ 60%] [32m[1mLinking CXX shared library libublox_msgs__rosidl_typesupport_fastrtps_c.so[0m
[404.090s] [ 60%] Built target ublox_msgs__rosidl_typesupport_fastrtps_c
[404.159s] [ 60%] [34m[1mGenerating C type support dispatch for ROS interfaces[0m
[405.223s] [ 60%] [32mBuilding CXX object CMakeFiles/ublox_msgs__rosidl_typesupport_introspection_cpp.dir/rosidl_typesupport_introspection_cpp/ublox_msgs/msg/detail/upd_sos_ack__type_support.cpp.o[0m
[405.497s] [ 60%] [32mBuilding CXX object CMakeFiles/ublox_msgs__rosidl_typesupport_fastrtps_cpp.dir/rosidl_typesupport_fastrtps_cpp/ublox_msgs/msg/detail/dds_fastrtps/rxm_rtcm__type_support.cpp.o[0m
[408.359s] [ 60%] [32mBuilding CXX object CMakeFiles/ublox_msgs__rosidl_typesupport_introspection_cpp.dir/rosidl_typesupport_introspection_cpp/ublox_msgs/msg/detail/upd_sos__type_support.cpp.o[0m
[408.746s] [ 60%] [32mBuilding CXX object CMakeFiles/ublox_msgs__rosidl_typesupport_fastrtps_cpp.dir/rosidl_typesupport_fastrtps_cpp/ublox_msgs/msg/detail/dds_fastrtps/rxm_sfrb__type_support.cpp.o[0m
[413.080s] [ 60%] [32m[1mLinking CXX shared library libublox_msgs__rosidl_typesupport_introspection_cpp.so[0m
[413.141s] [ 60%] [32mBuilding CXX object CMakeFiles/ublox_msgs__rosidl_typesupport_fastrtps_cpp.dir/rosidl_typesupport_fastrtps_cpp/ublox_msgs/msg/detail/dds_fastrtps/rxm_sfrbx__type_support.cpp.o[0m
[414.415s] [ 60%] Built target ublox_msgs__rosidl_typesupport_introspection_cpp
[417.605s] [ 60%] [32mBuilding CXX object CMakeFiles/ublox_msgs__rosidl_typesupport_fastrtps_cpp.dir/rosidl_typesupport_fastrtps_cpp/ublox_msgs/msg/detail/dds_fastrtps/rxm_svsi__type_support.cpp.o[0m
[420.769s] [ 61%] [32mBuilding CXX object CMakeFiles/ublox_msgs__rosidl_typesupport_fastrtps_cpp.dir/rosidl_typesupport_fastrtps_cpp/ublox_msgs/msg/detail/dds_fastrtps/rxm_svsisv__type_support.cpp.o[0m
[423.164s] [ 61%] [32mBuilding CXX object CMakeFiles/ublox_msgs__rosidl_typesupport_fastrtps_cpp.dir/rosidl_typesupport_fastrtps_cpp/ublox_msgs/msg/detail/dds_fastrtps/tim_tm2__type_support.cpp.o[0m
[425.475s] [ 61%] [32mBuilding CXX object CMakeFiles/ublox_msgs__rosidl_typesupport_fastrtps_cpp.dir/rosidl_typesupport_fastrtps_cpp/ublox_msgs/msg/detail/dds_fastrtps/upd_sos_ack__type_support.cpp.o[0m
[427.785s] [ 61%] [32mBuilding CXX object CMakeFiles/ublox_msgs__rosidl_typesupport_fastrtps_cpp.dir/rosidl_typesupport_fastrtps_cpp/ublox_msgs/msg/detail/dds_fastrtps/upd_sos__type_support.cpp.o[0m
[430.015s] [ 61%] [32m[1mLinking CXX shared library libublox_msgs__rosidl_typesupport_fastrtps_cpp.so[0m
[430.773s] [ 61%] Built target ublox_msgs__rosidl_typesupport_fastrtps_cpp
[478.743s] [ 62%] [32mBuilding C object CMakeFiles/ublox_msgs__rosidl_typesupport_introspection_c.dir/rosidl_typesupport_introspection_c/ublox_msgs/msg/detail/ack__type_support.c.o[0m
[478.746s] [ 62%] [32mBuilding C object CMakeFiles/ublox_msgs__rosidl_typesupport_introspection_c.dir/rosidl_typesupport_introspection_c/ublox_msgs/msg/detail/aid_alm__type_support.c.o[0m
[478.768s] [ 62%] [32mBuilding C object CMakeFiles/ublox_msgs__rosidl_typesupport_introspection_c.dir/rosidl_typesupport_introspection_c/ublox_msgs/msg/detail/aid_eph__type_support.c.o[0m
[478.981s] [ 62%] [32mBuilding C object CMakeFiles/ublox_msgs__rosidl_typesupport_introspection_c.dir/rosidl_typesupport_introspection_c/ublox_msgs/msg/detail/aid_hui__type_support.c.o[0m
[478.989s] [ 62%] [32mBuilding C object CMakeFiles/ublox_msgs__rosidl_typesupport_introspection_c.dir/rosidl_typesupport_introspection_c/ublox_msgs/msg/detail/cfg_ant__type_support.c.o[0m
[479.035s] [ 62%] [32mBuilding C object CMakeFiles/ublox_msgs__rosidl_typesupport_introspection_c.dir/rosidl_typesupport_introspection_c/ublox_msgs/msg/detail/cfg_cfg__type_support.c.o[0m
[479.192s] [ 62%] [32mBuilding C object CMakeFiles/ublox_msgs__rosidl_typesupport_introspection_c.dir/rosidl_typesupport_introspection_c/ublox_msgs/msg/detail/cfg_dat__type_support.c.o[0m
[479.203s] [ 63%] [32mBuilding C object CMakeFiles/ublox_msgs__rosidl_typesupport_introspection_c.dir/rosidl_typesupport_introspection_c/ublox_msgs/msg/detail/cfg_dgnss__type_support.c.o[0m
[479.249s] [ 63%] [32mBuilding C object CMakeFiles/ublox_msgs__rosidl_typesupport_introspection_c.dir/rosidl_typesupport_introspection_c/ublox_msgs/msg/detail/cfg_gnss_block__type_support.c.o[0m
[479.422s] [ 63%] [32mBuilding C object CMakeFiles/ublox_msgs__rosidl_typesupport_introspection_c.dir/rosidl_typesupport_introspection_c/ublox_msgs/msg/detail/cfg_gnss__type_support.c.o[0m
[479.427s] [ 63%] [32mBuilding C object CMakeFiles/ublox_msgs__rosidl_typesupport_introspection_c.dir/rosidl_typesupport_introspection_c/ublox_msgs/msg/detail/cfg_hnr__type_support.c.o[0m
[479.466s] [ 63%] [32mBuilding C object CMakeFiles/ublox_msgs__rosidl_typesupport_introspection_c.dir/rosidl_typesupport_introspection_c/ublox_msgs/msg/detail/cfg_inf_block__type_support.c.o[0m
[479.645s] [ 63%] [32mBuilding C object CMakeFiles/ublox_msgs__rosidl_typesupport_introspection_c.dir/rosidl_typesupport_introspection_c/ublox_msgs/msg/detail/cfg_inf__type_support.c.o[0m
[479.657s] [ 64%] [32mBuilding C object CMakeFiles/ublox_msgs__rosidl_typesupport_introspection_c.dir/rosidl_typesupport_introspection_c/ublox_msgs/msg/detail/cfg_msg__type_support.c.o[0m
[479.698s] [ 64%] [32mBuilding C object CMakeFiles/ublox_msgs__rosidl_typesupport_introspection_c.dir/rosidl_typesupport_introspection_c/ublox_msgs/msg/detail/cfg_nav5__type_support.c.o[0m
[479.869s] [ 64%] [32mBuilding C object CMakeFiles/ublox_msgs__rosidl_typesupport_introspection_c.dir/rosidl_typesupport_introspection_c/ublox_msgs/msg/detail/cfg_navx5__type_support.c.o[0m
[479.881s] [ 64%] [32mBuilding C object CMakeFiles/ublox_msgs__rosidl_typesupport_introspection_c.dir/rosidl_typesupport_introspection_c/ublox_msgs/msg/detail/cfg_nmea6__type_support.c.o[0m
[479.950s] [ 64%] [32mBuilding C object CMakeFiles/ublox_msgs__rosidl_typesupport_introspection_c.dir/rosidl_typesupport_introspection_c/ublox_msgs/msg/detail/cfg_nmea7__type_support.c.o[0m
[480.108s] [ 64%] [32mBuilding C object CMakeFiles/ublox_msgs__rosidl_typesupport_introspection_c.dir/rosidl_typesupport_introspection_c/ublox_msgs/msg/detail/cfg_nmea__type_support.c.o[0m
[480.157s] [ 65%] [32mBuilding C object CMakeFiles/ublox_msgs__rosidl_typesupport_introspection_c.dir/rosidl_typesupport_introspection_c/ublox_msgs/msg/detail/cfg_prt__type_support.c.o[0m
[480.186s] [ 65%] [32mBuilding C object CMakeFiles/ublox_msgs__rosidl_typesupport_introspection_c.dir/rosidl_typesupport_introspection_c/ublox_msgs/msg/detail/cfg_rate__type_support.c.o[0m
[480.365s] [ 65%] [32mBuilding C object CMakeFiles/ublox_msgs__rosidl_typesupport_introspection_c.dir/rosidl_typesupport_introspection_c/ublox_msgs/msg/detail/cfg_rst__type_support.c.o[0m
[480.401s] [ 65%] [32mBuilding C object CMakeFiles/ublox_msgs__rosidl_typesupport_introspection_c.dir/rosidl_typesupport_introspection_c/ublox_msgs/msg/detail/cfg_sbas__type_support.c.o[0m
[480.428s] [ 65%] [32mBuilding C object CMakeFiles/ublox_msgs__rosidl_typesupport_introspection_c.dir/rosidl_typesupport_introspection_c/ublox_msgs/msg/detail/cfg_tmode3__type_support.c.o[0m
[480.588s] [ 65%] [32mBuilding C object CMakeFiles/ublox_msgs__rosidl_typesupport_introspection_c.dir/rosidl_typesupport_introspection_c/ublox_msgs/msg/detail/cfg_usb__type_support.c.o[0m
[480.614s] [ 65%] [32mBuilding C object CMakeFiles/ublox_msgs__rosidl_typesupport_introspection_c.dir/rosidl_typesupport_introspection_c/ublox_msgs/msg/detail/esf_ins__type_support.c.o[0m
[480.669s] [ 66%] [32mBuilding C object CMakeFiles/ublox_msgs__rosidl_typesupport_introspection_c.dir/rosidl_typesupport_introspection_c/ublox_msgs/msg/detail/esf_meas__type_support.c.o[0m
[480.834s] [ 66%] [32mBuilding C object CMakeFiles/ublox_msgs__rosidl_typesupport_introspection_c.dir/rosidl_typesupport_introspection_c/ublox_msgs/msg/detail/esf_raw_block__type_support.c.o[0m
[480.854s] [ 66%] [32mBuilding C object CMakeFiles/ublox_msgs__rosidl_typesupport_introspection_c.dir/rosidl_typesupport_introspection_c/ublox_msgs/msg/detail/esf_raw__type_support.c.o[0m
[480.947s] [ 66%] [32mBuilding C object CMakeFiles/ublox_msgs__rosidl_typesupport_introspection_c.dir/rosidl_typesupport_introspection_c/ublox_msgs/msg/detail/esf_status__type_support.c.o[0m
[481.044s] [ 66%] [32mBuilding C object CMakeFiles/ublox_msgs__rosidl_typesupport_introspection_c.dir/rosidl_typesupport_introspection_c/ublox_msgs/msg/detail/esf_status_sens__type_support.c.o[0m
[481.106s] [ 66%] [32mBuilding C object CMakeFiles/ublox_msgs__rosidl_typesupport_introspection_c.dir/rosidl_typesupport_introspection_c/ublox_msgs/msg/detail/hnr_pvt__type_support.c.o[0m
[481.220s] [ 67%] [32mBuilding C object CMakeFiles/ublox_msgs__rosidl_typesupport_introspection_c.dir/rosidl_typesupport_introspection_c/ublox_msgs/msg/detail/inf__type_support.c.o[0m
[481.259s] [ 67%] [32mBuilding C object CMakeFiles/ublox_msgs__rosidl_typesupport_introspection_c.dir/rosidl_typesupport_introspection_c/ublox_msgs/msg/detail/mga_gal__type_support.c.o[0m
[481.362s] [ 67%] [32mBuilding C object CMakeFiles/ublox_msgs__rosidl_typesupport_introspection_c.dir/rosidl_typesupport_introspection_c/ublox_msgs/msg/detail/mon_gnss__type_support.c.o[0m
[481.451s] [ 67%] [32mBuilding C object CMakeFiles/ublox_msgs__rosidl_typesupport_introspection_c.dir/rosidl_typesupport_introspection_c/ublox_msgs/msg/detail/mon_hw6__type_support.c.o[0m
[481.496s] [ 67%] [32mBuilding C object CMakeFiles/ublox_msgs__rosidl_typesupport_introspection_c.dir/rosidl_typesupport_introspection_c/ublox_msgs/msg/detail/mon_hw__type_support.c.o[0m
[481.621s] [ 67%] [32mBuilding C object CMakeFiles/ublox_msgs__rosidl_typesupport_introspection_c.dir/rosidl_typesupport_introspection_c/ublox_msgs/msg/detail/mon_ver_extension__type_support.c.o[0m
[481.689s] [ 67%] [32mBuilding C object CMakeFiles/ublox_msgs__rosidl_typesupport_introspection_c.dir/rosidl_typesupport_introspection_c/ublox_msgs/msg/detail/mon_ver__type_support.c.o[0m
[481.734s] [ 68%] [32mBuilding C object CMakeFiles/ublox_msgs__rosidl_typesupport_introspection_c.dir/rosidl_typesupport_introspection_c/ublox_msgs/msg/detail/nav_att__type_support.c.o[0m
[481.854s] [ 68%] [32mBuilding C object CMakeFiles/ublox_msgs__rosidl_typesupport_introspection_c.dir/rosidl_typesupport_introspection_c/ublox_msgs/msg/detail/nav_clock__type_support.c.o[0m
[481.950s] [ 68%] [32mBuilding C object CMakeFiles/ublox_msgs__rosidl_typesupport_introspection_c.dir/rosidl_typesupport_introspection_c/ublox_msgs/msg/detail/nav_dgps__type_support.c.o[0m
[481.956s] [ 68%] [32mBuilding C object CMakeFiles/ublox_msgs__rosidl_typesupport_introspection_c.dir/rosidl_typesupport_introspection_c/ublox_msgs/msg/detail/nav_dgpssv__type_support.c.o[0m
[482.069s] [ 68%] [32mBuilding C object CMakeFiles/ublox_msgs__rosidl_typesupport_introspection_c.dir/rosidl_typesupport_introspection_c/ublox_msgs/msg/detail/nav_dop__type_support.c.o[0m
[482.167s] [ 68%] [32mBuilding C object CMakeFiles/ublox_msgs__rosidl_typesupport_introspection_c.dir/rosidl_typesupport_introspection_c/ublox_msgs/msg/detail/nav_posecef__type_support.c.o[0m
[482.190s] [ 69%] [32mBuilding C object CMakeFiles/ublox_msgs__rosidl_typesupport_introspection_c.dir/rosidl_typesupport_introspection_c/ublox_msgs/msg/detail/nav_posllh__type_support.c.o[0m
[482.283s] [ 69%] [32mBuilding C object CMakeFiles/ublox_msgs__rosidl_typesupport_introspection_c.dir/rosidl_typesupport_introspection_c/ublox_msgs/msg/detail/nav_pvt7__type_support.c.o[0m
[482.383s] [ 69%] [32mBuilding C object CMakeFiles/ublox_msgs__rosidl_typesupport_introspection_c.dir/rosidl_typesupport_introspection_c/ublox_msgs/msg/detail/nav_pvt__type_support.c.o[0m
[482.404s] [ 69%] [32mBuilding C object CMakeFiles/ublox_msgs__rosidl_typesupport_introspection_c.dir/rosidl_typesupport_introspection_c/ublox_msgs/msg/detail/nav_relposned9__type_support.c.o[0m
[482.513s] [ 69%] [32mBuilding C object CMakeFiles/ublox_msgs__rosidl_typesupport_introspection_c.dir/rosidl_typesupport_introspection_c/ublox_msgs/msg/detail/nav_relposned__type_support.c.o[0m
[482.618s] [ 69%] [32mBuilding C object CMakeFiles/ublox_msgs__rosidl_typesupport_introspection_c.dir/rosidl_typesupport_introspection_c/ublox_msgs/msg/detail/nav_sat__type_support.c.o[0m
[482.638s] [ 69%] [32mBuilding C object CMakeFiles/ublox_msgs__rosidl_typesupport_introspection_c.dir/rosidl_typesupport_introspection_c/ublox_msgs/msg/detail/nav_satsv__type_support.c.o[0m
[482.729s] [ 70%] [32mBuilding C object CMakeFiles/ublox_msgs__rosidl_typesupport_introspection_c.dir/rosidl_typesupport_introspection_c/ublox_msgs/msg/detail/nav_sbas__type_support.c.o[0m
[482.851s] [ 70%] [32mBuilding C object CMakeFiles/ublox_msgs__rosidl_typesupport_introspection_c.dir/rosidl_typesupport_introspection_c/ublox_msgs/msg/detail/nav_sbassv__type_support.c.o[0m
[482.876s] [ 70%] [32mBuilding C object CMakeFiles/ublox_msgs__rosidl_typesupport_introspection_c.dir/rosidl_typesupport_introspection_c/ublox_msgs/msg/detail/nav_sol__type_support.c.o[0m
[482.970s] [ 70%] [32mBuilding C object CMakeFiles/ublox_msgs__rosidl_typesupport_introspection_c.dir/rosidl_typesupport_introspection_c/ublox_msgs/msg/detail/nav_status__type_support.c.o[0m
[483.068s] [ 70%] [32mBuilding C object CMakeFiles/ublox_msgs__rosidl_typesupport_introspection_c.dir/rosidl_typesupport_introspection_c/ublox_msgs/msg/detail/nav_svinfo__type_support.c.o[0m
[483.098s] [ 70%] [32mBuilding C object CMakeFiles/ublox_msgs__rosidl_typesupport_introspection_c.dir/rosidl_typesupport_introspection_c/ublox_msgs/msg/detail/nav_svinfosv__type_support.c.o[0m
[483.183s] [ 71%] [32mBuilding C object CMakeFiles/ublox_msgs__rosidl_typesupport_introspection_c.dir/rosidl_typesupport_introspection_c/ublox_msgs/msg/detail/nav_svin__type_support.c.o[0m
[483.304s] [ 71%] [32mBuilding C object CMakeFiles/ublox_msgs__rosidl_typesupport_introspection_c.dir/rosidl_typesupport_introspection_c/ublox_msgs/msg/detail/nav_timegps__type_support.c.o[0m
[483.328s] [ 71%] [32mBuilding C object CMakeFiles/ublox_msgs__rosidl_typesupport_introspection_c.dir/rosidl_typesupport_introspection_c/ublox_msgs/msg/detail/nav_timeutc__type_support.c.o[0m
[483.424s] [ 71%] [32mBuilding C object CMakeFiles/ublox_msgs__rosidl_typesupport_introspection_c.dir/rosidl_typesupport_introspection_c/ublox_msgs/msg/detail/nav_velecef__type_support.c.o[0m
[483.532s] [ 71%] [32mBuilding C object CMakeFiles/ublox_msgs__rosidl_typesupport_introspection_c.dir/rosidl_typesupport_introspection_c/ublox_msgs/msg/detail/nav_velned__type_support.c.o[0m
[483.544s] [ 71%] [32mBuilding C object CMakeFiles/ublox_msgs__rosidl_typesupport_introspection_c.dir/rosidl_typesupport_introspection_c/ublox_msgs/msg/detail/rxm_alm__type_support.c.o[0m
[483.650s] [ 72%] [32mBuilding C object CMakeFiles/ublox_msgs__rosidl_typesupport_introspection_c.dir/rosidl_typesupport_introspection_c/ublox_msgs/msg/detail/rxm_eph__type_support.c.o[0m
[483.764s] [ 72%] [32mBuilding C object CMakeFiles/ublox_msgs__rosidl_typesupport_introspection_c.dir/rosidl_typesupport_introspection_c/ublox_msgs/msg/detail/rxm_raw__type_support.c.o[0m
[483.835s] [ 72%] [32mBuilding C object CMakeFiles/ublox_msgs__rosidl_typesupport_introspection_c.dir/rosidl_typesupport_introspection_c/ublox_msgs/msg/detail/rxm_rawsv__type_support.c.o[0m
[483.926s] [ 72%] [32mBuilding C object CMakeFiles/ublox_msgs__rosidl_typesupport_introspection_c.dir/rosidl_typesupport_introspection_c/ublox_msgs/msg/detail/rxm_rawx_meas__type_support.c.o[0m
[483.996s] [ 72%] [32mBuilding C object CMakeFiles/ublox_msgs__rosidl_typesupport_introspection_c.dir/rosidl_typesupport_introspection_c/ublox_msgs/msg/detail/rxm_rawx__type_support.c.o[0m
[484.070s] [ 72%] [32mBuilding C object CMakeFiles/ublox_msgs__rosidl_typesupport_introspection_c.dir/rosidl_typesupport_introspection_c/ublox_msgs/msg/detail/rxm_rtcm__type_support.c.o[0m
[484.150s] [ 72%] [32mBuilding C object CMakeFiles/ublox_msgs__rosidl_typesupport_introspection_c.dir/rosidl_typesupport_introspection_c/ublox_msgs/msg/detail/rxm_sfrb__type_support.c.o[0m
[484.247s] [ 73%] [32mBuilding C object CMakeFiles/ublox_msgs__rosidl_typesupport_introspection_c.dir/rosidl_typesupport_introspection_c/ublox_msgs/msg/detail/rxm_sfrbx__type_support.c.o[0m
[484.315s] [ 73%] [32mBuilding C object CMakeFiles/ublox_msgs__rosidl_typesupport_introspection_c.dir/rosidl_typesupport_introspection_c/ublox_msgs/msg/detail/rxm_svsi__type_support.c.o[0m
[484.375s] [ 73%] [32mBuilding C object CMakeFiles/ublox_msgs__rosidl_typesupport_introspection_c.dir/rosidl_typesupport_introspection_c/ublox_msgs/msg/detail/rxm_svsisv__type_support.c.o[0m
[484.488s] [ 73%] [32mBuilding C object CMakeFiles/ublox_msgs__rosidl_typesupport_introspection_c.dir/rosidl_typesupport_introspection_c/ublox_msgs/msg/detail/tim_tm2__type_support.c.o[0m
[484.548s] [ 73%] [32mBuilding C object CMakeFiles/ublox_msgs__rosidl_typesupport_introspection_c.dir/rosidl_typesupport_introspection_c/ublox_msgs/msg/detail/upd_sos_ack__type_support.c.o[0m
[484.618s] [ 73%] [32mBuilding C object CMakeFiles/ublox_msgs__rosidl_typesupport_introspection_c.dir/rosidl_typesupport_introspection_c/ublox_msgs/msg/detail/upd_sos__type_support.c.o[0m
[484.827s] [ 74%] [32m[1mLinking C shared library libublox_msgs__rosidl_typesupport_introspection_c.so[0m
[485.126s] [ 74%] Built target ublox_msgs__rosidl_typesupport_introspection_c
[489.606s] [ 75%] [32mBuilding CXX object CMakeFiles/ublox_msgs__rosidl_typesupport_c.dir/rosidl_typesupport_c/ublox_msgs/msg/ack__type_support.cpp.o[0m
[489.610s] [ 75%] [32mBuilding CXX object CMakeFiles/ublox_msgs__rosidl_typesupport_c.dir/rosidl_typesupport_c/ublox_msgs/msg/aid_alm__type_support.cpp.o[0m
[489.613s] [ 75%] [32mBuilding CXX object CMakeFiles/ublox_msgs__rosidl_typesupport_c.dir/rosidl_typesupport_c/ublox_msgs/msg/aid_eph__type_support.cpp.o[0m
[489.633s] [ 75%] [32mBuilding CXX object CMakeFiles/ublox_msgs__rosidl_typesupport_c.dir/rosidl_typesupport_c/ublox_msgs/msg/aid_hui__type_support.cpp.o[0m
[489.793s] [ 75%] [32mBuilding CXX object CMakeFiles/ublox_msgs__rosidl_typesupport_c.dir/rosidl_typesupport_c/ublox_msgs/msg/cfg_ant__type_support.cpp.o[0m
[489.804s] [ 75%] [32mBuilding CXX object CMakeFiles/ublox_msgs__rosidl_typesupport_c.dir/rosidl_typesupport_c/ublox_msgs/msg/cfg_cfg__type_support.cpp.o[0m
[489.807s] [ 76%] [32mBuilding CXX object CMakeFiles/ublox_msgs__rosidl_typesupport_c.dir/rosidl_typesupport_c/ublox_msgs/msg/cfg_dat__type_support.cpp.o[0m
[489.821s] [ 76%] [32mBuilding CXX object CMakeFiles/ublox_msgs__rosidl_typesupport_c.dir/rosidl_typesupport_c/ublox_msgs/msg/cfg_dgnss__type_support.cpp.o[0m
[489.972s] [ 76%] [32mBuilding CXX object CMakeFiles/ublox_msgs__rosidl_typesupport_c.dir/rosidl_typesupport_c/ublox_msgs/msg/cfg_gnss_block__type_support.cpp.o[0m
[489.981s] [ 76%] [32mBuilding CXX object CMakeFiles/ublox_msgs__rosidl_typesupport_c.dir/rosidl_typesupport_c/ublox_msgs/msg/cfg_gnss__type_support.cpp.o[0m
[490.007s] [ 76%] [32mBuilding CXX object CMakeFiles/ublox_msgs__rosidl_typesupport_c.dir/rosidl_typesupport_c/ublox_msgs/msg/cfg_hnr__type_support.cpp.o[0m
[490.019s] [ 76%] [32mBuilding CXX object CMakeFiles/ublox_msgs__rosidl_typesupport_c.dir/rosidl_typesupport_c/ublox_msgs/msg/cfg_inf_block__type_support.cpp.o[0m
[490.156s] [ 76%] [32mBuilding CXX object CMakeFiles/ublox_msgs__rosidl_typesupport_c.dir/rosidl_typesupport_c/ublox_msgs/msg/cfg_inf__type_support.cpp.o[0m
[490.165s] [ 77%] [32mBuilding CXX object CMakeFiles/ublox_msgs__rosidl_typesupport_c.dir/rosidl_typesupport_c/ublox_msgs/msg/cfg_msg__type_support.cpp.o[0m
[490.205s] [ 77%] [32mBuilding CXX object CMakeFiles/ublox_msgs__rosidl_typesupport_c.dir/rosidl_typesupport_c/ublox_msgs/msg/cfg_nav5__type_support.cpp.o[0m
[490.213s] [ 77%] [32mBuilding CXX object CMakeFiles/ublox_msgs__rosidl_typesupport_c.dir/rosidl_typesupport_c/ublox_msgs/msg/cfg_navx5__type_support.cpp.o[0m
[490.343s] [ 77%] [32mBuilding CXX object CMakeFiles/ublox_msgs__rosidl_typesupport_c.dir/rosidl_typesupport_c/ublox_msgs/msg/cfg_nmea6__type_support.cpp.o[0m
[490.365s] [ 77%] [32mBuilding CXX object CMakeFiles/ublox_msgs__rosidl_typesupport_c.dir/rosidl_typesupport_c/ublox_msgs/msg/cfg_nmea7__type_support.cpp.o[0m
[490.391s] [ 77%] [32mBuilding CXX object CMakeFiles/ublox_msgs__rosidl_typesupport_c.dir/rosidl_typesupport_c/ublox_msgs/msg/cfg_nmea__type_support.cpp.o[0m
[490.397s] [ 78%] [32mBuilding CXX object CMakeFiles/ublox_msgs__rosidl_typesupport_c.dir/rosidl_typesupport_c/ublox_msgs/msg/cfg_prt__type_support.cpp.o[0m
[490.538s] [ 78%] [32mBuilding CXX object CMakeFiles/ublox_msgs__rosidl_typesupport_c.dir/rosidl_typesupport_c/ublox_msgs/msg/cfg_rate__type_support.cpp.o[0m
[490.547s] [ 78%] [32mBuilding CXX object CMakeFiles/ublox_msgs__rosidl_typesupport_c.dir/rosidl_typesupport_c/ublox_msgs/msg/cfg_rst__type_support.cpp.o[0m
[490.576s] [ 78%] [32mBuilding CXX object CMakeFiles/ublox_msgs__rosidl_typesupport_c.dir/rosidl_typesupport_c/ublox_msgs/msg/cfg_sbas__type_support.cpp.o[0m
[490.581s] [ 78%] [32mBuilding CXX object CMakeFiles/ublox_msgs__rosidl_typesupport_c.dir/rosidl_typesupport_c/ublox_msgs/msg/cfg_tmode3__type_support.cpp.o[0m
[490.731s] [ 78%] [32mBuilding CXX object CMakeFiles/ublox_msgs__rosidl_typesupport_c.dir/rosidl_typesupport_c/ublox_msgs/msg/cfg_usb__type_support.cpp.o[0m
[490.740s] [ 79%] [32mBuilding CXX object CMakeFiles/ublox_msgs__rosidl_typesupport_c.dir/rosidl_typesupport_c/ublox_msgs/msg/esf_ins__type_support.cpp.o[0m
[490.756s] [ 79%] [32mBuilding CXX object CMakeFiles/ublox_msgs__rosidl_typesupport_c.dir/rosidl_typesupport_c/ublox_msgs/msg/esf_meas__type_support.cpp.o[0m
[490.764s] [ 79%] [32mBuilding CXX object CMakeFiles/ublox_msgs__rosidl_typesupport_c.dir/rosidl_typesupport_c/ublox_msgs/msg/esf_raw_block__type_support.cpp.o[0m
[490.917s] [ 79%] [32mBuilding CXX object CMakeFiles/ublox_msgs__rosidl_typesupport_c.dir/rosidl_typesupport_c/ublox_msgs/msg/esf_raw__type_support.cpp.o[0m
[490.938s] [ 79%] [32mBuilding CXX object CMakeFiles/ublox_msgs__rosidl_typesupport_c.dir/rosidl_typesupport_c/ublox_msgs/msg/esf_status__type_support.cpp.o[0m
[490.941s] [ 79%] [32mBuilding CXX object CMakeFiles/ublox_msgs__rosidl_typesupport_c.dir/rosidl_typesupport_c/ublox_msgs/msg/esf_status_sens__type_support.cpp.o[0m
[490.948s] [ 79%] [32mBuilding CXX object CMakeFiles/ublox_msgs__rosidl_typesupport_c.dir/rosidl_typesupport_c/ublox_msgs/msg/hnr_pvt__type_support.cpp.o[0m
[491.105s] [ 80%] [32mBuilding CXX object CMakeFiles/ublox_msgs__rosidl_typesupport_c.dir/rosidl_typesupport_c/ublox_msgs/msg/inf__type_support.cpp.o[0m
[491.123s] [ 80%] [32mBuilding CXX object CMakeFiles/ublox_msgs__rosidl_typesupport_c.dir/rosidl_typesupport_c/ublox_msgs/msg/mon_gnss__type_support.cpp.o[0m
[491.126s] [ 80%] [32mBuilding CXX object CMakeFiles/ublox_msgs__rosidl_typesupport_c.dir/rosidl_typesupport_c/ublox_msgs/msg/mga_gal__type_support.cpp.o[0m
[491.146s] [ 80%] [32mBuilding CXX object CMakeFiles/ublox_msgs__rosidl_typesupport_c.dir/rosidl_typesupport_c/ublox_msgs/msg/mon_hw6__type_support.cpp.o[0m
[491.298s] [ 80%] [32mBuilding CXX object CMakeFiles/ublox_msgs__rosidl_typesupport_c.dir/rosidl_typesupport_c/ublox_msgs/msg/mon_hw__type_support.cpp.o[0m
[491.306s] [ 80%] [32mBuilding CXX object CMakeFiles/ublox_msgs__rosidl_typesupport_c.dir/rosidl_typesupport_c/ublox_msgs/msg/mon_ver_extension__type_support.cpp.o[0m
[491.310s] [ 81%] [32mBuilding CXX object CMakeFiles/ublox_msgs__rosidl_typesupport_c.dir/rosidl_typesupport_c/ublox_msgs/msg/mon_ver__type_support.cpp.o[0m
[491.368s] [ 81%] [32mBuilding CXX object CMakeFiles/ublox_msgs__rosidl_typesupport_c.dir/rosidl_typesupport_c/ublox_msgs/msg/nav_att__type_support.cpp.o[0m
[491.490s] [ 81%] [32mBuilding CXX object CMakeFiles/ublox_msgs__rosidl_typesupport_c.dir/rosidl_typesupport_c/ublox_msgs/msg/nav_dgps__type_support.cpp.o[0m
[491.494s] [ 81%] [32mBuilding CXX object CMakeFiles/ublox_msgs__rosidl_typesupport_c.dir/rosidl_typesupport_c/ublox_msgs/msg/nav_clock__type_support.cpp.o[0m
[491.507s] [ 81%] [32mBuilding CXX object CMakeFiles/ublox_msgs__rosidl_typesupport_c.dir/rosidl_typesupport_c/ublox_msgs/msg/nav_dgpssv__type_support.cpp.o[0m
[491.564s] [ 81%] [32mBuilding CXX object CMakeFiles/ublox_msgs__rosidl_typesupport_c.dir/rosidl_typesupport_c/ublox_msgs/msg/nav_dop__type_support.cpp.o[0m
[491.678s] [ 81%] [32mBuilding CXX object CMakeFiles/ublox_msgs__rosidl_typesupport_c.dir/rosidl_typesupport_c/ublox_msgs/msg/nav_posecef__type_support.cpp.o[0m
[491.686s] [ 82%] [32mBuilding CXX object CMakeFiles/ublox_msgs__rosidl_typesupport_c.dir/rosidl_typesupport_c/ublox_msgs/msg/nav_posllh__type_support.cpp.o[0m
[491.696s] [ 82%] [32mBuilding CXX object CMakeFiles/ublox_msgs__rosidl_typesupport_c.dir/rosidl_typesupport_c/ublox_msgs/msg/nav_pvt7__type_support.cpp.o[0m
[491.762s] [ 82%] [32mBuilding CXX object CMakeFiles/ublox_msgs__rosidl_typesupport_c.dir/rosidl_typesupport_c/ublox_msgs/msg/nav_pvt__type_support.cpp.o[0m
[491.858s] [ 82%] [32mBuilding CXX object CMakeFiles/ublox_msgs__rosidl_typesupport_c.dir/rosidl_typesupport_c/ublox_msgs/msg/nav_relposned9__type_support.cpp.o[0m
[491.884s] [ 82%] [32mBuilding CXX object CMakeFiles/ublox_msgs__rosidl_typesupport_c.dir/rosidl_typesupport_c/ublox_msgs/msg/nav_sat__type_support.cpp.o[0m
[491.885s] [ 82%] [32mBuilding CXX object CMakeFiles/ublox_msgs__rosidl_typesupport_c.dir/rosidl_typesupport_c/ublox_msgs/msg/nav_relposned__type_support.cpp.o[0m
[491.944s] [ 83%] [32mBuilding CXX object CMakeFiles/ublox_msgs__rosidl_typesupport_c.dir/rosidl_typesupport_c/ublox_msgs/msg/nav_satsv__type_support.cpp.o[0m
[492.039s] [ 83%] [32mBuilding CXX object CMakeFiles/ublox_msgs__rosidl_typesupport_c.dir/rosidl_typesupport_c/ublox_msgs/msg/nav_sbas__type_support.cpp.o[0m
[492.073s] [ 83%] [32mBuilding CXX object CMakeFiles/ublox_msgs__rosidl_typesupport_c.dir/rosidl_typesupport_c/ublox_msgs/msg/nav_sbassv__type_support.cpp.o[0m
[492.080s] [ 83%] [32mBuilding CXX object CMakeFiles/ublox_msgs__rosidl_typesupport_c.dir/rosidl_typesupport_c/ublox_msgs/msg/nav_sol__type_support.cpp.o[0m
[492.135s] [ 83%] [32mBuilding CXX object CMakeFiles/ublox_msgs__rosidl_typesupport_c.dir/rosidl_typesupport_c/ublox_msgs/msg/nav_status__type_support.cpp.o[0m
[492.225s] [ 83%] [32mBuilding CXX object CMakeFiles/ublox_msgs__rosidl_typesupport_c.dir/rosidl_typesupport_c/ublox_msgs/msg/nav_svinfo__type_support.cpp.o[0m
[492.275s] [ 83%] [32mBuilding CXX object CMakeFiles/ublox_msgs__rosidl_typesupport_c.dir/rosidl_typesupport_c/ublox_msgs/msg/nav_svin__type_support.cpp.o[0m
[492.279s] [ 84%] [32mBuilding CXX object CMakeFiles/ublox_msgs__rosidl_typesupport_c.dir/rosidl_typesupport_c/ublox_msgs/msg/nav_svinfosv__type_support.cpp.o[0m
[492.325s] [ 84%] [32mBuilding CXX object CMakeFiles/ublox_msgs__rosidl_typesupport_c.dir/rosidl_typesupport_c/ublox_msgs/msg/nav_timegps__type_support.cpp.o[0m
[492.409s] [ 84%] [32mBuilding CXX object CMakeFiles/ublox_msgs__rosidl_typesupport_c.dir/rosidl_typesupport_c/ublox_msgs/msg/nav_timeutc__type_support.cpp.o[0m
[492.453s] [ 84%] [32mBuilding CXX object CMakeFiles/ublox_msgs__rosidl_typesupport_c.dir/rosidl_typesupport_c/ublox_msgs/msg/nav_velecef__type_support.cpp.o[0m
[492.462s] [ 84%] [32mBuilding CXX object CMakeFiles/ublox_msgs__rosidl_typesupport_c.dir/rosidl_typesupport_c/ublox_msgs/msg/nav_velned__type_support.cpp.o[0m
[492.529s] [ 84%] [32mBuilding CXX object CMakeFiles/ublox_msgs__rosidl_typesupport_c.dir/rosidl_typesupport_c/ublox_msgs/msg/rxm_alm__type_support.cpp.o[0m
[492.596s] [ 85%] [32mBuilding CXX object CMakeFiles/ublox_msgs__rosidl_typesupport_c.dir/rosidl_typesupport_c/ublox_msgs/msg/rxm_eph__type_support.cpp.o[0m
[492.643s] [ 85%] [32mBuilding CXX object CMakeFiles/ublox_msgs__rosidl_typesupport_c.dir/rosidl_typesupport_c/ublox_msgs/msg/rxm_raw__type_support.cpp.o[0m
[492.655s] [ 85%] [32mBuilding CXX object CMakeFiles/ublox_msgs__rosidl_typesupport_c.dir/rosidl_typesupport_c/ublox_msgs/msg/rxm_rawsv__type_support.cpp.o[0m
[492.717s] [ 85%] [32mBuilding CXX object CMakeFiles/ublox_msgs__rosidl_typesupport_c.dir/rosidl_typesupport_c/ublox_msgs/msg/rxm_rawx_meas__type_support.cpp.o[0m
[492.787s] [ 85%] [32mBuilding CXX object CMakeFiles/ublox_msgs__rosidl_typesupport_c.dir/rosidl_typesupport_c/ublox_msgs/msg/rxm_rawx__type_support.cpp.o[0m
[492.837s] [ 85%] [32mBuilding CXX object CMakeFiles/ublox_msgs__rosidl_typesupport_c.dir/rosidl_typesupport_c/ublox_msgs/msg/rxm_rtcm__type_support.cpp.o[0m
[492.840s] [ 86%] [32mBuilding CXX object CMakeFiles/ublox_msgs__rosidl_typesupport_c.dir/rosidl_typesupport_c/ublox_msgs/msg/rxm_sfrb__type_support.cpp.o[0m
[492.898s] [ 86%] [32mBuilding CXX object CMakeFiles/ublox_msgs__rosidl_typesupport_c.dir/rosidl_typesupport_c/ublox_msgs/msg/rxm_sfrbx__type_support.cpp.o[0m
[492.981s] [ 86%] [32mBuilding CXX object CMakeFiles/ublox_msgs__rosidl_typesupport_c.dir/rosidl_typesupport_c/ublox_msgs/msg/rxm_svsi__type_support.cpp.o[0m
[493.020s] [ 86%] [32mBuilding CXX object CMakeFiles/ublox_msgs__rosidl_typesupport_c.dir/rosidl_typesupport_c/ublox_msgs/msg/rxm_svsisv__type_support.cpp.o[0m
[493.027s] [ 86%] [32mBuilding CXX object CMakeFiles/ublox_msgs__rosidl_typesupport_c.dir/rosidl_typesupport_c/ublox_msgs/msg/tim_tm2__type_support.cpp.o[0m
[493.080s] [ 86%] [32mBuilding CXX object CMakeFiles/ublox_msgs__rosidl_typesupport_c.dir/rosidl_typesupport_c/ublox_msgs/msg/upd_sos_ack__type_support.cpp.o[0m
[493.172s] [ 86%] [32mBuilding CXX object CMakeFiles/ublox_msgs__rosidl_typesupport_c.dir/rosidl_typesupport_c/ublox_msgs/msg/upd_sos__type_support.cpp.o[0m
[493.332s] [ 87%] [32m[1mLinking CXX shared library libublox_msgs__rosidl_typesupport_c.so[0m
[493.617s] [ 87%] Built target ublox_msgs__rosidl_typesupport_c
[493.712s] [ 87%] Built target ublox_msgs
[493.801s] [ 87%] [32mBuilding CXX object CMakeFiles/ublox_msgs_lib.dir/src/ublox_msgs.cpp.o[0m
[493.818s] [ 87%] [34m[1mGenerating Python code for ROS interfaces[0m
[504.804s] [ 88%] [32m[1mLinking CXX shared library libublox_msgs_lib.so[0m
[505.260s] [ 88%] Built target ublox_msgs_lib
[655.968s] [ 88%] Built target ublox_msgs__py
[656.082s] [ 88%] [32mBuilding C object CMakeFiles/ublox_msgs__rosidl_generator_py.dir/rosidl_generator_py/ublox_msgs/msg/_ack_s.c.o[0m
[656.083s] [ 88%] [32mBuilding C object CMakeFiles/ublox_msgs__rosidl_generator_py.dir/rosidl_generator_py/ublox_msgs/msg/_aid_alm_s.c.o[0m
[656.087s] [ 89%] [32mBuilding C object CMakeFiles/ublox_msgs__rosidl_generator_py.dir/rosidl_generator_py/ublox_msgs/msg/_aid_eph_s.c.o[0m
[656.093s] [ 89%] [32mBuilding C object CMakeFiles/ublox_msgs__rosidl_generator_py.dir/rosidl_generator_py/ublox_msgs/msg/_aid_hui_s.c.o[0m
[656.824s] [ 89%] [32mBuilding C object CMakeFiles/ublox_msgs__rosidl_generator_py.dir/rosidl_generator_py/ublox_msgs/msg/_cfg_ant_s.c.o[0m
[656.851s] [ 89%] [32mBuilding C object CMakeFiles/ublox_msgs__rosidl_generator_py.dir/rosidl_generator_py/ublox_msgs/msg/_cfg_cfg_s.c.o[0m
[656.876s] [ 89%] [32mBuilding C object CMakeFiles/ublox_msgs__rosidl_generator_py.dir/rosidl_generator_py/ublox_msgs/msg/_cfg_dat_s.c.o[0m
[656.916s] [ 89%] [32mBuilding C object CMakeFiles/ublox_msgs__rosidl_generator_py.dir/rosidl_generator_py/ublox_msgs/msg/_cfg_dgnss_s.c.o[0m
[657.411s] [ 90%] [32mBuilding C object CMakeFiles/ublox_msgs__rosidl_generator_py.dir/rosidl_generator_py/ublox_msgs/msg/_cfg_gnss_block_s.c.o[0m
[657.473s] [ 90%] [32mBuilding C object CMakeFiles/ublox_msgs__rosidl_generator_py.dir/rosidl_generator_py/ublox_msgs/msg/_cfg_gnss_s.c.o[0m
[657.522s] [ 90%] [32mBuilding C object CMakeFiles/ublox_msgs__rosidl_generator_py.dir/rosidl_generator_py/ublox_msgs/msg/_cfg_hnr_s.c.o[0m
[657.548s] [ 90%] [32mBuilding C object CMakeFiles/ublox_msgs__rosidl_generator_py.dir/rosidl_generator_py/ublox_msgs/msg/_cfg_inf_block_s.c.o[0m
[657.991s] [ 90%] [32mBuilding C object CMakeFiles/ublox_msgs__rosidl_generator_py.dir/rosidl_generator_py/ublox_msgs/msg/_cfg_inf_s.c.o[0m
[658.118s] [ 90%] [32mBuilding C object CMakeFiles/ublox_msgs__rosidl_generator_py.dir/rosidl_generator_py/ublox_msgs/msg/_cfg_msg_s.c.o[0m
[658.147s] [ 90%] [32mBuilding C object CMakeFiles/ublox_msgs__rosidl_generator_py.dir/rosidl_generator_py/ublox_msgs/msg/_cfg_nav5_s.c.o[0m
[658.184s] [ 91%] [32mBuilding C object CMakeFiles/ublox_msgs__rosidl_generator_py.dir/rosidl_generator_py/ublox_msgs/msg/_cfg_navx5_s.c.o[0m
[658.583s] [ 91%] [32mBuilding C object CMakeFiles/ublox_msgs__rosidl_generator_py.dir/rosidl_generator_py/ublox_msgs/msg/_cfg_nmea6_s.c.o[0m
[658.733s] [ 91%] [32mBuilding C object CMakeFiles/ublox_msgs__rosidl_generator_py.dir/rosidl_generator_py/ublox_msgs/msg/_cfg_nmea7_s.c.o[0m
[658.870s] [ 91%] [32mBuilding C object CMakeFiles/ublox_msgs__rosidl_generator_py.dir/rosidl_generator_py/ublox_msgs/msg/_cfg_nmea_s.c.o[0m
[658.934s] [ 91%] [32mBuilding C object CMakeFiles/ublox_msgs__rosidl_generator_py.dir/rosidl_generator_py/ublox_msgs/msg/_cfg_prt_s.c.o[0m
[659.217s] [ 91%] [32mBuilding C object CMakeFiles/ublox_msgs__rosidl_generator_py.dir/rosidl_generator_py/ublox_msgs/msg/_cfg_rate_s.c.o[0m
[659.347s] [ 92%] [32mBuilding C object CMakeFiles/ublox_msgs__rosidl_generator_py.dir/rosidl_generator_py/ublox_msgs/msg/_cfg_rst_s.c.o[0m
[659.532s] [ 92%] [32mBuilding C object CMakeFiles/ublox_msgs__rosidl_generator_py.dir/rosidl_generator_py/ublox_msgs/msg/_cfg_sbas_s.c.o[0m
[659.552s] [ 92%] [32mBuilding C object CMakeFiles/ublox_msgs__rosidl_generator_py.dir/rosidl_generator_py/ublox_msgs/msg/_cfg_tmode3_s.c.o[0m
[659.829s] [ 92%] [32mBuilding C object CMakeFiles/ublox_msgs__rosidl_generator_py.dir/rosidl_generator_py/ublox_msgs/msg/_cfg_usb_s.c.o[0m
[659.944s] [ 92%] [32mBuilding C object CMakeFiles/ublox_msgs__rosidl_generator_py.dir/rosidl_generator_py/ublox_msgs/msg/_esf_ins_s.c.o[0m
[660.123s] [ 92%] [32mBuilding C object CMakeFiles/ublox_msgs__rosidl_generator_py.dir/rosidl_generator_py/ublox_msgs/msg/_esf_meas_s.c.o[0m
[660.210s] [ 93%] [32mBuilding C object CMakeFiles/ublox_msgs__rosidl_generator_py.dir/rosidl_generator_py/ublox_msgs/msg/_esf_raw_block_s.c.o[0m
[660.582s] [ 93%] [32mBuilding C object CMakeFiles/ublox_msgs__rosidl_generator_py.dir/rosidl_generator_py/ublox_msgs/msg/_esf_raw_s.c.o[0m
[660.585s] [ 93%] [32mBuilding C object CMakeFiles/ublox_msgs__rosidl_generator_py.dir/rosidl_generator_py/ublox_msgs/msg/_esf_status_s.c.o[0m
[660.812s] [ 93%] [32mBuilding C object CMakeFiles/ublox_msgs__rosidl_generator_py.dir/rosidl_generator_py/ublox_msgs/msg/_esf_status_sens_s.c.o[0m
[660.840s] [ 93%] [32mBuilding C object CMakeFiles/ublox_msgs__rosidl_generator_py.dir/rosidl_generator_py/ublox_msgs/msg/_hnr_pvt_s.c.o[0m
[661.194s] [ 93%] [32mBuilding C object CMakeFiles/ublox_msgs__rosidl_generator_py.dir/rosidl_generator_py/ublox_msgs/msg/_inf_s.c.o[0m
[661.251s] [ 93%] [32mBuilding C object CMakeFiles/ublox_msgs__rosidl_generator_py.dir/rosidl_generator_py/ublox_msgs/msg/_mga_gal_s.c.o[0m
[661.440s] [ 94%] [32mBuilding C object CMakeFiles/ublox_msgs__rosidl_generator_py.dir/rosidl_generator_py/ublox_msgs/msg/_mon_gnss_s.c.o[0m
[661.546s] [ 94%] [32mBuilding C object CMakeFiles/ublox_msgs__rosidl_generator_py.dir/rosidl_generator_py/ublox_msgs/msg/_mon_hw6_s.c.o[0m
[661.821s] [ 94%] [32mBuilding C object CMakeFiles/ublox_msgs__rosidl_generator_py.dir/rosidl_generator_py/ublox_msgs/msg/_mon_hw_s.c.o[0m
[662.036s] [ 94%] [32mBuilding C object CMakeFiles/ublox_msgs__rosidl_generator_py.dir/rosidl_generator_py/ublox_msgs/msg/_mon_ver_extension_s.c.o[0m
[662.123s] [ 94%] [32mBuilding C object CMakeFiles/ublox_msgs__rosidl_generator_py.dir/rosidl_generator_py/ublox_msgs/msg/_mon_ver_s.c.o[0m
[662.233s] [ 94%] [32mBuilding C object CMakeFiles/ublox_msgs__rosidl_generator_py.dir/rosidl_generator_py/ublox_msgs/msg/_nav_att_s.c.o[0m
[662.520s] [ 95%] [32mBuilding C object CMakeFiles/ublox_msgs__rosidl_generator_py.dir/rosidl_generator_py/ublox_msgs/msg/_nav_clock_s.c.o[0m
[662.674s] [ 95%] [32mBuilding C object CMakeFiles/ublox_msgs__rosidl_generator_py.dir/rosidl_generator_py/ublox_msgs/msg/_nav_dgps_s.c.o[0m
[662.761s] [ 95%] [32mBuilding C object CMakeFiles/ublox_msgs__rosidl_generator_py.dir/rosidl_generator_py/ublox_msgs/msg/_nav_dgpssv_s.c.o[0m
[662.889s] [ 95%] [32mBuilding C object CMakeFiles/ublox_msgs__rosidl_generator_py.dir/rosidl_generator_py/ublox_msgs/msg/_nav_dop_s.c.o[0m
[663.118s] [ 95%] [32mBuilding C object CMakeFiles/ublox_msgs__rosidl_generator_py.dir/rosidl_generator_py/ublox_msgs/msg/_nav_posecef_s.c.o[0m
[663.342s] [ 95%] [32mBuilding C object CMakeFiles/ublox_msgs__rosidl_generator_py.dir/rosidl_generator_py/ublox_msgs/msg/_nav_posllh_s.c.o[0m
[663.356s] [ 95%] [32mBuilding C object CMakeFiles/ublox_msgs__rosidl_generator_py.dir/rosidl_generator_py/ublox_msgs/msg/_nav_pvt7_s.c.o[0m
[663.513s] [ 96%] [32mBuilding C object CMakeFiles/ublox_msgs__rosidl_generator_py.dir/rosidl_generator_py/ublox_msgs/msg/_nav_pvt_s.c.o[0m
[663.728s] [ 96%] [32mBuilding C object CMakeFiles/ublox_msgs__rosidl_generator_py.dir/rosidl_generator_py/ublox_msgs/msg/_nav_relposned9_s.c.o[0m
[663.931s] [ 96%] [32mBuilding C object CMakeFiles/ublox_msgs__rosidl_generator_py.dir/rosidl_generator_py/ublox_msgs/msg/_nav_relposned_s.c.o[0m
[664.124s] [ 96%] [32mBuilding C object CMakeFiles/ublox_msgs__rosidl_generator_py.dir/rosidl_generator_py/ublox_msgs/msg/_nav_sat_s.c.o[0m
[664.285s] [ 96%] [32mBuilding C object CMakeFiles/ublox_msgs__rosidl_generator_py.dir/rosidl_generator_py/ublox_msgs/msg/_nav_satsv_s.c.o[0m
[664.472s] [ 96%] [32mBuilding C object CMakeFiles/ublox_msgs__rosidl_generator_py.dir/rosidl_generator_py/ublox_msgs/msg/_nav_sbas_s.c.o[0m
[664.574s] [ 97%] [32mBuilding C object CMakeFiles/ublox_msgs__rosidl_generator_py.dir/rosidl_generator_py/ublox_msgs/msg/_nav_sbassv_s.c.o[0m
[664.881s] [ 97%] [32mBuilding C object CMakeFiles/ublox_msgs__rosidl_generator_py.dir/rosidl_generator_py/ublox_msgs/msg/_nav_sol_s.c.o[0m
[665.029s] [ 97%] [32mBuilding C object CMakeFiles/ublox_msgs__rosidl_generator_py.dir/rosidl_generator_py/ublox_msgs/msg/_nav_status_s.c.o[0m
[665.280s] [ 97%] [32mBuilding C object CMakeFiles/ublox_msgs__rosidl_generator_py.dir/rosidl_generator_py/ublox_msgs/msg/_nav_svinfo_s.c.o[0m
[665.313s] [ 97%] [32mBuilding C object CMakeFiles/ublox_msgs__rosidl_generator_py.dir/rosidl_generator_py/ublox_msgs/msg/_nav_svinfosv_s.c.o[0m
[665.588s] [ 97%] [32mBuilding C object CMakeFiles/ublox_msgs__rosidl_generator_py.dir/rosidl_generator_py/ublox_msgs/msg/_nav_svin_s.c.o[0m
[665.719s] [ 97%] [32mBuilding C object CMakeFiles/ublox_msgs__rosidl_generator_py.dir/rosidl_generator_py/ublox_msgs/msg/_nav_timegps_s.c.o[0m
[665.979s] [ 98%] [32mBuilding C object CMakeFiles/ublox_msgs__rosidl_generator_py.dir/rosidl_generator_py/ublox_msgs/msg/_nav_timeutc_s.c.o[0m
[665.998s] [ 98%] [32mBuilding C object CMakeFiles/ublox_msgs__rosidl_generator_py.dir/rosidl_generator_py/ublox_msgs/msg/_nav_velecef_s.c.o[0m
[666.288s] [ 98%] [32mBuilding C object CMakeFiles/ublox_msgs__rosidl_generator_py.dir/rosidl_generator_py/ublox_msgs/msg/_nav_velned_s.c.o[0m
[666.340s] [ 98%] [32mBuilding C object CMakeFiles/ublox_msgs__rosidl_generator_py.dir/rosidl_generator_py/ublox_msgs/msg/_rxm_alm_s.c.o[0m
[666.584s] [ 98%] [32mBuilding C object CMakeFiles/ublox_msgs__rosidl_generator_py.dir/rosidl_generator_py/ublox_msgs/msg/_rxm_eph_s.c.o[0m
[666.621s] [ 98%] [32mBuilding C object CMakeFiles/ublox_msgs__rosidl_generator_py.dir/rosidl_generator_py/ublox_msgs/msg/_rxm_raw_s.c.o[0m
[666.940s] [ 99%] [32mBuilding C object CMakeFiles/ublox_msgs__rosidl_generator_py.dir/rosidl_generator_py/ublox_msgs/msg/_rxm_rawsv_s.c.o[0m
[666.969s] [ 99%] [32mBuilding C object CMakeFiles/ublox_msgs__rosidl_generator_py.dir/rosidl_generator_py/ublox_msgs/msg/_rxm_rawx_meas_s.c.o[0m
[667.277s] [ 99%] [32mBuilding C object CMakeFiles/ublox_msgs__rosidl_generator_py.dir/rosidl_generator_py/ublox_msgs/msg/_rxm_rawx_s.c.o[0m
[667.287s] [ 99%] [32mBuilding C object CMakeFiles/ublox_msgs__rosidl_generator_py.dir/rosidl_generator_py/ublox_msgs/msg/_rxm_rtcm_s.c.o[0m
[667.575s] [ 99%] [32mBuilding C object CMakeFiles/ublox_msgs__rosidl_generator_py.dir/rosidl_generator_py/ublox_msgs/msg/_rxm_sfrb_s.c.o[0m
[667.590s] [ 99%] [32mBuilding C object CMakeFiles/ublox_msgs__rosidl_generator_py.dir/rosidl_generator_py/ublox_msgs/msg/_rxm_sfrbx_s.c.o[0m
[667.932s] [100%] [32mBuilding C object CMakeFiles/ublox_msgs__rosidl_generator_py.dir/rosidl_generator_py/ublox_msgs/msg/_rxm_svsi_s.c.o[0m
[667.943s] [100%] [32mBuilding C object CMakeFiles/ublox_msgs__rosidl_generator_py.dir/rosidl_generator_py/ublox_msgs/msg/_rxm_svsisv_s.c.o[0m
[668.183s] [100%] [32mBuilding C object CMakeFiles/ublox_msgs__rosidl_generator_py.dir/rosidl_generator_py/ublox_msgs/msg/_tim_tm2_s.c.o[0m
[668.267s] [100%] [32mBuilding C object CMakeFiles/ublox_msgs__rosidl_generator_py.dir/rosidl_generator_py/ublox_msgs/msg/_upd_sos_ack_s.c.o[0m
[668.533s] [100%] [32mBuilding C object CMakeFiles/ublox_msgs__rosidl_generator_py.dir/rosidl_generator_py/ublox_msgs/msg/_upd_sos_s.c.o[0m
[669.070s] [100%] [32m[1mLinking C shared library rosidl_generator_py/ublox_msgs/libublox_msgs__rosidl_generator_py.so[0m
[669.419s] [100%] Built target ublox_msgs__rosidl_generator_py
[669.517s] [100%] [32mBuilding C object CMakeFiles/ublox_msgs__rosidl_typesupport_introspection_c__pyext.dir/rosidl_generator_py/ublox_msgs/_ublox_msgs_s.ep.rosidl_typesupport_introspection_c.c.o[0m
[669.520s] [100%] [32mBuilding C object CMakeFiles/ublox_msgs__rosidl_typesupport_fastrtps_c__pyext.dir/rosidl_generator_py/ublox_msgs/_ublox_msgs_s.ep.rosidl_typesupport_fastrtps_c.c.o[0m
[669.522s] [100%] [32mBuilding C object CMakeFiles/ublox_msgs__rosidl_typesupport_c__pyext.dir/rosidl_generator_py/ublox_msgs/_ublox_msgs_s.ep.rosidl_typesupport_c.c.o[0m
[671.299s] [100%] [32m[1mLinking C shared library rosidl_generator_py/ublox_msgs/ublox_msgs_s__rosidl_typesupport_introspection_c.cpython-310-aarch64-linux-gnu.so[0m
[671.310s] [100%] [32m[1mLinking C shared library rosidl_generator_py/ublox_msgs/ublox_msgs_s__rosidl_typesupport_fastrtps_c.cpython-310-aarch64-linux-gnu.so[0m
[671.324s] [100%] [32m[1mLinking C shared library rosidl_generator_py/ublox_msgs/ublox_msgs_s__rosidl_typesupport_c.cpython-310-aarch64-linux-gnu.so[0m
[671.694s] [100%] Built target ublox_msgs__rosidl_typesupport_introspection_c__pyext
[671.711s] [100%] Built target ublox_msgs__rosidl_typesupport_fastrtps_c__pyext
[671.719s] [100%] Built target ublox_msgs__rosidl_typesupport_c__pyext
[671.773s] Invoked command in '/home/amigo-pi/amigo_ros2_pi/build/ublox_msgs' returned '0': CMAKE_PREFIX_PATH=${CMAKE_PREFIX_PATH}:/home/amigo-pi/amigo_ros2_pi/install/camera_control:/opt/ros/humble /usr/bin/cmake --build /home/amigo-pi/amigo_ros2_pi/build/ublox_msgs -- -j4 -l4
[671.786s] Invoking command in '/home/amigo-pi/amigo_ros2_pi/build/ublox_msgs': CMAKE_PREFIX_PATH=${CMAKE_PREFIX_PATH}:/home/amigo-pi/amigo_ros2_pi/install/camera_control:/opt/ros/humble /usr/bin/cmake --install /home/amigo-pi/amigo_ros2_pi/build/ublox_msgs
[671.817s] -- Install configuration: ""
[671.818s] -- Installing: /home/amigo-pi/amigo_ros2_pi/install/ublox_msgs/share/ament_index/resource_index/rosidl_interfaces/ublox_msgs
[671.819s] -- Installing: /home/amigo-pi/amigo_ros2_pi/install/ublox_msgs/include/ublox_msgs/ublox_msgs
[671.820s] -- Installing: /home/amigo-pi/amigo_ros2_pi/install/ublox_msgs/include/ublox_msgs/ublox_msgs/msg
[671.821s] -- Installing: /home/amigo-pi/amigo_ros2_pi/install/ublox_msgs/include/ublox_msgs/ublox_msgs/msg/mon_ver.h
[671.822s] -- Installing: /home/amigo-pi/amigo_ros2_pi/install/ublox_msgs/include/ublox_msgs/ublox_msgs/msg/cfg_nav5.h
[671.823s] -- Installing: /home/amigo-pi/amigo_ros2_pi/install/ublox_msgs/include/ublox_msgs/ublox_msgs/msg/rxm_rawx.h
[671.824s] -- Installing: /home/amigo-pi/amigo_ros2_pi/install/ublox_msgs/include/ublox_msgs/ublox_msgs/msg/nav_satsv.h
[671.825s] -- Installing: /home/amigo-pi/amigo_ros2_pi/install/ublox_msgs/include/ublox_msgs/ublox_msgs/msg/cfg_rst.h
[671.826s] -- Installing: /home/amigo-pi/amigo_ros2_pi/install/ublox_msgs/include/ublox_msgs/ublox_msgs/msg/esf_status.h
[671.827s] -- Installing: /home/amigo-pi/amigo_ros2_pi/install/ublox_msgs/include/ublox_msgs/ublox_msgs/msg/rxm_raw.h
[671.828s] -- Installing: /home/amigo-pi/amigo_ros2_pi/install/ublox_msgs/include/ublox_msgs/ublox_msgs/msg/esf_meas.h
[671.829s] -- Installing: /home/amigo-pi/amigo_ros2_pi/install/ublox_msgs/include/ublox_msgs/ublox_msgs/msg/nav_sbas.h
[671.830s] -- Installing: /home/amigo-pi/amigo_ros2_pi/install/ublox_msgs/include/ublox_msgs/ublox_msgs/msg/rxm_rawsv.h
[671.831s] -- Installing: /home/amigo-pi/amigo_ros2_pi/install/ublox_msgs/include/ublox_msgs/ublox_msgs/msg/nav_pvt7.h
[671.832s] -- Installing: /home/amigo-pi/amigo_ros2_pi/install/ublox_msgs/include/ublox_msgs/ublox_msgs/msg/cfg_navx5.h
[671.833s] -- Installing: /home/amigo-pi/amigo_ros2_pi/install/ublox_msgs/include/ublox_msgs/ublox_msgs/msg/cfg_hnr.h
[671.834s] -- Installing: /home/amigo-pi/amigo_ros2_pi/install/ublox_msgs/include/ublox_msgs/ublox_msgs/msg/rosidl_generator_c__visibility_control.h
[671.835s] -- Installing: /home/amigo-pi/amigo_ros2_pi/install/ublox_msgs/include/ublox_msgs/ublox_msgs/msg/rxm_svsi.h
[671.836s] -- Installing: /home/amigo-pi/amigo_ros2_pi/install/ublox_msgs/include/ublox_msgs/ublox_msgs/msg/hnr_pvt.h
[671.837s] -- Installing: /home/amigo-pi/amigo_ros2_pi/install/ublox_msgs/include/ublox_msgs/ublox_msgs/msg/mon_gnss.h
[671.838s] -- Installing: /home/amigo-pi/amigo_ros2_pi/install/ublox_msgs/include/ublox_msgs/ublox_msgs/msg/nav_sbassv.h
[671.839s] -- Installing: /home/amigo-pi/amigo_ros2_pi/install/ublox_msgs/include/ublox_msgs/ublox_msgs/msg/cfg_rate.h
[671.840s] -- Installing: /home/amigo-pi/amigo_ros2_pi/install/ublox_msgs/include/ublox_msgs/ublox_msgs/msg/cfg_tmode3.h
[671.841s] -- Installing: /home/amigo-pi/amigo_ros2_pi/install/ublox_msgs/include/ublox_msgs/ublox_msgs/msg/cfg_usb.h
[671.842s] -- Installing: /home/amigo-pi/amigo_ros2_pi/install/ublox_msgs/include/ublox_msgs/ublox_msgs/msg/nav_relposned9.h
[671.843s] -- Installing: /home/amigo-pi/amigo_ros2_pi/install/ublox_msgs/include/ublox_msgs/ublox_msgs/msg/nav_timeutc.h
[671.844s] -- Installing: /home/amigo-pi/amigo_ros2_pi/install/ublox_msgs/include/ublox_msgs/ublox_msgs/msg/cfg_gnss_block.h
[671.845s] -- Installing: /home/amigo-pi/amigo_ros2_pi/install/ublox_msgs/include/ublox_msgs/ublox_msgs/msg/cfg_dgnss.h
[671.846s] -- Installing: /home/amigo-pi/amigo_ros2_pi/install/ublox_msgs/include/ublox_msgs/ublox_msgs/msg/cfg_inf.h
[671.847s] -- Installing: /home/amigo-pi/amigo_ros2_pi/install/ublox_msgs/include/ublox_msgs/ublox_msgs/msg/mon_hw.h
[671.848s] -- Installing: /home/amigo-pi/amigo_ros2_pi/install/ublox_msgs/include/ublox_msgs/ublox_msgs/msg/nav_dop.h
[671.849s] -- Installing: /home/amigo-pi/amigo_ros2_pi/install/ublox_msgs/include/ublox_msgs/ublox_msgs/msg/nav_timegps.h
[671.850s] -- Installing: /home/amigo-pi/amigo_ros2_pi/install/ublox_msgs/include/ublox_msgs/ublox_msgs/msg/cfg_ant.h
[671.851s] -- Installing: /home/amigo-pi/amigo_ros2_pi/install/ublox_msgs/include/ublox_msgs/ublox_msgs/msg/nav_sat.h
[671.852s] -- Installing: /home/amigo-pi/amigo_ros2_pi/install/ublox_msgs/include/ublox_msgs/ublox_msgs/msg/upd_sos_ack.h
[671.853s] -- Installing: /home/amigo-pi/amigo_ros2_pi/install/ublox_msgs/include/ublox_msgs/ublox_msgs/msg/mga_gal.h
[671.854s] -- Installing: /home/amigo-pi/amigo_ros2_pi/install/ublox_msgs/include/ublox_msgs/ublox_msgs/msg/nav_sol.h
[671.855s] -- Installing: /home/amigo-pi/amigo_ros2_pi/install/ublox_msgs/include/ublox_msgs/ublox_msgs/msg/cfg_nmea6.h
[671.857s] -- Installing: /home/amigo-pi/amigo_ros2_pi/install/ublox_msgs/include/ublox_msgs/ublox_msgs/msg/nav_svinfo.h
[671.858s] -- Installing: /home/amigo-pi/amigo_ros2_pi/install/ublox_msgs/include/ublox_msgs/ublox_msgs/msg/nav_dgps.h
[671.860s] -- Installing: /home/amigo-pi/amigo_ros2_pi/install/ublox_msgs/include/ublox_msgs/ublox_msgs/msg/inf.h
[671.861s] -- Installing: /home/amigo-pi/amigo_ros2_pi/install/ublox_msgs/include/ublox_msgs/ublox_msgs/msg/cfg_dat.h
[671.862s] -- Installing: /home/amigo-pi/amigo_ros2_pi/install/ublox_msgs/include/ublox_msgs/ublox_msgs/msg/upd_sos.h
[671.863s] -- Installing: /home/amigo-pi/amigo_ros2_pi/install/ublox_msgs/include/ublox_msgs/ublox_msgs/msg/cfg_gnss.h
[671.864s] -- Installing: /home/amigo-pi/amigo_ros2_pi/install/ublox_msgs/include/ublox_msgs/ublox_msgs/msg/aid_eph.h
[671.865s] -- Installing: /home/amigo-pi/amigo_ros2_pi/install/ublox_msgs/include/ublox_msgs/ublox_msgs/msg/esf_raw.h
[671.866s] -- Installing: /home/amigo-pi/amigo_ros2_pi/install/ublox_msgs/include/ublox_msgs/ublox_msgs/msg/mon_ver_extension.h
[671.867s] -- Installing: /home/amigo-pi/amigo_ros2_pi/install/ublox_msgs/include/ublox_msgs/ublox_msgs/msg/rxm_alm.h
[671.868s] -- Installing: /home/amigo-pi/amigo_ros2_pi/install/ublox_msgs/include/ublox_msgs/ublox_msgs/msg/esf_status_sens.h
[671.869s] -- Installing: /home/amigo-pi/amigo_ros2_pi/install/ublox_msgs/include/ublox_msgs/ublox_msgs/msg/rxm_sfrbx.h
[671.870s] -- Installing: /home/amigo-pi/amigo_ros2_pi/install/ublox_msgs/include/ublox_msgs/ublox_msgs/msg/nav_pvt.h
[671.871s] -- Installing: /home/amigo-pi/amigo_ros2_pi/install/ublox_msgs/include/ublox_msgs/ublox_msgs/msg/esf_raw_block.h
[671.872s] -- Installing: /home/amigo-pi/amigo_ros2_pi/install/ublox_msgs/include/ublox_msgs/ublox_msgs/msg/rxm_sfrb.h
[671.873s] -- Installing: /home/amigo-pi/amigo_ros2_pi/install/ublox_msgs/include/ublox_msgs/ublox_msgs/msg/detail
[671.877s] -- Installing: /home/amigo-pi/amigo_ros2_pi/install/ublox_msgs/include/ublox_msgs/ublox_msgs/msg/detail/inf__functions.h
[671.878s] -- Installing: /home/amigo-pi/amigo_ros2_pi/install/ublox_msgs/include/ublox_msgs/ublox_msgs/msg/detail/ack__type_support.h
[671.879s] -- Installing: /home/amigo-pi/amigo_ros2_pi/install/ublox_msgs/include/ublox_msgs/ublox_msgs/msg/detail/rxm_sfrb__functions.c
[671.880s] -- Installing: /home/amigo-pi/amigo_ros2_pi/install/ublox_msgs/include/ublox_msgs/ublox_msgs/msg/detail/cfg_navx5__struct.h
[671.881s] -- Installing: /home/amigo-pi/amigo_ros2_pi/install/ublox_msgs/include/ublox_msgs/ublox_msgs/msg/detail/mga_gal__type_support.h
[671.882s] -- Installing: /home/amigo-pi/amigo_ros2_pi/install/ublox_msgs/include/ublox_msgs/ublox_msgs/msg/detail/ack__functions.c
[671.883s] -- Installing: /home/amigo-pi/amigo_ros2_pi/install/ublox_msgs/include/ublox_msgs/ublox_msgs/msg/detail/aid_hui__functions.h
[671.884s] -- Installing: /home/amigo-pi/amigo_ros2_pi/install/ublox_msgs/include/ublox_msgs/ublox_msgs/msg/detail/cfg_tmode3__type_support.h
[671.885s] -- Installing: /home/amigo-pi/amigo_ros2_pi/install/ublox_msgs/include/ublox_msgs/ublox_msgs/msg/detail/rxm_rawx__functions.h
[671.886s] -- Installing: /home/amigo-pi/amigo_ros2_pi/install/ublox_msgs/include/ublox_msgs/ublox_msgs/msg/detail/nav_sbassv__type_support.h
[671.887s] -- Installing: /home/amigo-pi/amigo_ros2_pi/install/ublox_msgs/include/ublox_msgs/ublox_msgs/msg/detail/cfg_gnss_block__struct.h
[671.889s] -- Installing: /home/amigo-pi/amigo_ros2_pi/install/ublox_msgs/include/ublox_msgs/ublox_msgs/msg/detail/cfg_nmea7__struct.h
[671.890s] -- Installing: /home/amigo-pi/amigo_ros2_pi/install/ublox_msgs/include/ublox_msgs/ublox_msgs/msg/detail/rxm_alm__struct.h
[671.891s] -- Installing: /home/amigo-pi/amigo_ros2_pi/install/ublox_msgs/include/ublox_msgs/ublox_msgs/msg/detail/cfg_inf_block__type_support.h
[671.892s] -- Installing: /home/amigo-pi/amigo_ros2_pi/install/ublox_msgs/include/ublox_msgs/ublox_msgs/msg/detail/nav_posecef__struct.h
[671.893s] -- Installing: /home/amigo-pi/amigo_ros2_pi/install/ublox_msgs/include/ublox_msgs/ublox_msgs/msg/detail/cfg_sbas__type_support.h
[671.894s] -- Installing: /home/amigo-pi/amigo_ros2_pi/install/ublox_msgs/include/ublox_msgs/ublox_msgs/msg/detail/nav_dgps__struct.h
[671.895s] -- Installing: /home/amigo-pi/amigo_ros2_pi/install/ublox_msgs/include/ublox_msgs/ublox_msgs/msg/detail/ack__struct.h
[671.896s] -- Installing: /home/amigo-pi/amigo_ros2_pi/install/ublox_msgs/include/ublox_msgs/ublox_msgs/msg/detail/tim_tm2__struct.h
[671.897s] -- Installing: /home/amigo-pi/amigo_ros2_pi/install/ublox_msgs/include/ublox_msgs/ublox_msgs/msg/detail/cfg_ant__functions.c
[671.898s] -- Installing: /home/amigo-pi/amigo_ros2_pi/install/ublox_msgs/include/ublox_msgs/ublox_msgs/msg/detail/esf_status__type_support.h
[671.899s] -- Installing: /home/amigo-pi/amigo_ros2_pi/install/ublox_msgs/include/ublox_msgs/ublox_msgs/msg/detail/tim_tm2__functions.c
[671.900s] -- Installing: /home/amigo-pi/amigo_ros2_pi/install/ublox_msgs/include/ublox_msgs/ublox_msgs/msg/detail/rxm_sfrbx__functions.h
[671.901s] -- Installing: /home/amigo-pi/amigo_ros2_pi/install/ublox_msgs/include/ublox_msgs/ublox_msgs/msg/detail/nav_clock__functions.h
[671.902s] -- Installing: /home/amigo-pi/amigo_ros2_pi/install/ublox_msgs/include/ublox_msgs/ublox_msgs/msg/detail/nav_timeutc__functions.h
[671.903s] -- Installing: /home/amigo-pi/amigo_ros2_pi/install/ublox_msgs/include/ublox_msgs/ublox_msgs/msg/detail/nav_svin__functions.c
[671.904s] -- Installing: /home/amigo-pi/amigo_ros2_pi/install/ublox_msgs/include/ublox_msgs/ublox_msgs/msg/detail/rxm_rawx_meas__functions.h
[671.906s] -- Installing: /home/amigo-pi/amigo_ros2_pi/install/ublox_msgs/include/ublox_msgs/ublox_msgs/msg/detail/cfg_ant__functions.h
[671.907s] -- Installing: /home/amigo-pi/amigo_ros2_pi/install/ublox_msgs/include/ublox_msgs/ublox_msgs/msg/detail/cfg_dat__type_support.h
[671.908s] -- Installing: /home/amigo-pi/amigo_ros2_pi/install/ublox_msgs/include/ublox_msgs/ublox_msgs/msg/detail/mon_ver_extension__functions.h
[671.909s] -- Installing: /home/amigo-pi/amigo_ros2_pi/install/ublox_msgs/include/ublox_msgs/ublox_msgs/msg/detail/aid_alm__functions.h
[671.910s] -- Installing: /home/amigo-pi/amigo_ros2_pi/install/ublox_msgs/include/ublox_msgs/ublox_msgs/msg/detail/mon_ver__functions.h
[671.911s] -- Installing: /home/amigo-pi/amigo_ros2_pi/install/ublox_msgs/include/ublox_msgs/ublox_msgs/msg/detail/aid_eph__struct.h
[671.912s] -- Installing: /home/amigo-pi/amigo_ros2_pi/install/ublox_msgs/include/ublox_msgs/ublox_msgs/msg/detail/nav_velned__type_support.h
[671.913s] -- Installing: /home/amigo-pi/amigo_ros2_pi/install/ublox_msgs/include/ublox_msgs/ublox_msgs/msg/detail/cfg_rst__functions.h
[671.915s] -- Installing: /home/amigo-pi/amigo_ros2_pi/install/ublox_msgs/include/ublox_msgs/ublox_msgs/msg/detail/nav_svinfosv__functions.h
[671.916s] -- Installing: /home/amigo-pi/amigo_ros2_pi/install/ublox_msgs/include/ublox_msgs/ublox_msgs/msg/detail/cfg_msg__struct.h
[671.917s] -- Installing: /home/amigo-pi/amigo_ros2_pi/install/ublox_msgs/include/ublox_msgs/ublox_msgs/msg/detail/cfg_rst__struct.h
[671.918s] -- Installing: /home/amigo-pi/amigo_ros2_pi/install/ublox_msgs/include/ublox_msgs/ublox_msgs/msg/detail/nav_satsv__functions.c
[671.919s] -- Installing: /home/amigo-pi/amigo_ros2_pi/install/ublox_msgs/include/ublox_msgs/ublox_msgs/msg/detail/nav_velecef__functions.c
[671.920s] -- Installing: /home/amigo-pi/amigo_ros2_pi/install/ublox_msgs/include/ublox_msgs/ublox_msgs/msg/detail/nav_svin__functions.h
[671.921s] -- Installing: /home/amigo-pi/amigo_ros2_pi/install/ublox_msgs/include/ublox_msgs/ublox_msgs/msg/detail/hnr_pvt__struct.h
[671.922s] -- Installing: /home/amigo-pi/amigo_ros2_pi/install/ublox_msgs/include/ublox_msgs/ublox_msgs/msg/detail/cfg_gnss__functions.h
[671.923s] -- Installing: /home/amigo-pi/amigo_ros2_pi/install/ublox_msgs/include/ublox_msgs/ublox_msgs/msg/detail/nav_sat__functions.h
[671.924s] -- Installing: /home/amigo-pi/amigo_ros2_pi/install/ublox_msgs/include/ublox_msgs/ublox_msgs/msg/detail/nav_status__functions.h
[671.925s] -- Installing: /home/amigo-pi/amigo_ros2_pi/install/ublox_msgs/include/ublox_msgs/ublox_msgs/msg/detail/mon_gnss__functions.h
[671.927s] -- Installing: /home/amigo-pi/amigo_ros2_pi/install/ublox_msgs/include/ublox_msgs/ublox_msgs/msg/detail/cfg_nmea__functions.c
[671.928s] -- Installing: /home/amigo-pi/amigo_ros2_pi/install/ublox_msgs/include/ublox_msgs/ublox_msgs/msg/detail/nav_dgps__type_support.h
[671.929s] -- Installing: /home/amigo-pi/amigo_ros2_pi/install/ublox_msgs/include/ublox_msgs/ublox_msgs/msg/detail/cfg_navx5__functions.h
[671.930s] -- Installing: /home/amigo-pi/amigo_ros2_pi/install/ublox_msgs/include/ublox_msgs/ublox_msgs/msg/detail/nav_pvt7__functions.c
[671.931s] -- Installing: /home/amigo-pi/amigo_ros2_pi/install/ublox_msgs/include/ublox_msgs/ublox_msgs/msg/detail/esf_status_sens__struct.h
[671.932s] -- Installing: /home/amigo-pi/amigo_ros2_pi/install/ublox_msgs/include/ublox_msgs/ublox_msgs/msg/detail/nav_posllh__struct.h
[671.933s] -- Installing: /home/amigo-pi/amigo_ros2_pi/install/ublox_msgs/include/ublox_msgs/ublox_msgs/msg/detail/nav_dgpssv__type_support.h
[671.934s] -- Installing: /home/amigo-pi/amigo_ros2_pi/install/ublox_msgs/include/ublox_msgs/ublox_msgs/msg/detail/nav_timeutc__type_support.h
[671.935s] -- Installing: /home/amigo-pi/amigo_ros2_pi/install/ublox_msgs/include/ublox_msgs/ublox_msgs/msg/detail/rxm_svsi__type_support.h
[671.936s] -- Installing: /home/amigo-pi/amigo_ros2_pi/install/ublox_msgs/include/ublox_msgs/ublox_msgs/msg/detail/nav_timeutc__struct.h
[671.938s] -- Installing: /home/amigo-pi/amigo_ros2_pi/install/ublox_msgs/include/ublox_msgs/ublox_msgs/msg/detail/cfg_nmea6__functions.c
[671.939s] -- Installing: /home/amigo-pi/amigo_ros2_pi/install/ublox_msgs/include/ublox_msgs/ublox_msgs/msg/detail/rxm_svsi__functions.h
[671.940s] -- Installing: /home/amigo-pi/amigo_ros2_pi/install/ublox_msgs/include/ublox_msgs/ublox_msgs/msg/detail/cfg_nmea7__type_support.h
[671.941s] -- Installing: /home/amigo-pi/amigo_ros2_pi/install/ublox_msgs/include/ublox_msgs/ublox_msgs/msg/detail/aid_hui__type_support.h
[671.942s] -- Installing: /home/amigo-pi/amigo_ros2_pi/install/ublox_msgs/include/ublox_msgs/ublox_msgs/msg/detail/esf_meas__functions.h
[671.943s] -- Installing: /home/amigo-pi/amigo_ros2_pi/install/ublox_msgs/include/ublox_msgs/ublox_msgs/msg/detail/cfg_sbas__struct.h
[671.944s] -- Installing: /home/amigo-pi/amigo_ros2_pi/install/ublox_msgs/include/ublox_msgs/ublox_msgs/msg/detail/aid_alm__functions.c
[671.945s] -- Installing: /home/amigo-pi/amigo_ros2_pi/install/ublox_msgs/include/ublox_msgs/ublox_msgs/msg/detail/cfg_gnss_block__functions.c
[671.946s] -- Installing: /home/amigo-pi/amigo_ros2_pi/install/ublox_msgs/include/ublox_msgs/ublox_msgs/msg/detail/rxm_rtcm__functions.c
[671.947s] -- Installing: /home/amigo-pi/amigo_ros2_pi/install/ublox_msgs/include/ublox_msgs/ublox_msgs/msg/detail/cfg_dat__struct.h
[671.949s] -- Installing: /home/amigo-pi/amigo_ros2_pi/install/ublox_msgs/include/ublox_msgs/ublox_msgs/msg/detail/upd_sos_ack__functions.h
[671.950s] -- Installing: /home/amigo-pi/amigo_ros2_pi/install/ublox_msgs/include/ublox_msgs/ublox_msgs/msg/detail/rxm_rtcm__struct.h
[671.951s] -- Installing: /home/amigo-pi/amigo_ros2_pi/install/ublox_msgs/include/ublox_msgs/ublox_msgs/msg/detail/aid_alm__type_support.h
[671.952s] -- Installing: /home/amigo-pi/amigo_ros2_pi/install/ublox_msgs/include/ublox_msgs/ublox_msgs/msg/detail/nav_velecef__type_support.h
[671.953s] -- Installing: /home/amigo-pi/amigo_ros2_pi/install/ublox_msgs/include/ublox_msgs/ublox_msgs/msg/detail/cfg_inf__struct.h
[671.955s] -- Installing: /home/amigo-pi/amigo_ros2_pi/install/ublox_msgs/include/ublox_msgs/ublox_msgs/msg/detail/esf_status_sens__type_support.h
[671.956s] -- Installing: /home/amigo-pi/amigo_ros2_pi/install/ublox_msgs/include/ublox_msgs/ublox_msgs/msg/detail/aid_eph__functions.c
[671.958s] -- Installing: /home/amigo-pi/amigo_ros2_pi/install/ublox_msgs/include/ublox_msgs/ublox_msgs/msg/detail/nav_svin__type_support.h
[671.959s] -- Installing: /home/amigo-pi/amigo_ros2_pi/install/ublox_msgs/include/ublox_msgs/ublox_msgs/msg/detail/cfg_gnss_block__functions.h
[671.961s] -- Installing: /home/amigo-pi/amigo_ros2_pi/install/ublox_msgs/include/ublox_msgs/ublox_msgs/msg/detail/cfg_tmode3__functions.c
[671.962s] -- Installing: /home/amigo-pi/amigo_ros2_pi/install/ublox_msgs/include/ublox_msgs/ublox_msgs/msg/detail/cfg_nmea__functions.h
[671.963s] -- Installing: /home/amigo-pi/amigo_ros2_pi/install/ublox_msgs/include/ublox_msgs/ublox_msgs/msg/detail/nav_pvt7__struct.h
[671.964s] -- Installing: /home/amigo-pi/amigo_ros2_pi/install/ublox_msgs/include/ublox_msgs/ublox_msgs/msg/detail/rxm_rawx__struct.h
[671.965s] -- Installing: /home/amigo-pi/amigo_ros2_pi/install/ublox_msgs/include/ublox_msgs/ublox_msgs/msg/detail/rxm_sfrbx__struct.h
[671.966s] -- Installing: /home/amigo-pi/amigo_ros2_pi/install/ublox_msgs/include/ublox_msgs/ublox_msgs/msg/detail/nav_timegps__functions.h
[671.967s] -- Installing: /home/amigo-pi/amigo_ros2_pi/install/ublox_msgs/include/ublox_msgs/ublox_msgs/msg/detail/cfg_nav5__functions.c
[671.968s] -- Installing: /home/amigo-pi/amigo_ros2_pi/install/ublox_msgs/include/ublox_msgs/ublox_msgs/msg/detail/cfg_rate__struct.h
[671.969s] -- Installing: /home/amigo-pi/amigo_ros2_pi/install/ublox_msgs/include/ublox_msgs/ublox_msgs/msg/detail/nav_sat__functions.c
[671.971s] -- Installing: /home/amigo-pi/amigo_ros2_pi/install/ublox_msgs/include/ublox_msgs/ublox_msgs/msg/detail/cfg_nmea6__struct.h
[671.972s] -- Installing: /home/amigo-pi/amigo_ros2_pi/install/ublox_msgs/include/ublox_msgs/ublox_msgs/msg/detail/cfg_msg__functions.c
[671.973s] -- Installing: /home/amigo-pi/amigo_ros2_pi/install/ublox_msgs/include/ublox_msgs/ublox_msgs/msg/detail/nav_dop__type_support.h
[671.974s] -- Installing: /home/amigo-pi/amigo_ros2_pi/install/ublox_msgs/include/ublox_msgs/ublox_msgs/msg/detail/nav_pvt7__type_support.h
[671.975s] -- Installing: /home/amigo-pi/amigo_ros2_pi/install/ublox_msgs/include/ublox_msgs/ublox_msgs/msg/detail/nav_status__struct.h
[671.976s] -- Installing: /home/amigo-pi/amigo_ros2_pi/install/ublox_msgs/include/ublox_msgs/ublox_msgs/msg/detail/nav_posllh__functions.h
[671.977s] -- Installing: /home/amigo-pi/amigo_ros2_pi/install/ublox_msgs/include/ublox_msgs/ublox_msgs/msg/detail/nav_relposned9__type_support.h
[671.978s] -- Installing: /home/amigo-pi/amigo_ros2_pi/install/ublox_msgs/include/ublox_msgs/ublox_msgs/msg/detail/rxm_eph__functions.h
[671.979s] -- Installing: /home/amigo-pi/amigo_ros2_pi/install/ublox_msgs/include/ublox_msgs/ublox_msgs/msg/detail/nav_dop__functions.h
[671.980s] -- Installing: /home/amigo-pi/amigo_ros2_pi/install/ublox_msgs/include/ublox_msgs/ublox_msgs/msg/detail/esf_ins__type_support.h
[671.982s] -- Installing: /home/amigo-pi/amigo_ros2_pi/install/ublox_msgs/include/ublox_msgs/ublox_msgs/msg/detail/nav_timegps__struct.h
[671.983s] -- Installing: /home/amigo-pi/amigo_ros2_pi/install/ublox_msgs/include/ublox_msgs/ublox_msgs/msg/detail/nav_svinfo__type_support.h
[671.984s] -- Installing: /home/amigo-pi/amigo_ros2_pi/install/ublox_msgs/include/ublox_msgs/ublox_msgs/msg/detail/nav_svinfo__functions.h
[671.985s] -- Installing: /home/amigo-pi/amigo_ros2_pi/install/ublox_msgs/include/ublox_msgs/ublox_msgs/msg/detail/cfg_tmode3__struct.h
[671.986s] -- Installing: /home/amigo-pi/amigo_ros2_pi/install/ublox_msgs/include/ublox_msgs/ublox_msgs/msg/detail/cfg_prt__functions.c
[671.988s] -- Installing: /home/amigo-pi/amigo_ros2_pi/install/ublox_msgs/include/ublox_msgs/ublox_msgs/msg/detail/nav_relposned9__struct.h
[671.989s] -- Installing: /home/amigo-pi/amigo_ros2_pi/install/ublox_msgs/include/ublox_msgs/ublox_msgs/msg/detail/nav_sat__type_support.h
[671.990s] -- Installing: /home/amigo-pi/amigo_ros2_pi/install/ublox_msgs/include/ublox_msgs/ublox_msgs/msg/detail/nav_status__type_support.h
[671.991s] -- Installing: /home/amigo-pi/amigo_ros2_pi/install/ublox_msgs/include/ublox_msgs/ublox_msgs/msg/detail/nav_dop__struct.h
[671.992s] -- Installing: /home/amigo-pi/amigo_ros2_pi/install/ublox_msgs/include/ublox_msgs/ublox_msgs/msg/detail/cfg_sbas__functions.h
[671.994s] -- Installing: /home/amigo-pi/amigo_ros2_pi/install/ublox_msgs/include/ublox_msgs/ublox_msgs/msg/detail/cfg_nmea__struct.h
[671.995s] -- Installing: /home/amigo-pi/amigo_ros2_pi/install/ublox_msgs/include/ublox_msgs/ublox_msgs/msg/detail/cfg_tmode3__functions.h
[671.996s] -- Installing: /home/amigo-pi/amigo_ros2_pi/install/ublox_msgs/include/ublox_msgs/ublox_msgs/msg/detail/esf_raw_block__type_support.h
[671.997s] -- Installing: /home/amigo-pi/amigo_ros2_pi/install/ublox_msgs/include/ublox_msgs/ublox_msgs/msg/detail/rxm_svsi__struct.h
[671.998s] -- Installing: /home/amigo-pi/amigo_ros2_pi/install/ublox_msgs/include/ublox_msgs/ublox_msgs/msg/detail/nav_velecef__functions.h
[671.999s] -- Installing: /home/amigo-pi/amigo_ros2_pi/install/ublox_msgs/include/ublox_msgs/ublox_msgs/msg/detail/nav_svinfosv__type_support.h
[672.000s] -- Installing: /home/amigo-pi/amigo_ros2_pi/install/ublox_msgs/include/ublox_msgs/ublox_msgs/msg/detail/tim_tm2__type_support.h
[672.001s] -- Installing: /home/amigo-pi/amigo_ros2_pi/install/ublox_msgs/include/ublox_msgs/ublox_msgs/msg/detail/rxm_rawx_meas__functions.c
[672.003s] -- Installing: /home/amigo-pi/amigo_ros2_pi/install/ublox_msgs/include/ublox_msgs/ublox_msgs/msg/detail/cfg_msg__functions.h
[672.004s] -- Installing: /home/amigo-pi/amigo_ros2_pi/install/ublox_msgs/include/ublox_msgs/ublox_msgs/msg/detail/rxm_rawsv__type_support.h
[672.005s] -- Installing: /home/amigo-pi/amigo_ros2_pi/install/ublox_msgs/include/ublox_msgs/ublox_msgs/msg/detail/esf_status_sens__functions.h
[672.006s] -- Installing: /home/amigo-pi/amigo_ros2_pi/install/ublox_msgs/include/ublox_msgs/ublox_msgs/msg/detail/nav_sbassv__functions.c
[672.007s] -- Installing: /home/amigo-pi/amigo_ros2_pi/install/ublox_msgs/include/ublox_msgs/ublox_msgs/msg/detail/rxm_sfrbx__type_support.h
[672.008s] -- Installing: /home/amigo-pi/amigo_ros2_pi/install/ublox_msgs/include/ublox_msgs/ublox_msgs/msg/detail/cfg_hnr__functions.c
[672.009s] -- Installing: /home/amigo-pi/amigo_ros2_pi/install/ublox_msgs/include/ublox_msgs/ublox_msgs/msg/detail/nav_posecef__functions.c
[672.011s] -- Installing: /home/amigo-pi/amigo_ros2_pi/install/ublox_msgs/include/ublox_msgs/ublox_msgs/msg/detail/nav_pvt__functions.c
[672.012s] -- Installing: /home/amigo-pi/amigo_ros2_pi/install/ublox_msgs/include/ublox_msgs/ublox_msgs/msg/detail/cfg_inf_block__struct.h
[672.013s] -- Installing: /home/amigo-pi/amigo_ros2_pi/install/ublox_msgs/include/ublox_msgs/ublox_msgs/msg/detail/nav_dgps__functions.c
[672.014s] -- Installing: /home/amigo-pi/amigo_ros2_pi/install/ublox_msgs/include/ublox_msgs/ublox_msgs/msg/detail/rxm_eph__functions.c
[672.015s] -- Installing: /home/amigo-pi/amigo_ros2_pi/install/ublox_msgs/include/ublox_msgs/ublox_msgs/msg/detail/cfg_usb__struct.h
[672.016s] -- Installing: /home/amigo-pi/amigo_ros2_pi/install/ublox_msgs/include/ublox_msgs/ublox_msgs/msg/detail/cfg_dat__functions.h
[672.017s] -- Installing: /home/amigo-pi/amigo_ros2_pi/install/ublox_msgs/include/ublox_msgs/ublox_msgs/msg/detail/nav_svin__struct.h
[672.018s] -- Installing: /home/amigo-pi/amigo_ros2_pi/install/ublox_msgs/include/ublox_msgs/ublox_msgs/msg/detail/aid_alm__struct.h
[672.019s] -- Installing: /home/amigo-pi/amigo_ros2_pi/install/ublox_msgs/include/ublox_msgs/ublox_msgs/msg/detail/nav_relposned9__functions.h
[672.021s] -- Installing: /home/amigo-pi/amigo_ros2_pi/install/ublox_msgs/include/ublox_msgs/ublox_msgs/msg/detail/esf_meas__struct.h
[672.022s] -- Installing: /home/amigo-pi/amigo_ros2_pi/install/ublox_msgs/include/ublox_msgs/ublox_msgs/msg/detail/upd_sos__type_support.h
[672.023s] -- Installing: /home/amigo-pi/amigo_ros2_pi/install/ublox_msgs/include/ublox_msgs/ublox_msgs/msg/detail/nav_sol__functions.c
[672.024s] -- Installing: /home/amigo-pi/amigo_ros2_pi/install/ublox_msgs/include/ublox_msgs/ublox_msgs/msg/detail/cfg_nav5__type_support.h
[672.025s] -- Installing: /home/amigo-pi/amigo_ros2_pi/install/ublox_msgs/include/ublox_msgs/ublox_msgs/msg/detail/nav_clock__struct.h
[672.027s] -- Installing: /home/amigo-pi/amigo_ros2_pi/install/ublox_msgs/include/ublox_msgs/ublox_msgs/msg/detail/upd_sos_ack__type_support.h
[672.027s] -- Installing: /home/amigo-pi/amigo_ros2_pi/install/ublox_msgs/include/ublox_msgs/ublox_msgs/msg/detail/esf_meas__functions.c
[672.028s] -- Installing: /home/amigo-pi/amigo_ros2_pi/install/ublox_msgs/include/ublox_msgs/ublox_msgs/msg/detail/upd_sos__functions.h
[672.030s] -- Installing: /home/amigo-pi/amigo_ros2_pi/install/ublox_msgs/include/ublox_msgs/ublox_msgs/msg/detail/cfg_sbas__functions.c
[672.031s] -- Installing: /home/amigo-pi/amigo_ros2_pi/install/ublox_msgs/include/ublox_msgs/ublox_msgs/msg/detail/mon_hw__struct.h
[672.032s] -- Installing: /home/amigo-pi/amigo_ros2_pi/install/ublox_msgs/include/ublox_msgs/ublox_msgs/msg/detail/cfg_navx5__type_support.h
[672.033s] -- Installing: /home/amigo-pi/amigo_ros2_pi/install/ublox_msgs/include/ublox_msgs/ublox_msgs/msg/detail/rxm_rtcm__functions.h
[672.034s] -- Installing: /home/amigo-pi/amigo_ros2_pi/install/ublox_msgs/include/ublox_msgs/ublox_msgs/msg/detail/cfg_ant__struct.h
[672.035s] -- Installing: /home/amigo-pi/amigo_ros2_pi/install/ublox_msgs/include/ublox_msgs/ublox_msgs/msg/detail/rxm_rawx_meas__type_support.h
[672.036s] -- Installing: /home/amigo-pi/amigo_ros2_pi/install/ublox_msgs/include/ublox_msgs/ublox_msgs/msg/detail/nav_att__type_support.h
[672.038s] -- Installing: /home/amigo-pi/amigo_ros2_pi/install/ublox_msgs/include/ublox_msgs/ublox_msgs/msg/detail/nav_velecef__struct.h
[672.039s] -- Installing: /home/amigo-pi/amigo_ros2_pi/install/ublox_msgs/include/ublox_msgs/ublox_msgs/msg/detail/nav_svinfo__functions.c
[672.040s] -- Installing: /home/amigo-pi/amigo_ros2_pi/install/ublox_msgs/include/ublox_msgs/ublox_msgs/msg/detail/esf_status_sens__functions.c
[672.041s] -- Installing: /home/amigo-pi/amigo_ros2_pi/install/ublox_msgs/include/ublox_msgs/ublox_msgs/msg/detail/nav_satsv__functions.h
[672.042s] -- Installing: /home/amigo-pi/amigo_ros2_pi/install/ublox_msgs/include/ublox_msgs/ublox_msgs/msg/detail/cfg_nav5__struct.h
[672.043s] -- Installing: /home/amigo-pi/amigo_ros2_pi/install/ublox_msgs/include/ublox_msgs/ublox_msgs/msg/detail/esf_meas__type_support.h
[672.044s] -- Installing: /home/amigo-pi/amigo_ros2_pi/install/ublox_msgs/include/ublox_msgs/ublox_msgs/msg/detail/esf_status__functions.c
[672.045s] -- Installing: /home/amigo-pi/amigo_ros2_pi/install/ublox_msgs/include/ublox_msgs/ublox_msgs/msg/detail/nav_timeutc__functions.c
[672.047s] -- Installing: /home/amigo-pi/amigo_ros2_pi/install/ublox_msgs/include/ublox_msgs/ublox_msgs/msg/detail/esf_ins__struct.h
[672.048s] -- Installing: /home/amigo-pi/amigo_ros2_pi/install/ublox_msgs/include/ublox_msgs/ublox_msgs/msg/detail/nav_dgpssv__functions.c
[672.049s] -- Installing: /home/amigo-pi/amigo_ros2_pi/install/ublox_msgs/include/ublox_msgs/ublox_msgs/msg/detail/nav_clock__functions.c
[672.050s] -- Installing: /home/amigo-pi/amigo_ros2_pi/install/ublox_msgs/include/ublox_msgs/ublox_msgs/msg/detail/nav_sbas__type_support.h
[672.051s] -- Installing: /home/amigo-pi/amigo_ros2_pi/install/ublox_msgs/include/ublox_msgs/ublox_msgs/msg/detail/mon_ver__functions.c
[672.052s] -- Installing: /home/amigo-pi/amigo_ros2_pi/install/ublox_msgs/include/ublox_msgs/ublox_msgs/msg/detail/rxm_sfrb__struct.h
[672.053s] -- Installing: /home/amigo-pi/amigo_ros2_pi/install/ublox_msgs/include/ublox_msgs/ublox_msgs/msg/detail/mon_hw6__functions.h
[672.055s] -- Installing: /home/amigo-pi/amigo_ros2_pi/install/ublox_msgs/include/ublox_msgs/ublox_msgs/msg/detail/cfg_cfg__functions.c
[672.056s] -- Installing: /home/amigo-pi/amigo_ros2_pi/install/ublox_msgs/include/ublox_msgs/ublox_msgs/msg/detail/nav_pvt7__functions.h
[672.058s] -- Installing: /home/amigo-pi/amigo_ros2_pi/install/ublox_msgs/include/ublox_msgs/ublox_msgs/msg/detail/rxm_sfrb__functions.h
[672.059s] -- Installing: /home/amigo-pi/amigo_ros2_pi/install/ublox_msgs/include/ublox_msgs/ublox_msgs/msg/detail/nav_sbas__functions.c
[672.061s] -- Installing: /home/amigo-pi/amigo_ros2_pi/install/ublox_msgs/include/ublox_msgs/ublox_msgs/msg/detail/cfg_dgnss__functions.c
[672.062s] -- Installing: /home/amigo-pi/amigo_ros2_pi/install/ublox_msgs/include/ublox_msgs/ublox_msgs/msg/detail/esf_raw_block__functions.h
[672.063s] -- Installing: /home/amigo-pi/amigo_ros2_pi/install/ublox_msgs/include/ublox_msgs/ublox_msgs/msg/detail/mon_hw6__functions.c
[672.064s] -- Installing: /home/amigo-pi/amigo_ros2_pi/install/ublox_msgs/include/ublox_msgs/ublox_msgs/msg/detail/mon_gnss__functions.c
[672.065s] -- Installing: /home/amigo-pi/amigo_ros2_pi/install/ublox_msgs/include/ublox_msgs/ublox_msgs/msg/detail/nav_status__functions.c
[672.066s] -- Installing: /home/amigo-pi/amigo_ros2_pi/install/ublox_msgs/include/ublox_msgs/ublox_msgs/msg/detail/rxm_svsisv__type_support.h
[672.068s] -- Installing: /home/amigo-pi/amigo_ros2_pi/install/ublox_msgs/include/ublox_msgs/ublox_msgs/msg/detail/hnr_pvt__functions.c
[672.069s] -- Installing: /home/amigo-pi/amigo_ros2_pi/install/ublox_msgs/include/ublox_msgs/ublox_msgs/msg/detail/esf_raw__type_support.h
[672.070s] -- Installing: /home/amigo-pi/amigo_ros2_pi/install/ublox_msgs/include/ublox_msgs/ublox_msgs/msg/detail/cfg_gnss__type_support.h
[672.071s] -- Installing: /home/amigo-pi/amigo_ros2_pi/install/ublox_msgs/include/ublox_msgs/ublox_msgs/msg/detail/cfg_rst__functions.c
[672.072s] -- Installing: /home/amigo-pi/amigo_ros2_pi/install/ublox_msgs/include/ublox_msgs/ublox_msgs/msg/detail/upd_sos__struct.h
[672.073s] -- Installing: /home/amigo-pi/amigo_ros2_pi/install/ublox_msgs/include/ublox_msgs/ublox_msgs/msg/detail/cfg_cfg__functions.h
[672.074s] -- Installing: /home/amigo-pi/amigo_ros2_pi/install/ublox_msgs/include/ublox_msgs/ublox_msgs/msg/detail/aid_eph__functions.h
[672.075s] -- Installing: /home/amigo-pi/amigo_ros2_pi/install/ublox_msgs/include/ublox_msgs/ublox_msgs/msg/detail/mon_hw__type_support.h
[672.076s] -- Installing: /home/amigo-pi/amigo_ros2_pi/install/ublox_msgs/include/ublox_msgs/ublox_msgs/msg/detail/rxm_eph__struct.h
[672.078s] -- Installing: /home/amigo-pi/amigo_ros2_pi/install/ublox_msgs/include/ublox_msgs/ublox_msgs/msg/detail/cfg_hnr__struct.h
[672.079s] -- Installing: /home/amigo-pi/amigo_ros2_pi/install/ublox_msgs/include/ublox_msgs/ublox_msgs/msg/detail/cfg_usb__type_support.h
[672.080s] -- Installing: /home/amigo-pi/amigo_ros2_pi/install/ublox_msgs/include/ublox_msgs/ublox_msgs/msg/detail/nav_relposned__type_support.h
[672.081s] -- Installing: /home/amigo-pi/amigo_ros2_pi/install/ublox_msgs/include/ublox_msgs/ublox_msgs/msg/detail/nav_dgpssv__functions.h
[672.082s] -- Installing: /home/amigo-pi/amigo_ros2_pi/install/ublox_msgs/include/ublox_msgs/ublox_msgs/msg/detail/aid_hui__struct.h
[672.083s] -- Installing: /home/amigo-pi/amigo_ros2_pi/install/ublox_msgs/include/ublox_msgs/ublox_msgs/msg/detail/cfg_inf__functions.h
[672.084s] -- Installing: /home/amigo-pi/amigo_ros2_pi/install/ublox_msgs/include/ublox_msgs/ublox_msgs/msg/detail/nav_posecef__type_support.h
[672.085s] -- Installing: /home/amigo-pi/amigo_ros2_pi/install/ublox_msgs/include/ublox_msgs/ublox_msgs/msg/detail/nav_sol__type_support.h
[672.086s] -- Installing: /home/amigo-pi/amigo_ros2_pi/install/ublox_msgs/include/ublox_msgs/ublox_msgs/msg/detail/cfg_dat__functions.c
[672.088s] -- Installing: /home/amigo-pi/amigo_ros2_pi/install/ublox_msgs/include/ublox_msgs/ublox_msgs/msg/detail/cfg_inf_block__functions.c
[672.089s] -- Installing: /home/amigo-pi/amigo_ros2_pi/install/ublox_msgs/include/ublox_msgs/ublox_msgs/msg/detail/nav_relposned9__functions.c
[672.090s] -- Installing: /home/amigo-pi/amigo_ros2_pi/install/ublox_msgs/include/ublox_msgs/ublox_msgs/msg/detail/nav_att__struct.h
[672.091s] -- Installing: /home/amigo-pi/amigo_ros2_pi/install/ublox_msgs/include/ublox_msgs/ublox_msgs/msg/detail/rxm_rawsv__functions.c
[672.092s] -- Installing: /home/amigo-pi/amigo_ros2_pi/install/ublox_msgs/include/ublox_msgs/ublox_msgs/msg/detail/esf_raw_block__struct.h
[672.093s] -- Installing: /home/amigo-pi/amigo_ros2_pi/install/ublox_msgs/include/ublox_msgs/ublox_msgs/msg/detail/nav_svinfo__struct.h
[672.094s] -- Installing: /home/amigo-pi/amigo_ros2_pi/install/ublox_msgs/include/ublox_msgs/ublox_msgs/msg/detail/nav_pvt__struct.h
[672.095s] -- Installing: /home/amigo-pi/amigo_ros2_pi/install/ublox_msgs/include/ublox_msgs/ublox_msgs/msg/detail/cfg_prt__functions.h
[672.096s] -- Installing: /home/amigo-pi/amigo_ros2_pi/install/ublox_msgs/include/ublox_msgs/ublox_msgs/msg/detail/nav_sbas__functions.h
[672.098s] -- Installing: /home/amigo-pi/amigo_ros2_pi/install/ublox_msgs/include/ublox_msgs/ublox_msgs/msg/detail/inf__functions.c
[672.099s] -- Installing: /home/amigo-pi/amigo_ros2_pi/install/ublox_msgs/include/ublox_msgs/ublox_msgs/msg/detail/cfg_nmea7__functions.c
[672.100s] -- Installing: /home/amigo-pi/amigo_ros2_pi/install/ublox_msgs/include/ublox_msgs/ublox_msgs/msg/detail/nav_velned__struct.h
[672.101s] -- Installing: /home/amigo-pi/amigo_ros2_pi/install/ublox_msgs/include/ublox_msgs/ublox_msgs/msg/detail/cfg_rst__type_support.h
[672.102s] -- Installing: /home/amigo-pi/amigo_ros2_pi/install/ublox_msgs/include/ublox_msgs/ublox_msgs/msg/detail/esf_raw__struct.h
[672.103s] -- Installing: /home/amigo-pi/amigo_ros2_pi/install/ublox_msgs/include/ublox_msgs/ublox_msgs/msg/detail/nav_relposned__functions.c
[672.104s] -- Installing: /home/amigo-pi/amigo_ros2_pi/install/ublox_msgs/include/ublox_msgs/ublox_msgs/msg/detail/cfg_dgnss__type_support.h
[672.105s] -- Installing: /home/amigo-pi/amigo_ros2_pi/install/ublox_msgs/include/ublox_msgs/ublox_msgs/msg/detail/nav_posecef__functions.h
[672.107s] -- Installing: /home/amigo-pi/amigo_ros2_pi/install/ublox_msgs/include/ublox_msgs/ublox_msgs/msg/detail/esf_raw_block__functions.c
[672.108s] -- Installing: /home/amigo-pi/amigo_ros2_pi/install/ublox_msgs/include/ublox_msgs/ublox_msgs/msg/detail/cfg_nmea6__type_support.h
[672.109s] -- Installing: /home/amigo-pi/amigo_ros2_pi/install/ublox_msgs/include/ublox_msgs/ublox_msgs/msg/detail/cfg_dgnss__struct.h
[672.110s] -- Installing: /home/amigo-pi/amigo_ros2_pi/install/ublox_msgs/include/ublox_msgs/ublox_msgs/msg/detail/mon_ver_extension__struct.h
[672.111s] -- Installing: /home/amigo-pi/amigo_ros2_pi/install/ublox_msgs/include/ublox_msgs/ublox_msgs/msg/detail/cfg_gnss__functions.c
[672.112s] -- Installing: /home/amigo-pi/amigo_ros2_pi/install/ublox_msgs/include/ublox_msgs/ublox_msgs/msg/detail/nav_dgps__functions.h
[672.113s] -- Installing: /home/amigo-pi/amigo_ros2_pi/install/ublox_msgs/include/ublox_msgs/ublox_msgs/msg/detail/mon_gnss__type_support.h
[672.114s] -- Installing: /home/amigo-pi/amigo_ros2_pi/install/ublox_msgs/include/ublox_msgs/ublox_msgs/msg/detail/esf_ins__functions.h
[672.115s] -- Installing: /home/amigo-pi/amigo_ros2_pi/install/ublox_msgs/include/ublox_msgs/ublox_msgs/msg/detail/mga_gal__functions.c
[672.116s] -- Installing: /home/amigo-pi/amigo_ros2_pi/install/ublox_msgs/include/ublox_msgs/ublox_msgs/msg/detail/rxm_svsisv__functions.h
[672.117s] -- Installing: /home/amigo-pi/amigo_ros2_pi/install/ublox_msgs/include/ublox_msgs/ublox_msgs/msg/detail/rxm_svsi__functions.c
[672.119s] -- Installing: /home/amigo-pi/amigo_ros2_pi/install/ublox_msgs/include/ublox_msgs/ublox_msgs/msg/detail/cfg_nmea__type_support.h
[672.120s] -- Installing: /home/amigo-pi/amigo_ros2_pi/install/ublox_msgs/include/ublox_msgs/ublox_msgs/msg/detail/tim_tm2__functions.h
[672.121s] -- Installing: /home/amigo-pi/amigo_ros2_pi/install/ublox_msgs/include/ublox_msgs/ublox_msgs/msg/detail/rxm_alm__functions.h
[672.122s] -- Installing: /home/amigo-pi/amigo_ros2_pi/install/ublox_msgs/include/ublox_msgs/ublox_msgs/msg/detail/rxm_eph__type_support.h
[672.123s] -- Installing: /home/amigo-pi/amigo_ros2_pi/install/ublox_msgs/include/ublox_msgs/ublox_msgs/msg/detail/cfg_gnss__struct.h
[672.124s] -- Installing: /home/amigo-pi/amigo_ros2_pi/install/ublox_msgs/include/ublox_msgs/ublox_msgs/msg/detail/cfg_navx5__functions.c
[672.125s] -- Installing: /home/amigo-pi/amigo_ros2_pi/install/ublox_msgs/include/ublox_msgs/ublox_msgs/msg/detail/nav_posllh__type_support.h
[672.127s] -- Installing: /home/amigo-pi/amigo_ros2_pi/install/ublox_msgs/include/ublox_msgs/ublox_msgs/msg/detail/rxm_raw__functions.h
[672.128s] -- Installing: /home/amigo-pi/amigo_ros2_pi/install/ublox_msgs/include/ublox_msgs/ublox_msgs/msg/detail/mon_ver_extension__type_support.h
[672.129s] -- Installing: /home/amigo-pi/amigo_ros2_pi/install/ublox_msgs/include/ublox_msgs/ublox_msgs/msg/detail/rxm_rawx__type_support.h
[672.130s] -- Installing: /home/amigo-pi/amigo_ros2_pi/install/ublox_msgs/include/ublox_msgs/ublox_msgs/msg/detail/cfg_prt__type_support.h
[672.131s] -- Installing: /home/amigo-pi/amigo_ros2_pi/install/ublox_msgs/include/ublox_msgs/ublox_msgs/msg/detail/cfg_nmea6__functions.h
[672.132s] -- Installing: /home/amigo-pi/amigo_ros2_pi/install/ublox_msgs/include/ublox_msgs/ublox_msgs/msg/detail/nav_timegps__functions.c
[672.133s] -- Installing: /home/amigo-pi/amigo_ros2_pi/install/ublox_msgs/include/ublox_msgs/ublox_msgs/msg/detail/rxm_rawx__functions.c
[672.134s] -- Installing: /home/amigo-pi/amigo_ros2_pi/install/ublox_msgs/include/ublox_msgs/ublox_msgs/msg/detail/cfg_gnss_block__type_support.h
[672.135s] -- Installing: /home/amigo-pi/amigo_ros2_pi/install/ublox_msgs/include/ublox_msgs/ublox_msgs/msg/detail/nav_pvt__type_support.h
[672.136s] -- Installing: /home/amigo-pi/amigo_ros2_pi/install/ublox_msgs/include/ublox_msgs/ublox_msgs/msg/detail/mga_gal__struct.h
[672.138s] -- Installing: /home/amigo-pi/amigo_ros2_pi/install/ublox_msgs/include/ublox_msgs/ublox_msgs/msg/detail/nav_posllh__functions.c
[672.139s] -- Installing: /home/amigo-pi/amigo_ros2_pi/install/ublox_msgs/include/ublox_msgs/ublox_msgs/msg/detail/cfg_usb__functions.c
[672.140s] -- Installing: /home/amigo-pi/amigo_ros2_pi/install/ublox_msgs/include/ublox_msgs/ublox_msgs/msg/detail/nav_timegps__type_support.h
[672.141s] -- Installing: /home/amigo-pi/amigo_ros2_pi/install/ublox_msgs/include/ublox_msgs/ublox_msgs/msg/detail/rxm_raw__functions.c
[672.142s] -- Installing: /home/amigo-pi/amigo_ros2_pi/install/ublox_msgs/include/ublox_msgs/ublox_msgs/msg/detail/mon_ver__type_support.h
[672.143s] -- Installing: /home/amigo-pi/amigo_ros2_pi/install/ublox_msgs/include/ublox_msgs/ublox_msgs/msg/detail/cfg_nmea7__functions.h
[672.144s] -- Installing: /home/amigo-pi/amigo_ros2_pi/install/ublox_msgs/include/ublox_msgs/ublox_msgs/msg/detail/hnr_pvt__functions.h
[672.146s] -- Installing: /home/amigo-pi/amigo_ros2_pi/install/ublox_msgs/include/ublox_msgs/ublox_msgs/msg/detail/mon_hw6__type_support.h
[672.147s] -- Installing: /home/amigo-pi/amigo_ros2_pi/install/ublox_msgs/include/ublox_msgs/ublox_msgs/msg/detail/rxm_rawx_meas__struct.h
[672.148s] -- Installing: /home/amigo-pi/amigo_ros2_pi/install/ublox_msgs/include/ublox_msgs/ublox_msgs/msg/detail/mon_hw__functions.h
[672.149s] -- Installing: /home/amigo-pi/amigo_ros2_pi/install/ublox_msgs/include/ublox_msgs/ublox_msgs/msg/detail/nav_sbassv__struct.h
[672.150s] -- Installing: /home/amigo-pi/amigo_ros2_pi/install/ublox_msgs/include/ublox_msgs/ublox_msgs/msg/detail/esf_raw__functions.c
[672.151s] -- Installing: /home/amigo-pi/amigo_ros2_pi/install/ublox_msgs/include/ublox_msgs/ublox_msgs/msg/detail/nav_satsv__struct.h
[672.152s] -- Installing: /home/amigo-pi/amigo_ros2_pi/install/ublox_msgs/include/ublox_msgs/ublox_msgs/msg/detail/nav_pvt__functions.h
[672.154s] -- Installing: /home/amigo-pi/amigo_ros2_pi/install/ublox_msgs/include/ublox_msgs/ublox_msgs/msg/detail/cfg_rate__functions.h
[672.155s] -- Installing: /home/amigo-pi/amigo_ros2_pi/install/ublox_msgs/include/ublox_msgs/ublox_msgs/msg/detail/cfg_inf_block__functions.h
[672.156s] -- Installing: /home/amigo-pi/amigo_ros2_pi/install/ublox_msgs/include/ublox_msgs/ublox_msgs/msg/detail/cfg_inf__type_support.h
[672.160s] -- Installing: /home/amigo-pi/amigo_ros2_pi/install/ublox_msgs/include/ublox_msgs/ublox_msgs/msg/detail/esf_status__functions.h
[672.161s] -- Installing: /home/amigo-pi/amigo_ros2_pi/install/ublox_msgs/include/ublox_msgs/ublox_msgs/msg/detail/cfg_usb__functions.h
[672.161s] -- Installing: /home/amigo-pi/amigo_ros2_pi/install/ublox_msgs/include/ublox_msgs/ublox_msgs/msg/detail/nav_svinfosv__functions.c
[672.162s] -- Installing: /home/amigo-pi/amigo_ros2_pi/install/ublox_msgs/include/ublox_msgs/ublox_msgs/msg/detail/cfg_prt__struct.h
[672.163s] -- Installing: /home/amigo-pi/amigo_ros2_pi/install/ublox_msgs/include/ublox_msgs/ublox_msgs/msg/detail/inf__struct.h
[672.164s] -- Installing: /home/amigo-pi/amigo_ros2_pi/install/ublox_msgs/include/ublox_msgs/ublox_msgs/msg/detail/esf_raw__functions.h
[672.166s] -- Installing: /home/amigo-pi/amigo_ros2_pi/install/ublox_msgs/include/ublox_msgs/ublox_msgs/msg/detail/upd_sos_ack__functions.c
[672.167s] -- Installing: /home/amigo-pi/amigo_ros2_pi/install/ublox_msgs/include/ublox_msgs/ublox_msgs/msg/detail/rxm_alm__type_support.h
[672.168s] -- Installing: /home/amigo-pi/amigo_ros2_pi/install/ublox_msgs/include/ublox_msgs/ublox_msgs/msg/detail/rxm_raw__struct.h
[672.169s] -- Installing: /home/amigo-pi/amigo_ros2_pi/install/ublox_msgs/include/ublox_msgs/ublox_msgs/msg/detail/upd_sos_ack__struct.h
[672.170s] -- Installing: /home/amigo-pi/amigo_ros2_pi/install/ublox_msgs/include/ublox_msgs/ublox_msgs/msg/detail/cfg_nav5__functions.h
[672.171s] -- Installing: /home/amigo-pi/amigo_ros2_pi/install/ublox_msgs/include/ublox_msgs/ublox_msgs/msg/detail/rxm_rawsv__functions.h
[672.172s] -- Installing: /home/amigo-pi/amigo_ros2_pi/install/ublox_msgs/include/ublox_msgs/ublox_msgs/msg/detail/nav_velned__functions.h
[672.173s] -- Installing: /home/amigo-pi/amigo_ros2_pi/install/ublox_msgs/include/ublox_msgs/ublox_msgs/msg/detail/mon_gnss__struct.h
[672.175s] -- Installing: /home/amigo-pi/amigo_ros2_pi/install/ublox_msgs/include/ublox_msgs/ublox_msgs/msg/detail/hnr_pvt__type_support.h
[672.176s] -- Installing: /home/amigo-pi/amigo_ros2_pi/install/ublox_msgs/include/ublox_msgs/ublox_msgs/msg/detail/rxm_raw__type_support.h
[672.177s] -- Installing: /home/amigo-pi/amigo_ros2_pi/install/ublox_msgs/include/ublox_msgs/ublox_msgs/msg/detail/nav_svinfosv__struct.h
[672.178s] -- Installing: /home/amigo-pi/amigo_ros2_pi/install/ublox_msgs/include/ublox_msgs/ublox_msgs/msg/detail/nav_dop__functions.c
[672.179s] -- Installing: /home/amigo-pi/amigo_ros2_pi/install/ublox_msgs/include/ublox_msgs/ublox_msgs/msg/detail/rxm_svsisv__struct.h
[672.180s] -- Installing: /home/amigo-pi/amigo_ros2_pi/install/ublox_msgs/include/ublox_msgs/ublox_msgs/msg/detail/nav_sbas__struct.h
[672.181s] -- Installing: /home/amigo-pi/amigo_ros2_pi/install/ublox_msgs/include/ublox_msgs/ublox_msgs/msg/detail/cfg_hnr__type_support.h
[672.182s] -- Installing: /home/amigo-pi/amigo_ros2_pi/install/ublox_msgs/include/ublox_msgs/ublox_msgs/msg/detail/esf_status__struct.h
[672.183s] -- Installing: /home/amigo-pi/amigo_ros2_pi/install/ublox_msgs/include/ublox_msgs/ublox_msgs/msg/detail/nav_sat__struct.h
[672.184s] -- Installing: /home/amigo-pi/amigo_ros2_pi/install/ublox_msgs/include/ublox_msgs/ublox_msgs/msg/detail/upd_sos__functions.c
[672.185s] -- Installing: /home/amigo-pi/amigo_ros2_pi/install/ublox_msgs/include/ublox_msgs/ublox_msgs/msg/detail/inf__type_support.h
[672.186s] -- Installing: /home/amigo-pi/amigo_ros2_pi/install/ublox_msgs/include/ublox_msgs/ublox_msgs/msg/detail/cfg_cfg__struct.h
[672.187s] -- Installing: /home/amigo-pi/amigo_ros2_pi/install/ublox_msgs/include/ublox_msgs/ublox_msgs/msg/detail/mon_ver__struct.h
[672.189s] -- Installing: /home/amigo-pi/amigo_ros2_pi/install/ublox_msgs/include/ublox_msgs/ublox_msgs/msg/detail/nav_velned__functions.c
[672.190s] -- Installing: /home/amigo-pi/amigo_ros2_pi/install/ublox_msgs/include/ublox_msgs/ublox_msgs/msg/detail/cfg_rate__functions.c
[672.191s] -- Installing: /home/amigo-pi/amigo_ros2_pi/install/ublox_msgs/include/ublox_msgs/ublox_msgs/msg/detail/ack__functions.h
[672.192s] -- Installing: /home/amigo-pi/amigo_ros2_pi/install/ublox_msgs/include/ublox_msgs/ublox_msgs/msg/detail/nav_satsv__type_support.h
[672.193s] -- Installing: /home/amigo-pi/amigo_ros2_pi/install/ublox_msgs/include/ublox_msgs/ublox_msgs/msg/detail/esf_ins__functions.c
[672.194s] -- Installing: /home/amigo-pi/amigo_ros2_pi/install/ublox_msgs/include/ublox_msgs/ublox_msgs/msg/detail/mon_ver_extension__functions.c
[672.195s] -- Installing: /home/amigo-pi/amigo_ros2_pi/install/ublox_msgs/include/ublox_msgs/ublox_msgs/msg/detail/rxm_sfrb__type_support.h
[672.196s] -- Installing: /home/amigo-pi/amigo_ros2_pi/install/ublox_msgs/include/ublox_msgs/ublox_msgs/msg/detail/cfg_inf__functions.c
[672.197s] -- Installing: /home/amigo-pi/amigo_ros2_pi/install/ublox_msgs/include/ublox_msgs/ublox_msgs/msg/detail/cfg_rate__type_support.h
[672.198s] -- Installing: /home/amigo-pi/amigo_ros2_pi/install/ublox_msgs/include/ublox_msgs/ublox_msgs/msg/detail/nav_att__functions.c
[672.199s] -- Installing: /home/amigo-pi/amigo_ros2_pi/install/ublox_msgs/include/ublox_msgs/ublox_msgs/msg/detail/mon_hw__functions.c
[672.201s] -- Installing: /home/amigo-pi/amigo_ros2_pi/install/ublox_msgs/include/ublox_msgs/ublox_msgs/msg/detail/nav_relposned__struct.h
[672.202s] -- Installing: /home/amigo-pi/amigo_ros2_pi/install/ublox_msgs/include/ublox_msgs/ublox_msgs/msg/detail/rxm_rtcm__type_support.h
[672.203s] -- Installing: /home/amigo-pi/amigo_ros2_pi/install/ublox_msgs/include/ublox_msgs/ublox_msgs/msg/detail/nav_sol__functions.h
[672.204s] -- Installing: /home/amigo-pi/amigo_ros2_pi/install/ublox_msgs/include/ublox_msgs/ublox_msgs/msg/detail/cfg_cfg__type_support.h
[672.205s] -- Installing: /home/amigo-pi/amigo_ros2_pi/install/ublox_msgs/include/ublox_msgs/ublox_msgs/msg/detail/rxm_alm__functions.c
[672.206s] -- Installing: /home/amigo-pi/amigo_ros2_pi/install/ublox_msgs/include/ublox_msgs/ublox_msgs/msg/detail/nav_sbassv__functions.h
[672.207s] -- Installing: /home/amigo-pi/amigo_ros2_pi/install/ublox_msgs/include/ublox_msgs/ublox_msgs/msg/detail/mon_hw6__struct.h
[672.208s] -- Installing: /home/amigo-pi/amigo_ros2_pi/install/ublox_msgs/include/ublox_msgs/ublox_msgs/msg/detail/nav_dgpssv__struct.h
[672.209s] -- Installing: /home/amigo-pi/amigo_ros2_pi/install/ublox_msgs/include/ublox_msgs/ublox_msgs/msg/detail/cfg_dgnss__functions.h
[672.210s] -- Installing: /home/amigo-pi/amigo_ros2_pi/install/ublox_msgs/include/ublox_msgs/ublox_msgs/msg/detail/nav_att__functions.h
[672.211s] -- Installing: /home/amigo-pi/amigo_ros2_pi/install/ublox_msgs/include/ublox_msgs/ublox_msgs/msg/detail/aid_eph__type_support.h
[672.213s] -- Installing: /home/amigo-pi/amigo_ros2_pi/install/ublox_msgs/include/ublox_msgs/ublox_msgs/msg/detail/rxm_rawsv__struct.h
[672.214s] -- Installing: /home/amigo-pi/amigo_ros2_pi/install/ublox_msgs/include/ublox_msgs/ublox_msgs/msg/detail/cfg_ant__type_support.h
[672.215s] -- Installing: /home/amigo-pi/amigo_ros2_pi/install/ublox_msgs/include/ublox_msgs/ublox_msgs/msg/detail/cfg_hnr__functions.h
[672.216s] -- Installing: /home/amigo-pi/amigo_ros2_pi/install/ublox_msgs/include/ublox_msgs/ublox_msgs/msg/detail/cfg_msg__type_support.h
[672.217s] -- Installing: /home/amigo-pi/amigo_ros2_pi/install/ublox_msgs/include/ublox_msgs/ublox_msgs/msg/detail/rxm_sfrbx__functions.c
[672.218s] -- Installing: /home/amigo-pi/amigo_ros2_pi/install/ublox_msgs/include/ublox_msgs/ublox_msgs/msg/detail/aid_hui__functions.c
[672.219s] -- Installing: /home/amigo-pi/amigo_ros2_pi/install/ublox_msgs/include/ublox_msgs/ublox_msgs/msg/detail/nav_clock__type_support.h
[672.220s] -- Installing: /home/amigo-pi/amigo_ros2_pi/install/ublox_msgs/include/ublox_msgs/ublox_msgs/msg/detail/nav_relposned__functions.h
[672.221s] -- Installing: /home/amigo-pi/amigo_ros2_pi/install/ublox_msgs/include/ublox_msgs/ublox_msgs/msg/detail/nav_sol__struct.h
[672.223s] -- Installing: /home/amigo-pi/amigo_ros2_pi/install/ublox_msgs/include/ublox_msgs/ublox_msgs/msg/detail/mga_gal__functions.h
[672.224s] -- Installing: /home/amigo-pi/amigo_ros2_pi/install/ublox_msgs/include/ublox_msgs/ublox_msgs/msg/detail/rxm_svsisv__functions.c
[672.225s] -- Installing: /home/amigo-pi/amigo_ros2_pi/install/ublox_msgs/include/ublox_msgs/ublox_msgs/msg/mon_hw6.h
[672.226s] -- Installing: /home/amigo-pi/amigo_ros2_pi/install/ublox_msgs/include/ublox_msgs/ublox_msgs/msg/esf_ins.h
[672.227s] -- Installing: /home/amigo-pi/amigo_ros2_pi/install/ublox_msgs/include/ublox_msgs/ublox_msgs/msg/rxm_rawx_meas.h
[672.228s] -- Installing: /home/amigo-pi/amigo_ros2_pi/install/ublox_msgs/include/ublox_msgs/ublox_msgs/msg/nav_velecef.h
[672.229s] -- Installing: /home/amigo-pi/amigo_ros2_pi/install/ublox_msgs/include/ublox_msgs/ublox_msgs/msg/nav_relposned.h
[672.230s] -- Installing: /home/amigo-pi/amigo_ros2_pi/install/ublox_msgs/include/ublox_msgs/ublox_msgs/msg/nav_status.h
[672.231s] -- Installing: /home/amigo-pi/amigo_ros2_pi/install/ublox_msgs/include/ublox_msgs/ublox_msgs/msg/nav_dgpssv.h
[672.232s] -- Installing: /home/amigo-pi/amigo_ros2_pi/install/ublox_msgs/include/ublox_msgs/ublox_msgs/msg/cfg_cfg.h
[672.233s] -- Installing: /home/amigo-pi/amigo_ros2_pi/install/ublox_msgs/include/ublox_msgs/ublox_msgs/msg/rxm_svsisv.h
[672.234s] -- Installing: /home/amigo-pi/amigo_ros2_pi/install/ublox_msgs/include/ublox_msgs/ublox_msgs/msg/nav_clock.h
[672.235s] -- Installing: /home/amigo-pi/amigo_ros2_pi/install/ublox_msgs/include/ublox_msgs/ublox_msgs/msg/rxm_eph.h
[672.236s] -- Installing: /home/amigo-pi/amigo_ros2_pi/install/ublox_msgs/include/ublox_msgs/ublox_msgs/msg/cfg_nmea.h
[672.237s] -- Installing: /home/amigo-pi/amigo_ros2_pi/install/ublox_msgs/include/ublox_msgs/ublox_msgs/msg/cfg_sbas.h
[672.238s] -- Installing: /home/amigo-pi/amigo_ros2_pi/install/ublox_msgs/include/ublox_msgs/ublox_msgs/msg/cfg_msg.h
[672.239s] -- Installing: /home/amigo-pi/amigo_ros2_pi/install/ublox_msgs/include/ublox_msgs/ublox_msgs/msg/nav_svinfosv.h
[672.240s] -- Installing: /home/amigo-pi/amigo_ros2_pi/install/ublox_msgs/include/ublox_msgs/ublox_msgs/msg/aid_alm.h
[672.241s] -- Installing: /home/amigo-pi/amigo_ros2_pi/install/ublox_msgs/include/ublox_msgs/ublox_msgs/msg/cfg_nmea7.h
[672.242s] -- Installing: /home/amigo-pi/amigo_ros2_pi/install/ublox_msgs/include/ublox_msgs/ublox_msgs/msg/nav_posllh.h
[672.243s] -- Installing: /home/amigo-pi/amigo_ros2_pi/install/ublox_msgs/include/ublox_msgs/ublox_msgs/msg/cfg_inf_block.h
[672.244s] -- Installing: /home/amigo-pi/amigo_ros2_pi/install/ublox_msgs/include/ublox_msgs/ublox_msgs/msg/aid_hui.h
[672.244s] -- Installing: /home/amigo-pi/amigo_ros2_pi/install/ublox_msgs/include/ublox_msgs/ublox_msgs/msg/nav_velned.h
[672.245s] -- Installing: /home/amigo-pi/amigo_ros2_pi/install/ublox_msgs/include/ublox_msgs/ublox_msgs/msg/rxm_rtcm.h
[672.247s] -- Installing: /home/amigo-pi/amigo_ros2_pi/install/ublox_msgs/include/ublox_msgs/ublox_msgs/msg/tim_tm2.h
[672.247s] -- Installing: /home/amigo-pi/amigo_ros2_pi/install/ublox_msgs/include/ublox_msgs/ublox_msgs/msg/nav_posecef.h
[672.248s] -- Installing: /home/amigo-pi/amigo_ros2_pi/install/ublox_msgs/include/ublox_msgs/ublox_msgs/msg/nav_svin.h
[672.249s] -- Installing: /home/amigo-pi/amigo_ros2_pi/install/ublox_msgs/include/ublox_msgs/ublox_msgs/msg/ack.h
[672.250s] -- Installing: /home/amigo-pi/amigo_ros2_pi/install/ublox_msgs/include/ublox_msgs/ublox_msgs/msg/nav_att.h
[672.251s] -- Installing: /home/amigo-pi/amigo_ros2_pi/install/ublox_msgs/include/ublox_msgs/ublox_msgs/msg/cfg_prt.h
[672.253s] -- Installing: /home/amigo-pi/amigo_ros2_pi/install/ublox_msgs/share/ublox_msgs/environment/library_path.sh
[672.255s] -- Installing: /home/amigo-pi/amigo_ros2_pi/install/ublox_msgs/share/ublox_msgs/environment/library_path.dsv
[672.259s] -- Installing: /home/amigo-pi/amigo_ros2_pi/install/ublox_msgs/lib/libublox_msgs__rosidl_generator_c.so
[672.265s] -- Set runtime path of "/home/amigo-pi/amigo_ros2_pi/install/ublox_msgs/lib/libublox_msgs__rosidl_generator_c.so" to ""
[672.265s] -- Up-to-date: /home/amigo-pi/amigo_ros2_pi/install/ublox_msgs/include/ublox_msgs/ublox_msgs
[672.266s] -- Up-to-date: /home/amigo-pi/amigo_ros2_pi/install/ublox_msgs/include/ublox_msgs/ublox_msgs/msg
[672.266s] -- Up-to-date: /home/amigo-pi/amigo_ros2_pi/install/ublox_msgs/include/ublox_msgs/ublox_msgs/msg/detail
[672.268s] -- Installing: /home/amigo-pi/amigo_ros2_pi/install/ublox_msgs/include/ublox_msgs/ublox_msgs/msg/detail/cfg_usb__rosidl_typesupport_fastrtps_c.h
[672.269s] -- Installing: /home/amigo-pi/amigo_ros2_pi/install/ublox_msgs/include/ublox_msgs/ublox_msgs/msg/detail/cfg_rst__rosidl_typesupport_fastrtps_c.h
[672.270s] -- Installing: /home/amigo-pi/amigo_ros2_pi/install/ublox_msgs/include/ublox_msgs/ublox_msgs/msg/detail/inf__rosidl_typesupport_fastrtps_c.h
[672.272s] -- Installing: /home/amigo-pi/amigo_ros2_pi/install/ublox_msgs/include/ublox_msgs/ublox_msgs/msg/detail/cfg_inf_block__rosidl_typesupport_fastrtps_c.h
[672.273s] -- Installing: /home/amigo-pi/amigo_ros2_pi/install/ublox_msgs/include/ublox_msgs/ublox_msgs/msg/detail/nav_sbassv__rosidl_typesupport_fastrtps_c.h
[672.274s] -- Installing: /home/amigo-pi/amigo_ros2_pi/install/ublox_msgs/include/ublox_msgs/ublox_msgs/msg/detail/esf_raw__rosidl_typesupport_fastrtps_c.h
[672.275s] -- Installing: /home/amigo-pi/amigo_ros2_pi/install/ublox_msgs/include/ublox_msgs/ublox_msgs/msg/detail/rxm_alm__rosidl_typesupport_fastrtps_c.h
[672.276s] -- Installing: /home/amigo-pi/amigo_ros2_pi/install/ublox_msgs/include/ublox_msgs/ublox_msgs/msg/detail/nav_pvt7__rosidl_typesupport_fastrtps_c.h
[672.278s] -- Installing: /home/amigo-pi/amigo_ros2_pi/install/ublox_msgs/include/ublox_msgs/ublox_msgs/msg/detail/rxm_rtcm__rosidl_typesupport_fastrtps_c.h
[672.279s] -- Installing: /home/amigo-pi/amigo_ros2_pi/install/ublox_msgs/include/ublox_msgs/ublox_msgs/msg/detail/mon_ver_extension__rosidl_typesupport_fastrtps_c.h
[672.280s] -- Installing: /home/amigo-pi/amigo_ros2_pi/install/ublox_msgs/include/ublox_msgs/ublox_msgs/msg/detail/aid_hui__rosidl_typesupport_fastrtps_c.h
[672.281s] -- Installing: /home/amigo-pi/amigo_ros2_pi/install/ublox_msgs/include/ublox_msgs/ublox_msgs/msg/detail/rxm_eph__rosidl_typesupport_fastrtps_c.h
[672.282s] -- Installing: /home/amigo-pi/amigo_ros2_pi/install/ublox_msgs/include/ublox_msgs/ublox_msgs/msg/detail/rxm_raw__rosidl_typesupport_fastrtps_c.h
[672.284s] -- Installing: /home/amigo-pi/amigo_ros2_pi/install/ublox_msgs/include/ublox_msgs/ublox_msgs/msg/detail/nav_velned__rosidl_typesupport_fastrtps_c.h
[672.285s] -- Installing: /home/amigo-pi/amigo_ros2_pi/install/ublox_msgs/include/ublox_msgs/ublox_msgs/msg/detail/cfg_ant__rosidl_typesupport_fastrtps_c.h
[672.286s] -- Installing: /home/amigo-pi/amigo_ros2_pi/install/ublox_msgs/include/ublox_msgs/ublox_msgs/msg/detail/cfg_cfg__rosidl_typesupport_fastrtps_c.h
[672.287s] -- Installing: /home/amigo-pi/amigo_ros2_pi/install/ublox_msgs/include/ublox_msgs/ublox_msgs/msg/detail/rxm_sfrb__rosidl_typesupport_fastrtps_c.h
[672.288s] -- Installing: /home/amigo-pi/amigo_ros2_pi/install/ublox_msgs/include/ublox_msgs/ublox_msgs/msg/detail/cfg_rate__rosidl_typesupport_fastrtps_c.h
[672.289s] -- Installing: /home/amigo-pi/amigo_ros2_pi/install/ublox_msgs/include/ublox_msgs/ublox_msgs/msg/detail/tim_tm2__rosidl_typesupport_fastrtps_c.h
[672.291s] -- Installing: /home/amigo-pi/amigo_ros2_pi/install/ublox_msgs/include/ublox_msgs/ublox_msgs/msg/detail/upd_sos__rosidl_typesupport_fastrtps_c.h
[672.292s] -- Installing: /home/amigo-pi/amigo_ros2_pi/install/ublox_msgs/include/ublox_msgs/ublox_msgs/msg/detail/esf_status_sens__rosidl_typesupport_fastrtps_c.h
[672.293s] -- Installing: /home/amigo-pi/amigo_ros2_pi/install/ublox_msgs/include/ublox_msgs/ublox_msgs/msg/detail/cfg_nav5__rosidl_typesupport_fastrtps_c.h
[672.294s] -- Installing: /home/amigo-pi/amigo_ros2_pi/install/ublox_msgs/include/ublox_msgs/ublox_msgs/msg/detail/upd_sos_ack__rosidl_typesupport_fastrtps_c.h
[672.296s] -- Installing: /home/amigo-pi/amigo_ros2_pi/install/ublox_msgs/include/ublox_msgs/ublox_msgs/msg/detail/nav_satsv__rosidl_typesupport_fastrtps_c.h
[672.297s] -- Installing: /home/amigo-pi/amigo_ros2_pi/install/ublox_msgs/include/ublox_msgs/ublox_msgs/msg/detail/nav_svin__rosidl_typesupport_fastrtps_c.h
[672.298s] -- Installing: /home/amigo-pi/amigo_ros2_pi/install/ublox_msgs/include/ublox_msgs/ublox_msgs/msg/detail/nav_relposned__rosidl_typesupport_fastrtps_c.h
[672.299s] -- Installing: /home/amigo-pi/amigo_ros2_pi/install/ublox_msgs/include/ublox_msgs/ublox_msgs/msg/detail/mon_ver__rosidl_typesupport_fastrtps_c.h
[672.300s] -- Installing: /home/amigo-pi/amigo_ros2_pi/install/ublox_msgs/include/ublox_msgs/ublox_msgs/msg/detail/aid_eph__rosidl_typesupport_fastrtps_c.h
[672.301s] -- Installing: /home/amigo-pi/amigo_ros2_pi/install/ublox_msgs/include/ublox_msgs/ublox_msgs/msg/detail/rxm_rawsv__rosidl_typesupport_fastrtps_c.h
[672.303s] -- Installing: /home/amigo-pi/amigo_ros2_pi/install/ublox_msgs/include/ublox_msgs/ublox_msgs/msg/detail/cfg_msg__rosidl_typesupport_fastrtps_c.h
[672.304s] -- Installing: /home/amigo-pi/amigo_ros2_pi/install/ublox_msgs/include/ublox_msgs/ublox_msgs/msg/detail/cfg_hnr__rosidl_typesupport_fastrtps_c.h
[672.305s] -- Installing: /home/amigo-pi/amigo_ros2_pi/install/ublox_msgs/include/ublox_msgs/ublox_msgs/msg/detail/esf_meas__rosidl_typesupport_fastrtps_c.h
[672.306s] -- Installing: /home/amigo-pi/amigo_ros2_pi/install/ublox_msgs/include/ublox_msgs/ublox_msgs/msg/detail/mon_hw6__rosidl_typesupport_fastrtps_c.h
[672.307s] -- Installing: /home/amigo-pi/amigo_ros2_pi/install/ublox_msgs/include/ublox_msgs/ublox_msgs/msg/detail/nav_sat__rosidl_typesupport_fastrtps_c.h
[672.308s] -- Installing: /home/amigo-pi/amigo_ros2_pi/install/ublox_msgs/include/ublox_msgs/ublox_msgs/msg/detail/nav_svinfosv__rosidl_typesupport_fastrtps_c.h
[672.310s] -- Installing: /home/amigo-pi/amigo_ros2_pi/install/ublox_msgs/include/ublox_msgs/ublox_msgs/msg/detail/nav_sol__rosidl_typesupport_fastrtps_c.h
[672.311s] -- Installing: /home/amigo-pi/amigo_ros2_pi/install/ublox_msgs/include/ublox_msgs/ublox_msgs/msg/detail/cfg_gnss_block__rosidl_typesupport_fastrtps_c.h
[672.312s] -- Installing: /home/amigo-pi/amigo_ros2_pi/install/ublox_msgs/include/ublox_msgs/ublox_msgs/msg/detail/cfg_inf__rosidl_typesupport_fastrtps_c.h
[672.313s] -- Installing: /home/amigo-pi/amigo_ros2_pi/install/ublox_msgs/include/ublox_msgs/ublox_msgs/msg/detail/nav_relposned9__rosidl_typesupport_fastrtps_c.h
[672.315s] -- Installing: /home/amigo-pi/amigo_ros2_pi/install/ublox_msgs/include/ublox_msgs/ublox_msgs/msg/detail/cfg_nmea7__rosidl_typesupport_fastrtps_c.h
[672.316s] -- Installing: /home/amigo-pi/amigo_ros2_pi/install/ublox_msgs/include/ublox_msgs/ublox_msgs/msg/detail/nav_pvt__rosidl_typesupport_fastrtps_c.h
[672.317s] -- Installing: /home/amigo-pi/amigo_ros2_pi/install/ublox_msgs/include/ublox_msgs/ublox_msgs/msg/detail/rxm_svsi__rosidl_typesupport_fastrtps_c.h
[672.318s] -- Installing: /home/amigo-pi/amigo_ros2_pi/install/ublox_msgs/include/ublox_msgs/ublox_msgs/msg/detail/rxm_sfrbx__rosidl_typesupport_fastrtps_c.h
[672.319s] -- Installing: /home/amigo-pi/amigo_ros2_pi/install/ublox_msgs/include/ublox_msgs/ublox_msgs/msg/detail/cfg_dat__rosidl_typesupport_fastrtps_c.h
[672.320s] -- Installing: /home/amigo-pi/amigo_ros2_pi/install/ublox_msgs/include/ublox_msgs/ublox_msgs/msg/detail/esf_status__rosidl_typesupport_fastrtps_c.h
[672.321s] -- Installing: /home/amigo-pi/amigo_ros2_pi/install/ublox_msgs/include/ublox_msgs/ublox_msgs/msg/detail/mga_gal__rosidl_typesupport_fastrtps_c.h
[672.323s] -- Installing: /home/amigo-pi/amigo_ros2_pi/install/ublox_msgs/include/ublox_msgs/ublox_msgs/msg/detail/nav_timegps__rosidl_typesupport_fastrtps_c.h
[672.324s] -- Installing: /home/amigo-pi/amigo_ros2_pi/install/ublox_msgs/include/ublox_msgs/ublox_msgs/msg/detail/cfg_tmode3__rosidl_typesupport_fastrtps_c.h
[672.325s] -- Installing: /home/amigo-pi/amigo_ros2_pi/install/ublox_msgs/include/ublox_msgs/ublox_msgs/msg/detail/nav_status__rosidl_typesupport_fastrtps_c.h
[672.326s] -- Installing: /home/amigo-pi/amigo_ros2_pi/install/ublox_msgs/include/ublox_msgs/ublox_msgs/msg/detail/nav_sbas__rosidl_typesupport_fastrtps_c.h
[672.327s] -- Installing: /home/amigo-pi/amigo_ros2_pi/install/ublox_msgs/include/ublox_msgs/ublox_msgs/msg/detail/nav_clock__rosidl_typesupport_fastrtps_c.h
[672.329s] -- Installing: /home/amigo-pi/amigo_ros2_pi/install/ublox_msgs/include/ublox_msgs/ublox_msgs/msg/detail/cfg_sbas__rosidl_typesupport_fastrtps_c.h
[672.330s] -- Installing: /home/amigo-pi/amigo_ros2_pi/install/ublox_msgs/include/ublox_msgs/ublox_msgs/msg/detail/cfg_navx5__rosidl_typesupport_fastrtps_c.h
[672.331s] -- Installing: /home/amigo-pi/amigo_ros2_pi/install/ublox_msgs/include/ublox_msgs/ublox_msgs/msg/detail/esf_ins__rosidl_typesupport_fastrtps_c.h
[672.332s] -- Installing: /home/amigo-pi/amigo_ros2_pi/install/ublox_msgs/include/ublox_msgs/ublox_msgs/msg/detail/nav_svinfo__rosidl_typesupport_fastrtps_c.h
[672.334s] -- Installing: /home/amigo-pi/amigo_ros2_pi/install/ublox_msgs/include/ublox_msgs/ublox_msgs/msg/detail/cfg_gnss__rosidl_typesupport_fastrtps_c.h
[672.335s] -- Installing: /home/amigo-pi/amigo_ros2_pi/install/ublox_msgs/include/ublox_msgs/ublox_msgs/msg/detail/nav_velecef__rosidl_typesupport_fastrtps_c.h
[672.336s] -- Installing: /home/amigo-pi/amigo_ros2_pi/install/ublox_msgs/include/ublox_msgs/ublox_msgs/msg/detail/mon_gnss__rosidl_typesupport_fastrtps_c.h
[672.337s] -- Installing: /home/amigo-pi/amigo_ros2_pi/install/ublox_msgs/include/ublox_msgs/ublox_msgs/msg/detail/ack__rosidl_typesupport_fastrtps_c.h
[672.338s] -- Installing: /home/amigo-pi/amigo_ros2_pi/install/ublox_msgs/include/ublox_msgs/ublox_msgs/msg/detail/nav_timeutc__rosidl_typesupport_fastrtps_c.h
[672.340s] -- Installing: /home/amigo-pi/amigo_ros2_pi/install/ublox_msgs/include/ublox_msgs/ublox_msgs/msg/detail/cfg_dgnss__rosidl_typesupport_fastrtps_c.h
[672.341s] -- Installing: /home/amigo-pi/amigo_ros2_pi/install/ublox_msgs/include/ublox_msgs/ublox_msgs/msg/detail/cfg_prt__rosidl_typesupport_fastrtps_c.h
[672.342s] -- Installing: /home/amigo-pi/amigo_ros2_pi/install/ublox_msgs/include/ublox_msgs/ublox_msgs/msg/detail/hnr_pvt__rosidl_typesupport_fastrtps_c.h
[672.343s] -- Installing: /home/amigo-pi/amigo_ros2_pi/install/ublox_msgs/include/ublox_msgs/ublox_msgs/msg/detail/mon_hw__rosidl_typesupport_fastrtps_c.h
[672.344s] -- Installing: /home/amigo-pi/amigo_ros2_pi/install/ublox_msgs/include/ublox_msgs/ublox_msgs/msg/detail/rxm_svsisv__rosidl_typesupport_fastrtps_c.h
[672.345s] -- Installing: /home/amigo-pi/amigo_ros2_pi/install/ublox_msgs/include/ublox_msgs/ublox_msgs/msg/detail/aid_alm__rosidl_typesupport_fastrtps_c.h
[672.347s] -- Installing: /home/amigo-pi/amigo_ros2_pi/install/ublox_msgs/include/ublox_msgs/ublox_msgs/msg/detail/rxm_rawx__rosidl_typesupport_fastrtps_c.h
[672.348s] -- Installing: /home/amigo-pi/amigo_ros2_pi/install/ublox_msgs/include/ublox_msgs/ublox_msgs/msg/detail/cfg_nmea__rosidl_typesupport_fastrtps_c.h
[672.349s] -- Installing: /home/amigo-pi/amigo_ros2_pi/install/ublox_msgs/include/ublox_msgs/ublox_msgs/msg/detail/nav_att__rosidl_typesupport_fastrtps_c.h
[672.351s] -- Installing: /home/amigo-pi/amigo_ros2_pi/install/ublox_msgs/include/ublox_msgs/ublox_msgs/msg/detail/nav_dgps__rosidl_typesupport_fastrtps_c.h
[672.352s] -- Installing: /home/amigo-pi/amigo_ros2_pi/install/ublox_msgs/include/ublox_msgs/ublox_msgs/msg/detail/nav_dop__rosidl_typesupport_fastrtps_c.h
[672.353s] -- Installing: /home/amigo-pi/amigo_ros2_pi/install/ublox_msgs/include/ublox_msgs/ublox_msgs/msg/detail/nav_posllh__rosidl_typesupport_fastrtps_c.h
[672.354s] -- Installing: /home/amigo-pi/amigo_ros2_pi/install/ublox_msgs/include/ublox_msgs/ublox_msgs/msg/detail/rxm_rawx_meas__rosidl_typesupport_fastrtps_c.h
[672.356s] -- Installing: /home/amigo-pi/amigo_ros2_pi/install/ublox_msgs/include/ublox_msgs/ublox_msgs/msg/detail/nav_dgpssv__rosidl_typesupport_fastrtps_c.h
[672.358s] -- Installing: /home/amigo-pi/amigo_ros2_pi/install/ublox_msgs/include/ublox_msgs/ublox_msgs/msg/detail/nav_posecef__rosidl_typesupport_fastrtps_c.h
[672.359s] -- Installing: /home/amigo-pi/amigo_ros2_pi/install/ublox_msgs/include/ublox_msgs/ublox_msgs/msg/detail/cfg_nmea6__rosidl_typesupport_fastrtps_c.h
[672.361s] -- Installing: /home/amigo-pi/amigo_ros2_pi/install/ublox_msgs/include/ublox_msgs/ublox_msgs/msg/detail/esf_raw_block__rosidl_typesupport_fastrtps_c.h
[672.362s] -- Installing: /home/amigo-pi/amigo_ros2_pi/install/ublox_msgs/include/ublox_msgs/ublox_msgs/msg/rosidl_typesupport_fastrtps_c__visibility_control.h
[672.364s] -- Installing: /home/amigo-pi/amigo_ros2_pi/install/ublox_msgs/lib/libublox_msgs__rosidl_typesupport_fastrtps_c.so
[672.370s] -- Set runtime path of "/home/amigo-pi/amigo_ros2_pi/install/ublox_msgs/lib/libublox_msgs__rosidl_typesupport_fastrtps_c.so" to ""
[672.370s] -- Up-to-date: /home/amigo-pi/amigo_ros2_pi/install/ublox_msgs/include/ublox_msgs/ublox_msgs
[672.370s] -- Up-to-date: /home/amigo-pi/amigo_ros2_pi/install/ublox_msgs/include/ublox_msgs/ublox_msgs/msg
[672.371s] -- Up-to-date: /home/amigo-pi/amigo_ros2_pi/install/ublox_msgs/include/ublox_msgs/ublox_msgs/msg/detail
[672.373s] -- Installing: /home/amigo-pi/amigo_ros2_pi/install/ublox_msgs/include/ublox_msgs/ublox_msgs/msg/detail/nav_timegps__type_support.c
[672.374s] -- Installing: /home/amigo-pi/amigo_ros2_pi/install/ublox_msgs/include/ublox_msgs/ublox_msgs/msg/detail/cfg_nav5__rosidl_typesupport_introspection_c.h
[672.375s] -- Installing: /home/amigo-pi/amigo_ros2_pi/install/ublox_msgs/include/ublox_msgs/ublox_msgs/msg/detail/mon_hw6__rosidl_typesupport_introspection_c.h
[672.376s] -- Installing: /home/amigo-pi/amigo_ros2_pi/install/ublox_msgs/include/ublox_msgs/ublox_msgs/msg/detail/cfg_rate__type_support.c
[672.377s] -- Installing: /home/amigo-pi/amigo_ros2_pi/install/ublox_msgs/include/ublox_msgs/ublox_msgs/msg/detail/esf_meas__rosidl_typesupport_introspection_c.h
[672.379s] -- Installing: /home/amigo-pi/amigo_ros2_pi/install/ublox_msgs/include/ublox_msgs/ublox_msgs/msg/detail/cfg_inf_block__type_support.c
[672.380s] -- Installing: /home/amigo-pi/amigo_ros2_pi/install/ublox_msgs/include/ublox_msgs/ublox_msgs/msg/detail/cfg_cfg__type_support.c
[672.381s] -- Installing: /home/amigo-pi/amigo_ros2_pi/install/ublox_msgs/include/ublox_msgs/ublox_msgs/msg/detail/inf__type_support.c
[672.382s] -- Installing: /home/amigo-pi/amigo_ros2_pi/install/ublox_msgs/include/ublox_msgs/ublox_msgs/msg/detail/cfg_cfg__rosidl_typesupport_introspection_c.h
[672.383s] -- Installing: /home/amigo-pi/amigo_ros2_pi/install/ublox_msgs/include/ublox_msgs/ublox_msgs/msg/detail/nav_att__rosidl_typesupport_introspection_c.h
[672.385s] -- Installing: /home/amigo-pi/amigo_ros2_pi/install/ublox_msgs/include/ublox_msgs/ublox_msgs/msg/detail/esf_ins__rosidl_typesupport_introspection_c.h
[672.386s] -- Installing: /home/amigo-pi/amigo_ros2_pi/install/ublox_msgs/include/ublox_msgs/ublox_msgs/msg/detail/nav_svinfo__type_support.c
[672.387s] -- Installing: /home/amigo-pi/amigo_ros2_pi/install/ublox_msgs/include/ublox_msgs/ublox_msgs/msg/detail/nav_clock__rosidl_typesupport_introspection_c.h
[672.388s] -- Installing: /home/amigo-pi/amigo_ros2_pi/install/ublox_msgs/include/ublox_msgs/ublox_msgs/msg/detail/nav_sbas__type_support.c
[672.389s] -- Installing: /home/amigo-pi/amigo_ros2_pi/install/ublox_msgs/include/ublox_msgs/ublox_msgs/msg/detail/rxm_sfrbx__rosidl_typesupport_introspection_c.h
[672.390s] -- Installing: /home/amigo-pi/amigo_ros2_pi/install/ublox_msgs/include/ublox_msgs/ublox_msgs/msg/detail/tim_tm2__type_support.c
[672.392s] -- Installing: /home/amigo-pi/amigo_ros2_pi/install/ublox_msgs/include/ublox_msgs/ublox_msgs/msg/detail/aid_hui__type_support.c
[672.393s] -- Installing: /home/amigo-pi/amigo_ros2_pi/install/ublox_msgs/include/ublox_msgs/ublox_msgs/msg/detail/rxm_rtcm__type_support.c
[672.394s] -- Installing: /home/amigo-pi/amigo_ros2_pi/install/ublox_msgs/include/ublox_msgs/ublox_msgs/msg/detail/ack__rosidl_typesupport_introspection_c.h
[672.395s] -- Installing: /home/amigo-pi/amigo_ros2_pi/install/ublox_msgs/include/ublox_msgs/ublox_msgs/msg/detail/mon_hw__type_support.c
[672.397s] -- Installing: /home/amigo-pi/amigo_ros2_pi/install/ublox_msgs/include/ublox_msgs/ublox_msgs/msg/detail/mon_gnss__rosidl_typesupport_introspection_c.h
[672.398s] -- Installing: /home/amigo-pi/amigo_ros2_pi/install/ublox_msgs/include/ublox_msgs/ublox_msgs/msg/detail/cfg_inf_block__rosidl_typesupport_introspection_c.h
[672.399s] -- Installing: /home/amigo-pi/amigo_ros2_pi/install/ublox_msgs/include/ublox_msgs/ublox_msgs/msg/detail/nav_velned__rosidl_typesupport_introspection_c.h
[672.400s] -- Installing: /home/amigo-pi/amigo_ros2_pi/install/ublox_msgs/include/ublox_msgs/ublox_msgs/msg/detail/cfg_gnss__type_support.c
[672.401s] -- Installing: /home/amigo-pi/amigo_ros2_pi/install/ublox_msgs/include/ublox_msgs/ublox_msgs/msg/detail/nav_att__type_support.c
[672.403s] -- Installing: /home/amigo-pi/amigo_ros2_pi/install/ublox_msgs/include/ublox_msgs/ublox_msgs/msg/detail/nav_relposned9__rosidl_typesupport_introspection_c.h
[672.404s] -- Installing: /home/amigo-pi/amigo_ros2_pi/install/ublox_msgs/include/ublox_msgs/ublox_msgs/msg/detail/upd_sos_ack__type_support.c
[672.405s] -- Installing: /home/amigo-pi/amigo_ros2_pi/install/ublox_msgs/include/ublox_msgs/ublox_msgs/msg/detail/nav_status__rosidl_typesupport_introspection_c.h
[672.406s] -- Installing: /home/amigo-pi/amigo_ros2_pi/install/ublox_msgs/include/ublox_msgs/ublox_msgs/msg/detail/cfg_rst__type_support.c
[672.407s] -- Installing: /home/amigo-pi/amigo_ros2_pi/install/ublox_msgs/include/ublox_msgs/ublox_msgs/msg/detail/ack__type_support.c
[672.409s] -- Installing: /home/amigo-pi/amigo_ros2_pi/install/ublox_msgs/include/ublox_msgs/ublox_msgs/msg/detail/nav_velecef__rosidl_typesupport_introspection_c.h
[672.410s] -- Installing: /home/amigo-pi/amigo_ros2_pi/install/ublox_msgs/include/ublox_msgs/ublox_msgs/msg/detail/aid_alm__rosidl_typesupport_introspection_c.h
[672.411s] -- Installing: /home/amigo-pi/amigo_ros2_pi/install/ublox_msgs/include/ublox_msgs/ublox_msgs/msg/detail/nav_timeutc__type_support.c
[672.412s] -- Installing: /home/amigo-pi/amigo_ros2_pi/install/ublox_msgs/include/ublox_msgs/ublox_msgs/msg/detail/cfg_ant__rosidl_typesupport_introspection_c.h
[672.413s] -- Installing: /home/amigo-pi/amigo_ros2_pi/install/ublox_msgs/include/ublox_msgs/ublox_msgs/msg/detail/nav_dgps__type_support.c
[672.415s] -- Installing: /home/amigo-pi/amigo_ros2_pi/install/ublox_msgs/include/ublox_msgs/ublox_msgs/msg/detail/rxm_raw__rosidl_typesupport_introspection_c.h
[672.416s] -- Installing: /home/amigo-pi/amigo_ros2_pi/install/ublox_msgs/include/ublox_msgs/ublox_msgs/msg/detail/cfg_nmea6__rosidl_typesupport_introspection_c.h
[672.417s] -- Installing: /home/amigo-pi/amigo_ros2_pi/install/ublox_msgs/include/ublox_msgs/ublox_msgs/msg/detail/nav_velned__type_support.c
[672.418s] -- Installing: /home/amigo-pi/amigo_ros2_pi/install/ublox_msgs/include/ublox_msgs/ublox_msgs/msg/detail/rxm_svsisv__type_support.c
[672.420s] -- Installing: /home/amigo-pi/amigo_ros2_pi/install/ublox_msgs/include/ublox_msgs/ublox_msgs/msg/detail/rxm_sfrb__rosidl_typesupport_introspection_c.h
[672.421s] -- Installing: /home/amigo-pi/amigo_ros2_pi/install/ublox_msgs/include/ublox_msgs/ublox_msgs/msg/detail/nav_svinfosv__type_support.c
[672.422s] -- Installing: /home/amigo-pi/amigo_ros2_pi/install/ublox_msgs/include/ublox_msgs/ublox_msgs/msg/detail/cfg_usb__rosidl_typesupport_introspection_c.h
[672.423s] -- Installing: /home/amigo-pi/amigo_ros2_pi/install/ublox_msgs/include/ublox_msgs/ublox_msgs/msg/detail/inf__rosidl_typesupport_introspection_c.h
[672.424s] -- Installing: /home/amigo-pi/amigo_ros2_pi/install/ublox_msgs/include/ublox_msgs/ublox_msgs/msg/detail/rxm_eph__rosidl_typesupport_introspection_c.h
[672.426s] -- Installing: /home/amigo-pi/amigo_ros2_pi/install/ublox_msgs/include/ublox_msgs/ublox_msgs/msg/detail/esf_raw_block__type_support.c
[672.427s] -- Installing: /home/amigo-pi/amigo_ros2_pi/install/ublox_msgs/include/ublox_msgs/ublox_msgs/msg/detail/rxm_svsi__type_support.c
[672.428s] -- Installing: /home/amigo-pi/amigo_ros2_pi/install/ublox_msgs/include/ublox_msgs/ublox_msgs/msg/detail/nav_timegps__rosidl_typesupport_introspection_c.h
[672.429s] -- Installing: /home/amigo-pi/amigo_ros2_pi/install/ublox_msgs/include/ublox_msgs/ublox_msgs/msg/detail/rxm_rtcm__rosidl_typesupport_introspection_c.h
[672.431s] -- Installing: /home/amigo-pi/amigo_ros2_pi/install/ublox_msgs/include/ublox_msgs/ublox_msgs/msg/detail/rxm_svsisv__rosidl_typesupport_introspection_c.h
[672.432s] -- Installing: /home/amigo-pi/amigo_ros2_pi/install/ublox_msgs/include/ublox_msgs/ublox_msgs/msg/detail/rxm_rawx_meas__type_support.c
[672.433s] -- Installing: /home/amigo-pi/amigo_ros2_pi/install/ublox_msgs/include/ublox_msgs/ublox_msgs/msg/detail/esf_raw__type_support.c
[672.434s] -- Installing: /home/amigo-pi/amigo_ros2_pi/install/ublox_msgs/include/ublox_msgs/ublox_msgs/msg/detail/upd_sos__type_support.c
[672.435s] -- Installing: /home/amigo-pi/amigo_ros2_pi/install/ublox_msgs/include/ublox_msgs/ublox_msgs/msg/detail/nav_svin__type_support.c
[672.436s] -- Installing: /home/amigo-pi/amigo_ros2_pi/install/ublox_msgs/include/ublox_msgs/ublox_msgs/msg/detail/cfg_inf__rosidl_typesupport_introspection_c.h
[672.438s] -- Installing: /home/amigo-pi/amigo_ros2_pi/install/ublox_msgs/include/ublox_msgs/ublox_msgs/msg/detail/aid_eph__rosidl_typesupport_introspection_c.h
[672.439s] -- Installing: /home/amigo-pi/amigo_ros2_pi/install/ublox_msgs/include/ublox_msgs/ublox_msgs/msg/detail/nav_sol__type_support.c
[672.440s] -- Installing: /home/amigo-pi/amigo_ros2_pi/install/ublox_msgs/include/ublox_msgs/ublox_msgs/msg/detail/cfg_usb__type_support.c
[672.442s] -- Installing: /home/amigo-pi/amigo_ros2_pi/install/ublox_msgs/include/ublox_msgs/ublox_msgs/msg/detail/rxm_rawx_meas__rosidl_typesupport_introspection_c.h
[672.443s] -- Installing: /home/amigo-pi/amigo_ros2_pi/install/ublox_msgs/include/ublox_msgs/ublox_msgs/msg/detail/nav_satsv__type_support.c
[672.444s] -- Installing: /home/amigo-pi/amigo_ros2_pi/install/ublox_msgs/include/ublox_msgs/ublox_msgs/msg/detail/nav_dgpssv__type_support.c
[672.445s] -- Installing: /home/amigo-pi/amigo_ros2_pi/install/ublox_msgs/include/ublox_msgs/ublox_msgs/msg/detail/nav_sbassv__type_support.c
[672.447s] -- Installing: /home/amigo-pi/amigo_ros2_pi/install/ublox_msgs/include/ublox_msgs/ublox_msgs/msg/detail/nav_timeutc__rosidl_typesupport_introspection_c.h
[672.448s] -- Installing: /home/amigo-pi/amigo_ros2_pi/install/ublox_msgs/include/ublox_msgs/ublox_msgs/msg/detail/mon_ver__rosidl_typesupport_introspection_c.h
[672.449s] -- Installing: /home/amigo-pi/amigo_ros2_pi/install/ublox_msgs/include/ublox_msgs/ublox_msgs/msg/detail/rxm_svsi__rosidl_typesupport_introspection_c.h
[672.450s] -- Installing: /home/amigo-pi/amigo_ros2_pi/install/ublox_msgs/include/ublox_msgs/ublox_msgs/msg/detail/cfg_dgnss__rosidl_typesupport_introspection_c.h
[672.451s] -- Installing: /home/amigo-pi/amigo_ros2_pi/install/ublox_msgs/include/ublox_msgs/ublox_msgs/msg/detail/rxm_rawx__type_support.c
[672.452s] -- Installing: /home/amigo-pi/amigo_ros2_pi/install/ublox_msgs/include/ublox_msgs/ublox_msgs/msg/detail/aid_eph__type_support.c
[672.454s] -- Installing: /home/amigo-pi/amigo_ros2_pi/install/ublox_msgs/include/ublox_msgs/ublox_msgs/msg/detail/cfg_nmea7__rosidl_typesupport_introspection_c.h
[672.455s] -- Installing: /home/amigo-pi/amigo_ros2_pi/install/ublox_msgs/include/ublox_msgs/ublox_msgs/msg/detail/mon_hw6__type_support.c
[672.457s] -- Installing: /home/amigo-pi/amigo_ros2_pi/install/ublox_msgs/include/ublox_msgs/ublox_msgs/msg/detail/nav_pvt7__rosidl_typesupport_introspection_c.h
[672.459s] -- Installing: /home/amigo-pi/amigo_ros2_pi/install/ublox_msgs/include/ublox_msgs/ublox_msgs/msg/detail/esf_raw_block__rosidl_typesupport_introspection_c.h
[672.460s] -- Installing: /home/amigo-pi/amigo_ros2_pi/install/ublox_msgs/include/ublox_msgs/ublox_msgs/msg/detail/cfg_gnss__rosidl_typesupport_introspection_c.h
[672.462s] -- Installing: /home/amigo-pi/amigo_ros2_pi/install/ublox_msgs/include/ublox_msgs/ublox_msgs/msg/detail/nav_status__type_support.c
[672.463s] -- Installing: /home/amigo-pi/amigo_ros2_pi/install/ublox_msgs/include/ublox_msgs/ublox_msgs/msg/detail/mon_hw__rosidl_typesupport_introspection_c.h
[672.464s] -- Installing: /home/amigo-pi/amigo_ros2_pi/install/ublox_msgs/include/ublox_msgs/ublox_msgs/msg/detail/cfg_rst__rosidl_typesupport_introspection_c.h
[672.465s] -- Installing: /home/amigo-pi/amigo_ros2_pi/install/ublox_msgs/include/ublox_msgs/ublox_msgs/msg/detail/mon_ver_extension__rosidl_typesupport_introspection_c.h
[672.467s] -- Installing: /home/amigo-pi/amigo_ros2_pi/install/ublox_msgs/include/ublox_msgs/ublox_msgs/msg/detail/cfg_navx5__type_support.c
[672.468s] -- Installing: /home/amigo-pi/amigo_ros2_pi/install/ublox_msgs/include/ublox_msgs/ublox_msgs/msg/detail/rxm_raw__type_support.c
[672.469s] -- Installing: /home/amigo-pi/amigo_ros2_pi/install/ublox_msgs/include/ublox_msgs/ublox_msgs/msg/detail/rxm_alm__rosidl_typesupport_introspection_c.h
[672.470s] -- Installing: /home/amigo-pi/amigo_ros2_pi/install/ublox_msgs/include/ublox_msgs/ublox_msgs/msg/detail/nav_sol__rosidl_typesupport_introspection_c.h
[672.472s] -- Installing: /home/amigo-pi/amigo_ros2_pi/install/ublox_msgs/include/ublox_msgs/ublox_msgs/msg/detail/nav_svin__rosidl_typesupport_introspection_c.h
[672.473s] -- Installing: /home/amigo-pi/amigo_ros2_pi/install/ublox_msgs/include/ublox_msgs/ublox_msgs/msg/detail/rxm_rawsv__rosidl_typesupport_introspection_c.h
[672.474s] -- Installing: /home/amigo-pi/amigo_ros2_pi/install/ublox_msgs/include/ublox_msgs/ublox_msgs/msg/detail/cfg_hnr__rosidl_typesupport_introspection_c.h
[672.475s] -- Installing: /home/amigo-pi/amigo_ros2_pi/install/ublox_msgs/include/ublox_msgs/ublox_msgs/msg/detail/nav_pvt__type_support.c
[672.477s] -- Installing: /home/amigo-pi/amigo_ros2_pi/install/ublox_msgs/include/ublox_msgs/ublox_msgs/msg/detail/cfg_gnss_block__rosidl_typesupport_introspection_c.h
[672.478s] -- Installing: /home/amigo-pi/amigo_ros2_pi/install/ublox_msgs/include/ublox_msgs/ublox_msgs/msg/detail/cfg_dgnss__type_support.c
[672.479s] -- Installing: /home/amigo-pi/amigo_ros2_pi/install/ublox_msgs/include/ublox_msgs/ublox_msgs/msg/detail/cfg_ant__type_support.c
[672.480s] -- Installing: /home/amigo-pi/amigo_ros2_pi/install/ublox_msgs/include/ublox_msgs/ublox_msgs/msg/detail/cfg_dat__rosidl_typesupport_introspection_c.h
[672.482s] -- Installing: /home/amigo-pi/amigo_ros2_pi/install/ublox_msgs/include/ublox_msgs/ublox_msgs/msg/detail/upd_sos_ack__rosidl_typesupport_introspection_c.h
[672.483s] -- Installing: /home/amigo-pi/amigo_ros2_pi/install/ublox_msgs/include/ublox_msgs/ublox_msgs/msg/detail/nav_pvt__rosidl_typesupport_introspection_c.h
[672.484s] -- Installing: /home/amigo-pi/amigo_ros2_pi/install/ublox_msgs/include/ublox_msgs/ublox_msgs/msg/detail/esf_status__type_support.c
[672.485s] -- Installing: /home/amigo-pi/amigo_ros2_pi/install/ublox_msgs/include/ublox_msgs/ublox_msgs/msg/detail/nav_svinfosv__rosidl_typesupport_introspection_c.h
[672.487s] -- Installing: /home/amigo-pi/amigo_ros2_pi/install/ublox_msgs/include/ublox_msgs/ublox_msgs/msg/detail/cfg_prt__type_support.c
[672.488s] -- Installing: /home/amigo-pi/amigo_ros2_pi/install/ublox_msgs/include/ublox_msgs/ublox_msgs/msg/detail/mon_gnss__type_support.c
[672.489s] -- Installing: /home/amigo-pi/amigo_ros2_pi/install/ublox_msgs/include/ublox_msgs/ublox_msgs/msg/detail/nav_relposned9__type_support.c
[672.490s] -- Installing: /home/amigo-pi/amigo_ros2_pi/install/ublox_msgs/include/ublox_msgs/ublox_msgs/msg/detail/cfg_hnr__type_support.c
[672.491s] -- Installing: /home/amigo-pi/amigo_ros2_pi/install/ublox_msgs/include/ublox_msgs/ublox_msgs/msg/detail/nav_posllh__rosidl_typesupport_introspection_c.h
[672.493s] -- Installing: /home/amigo-pi/amigo_ros2_pi/install/ublox_msgs/include/ublox_msgs/ublox_msgs/msg/detail/nav_svinfo__rosidl_typesupport_introspection_c.h
[672.494s] -- Installing: /home/amigo-pi/amigo_ros2_pi/install/ublox_msgs/include/ublox_msgs/ublox_msgs/msg/detail/mga_gal__type_support.c
[672.495s] -- Installing: /home/amigo-pi/amigo_ros2_pi/install/ublox_msgs/include/ublox_msgs/ublox_msgs/msg/detail/cfg_msg__type_support.c
[672.496s] -- Installing: /home/amigo-pi/amigo_ros2_pi/install/ublox_msgs/include/ublox_msgs/ublox_msgs/msg/detail/nav_sat__type_support.c
[672.498s] -- Installing: /home/amigo-pi/amigo_ros2_pi/install/ublox_msgs/include/ublox_msgs/ublox_msgs/msg/detail/nav_sbas__rosidl_typesupport_introspection_c.h
[672.499s] -- Installing: /home/amigo-pi/amigo_ros2_pi/install/ublox_msgs/include/ublox_msgs/ublox_msgs/msg/detail/cfg_nmea__type_support.c
[672.500s] -- Installing: /home/amigo-pi/amigo_ros2_pi/install/ublox_msgs/include/ublox_msgs/ublox_msgs/msg/detail/nav_relposned__rosidl_typesupport_introspection_c.h
[672.501s] -- Installing: /home/amigo-pi/amigo_ros2_pi/install/ublox_msgs/include/ublox_msgs/ublox_msgs/msg/detail/rxm_alm__type_support.c
[672.502s] -- Installing: /home/amigo-pi/amigo_ros2_pi/install/ublox_msgs/include/ublox_msgs/ublox_msgs/msg/detail/esf_status_sens__rosidl_typesupport_introspection_c.h
[672.504s] -- Installing: /home/amigo-pi/amigo_ros2_pi/install/ublox_msgs/include/ublox_msgs/ublox_msgs/msg/detail/mon_ver_extension__type_support.c
[672.505s] -- Installing: /home/amigo-pi/amigo_ros2_pi/install/ublox_msgs/include/ublox_msgs/ublox_msgs/msg/detail/mga_gal__rosidl_typesupport_introspection_c.h
[672.506s] -- Installing: /home/amigo-pi/amigo_ros2_pi/install/ublox_msgs/include/ublox_msgs/ublox_msgs/msg/detail/nav_posecef__rosidl_typesupport_introspection_c.h
[672.507s] -- Installing: /home/amigo-pi/amigo_ros2_pi/install/ublox_msgs/include/ublox_msgs/ublox_msgs/msg/detail/cfg_sbas__rosidl_typesupport_introspection_c.h
[672.508s] -- Installing: /home/amigo-pi/amigo_ros2_pi/install/ublox_msgs/include/ublox_msgs/ublox_msgs/msg/detail/tim_tm2__rosidl_typesupport_introspection_c.h
[672.510s] -- Installing: /home/amigo-pi/amigo_ros2_pi/install/ublox_msgs/include/ublox_msgs/ublox_msgs/msg/detail/esf_status_sens__type_support.c
[672.511s] -- Installing: /home/amigo-pi/amigo_ros2_pi/install/ublox_msgs/include/ublox_msgs/ublox_msgs/msg/detail/rxm_sfrbx__type_support.c
[672.512s] -- Installing: /home/amigo-pi/amigo_ros2_pi/install/ublox_msgs/include/ublox_msgs/ublox_msgs/msg/detail/cfg_prt__rosidl_typesupport_introspection_c.h
[672.513s] -- Installing: /home/amigo-pi/amigo_ros2_pi/install/ublox_msgs/include/ublox_msgs/ublox_msgs/msg/detail/nav_dgps__rosidl_typesupport_introspection_c.h
[672.514s] -- Installing: /home/amigo-pi/amigo_ros2_pi/install/ublox_msgs/include/ublox_msgs/ublox_msgs/msg/detail/upd_sos__rosidl_typesupport_introspection_c.h
[672.515s] -- Installing: /home/amigo-pi/amigo_ros2_pi/install/ublox_msgs/include/ublox_msgs/ublox_msgs/msg/detail/aid_alm__type_support.c
[672.517s] -- Installing: /home/amigo-pi/amigo_ros2_pi/install/ublox_msgs/include/ublox_msgs/ublox_msgs/msg/detail/cfg_rate__rosidl_typesupport_introspection_c.h
[672.518s] -- Installing: /home/amigo-pi/amigo_ros2_pi/install/ublox_msgs/include/ublox_msgs/ublox_msgs/msg/detail/nav_relposned__type_support.c
[672.519s] -- Installing: /home/amigo-pi/amigo_ros2_pi/install/ublox_msgs/include/ublox_msgs/ublox_msgs/msg/detail/nav_sat__rosidl_typesupport_introspection_c.h
[672.520s] -- Installing: /home/amigo-pi/amigo_ros2_pi/install/ublox_msgs/include/ublox_msgs/ublox_msgs/msg/detail/esf_ins__type_support.c
[672.521s] -- Installing: /home/amigo-pi/amigo_ros2_pi/install/ublox_msgs/include/ublox_msgs/ublox_msgs/msg/detail/nav_posecef__type_support.c
[672.523s] -- Installing: /home/amigo-pi/amigo_ros2_pi/install/ublox_msgs/include/ublox_msgs/ublox_msgs/msg/detail/cfg_gnss_block__type_support.c
[672.524s] -- Installing: /home/amigo-pi/amigo_ros2_pi/install/ublox_msgs/include/ublox_msgs/ublox_msgs/msg/detail/nav_posllh__type_support.c
[672.525s] -- Installing: /home/amigo-pi/amigo_ros2_pi/install/ublox_msgs/include/ublox_msgs/ublox_msgs/msg/detail/cfg_nav5__type_support.c
[672.526s] -- Installing: /home/amigo-pi/amigo_ros2_pi/install/ublox_msgs/include/ublox_msgs/ublox_msgs/msg/detail/hnr_pvt__rosidl_typesupport_introspection_c.h
[672.527s] -- Installing: /home/amigo-pi/amigo_ros2_pi/install/ublox_msgs/include/ublox_msgs/ublox_msgs/msg/detail/cfg_tmode3__rosidl_typesupport_introspection_c.h
[672.529s] -- Installing: /home/amigo-pi/amigo_ros2_pi/install/ublox_msgs/include/ublox_msgs/ublox_msgs/msg/detail/nav_dop__type_support.c
[672.530s] -- Installing: /home/amigo-pi/amigo_ros2_pi/install/ublox_msgs/include/ublox_msgs/ublox_msgs/msg/detail/cfg_msg__rosidl_typesupport_introspection_c.h
[672.531s] -- Installing: /home/amigo-pi/amigo_ros2_pi/install/ublox_msgs/include/ublox_msgs/ublox_msgs/msg/detail/esf_meas__type_support.c
[672.532s] -- Installing: /home/amigo-pi/amigo_ros2_pi/install/ublox_msgs/include/ublox_msgs/ublox_msgs/msg/detail/hnr_pvt__type_support.c
[672.534s] -- Installing: /home/amigo-pi/amigo_ros2_pi/install/ublox_msgs/include/ublox_msgs/ublox_msgs/msg/detail/nav_dop__rosidl_typesupport_introspection_c.h
[672.535s] -- Installing: /home/amigo-pi/amigo_ros2_pi/install/ublox_msgs/include/ublox_msgs/ublox_msgs/msg/detail/nav_clock__type_support.c
[672.536s] -- Installing: /home/amigo-pi/amigo_ros2_pi/install/ublox_msgs/include/ublox_msgs/ublox_msgs/msg/detail/cfg_inf__type_support.c
[672.537s] -- Installing: /home/amigo-pi/amigo_ros2_pi/install/ublox_msgs/include/ublox_msgs/ublox_msgs/msg/detail/cfg_sbas__type_support.c
[672.538s] -- Installing: /home/amigo-pi/amigo_ros2_pi/install/ublox_msgs/include/ublox_msgs/ublox_msgs/msg/detail/mon_ver__type_support.c
[672.540s] -- Installing: /home/amigo-pi/amigo_ros2_pi/install/ublox_msgs/include/ublox_msgs/ublox_msgs/msg/detail/esf_raw__rosidl_typesupport_introspection_c.h
[672.541s] -- Installing: /home/amigo-pi/amigo_ros2_pi/install/ublox_msgs/include/ublox_msgs/ublox_msgs/msg/detail/cfg_tmode3__type_support.c
[672.542s] -- Installing: /home/amigo-pi/amigo_ros2_pi/install/ublox_msgs/include/ublox_msgs/ublox_msgs/msg/detail/rxm_rawsv__type_support.c
[672.543s] -- Installing: /home/amigo-pi/amigo_ros2_pi/install/ublox_msgs/include/ublox_msgs/ublox_msgs/msg/detail/rxm_eph__type_support.c
[672.544s] -- Installing: /home/amigo-pi/amigo_ros2_pi/install/ublox_msgs/include/ublox_msgs/ublox_msgs/msg/detail/rxm_sfrb__type_support.c
[672.546s] -- Installing: /home/amigo-pi/amigo_ros2_pi/install/ublox_msgs/include/ublox_msgs/ublox_msgs/msg/detail/nav_sbassv__rosidl_typesupport_introspection_c.h
[672.547s] -- Installing: /home/amigo-pi/amigo_ros2_pi/install/ublox_msgs/include/ublox_msgs/ublox_msgs/msg/detail/esf_status__rosidl_typesupport_introspection_c.h
[672.548s] -- Installing: /home/amigo-pi/amigo_ros2_pi/install/ublox_msgs/include/ublox_msgs/ublox_msgs/msg/detail/aid_hui__rosidl_typesupport_introspection_c.h
[672.549s] -- Installing: /home/amigo-pi/amigo_ros2_pi/install/ublox_msgs/include/ublox_msgs/ublox_msgs/msg/detail/nav_dgpssv__rosidl_typesupport_introspection_c.h
[672.550s] -- Installing: /home/amigo-pi/amigo_ros2_pi/install/ublox_msgs/include/ublox_msgs/ublox_msgs/msg/detail/nav_pvt7__type_support.c
[672.552s] -- Installing: /home/amigo-pi/amigo_ros2_pi/install/ublox_msgs/include/ublox_msgs/ublox_msgs/msg/detail/cfg_dat__type_support.c
[672.553s] -- Installing: /home/amigo-pi/amigo_ros2_pi/install/ublox_msgs/include/ublox_msgs/ublox_msgs/msg/detail/cfg_nmea__rosidl_typesupport_introspection_c.h
[672.554s] -- Installing: /home/amigo-pi/amigo_ros2_pi/install/ublox_msgs/include/ublox_msgs/ublox_msgs/msg/detail/rxm_rawx__rosidl_typesupport_introspection_c.h
[672.556s] -- Installing: /home/amigo-pi/amigo_ros2_pi/install/ublox_msgs/include/ublox_msgs/ublox_msgs/msg/detail/nav_satsv__rosidl_typesupport_introspection_c.h
[672.557s] -- Installing: /home/amigo-pi/amigo_ros2_pi/install/ublox_msgs/include/ublox_msgs/ublox_msgs/msg/detail/nav_velecef__type_support.c
[672.559s] -- Installing: /home/amigo-pi/amigo_ros2_pi/install/ublox_msgs/include/ublox_msgs/ublox_msgs/msg/detail/cfg_nmea7__type_support.c
[672.561s] -- Installing: /home/amigo-pi/amigo_ros2_pi/install/ublox_msgs/include/ublox_msgs/ublox_msgs/msg/detail/cfg_navx5__rosidl_typesupport_introspection_c.h
[672.562s] -- Installing: /home/amigo-pi/amigo_ros2_pi/install/ublox_msgs/include/ublox_msgs/ublox_msgs/msg/detail/cfg_nmea6__type_support.c
[672.564s] -- Installing: /home/amigo-pi/amigo_ros2_pi/install/ublox_msgs/include/ublox_msgs/ublox_msgs/msg/rosidl_typesupport_introspection_c__visibility_control.h
[672.566s] -- Installing: /home/amigo-pi/amigo_ros2_pi/install/ublox_msgs/lib/libublox_msgs__rosidl_typesupport_introspection_c.so
[672.572s] -- Set runtime path of "/home/amigo-pi/amigo_ros2_pi/install/ublox_msgs/lib/libublox_msgs__rosidl_typesupport_introspection_c.so" to ""
[672.572s] -- Installing: /home/amigo-pi/amigo_ros2_pi/install/ublox_msgs/lib/libublox_msgs__rosidl_typesupport_c.so
[672.576s] -- Set runtime path of "/home/amigo-pi/amigo_ros2_pi/install/ublox_msgs/lib/libublox_msgs__rosidl_typesupport_c.so" to ""
[672.576s] -- Up-to-date: /home/amigo-pi/amigo_ros2_pi/install/ublox_msgs/include/ublox_msgs/ublox_msgs
[672.577s] -- Up-to-date: /home/amigo-pi/amigo_ros2_pi/install/ublox_msgs/include/ublox_msgs/ublox_msgs/msg
[672.578s] -- Installing: /home/amigo-pi/amigo_ros2_pi/install/ublox_msgs/include/ublox_msgs/ublox_msgs/msg/rosidl_generator_cpp__visibility_control.hpp
[672.579s] -- Installing: /home/amigo-pi/amigo_ros2_pi/install/ublox_msgs/include/ublox_msgs/ublox_msgs/msg/cfg_navx5.hpp
[672.580s] -- Installing: /home/amigo-pi/amigo_ros2_pi/install/ublox_msgs/include/ublox_msgs/ublox_msgs/msg/mon_ver.hpp
[672.581s] -- Installing: /home/amigo-pi/amigo_ros2_pi/install/ublox_msgs/include/ublox_msgs/ublox_msgs/msg/rxm_raw.hpp
[672.582s] -- Installing: /home/amigo-pi/amigo_ros2_pi/install/ublox_msgs/include/ublox_msgs/ublox_msgs/msg/mon_hw.hpp
[672.583s] -- Installing: /home/amigo-pi/amigo_ros2_pi/install/ublox_msgs/include/ublox_msgs/ublox_msgs/msg/nav_velecef.hpp
[672.584s] -- Installing: /home/amigo-pi/amigo_ros2_pi/install/ublox_msgs/include/ublox_msgs/ublox_msgs/msg/mon_gnss.hpp
[672.585s] -- Installing: /home/amigo-pi/amigo_ros2_pi/install/ublox_msgs/include/ublox_msgs/ublox_msgs/msg/aid_alm.hpp
[672.586s] -- Installing: /home/amigo-pi/amigo_ros2_pi/install/ublox_msgs/include/ublox_msgs/ublox_msgs/msg/cfg_tmode3.hpp
[672.587s] -- Installing: /home/amigo-pi/amigo_ros2_pi/install/ublox_msgs/include/ublox_msgs/ublox_msgs/msg/esf_status.hpp
[672.588s] -- Installing: /home/amigo-pi/amigo_ros2_pi/install/ublox_msgs/include/ublox_msgs/ublox_msgs/msg/nav_svinfosv.hpp
[672.589s] -- Installing: /home/amigo-pi/amigo_ros2_pi/install/ublox_msgs/include/ublox_msgs/ublox_msgs/msg/rxm_eph.hpp
[672.590s] -- Installing: /home/amigo-pi/amigo_ros2_pi/install/ublox_msgs/include/ublox_msgs/ublox_msgs/msg/nav_timeutc.hpp
[672.592s] -- Installing: /home/amigo-pi/amigo_ros2_pi/install/ublox_msgs/include/ublox_msgs/ublox_msgs/msg/nav_posllh.hpp
[672.593s] -- Installing: /home/amigo-pi/amigo_ros2_pi/install/ublox_msgs/include/ublox_msgs/ublox_msgs/msg/esf_raw_block.hpp
[672.594s] -- Installing: /home/amigo-pi/amigo_ros2_pi/install/ublox_msgs/include/ublox_msgs/ublox_msgs/msg/nav_pvt.hpp
[672.595s] -- Installing: /home/amigo-pi/amigo_ros2_pi/install/ublox_msgs/include/ublox_msgs/ublox_msgs/msg/cfg_cfg.hpp
[672.596s] -- Installing: /home/amigo-pi/amigo_ros2_pi/install/ublox_msgs/include/ublox_msgs/ublox_msgs/msg/cfg_gnss_block.hpp
[672.597s] -- Installing: /home/amigo-pi/amigo_ros2_pi/install/ublox_msgs/include/ublox_msgs/ublox_msgs/msg/nav_dgpssv.hpp
[672.598s] -- Installing: /home/amigo-pi/amigo_ros2_pi/install/ublox_msgs/include/ublox_msgs/ublox_msgs/msg/tim_tm2.hpp
[672.599s] -- Installing: /home/amigo-pi/amigo_ros2_pi/install/ublox_msgs/include/ublox_msgs/ublox_msgs/msg/cfg_ant.hpp
[672.600s] -- Installing: /home/amigo-pi/amigo_ros2_pi/install/ublox_msgs/include/ublox_msgs/ublox_msgs/msg/mga_gal.hpp
[672.601s] -- Installing: /home/amigo-pi/amigo_ros2_pi/install/ublox_msgs/include/ublox_msgs/ublox_msgs/msg/nav_timegps.hpp
[672.602s] -- Installing: /home/amigo-pi/amigo_ros2_pi/install/ublox_msgs/include/ublox_msgs/ublox_msgs/msg/nav_clock.hpp
[672.603s] -- Installing: /home/amigo-pi/amigo_ros2_pi/install/ublox_msgs/include/ublox_msgs/ublox_msgs/msg/cfg_dgnss.hpp
[672.604s] -- Installing: /home/amigo-pi/amigo_ros2_pi/install/ublox_msgs/include/ublox_msgs/ublox_msgs/msg/cfg_sbas.hpp
[672.605s] -- Installing: /home/amigo-pi/amigo_ros2_pi/install/ublox_msgs/include/ublox_msgs/ublox_msgs/msg/aid_eph.hpp
[672.606s] -- Installing: /home/amigo-pi/amigo_ros2_pi/install/ublox_msgs/include/ublox_msgs/ublox_msgs/msg/esf_raw.hpp
[672.607s] -- Installing: /home/amigo-pi/amigo_ros2_pi/install/ublox_msgs/include/ublox_msgs/ublox_msgs/msg/cfg_usb.hpp
[672.608s] -- Installing: /home/amigo-pi/amigo_ros2_pi/install/ublox_msgs/include/ublox_msgs/ublox_msgs/msg/inf.hpp
[672.609s] -- Installing: /home/amigo-pi/amigo_ros2_pi/install/ublox_msgs/include/ublox_msgs/ublox_msgs/msg/rxm_rawx.hpp
[672.610s] -- Installing: /home/amigo-pi/amigo_ros2_pi/install/ublox_msgs/include/ublox_msgs/ublox_msgs/msg/esf_meas.hpp
[672.611s] -- Installing: /home/amigo-pi/amigo_ros2_pi/install/ublox_msgs/include/ublox_msgs/ublox_msgs/msg/cfg_nav5.hpp
[672.612s] -- Installing: /home/amigo-pi/amigo_ros2_pi/install/ublox_msgs/include/ublox_msgs/ublox_msgs/msg/nav_pvt7.hpp
[672.613s] -- Installing: /home/amigo-pi/amigo_ros2_pi/install/ublox_msgs/include/ublox_msgs/ublox_msgs/msg/cfg_prt.hpp
[672.614s] -- Installing: /home/amigo-pi/amigo_ros2_pi/install/ublox_msgs/include/ublox_msgs/ublox_msgs/msg/cfg_gnss.hpp
[672.615s] -- Installing: /home/amigo-pi/amigo_ros2_pi/install/ublox_msgs/include/ublox_msgs/ublox_msgs/msg/mon_ver_extension.hpp
[672.616s] -- Installing: /home/amigo-pi/amigo_ros2_pi/install/ublox_msgs/include/ublox_msgs/ublox_msgs/msg/rxm_svsisv.hpp
[672.617s] -- Installing: /home/amigo-pi/amigo_ros2_pi/install/ublox_msgs/include/ublox_msgs/ublox_msgs/msg/upd_sos_ack.hpp
[672.618s] -- Installing: /home/amigo-pi/amigo_ros2_pi/install/ublox_msgs/include/ublox_msgs/ublox_msgs/msg/nav_satsv.hpp
[672.619s] -- Installing: /home/amigo-pi/amigo_ros2_pi/install/ublox_msgs/include/ublox_msgs/ublox_msgs/msg/rxm_rawsv.hpp
[672.620s] -- Installing: /home/amigo-pi/amigo_ros2_pi/install/ublox_msgs/include/ublox_msgs/ublox_msgs/msg/hnr_pvt.hpp
[672.621s] -- Installing: /home/amigo-pi/amigo_ros2_pi/install/ublox_msgs/include/ublox_msgs/ublox_msgs/msg/cfg_nmea.hpp
[672.622s] -- Installing: /home/amigo-pi/amigo_ros2_pi/install/ublox_msgs/include/ublox_msgs/ublox_msgs/msg/nav_dgps.hpp
[672.623s] -- Installing: /home/amigo-pi/amigo_ros2_pi/install/ublox_msgs/include/ublox_msgs/ublox_msgs/msg/cfg_hnr.hpp
[672.624s] -- Installing: /home/amigo-pi/amigo_ros2_pi/install/ublox_msgs/include/ublox_msgs/ublox_msgs/msg/nav_relposned.hpp
[672.625s] -- Installing: /home/amigo-pi/amigo_ros2_pi/install/ublox_msgs/include/ublox_msgs/ublox_msgs/msg/nav_svin.hpp
[672.626s] -- Installing: /home/amigo-pi/amigo_ros2_pi/install/ublox_msgs/include/ublox_msgs/ublox_msgs/msg/cfg_rate.hpp
[672.627s] -- Installing: /home/amigo-pi/amigo_ros2_pi/install/ublox_msgs/include/ublox_msgs/ublox_msgs/msg/nav_posecef.hpp
[672.628s] -- Installing: /home/amigo-pi/amigo_ros2_pi/install/ublox_msgs/include/ublox_msgs/ublox_msgs/msg/rxm_sfrb.hpp
[672.629s] -- Installing: /home/amigo-pi/amigo_ros2_pi/install/ublox_msgs/include/ublox_msgs/ublox_msgs/msg/nav_dop.hpp
[672.630s] -- Installing: /home/amigo-pi/amigo_ros2_pi/install/ublox_msgs/include/ublox_msgs/ublox_msgs/msg/esf_ins.hpp
[672.631s] -- Installing: /home/amigo-pi/amigo_ros2_pi/install/ublox_msgs/include/ublox_msgs/ublox_msgs/msg/cfg_inf_block.hpp
[672.632s] -- Up-to-date: /home/amigo-pi/amigo_ros2_pi/install/ublox_msgs/include/ublox_msgs/ublox_msgs/msg/detail
[672.635s] -- Installing: /home/amigo-pi/amigo_ros2_pi/install/ublox_msgs/include/ublox_msgs/ublox_msgs/msg/detail/nav_sbas__struct.hpp
[672.636s] -- Installing: /home/amigo-pi/amigo_ros2_pi/install/ublox_msgs/include/ublox_msgs/ublox_msgs/msg/detail/rxm_raw__struct.hpp
[672.638s] -- Installing: /home/amigo-pi/amigo_ros2_pi/install/ublox_msgs/include/ublox_msgs/ublox_msgs/msg/detail/mon_hw__struct.hpp
[672.639s] -- Installing: /home/amigo-pi/amigo_ros2_pi/install/ublox_msgs/include/ublox_msgs/ublox_msgs/msg/detail/aid_alm__traits.hpp
[672.640s] -- Installing: /home/amigo-pi/amigo_ros2_pi/install/ublox_msgs/include/ublox_msgs/ublox_msgs/msg/detail/rxm_rawx__struct.hpp
[672.641s] -- Installing: /home/amigo-pi/amigo_ros2_pi/install/ublox_msgs/include/ublox_msgs/ublox_msgs/msg/detail/upd_sos__struct.hpp
[672.642s] -- Installing: /home/amigo-pi/amigo_ros2_pi/install/ublox_msgs/include/ublox_msgs/ublox_msgs/msg/detail/nav_att__type_support.hpp
[672.643s] -- Installing: /home/amigo-pi/amigo_ros2_pi/install/ublox_msgs/include/ublox_msgs/ublox_msgs/msg/detail/mon_hw6__traits.hpp
[672.645s] -- Installing: /home/amigo-pi/amigo_ros2_pi/install/ublox_msgs/include/ublox_msgs/ublox_msgs/msg/detail/nav_posllh__type_support.hpp
[672.646s] -- Installing: /home/amigo-pi/amigo_ros2_pi/install/ublox_msgs/include/ublox_msgs/ublox_msgs/msg/detail/cfg_gnss__builder.hpp
[672.647s] -- Installing: /home/amigo-pi/amigo_ros2_pi/install/ublox_msgs/include/ublox_msgs/ublox_msgs/msg/detail/cfg_rate__struct.hpp
[672.648s] -- Installing: /home/amigo-pi/amigo_ros2_pi/install/ublox_msgs/include/ublox_msgs/ublox_msgs/msg/detail/nav_relposned9__builder.hpp
[672.649s] -- Installing: /home/amigo-pi/amigo_ros2_pi/install/ublox_msgs/include/ublox_msgs/ublox_msgs/msg/detail/esf_raw__builder.hpp
[672.650s] -- Installing: /home/amigo-pi/amigo_ros2_pi/install/ublox_msgs/include/ublox_msgs/ublox_msgs/msg/detail/esf_raw_block__type_support.hpp
[672.651s] -- Installing: /home/amigo-pi/amigo_ros2_pi/install/ublox_msgs/include/ublox_msgs/ublox_msgs/msg/detail/nav_relposned__builder.hpp
[672.652s] -- Installing: /home/amigo-pi/amigo_ros2_pi/install/ublox_msgs/include/ublox_msgs/ublox_msgs/msg/detail/cfg_gnss__traits.hpp
[672.653s] -- Installing: /home/amigo-pi/amigo_ros2_pi/install/ublox_msgs/include/ublox_msgs/ublox_msgs/msg/detail/cfg_nmea6__struct.hpp
[672.655s] -- Installing: /home/amigo-pi/amigo_ros2_pi/install/ublox_msgs/include/ublox_msgs/ublox_msgs/msg/detail/ack__type_support.hpp
[672.656s] -- Installing: /home/amigo-pi/amigo_ros2_pi/install/ublox_msgs/include/ublox_msgs/ublox_msgs/msg/detail/ack__traits.hpp
[672.657s] -- Installing: /home/amigo-pi/amigo_ros2_pi/install/ublox_msgs/include/ublox_msgs/ublox_msgs/msg/detail/nav_pvt__builder.hpp
[672.659s] -- Installing: /home/amigo-pi/amigo_ros2_pi/install/ublox_msgs/include/ublox_msgs/ublox_msgs/msg/detail/esf_status_sens__type_support.hpp
[672.661s] -- Installing: /home/amigo-pi/amigo_ros2_pi/install/ublox_msgs/include/ublox_msgs/ublox_msgs/msg/detail/rxm_svsi__traits.hpp
[672.662s] -- Installing: /home/amigo-pi/amigo_ros2_pi/install/ublox_msgs/include/ublox_msgs/ublox_msgs/msg/detail/rxm_alm__builder.hpp
[672.663s] -- Installing: /home/amigo-pi/amigo_ros2_pi/install/ublox_msgs/include/ublox_msgs/ublox_msgs/msg/detail/upd_sos_ack__traits.hpp
[672.664s] -- Installing: /home/amigo-pi/amigo_ros2_pi/install/ublox_msgs/include/ublox_msgs/ublox_msgs/msg/detail/nav_pvt7__builder.hpp
[672.666s] -- Installing: /home/amigo-pi/amigo_ros2_pi/install/ublox_msgs/include/ublox_msgs/ublox_msgs/msg/detail/rxm_rawx__builder.hpp
[672.667s] -- Installing: /home/amigo-pi/amigo_ros2_pi/install/ublox_msgs/include/ublox_msgs/ublox_msgs/msg/detail/cfg_hnr__struct.hpp
[672.668s] -- Installing: /home/amigo-pi/amigo_ros2_pi/install/ublox_msgs/include/ublox_msgs/ublox_msgs/msg/detail/nav_dgps__builder.hpp
[672.669s] -- Installing: /home/amigo-pi/amigo_ros2_pi/install/ublox_msgs/include/ublox_msgs/ublox_msgs/msg/detail/cfg_nmea7__struct.hpp
[672.670s] -- Installing: /home/amigo-pi/amigo_ros2_pi/install/ublox_msgs/include/ublox_msgs/ublox_msgs/msg/detail/nav_att__traits.hpp
[672.671s] -- Installing: /home/amigo-pi/amigo_ros2_pi/install/ublox_msgs/include/ublox_msgs/ublox_msgs/msg/detail/nav_relposned__traits.hpp
[672.673s] -- Installing: /home/amigo-pi/amigo_ros2_pi/install/ublox_msgs/include/ublox_msgs/ublox_msgs/msg/detail/rxm_alm__struct.hpp
[672.674s] -- Installing: /home/amigo-pi/amigo_ros2_pi/install/ublox_msgs/include/ublox_msgs/ublox_msgs/msg/detail/rxm_sfrbx__struct.hpp
[672.675s] -- Installing: /home/amigo-pi/amigo_ros2_pi/install/ublox_msgs/include/ublox_msgs/ublox_msgs/msg/detail/cfg_prt__traits.hpp
[672.676s] -- Installing: /home/amigo-pi/amigo_ros2_pi/install/ublox_msgs/include/ublox_msgs/ublox_msgs/msg/detail/nav_pvt__struct.hpp
[672.677s] -- Installing: /home/amigo-pi/amigo_ros2_pi/install/ublox_msgs/include/ublox_msgs/ublox_msgs/msg/detail/esf_meas__builder.hpp
[672.678s] -- Installing: /home/amigo-pi/amigo_ros2_pi/install/ublox_msgs/include/ublox_msgs/ublox_msgs/msg/detail/nav_timeutc__type_support.hpp
[672.679s] -- Installing: /home/amigo-pi/amigo_ros2_pi/install/ublox_msgs/include/ublox_msgs/ublox_msgs/msg/detail/cfg_rst__builder.hpp
[672.681s] -- Installing: /home/amigo-pi/amigo_ros2_pi/install/ublox_msgs/include/ublox_msgs/ublox_msgs/msg/detail/cfg_inf_block__type_support.hpp
[672.682s] -- Installing: /home/amigo-pi/amigo_ros2_pi/install/ublox_msgs/include/ublox_msgs/ublox_msgs/msg/detail/nav_timeutc__struct.hpp
[672.683s] -- Installing: /home/amigo-pi/amigo_ros2_pi/install/ublox_msgs/include/ublox_msgs/ublox_msgs/msg/detail/mon_gnss__builder.hpp
[672.684s] -- Installing: /home/amigo-pi/amigo_ros2_pi/install/ublox_msgs/include/ublox_msgs/ublox_msgs/msg/detail/cfg_usb__traits.hpp
[672.685s] -- Installing: /home/amigo-pi/amigo_ros2_pi/install/ublox_msgs/include/ublox_msgs/ublox_msgs/msg/detail/cfg_dgnss__struct.hpp
[672.686s] -- Installing: /home/amigo-pi/amigo_ros2_pi/install/ublox_msgs/include/ublox_msgs/ublox_msgs/msg/detail/cfg_nmea7__type_support.hpp
[672.687s] -- Installing: /home/amigo-pi/amigo_ros2_pi/install/ublox_msgs/include/ublox_msgs/ublox_msgs/msg/detail/esf_status__traits.hpp
[672.688s] -- Installing: /home/amigo-pi/amigo_ros2_pi/install/ublox_msgs/include/ublox_msgs/ublox_msgs/msg/detail/rxm_rawx_meas__type_support.hpp
[672.689s] -- Installing: /home/amigo-pi/amigo_ros2_pi/install/ublox_msgs/include/ublox_msgs/ublox_msgs/msg/detail/nav_sat__traits.hpp
[672.691s] -- Installing: /home/amigo-pi/amigo_ros2_pi/install/ublox_msgs/include/ublox_msgs/ublox_msgs/msg/detail/cfg_hnr__builder.hpp
[672.692s] -- Installing: /home/amigo-pi/amigo_ros2_pi/install/ublox_msgs/include/ublox_msgs/ublox_msgs/msg/detail/esf_meas__type_support.hpp
[672.693s] -- Installing: /home/amigo-pi/amigo_ros2_pi/install/ublox_msgs/include/ublox_msgs/ublox_msgs/msg/detail/rxm_eph__struct.hpp
[672.694s] -- Installing: /home/amigo-pi/amigo_ros2_pi/install/ublox_msgs/include/ublox_msgs/ublox_msgs/msg/detail/rxm_sfrb__struct.hpp
[672.695s] -- Installing: /home/amigo-pi/amigo_ros2_pi/install/ublox_msgs/include/ublox_msgs/ublox_msgs/msg/detail/nav_status__builder.hpp
[672.696s] -- Installing: /home/amigo-pi/amigo_ros2_pi/install/ublox_msgs/include/ublox_msgs/ublox_msgs/msg/detail/rxm_eph__builder.hpp
[672.697s] -- Installing: /home/amigo-pi/amigo_ros2_pi/install/ublox_msgs/include/ublox_msgs/ublox_msgs/msg/detail/rxm_svsisv__type_support.hpp
[672.698s] -- Installing: /home/amigo-pi/amigo_ros2_pi/install/ublox_msgs/include/ublox_msgs/ublox_msgs/msg/detail/esf_ins__struct.hpp
[672.699s] -- Installing: /home/amigo-pi/amigo_ros2_pi/install/ublox_msgs/include/ublox_msgs/ublox_msgs/msg/detail/mon_ver__builder.hpp
[672.700s] -- Installing: /home/amigo-pi/amigo_ros2_pi/install/ublox_msgs/include/ublox_msgs/ublox_msgs/msg/detail/cfg_nmea6__traits.hpp
[672.702s] -- Installing: /home/amigo-pi/amigo_ros2_pi/install/ublox_msgs/include/ublox_msgs/ublox_msgs/msg/detail/hnr_pvt__type_support.hpp
[672.703s] -- Installing: /home/amigo-pi/amigo_ros2_pi/install/ublox_msgs/include/ublox_msgs/ublox_msgs/msg/detail/nav_dgps__struct.hpp
[672.704s] -- Installing: /home/amigo-pi/amigo_ros2_pi/install/ublox_msgs/include/ublox_msgs/ublox_msgs/msg/detail/cfg_navx5__builder.hpp
[672.705s] -- Installing: /home/amigo-pi/amigo_ros2_pi/install/ublox_msgs/include/ublox_msgs/ublox_msgs/msg/detail/rxm_rawsv__builder.hpp
[672.706s] -- Installing: /home/amigo-pi/amigo_ros2_pi/install/ublox_msgs/include/ublox_msgs/ublox_msgs/msg/detail/nav_svin__builder.hpp
[672.707s] -- Installing: /home/amigo-pi/amigo_ros2_pi/install/ublox_msgs/include/ublox_msgs/ublox_msgs/msg/detail/cfg_rate__builder.hpp
[672.708s] -- Installing: /home/amigo-pi/amigo_ros2_pi/install/ublox_msgs/include/ublox_msgs/ublox_msgs/msg/detail/nav_velecef__type_support.hpp
[672.709s] -- Installing: /home/amigo-pi/amigo_ros2_pi/install/ublox_msgs/include/ublox_msgs/ublox_msgs/msg/detail/rxm_sfrbx__builder.hpp
[672.710s] -- Installing: /home/amigo-pi/amigo_ros2_pi/install/ublox_msgs/include/ublox_msgs/ublox_msgs/msg/detail/cfg_tmode3__builder.hpp
[672.711s] -- Installing: /home/amigo-pi/amigo_ros2_pi/install/ublox_msgs/include/ublox_msgs/ublox_msgs/msg/detail/nav_dgps__type_support.hpp
[672.712s] -- Installing: /home/amigo-pi/amigo_ros2_pi/install/ublox_msgs/include/ublox_msgs/ublox_msgs/msg/detail/nav_svinfo__traits.hpp
[672.713s] -- Installing: /home/amigo-pi/amigo_ros2_pi/install/ublox_msgs/include/ublox_msgs/ublox_msgs/msg/detail/upd_sos_ack__builder.hpp
[672.715s] -- Installing: /home/amigo-pi/amigo_ros2_pi/install/ublox_msgs/include/ublox_msgs/ublox_msgs/msg/detail/cfg_rate__type_support.hpp
[672.716s] -- Installing: /home/amigo-pi/amigo_ros2_pi/install/ublox_msgs/include/ublox_msgs/ublox_msgs/msg/detail/esf_raw__struct.hpp
[672.717s] -- Installing: /home/amigo-pi/amigo_ros2_pi/install/ublox_msgs/include/ublox_msgs/ublox_msgs/msg/detail/nav_timegps__traits.hpp
[672.718s] -- Installing: /home/amigo-pi/amigo_ros2_pi/install/ublox_msgs/include/ublox_msgs/ublox_msgs/msg/detail/esf_status_sens__traits.hpp
[672.719s] -- Installing: /home/amigo-pi/amigo_ros2_pi/install/ublox_msgs/include/ublox_msgs/ublox_msgs/msg/detail/nav_timegps__type_support.hpp
[672.720s] -- Installing: /home/amigo-pi/amigo_ros2_pi/install/ublox_msgs/include/ublox_msgs/ublox_msgs/msg/detail/aid_alm__builder.hpp
[672.721s] -- Installing: /home/amigo-pi/amigo_ros2_pi/install/ublox_msgs/include/ublox_msgs/ublox_msgs/msg/detail/cfg_gnss_block__type_support.hpp
[672.727s] -- Installing: /home/amigo-pi/amigo_ros2_pi/install/ublox_msgs/include/ublox_msgs/ublox_msgs/msg/detail/rxm_svsisv__builder.hpp
[672.729s] -- Installing: /home/amigo-pi/amigo_ros2_pi/install/ublox_msgs/include/ublox_msgs/ublox_msgs/msg/detail/rxm_sfrb__builder.hpp
[672.729s] -- Installing: /home/amigo-pi/amigo_ros2_pi/install/ublox_msgs/include/ublox_msgs/ublox_msgs/msg/detail/mga_gal__type_support.hpp
[672.731s] -- Installing: /home/amigo-pi/amigo_ros2_pi/install/ublox_msgs/include/ublox_msgs/ublox_msgs/msg/detail/cfg_rst__type_support.hpp
[672.732s] -- Installing: /home/amigo-pi/amigo_ros2_pi/install/ublox_msgs/include/ublox_msgs/ublox_msgs/msg/detail/rxm_rtcm__builder.hpp
[672.733s] -- Installing: /home/amigo-pi/amigo_ros2_pi/install/ublox_msgs/include/ublox_msgs/ublox_msgs/msg/detail/mon_gnss__type_support.hpp
[672.734s] -- Installing: /home/amigo-pi/amigo_ros2_pi/install/ublox_msgs/include/ublox_msgs/ublox_msgs/msg/detail/cfg_dat__type_support.hpp
[672.735s] -- Installing: /home/amigo-pi/amigo_ros2_pi/install/ublox_msgs/include/ublox_msgs/ublox_msgs/msg/detail/nav_dop__struct.hpp
[672.737s] -- Installing: /home/amigo-pi/amigo_ros2_pi/install/ublox_msgs/include/ublox_msgs/ublox_msgs/msg/detail/rxm_rawsv__traits.hpp
[672.738s] -- Installing: /home/amigo-pi/amigo_ros2_pi/install/ublox_msgs/include/ublox_msgs/ublox_msgs/msg/detail/esf_status_sens__builder.hpp
[672.739s] -- Installing: /home/amigo-pi/amigo_ros2_pi/install/ublox_msgs/include/ublox_msgs/ublox_msgs/msg/detail/nav_posecef__type_support.hpp
[672.741s] -- Installing: /home/amigo-pi/amigo_ros2_pi/install/ublox_msgs/include/ublox_msgs/ublox_msgs/msg/detail/aid_alm__type_support.hpp
[672.742s] -- Installing: /home/amigo-pi/amigo_ros2_pi/install/ublox_msgs/include/ublox_msgs/ublox_msgs/msg/detail/upd_sos__type_support.hpp
[672.743s] -- Installing: /home/amigo-pi/amigo_ros2_pi/install/ublox_msgs/include/ublox_msgs/ublox_msgs/msg/detail/nav_timeutc__builder.hpp
[672.745s] -- Installing: /home/amigo-pi/amigo_ros2_pi/install/ublox_msgs/include/ublox_msgs/ublox_msgs/msg/detail/nav_posecef__builder.hpp
[672.746s] -- Installing: /home/amigo-pi/amigo_ros2_pi/install/ublox_msgs/include/ublox_msgs/ublox_msgs/msg/detail/esf_raw_block__builder.hpp
[672.747s] -- Installing: /home/amigo-pi/amigo_ros2_pi/install/ublox_msgs/include/ublox_msgs/ublox_msgs/msg/detail/nav_sbassv__traits.hpp
[672.749s] -- Installing: /home/amigo-pi/amigo_ros2_pi/install/ublox_msgs/include/ublox_msgs/ublox_msgs/msg/detail/nav_posecef__struct.hpp
[672.750s] -- Installing: /home/amigo-pi/amigo_ros2_pi/install/ublox_msgs/include/ublox_msgs/ublox_msgs/msg/detail/cfg_gnss_block__builder.hpp
[672.751s] -- Installing: /home/amigo-pi/amigo_ros2_pi/install/ublox_msgs/include/ublox_msgs/ublox_msgs/msg/detail/mon_ver__traits.hpp
[672.752s] -- Installing: /home/amigo-pi/amigo_ros2_pi/install/ublox_msgs/include/ublox_msgs/ublox_msgs/msg/detail/upd_sos__builder.hpp
[672.753s] -- Installing: /home/amigo-pi/amigo_ros2_pi/install/ublox_msgs/include/ublox_msgs/ublox_msgs/msg/detail/esf_ins__type_support.hpp
[672.754s] -- Installing: /home/amigo-pi/amigo_ros2_pi/install/ublox_msgs/include/ublox_msgs/ublox_msgs/msg/detail/cfg_nav5__builder.hpp
[672.755s] -- Installing: /home/amigo-pi/amigo_ros2_pi/install/ublox_msgs/include/ublox_msgs/ublox_msgs/msg/detail/rxm_rtcm__type_support.hpp
[672.757s] -- Installing: /home/amigo-pi/amigo_ros2_pi/install/ublox_msgs/include/ublox_msgs/ublox_msgs/msg/detail/cfg_inf_block__builder.hpp
[672.758s] -- Installing: /home/amigo-pi/amigo_ros2_pi/install/ublox_msgs/include/ublox_msgs/ublox_msgs/msg/detail/cfg_cfg__type_support.hpp
[672.760s] -- Installing: /home/amigo-pi/amigo_ros2_pi/install/ublox_msgs/include/ublox_msgs/ublox_msgs/msg/detail/nav_sbassv__type_support.hpp
[672.761s] -- Installing: /home/amigo-pi/amigo_ros2_pi/install/ublox_msgs/include/ublox_msgs/ublox_msgs/msg/detail/cfg_sbas__type_support.hpp
[672.763s] -- Installing: /home/amigo-pi/amigo_ros2_pi/install/ublox_msgs/include/ublox_msgs/ublox_msgs/msg/detail/nav_svinfo__type_support.hpp
[672.764s] -- Installing: /home/amigo-pi/amigo_ros2_pi/install/ublox_msgs/include/ublox_msgs/ublox_msgs/msg/detail/rxm_svsisv__struct.hpp
[672.765s] -- Installing: /home/amigo-pi/amigo_ros2_pi/install/ublox_msgs/include/ublox_msgs/ublox_msgs/msg/detail/nav_att__struct.hpp
[672.766s] -- Installing: /home/amigo-pi/amigo_ros2_pi/install/ublox_msgs/include/ublox_msgs/ublox_msgs/msg/detail/rxm_rawx__type_support.hpp
[672.767s] -- Installing: /home/amigo-pi/amigo_ros2_pi/install/ublox_msgs/include/ublox_msgs/ublox_msgs/msg/detail/mon_ver_extension__struct.hpp
[672.768s] -- Installing: /home/amigo-pi/amigo_ros2_pi/install/ublox_msgs/include/ublox_msgs/ublox_msgs/msg/detail/inf__builder.hpp
[672.769s] -- Installing: /home/amigo-pi/amigo_ros2_pi/install/ublox_msgs/include/ublox_msgs/ublox_msgs/msg/detail/nav_relposned__struct.hpp
[672.771s] -- Installing: /home/amigo-pi/amigo_ros2_pi/install/ublox_msgs/include/ublox_msgs/ublox_msgs/msg/detail/hnr_pvt__traits.hpp
[672.772s] -- Installing: /home/amigo-pi/amigo_ros2_pi/install/ublox_msgs/include/ublox_msgs/ublox_msgs/msg/detail/rxm_sfrb__traits.hpp
[672.773s] -- Installing: /home/amigo-pi/amigo_ros2_pi/install/ublox_msgs/include/ublox_msgs/ublox_msgs/msg/detail/nav_timeutc__traits.hpp
[672.774s] -- Installing: /home/amigo-pi/amigo_ros2_pi/install/ublox_msgs/include/ublox_msgs/ublox_msgs/msg/detail/nav_clock__type_support.hpp
[672.775s] -- Installing: /home/amigo-pi/amigo_ros2_pi/install/ublox_msgs/include/ublox_msgs/ublox_msgs/msg/detail/nav_pvt7__struct.hpp
[672.777s] -- Installing: /home/amigo-pi/amigo_ros2_pi/install/ublox_msgs/include/ublox_msgs/ublox_msgs/msg/detail/cfg_navx5__struct.hpp
[672.778s] -- Installing: /home/amigo-pi/amigo_ros2_pi/install/ublox_msgs/include/ublox_msgs/ublox_msgs/msg/detail/nav_velecef__builder.hpp
[672.779s] -- Installing: /home/amigo-pi/amigo_ros2_pi/install/ublox_msgs/include/ublox_msgs/ublox_msgs/msg/detail/mon_hw6__builder.hpp
[672.780s] -- Installing: /home/amigo-pi/amigo_ros2_pi/install/ublox_msgs/include/ublox_msgs/ublox_msgs/msg/detail/upd_sos__traits.hpp
[672.781s] -- Installing: /home/amigo-pi/amigo_ros2_pi/install/ublox_msgs/include/ublox_msgs/ublox_msgs/msg/detail/nav_svinfosv__builder.hpp
[672.782s] -- Installing: /home/amigo-pi/amigo_ros2_pi/install/ublox_msgs/include/ublox_msgs/ublox_msgs/msg/detail/nav_svinfo__struct.hpp
[672.784s] -- Installing: /home/amigo-pi/amigo_ros2_pi/install/ublox_msgs/include/ublox_msgs/ublox_msgs/msg/detail/nav_sat__builder.hpp
[672.785s] -- Installing: /home/amigo-pi/amigo_ros2_pi/install/ublox_msgs/include/ublox_msgs/ublox_msgs/msg/detail/cfg_prt__type_support.hpp
[672.786s] -- Installing: /home/amigo-pi/amigo_ros2_pi/install/ublox_msgs/include/ublox_msgs/ublox_msgs/msg/detail/cfg_usb__builder.hpp
[672.787s] -- Installing: /home/amigo-pi/amigo_ros2_pi/install/ublox_msgs/include/ublox_msgs/ublox_msgs/msg/detail/nav_att__builder.hpp
[672.788s] -- Installing: /home/amigo-pi/amigo_ros2_pi/install/ublox_msgs/include/ublox_msgs/ublox_msgs/msg/detail/rxm_rtcm__struct.hpp
[672.789s] -- Installing: /home/amigo-pi/amigo_ros2_pi/install/ublox_msgs/include/ublox_msgs/ublox_msgs/msg/detail/esf_status_sens__struct.hpp
[672.790s] -- Installing: /home/amigo-pi/amigo_ros2_pi/install/ublox_msgs/include/ublox_msgs/ublox_msgs/msg/detail/nav_sbas__traits.hpp
[672.791s] -- Installing: /home/amigo-pi/amigo_ros2_pi/install/ublox_msgs/include/ublox_msgs/ublox_msgs/msg/detail/cfg_hnr__type_support.hpp
[672.792s] -- Installing: /home/amigo-pi/amigo_ros2_pi/install/ublox_msgs/include/ublox_msgs/ublox_msgs/msg/detail/ack__builder.hpp
[672.793s] -- Installing: /home/amigo-pi/amigo_ros2_pi/install/ublox_msgs/include/ublox_msgs/ublox_msgs/msg/detail/nav_dgpssv__type_support.hpp
[672.795s] -- Installing: /home/amigo-pi/amigo_ros2_pi/install/ublox_msgs/include/ublox_msgs/ublox_msgs/msg/detail/aid_hui__traits.hpp
[672.796s] -- Installing: /home/amigo-pi/amigo_ros2_pi/install/ublox_msgs/include/ublox_msgs/ublox_msgs/msg/detail/cfg_tmode3__struct.hpp
[672.797s] -- Installing: /home/amigo-pi/amigo_ros2_pi/install/ublox_msgs/include/ublox_msgs/ublox_msgs/msg/detail/mon_hw__traits.hpp
[672.798s] -- Installing: /home/amigo-pi/amigo_ros2_pi/install/ublox_msgs/include/ublox_msgs/ublox_msgs/msg/detail/aid_eph__traits.hpp
[672.799s] -- Installing: /home/amigo-pi/amigo_ros2_pi/install/ublox_msgs/include/ublox_msgs/ublox_msgs/msg/detail/cfg_gnss_block__traits.hpp
[672.800s] -- Installing: /home/amigo-pi/amigo_ros2_pi/install/ublox_msgs/include/ublox_msgs/ublox_msgs/msg/detail/rxm_sfrb__type_support.hpp
[672.801s] -- Installing: /home/amigo-pi/amigo_ros2_pi/install/ublox_msgs/include/ublox_msgs/ublox_msgs/msg/detail/cfg_nmea6__type_support.hpp
[672.802s] -- Installing: /home/amigo-pi/amigo_ros2_pi/install/ublox_msgs/include/ublox_msgs/ublox_msgs/msg/detail/upd_sos_ack__type_support.hpp
[672.803s] -- Installing: /home/amigo-pi/amigo_ros2_pi/install/ublox_msgs/include/ublox_msgs/ublox_msgs/msg/detail/nav_dgpssv__builder.hpp
[672.804s] -- Installing: /home/amigo-pi/amigo_ros2_pi/install/ublox_msgs/include/ublox_msgs/ublox_msgs/msg/detail/nav_relposned9__type_support.hpp
[672.805s] -- Installing: /home/amigo-pi/amigo_ros2_pi/install/ublox_msgs/include/ublox_msgs/ublox_msgs/msg/detail/nav_pvt7__type_support.hpp
[672.806s] -- Installing: /home/amigo-pi/amigo_ros2_pi/install/ublox_msgs/include/ublox_msgs/ublox_msgs/msg/detail/tim_tm2__type_support.hpp
[672.807s] -- Installing: /home/amigo-pi/amigo_ros2_pi/install/ublox_msgs/include/ublox_msgs/ublox_msgs/msg/detail/nav_dgps__traits.hpp
[672.809s] -- Installing: /home/amigo-pi/amigo_ros2_pi/install/ublox_msgs/include/ublox_msgs/ublox_msgs/msg/detail/rxm_rawsv__type_support.hpp
[672.810s] -- Installing: /home/amigo-pi/amigo_ros2_pi/install/ublox_msgs/include/ublox_msgs/ublox_msgs/msg/detail/cfg_dgnss__type_support.hpp
[672.811s] -- Installing: /home/amigo-pi/amigo_ros2_pi/install/ublox_msgs/include/ublox_msgs/ublox_msgs/msg/detail/cfg_navx5__type_support.hpp
[672.812s] -- Installing: /home/amigo-pi/amigo_ros2_pi/install/ublox_msgs/include/ublox_msgs/ublox_msgs/msg/detail/nav_satsv__struct.hpp
[672.813s] -- Installing: /home/amigo-pi/amigo_ros2_pi/install/ublox_msgs/include/ublox_msgs/ublox_msgs/msg/detail/cfg_ant__traits.hpp
[672.814s] -- Installing: /home/amigo-pi/amigo_ros2_pi/install/ublox_msgs/include/ublox_msgs/ublox_msgs/msg/detail/nav_satsv__traits.hpp
[672.815s] -- Installing: /home/amigo-pi/amigo_ros2_pi/install/ublox_msgs/include/ublox_msgs/ublox_msgs/msg/detail/mga_gal__builder.hpp
[672.816s] -- Installing: /home/amigo-pi/amigo_ros2_pi/install/ublox_msgs/include/ublox_msgs/ublox_msgs/msg/detail/rxm_rawx_meas__struct.hpp
[672.818s] -- Installing: /home/amigo-pi/amigo_ros2_pi/install/ublox_msgs/include/ublox_msgs/ublox_msgs/msg/detail/rxm_rawx_meas__builder.hpp
[672.819s] -- Installing: /home/amigo-pi/amigo_ros2_pi/install/ublox_msgs/include/ublox_msgs/ublox_msgs/msg/detail/rxm_svsi__builder.hpp
[672.820s] -- Installing: /home/amigo-pi/amigo_ros2_pi/install/ublox_msgs/include/ublox_msgs/ublox_msgs/msg/detail/nav_velecef__traits.hpp
[672.821s] -- Installing: /home/amigo-pi/amigo_ros2_pi/install/ublox_msgs/include/ublox_msgs/ublox_msgs/msg/detail/mon_hw6__type_support.hpp
[672.822s] -- Installing: /home/amigo-pi/amigo_ros2_pi/install/ublox_msgs/include/ublox_msgs/ublox_msgs/msg/detail/cfg_dat__struct.hpp
[672.823s] -- Installing: /home/amigo-pi/amigo_ros2_pi/install/ublox_msgs/include/ublox_msgs/ublox_msgs/msg/detail/nav_svin__type_support.hpp
[672.824s] -- Installing: /home/amigo-pi/amigo_ros2_pi/install/ublox_msgs/include/ublox_msgs/ublox_msgs/msg/detail/ack__struct.hpp
[672.826s] -- Installing: /home/amigo-pi/amigo_ros2_pi/install/ublox_msgs/include/ublox_msgs/ublox_msgs/msg/detail/nav_velned__type_support.hpp
[672.827s] -- Installing: /home/amigo-pi/amigo_ros2_pi/install/ublox_msgs/include/ublox_msgs/ublox_msgs/msg/detail/cfg_rst__traits.hpp
[672.828s] -- Installing: /home/amigo-pi/amigo_ros2_pi/install/ublox_msgs/include/ublox_msgs/ublox_msgs/msg/detail/cfg_dgnss__traits.hpp
[672.829s] -- Installing: /home/amigo-pi/amigo_ros2_pi/install/ublox_msgs/include/ublox_msgs/ublox_msgs/msg/detail/nav_status__type_support.hpp
[672.830s] -- Installing: /home/amigo-pi/amigo_ros2_pi/install/ublox_msgs/include/ublox_msgs/ublox_msgs/msg/detail/esf_ins__builder.hpp
[672.831s] -- Installing: /home/amigo-pi/amigo_ros2_pi/install/ublox_msgs/include/ublox_msgs/ublox_msgs/msg/detail/esf_meas__traits.hpp
[672.832s] -- Installing: /home/amigo-pi/amigo_ros2_pi/install/ublox_msgs/include/ublox_msgs/ublox_msgs/msg/detail/hnr_pvt__struct.hpp
[672.833s] -- Installing: /home/amigo-pi/amigo_ros2_pi/install/ublox_msgs/include/ublox_msgs/ublox_msgs/msg/detail/aid_eph__builder.hpp
[672.834s] -- Installing: /home/amigo-pi/amigo_ros2_pi/install/ublox_msgs/include/ublox_msgs/ublox_msgs/msg/detail/nav_timegps__builder.hpp
[672.835s] -- Installing: /home/amigo-pi/amigo_ros2_pi/install/ublox_msgs/include/ublox_msgs/ublox_msgs/msg/detail/cfg_inf_block__struct.hpp
[672.836s] -- Installing: /home/amigo-pi/amigo_ros2_pi/install/ublox_msgs/include/ublox_msgs/ublox_msgs/msg/detail/mga_gal__struct.hpp
[672.838s] -- Installing: /home/amigo-pi/amigo_ros2_pi/install/ublox_msgs/include/ublox_msgs/ublox_msgs/msg/detail/cfg_sbas__struct.hpp
[672.839s] -- Installing: /home/amigo-pi/amigo_ros2_pi/install/ublox_msgs/include/ublox_msgs/ublox_msgs/msg/detail/nav_status__struct.hpp
[672.840s] -- Installing: /home/amigo-pi/amigo_ros2_pi/install/ublox_msgs/include/ublox_msgs/ublox_msgs/msg/detail/nav_pvt7__traits.hpp
[672.841s] -- Installing: /home/amigo-pi/amigo_ros2_pi/install/ublox_msgs/include/ublox_msgs/ublox_msgs/msg/detail/nav_svinfo__builder.hpp
[672.843s] -- Installing: /home/amigo-pi/amigo_ros2_pi/install/ublox_msgs/include/ublox_msgs/ublox_msgs/msg/detail/esf_ins__traits.hpp
[672.844s] -- Installing: /home/amigo-pi/amigo_ros2_pi/install/ublox_msgs/include/ublox_msgs/ublox_msgs/msg/detail/nav_svinfosv__traits.hpp
[672.845s] -- Installing: /home/amigo-pi/amigo_ros2_pi/install/ublox_msgs/include/ublox_msgs/ublox_msgs/msg/detail/cfg_tmode3__traits.hpp
[672.846s] -- Installing: /home/amigo-pi/amigo_ros2_pi/install/ublox_msgs/include/ublox_msgs/ublox_msgs/msg/detail/mon_hw6__struct.hpp
[672.847s] -- Installing: /home/amigo-pi/amigo_ros2_pi/install/ublox_msgs/include/ublox_msgs/ublox_msgs/msg/detail/cfg_nmea6__builder.hpp
[672.848s] -- Installing: /home/amigo-pi/amigo_ros2_pi/install/ublox_msgs/include/ublox_msgs/ublox_msgs/msg/detail/mon_ver_extension__type_support.hpp
[672.849s] -- Installing: /home/amigo-pi/amigo_ros2_pi/install/ublox_msgs/include/ublox_msgs/ublox_msgs/msg/detail/nav_sbas__type_support.hpp
[672.850s] -- Installing: /home/amigo-pi/amigo_ros2_pi/install/ublox_msgs/include/ublox_msgs/ublox_msgs/msg/detail/rxm_alm__traits.hpp
[672.851s] -- Installing: /home/amigo-pi/amigo_ros2_pi/install/ublox_msgs/include/ublox_msgs/ublox_msgs/msg/detail/cfg_nmea__builder.hpp
[672.853s] -- Installing: /home/amigo-pi/amigo_ros2_pi/install/ublox_msgs/include/ublox_msgs/ublox_msgs/msg/detail/tim_tm2__struct.hpp
[672.854s] -- Installing: /home/amigo-pi/amigo_ros2_pi/install/ublox_msgs/include/ublox_msgs/ublox_msgs/msg/detail/mga_gal__traits.hpp
[672.855s] -- Installing: /home/amigo-pi/amigo_ros2_pi/install/ublox_msgs/include/ublox_msgs/ublox_msgs/msg/detail/rxm_alm__type_support.hpp
[672.856s] -- Installing: /home/amigo-pi/amigo_ros2_pi/install/ublox_msgs/include/ublox_msgs/ublox_msgs/msg/detail/cfg_nav5__traits.hpp
[672.858s] -- Installing: /home/amigo-pi/amigo_ros2_pi/install/ublox_msgs/include/ublox_msgs/ublox_msgs/msg/detail/nav_clock__builder.hpp
[672.860s] -- Installing: /home/amigo-pi/amigo_ros2_pi/install/ublox_msgs/include/ublox_msgs/ublox_msgs/msg/detail/nav_dgpssv__traits.hpp
[672.861s] -- Installing: /home/amigo-pi/amigo_ros2_pi/install/ublox_msgs/include/ublox_msgs/ublox_msgs/msg/detail/rxm_eph__traits.hpp
[672.863s] -- Installing: /home/amigo-pi/amigo_ros2_pi/install/ublox_msgs/include/ublox_msgs/ublox_msgs/msg/detail/cfg_gnss_block__struct.hpp
[672.864s] -- Installing: /home/amigo-pi/amigo_ros2_pi/install/ublox_msgs/include/ublox_msgs/ublox_msgs/msg/detail/nav_velecef__struct.hpp
[672.865s] -- Installing: /home/amigo-pi/amigo_ros2_pi/install/ublox_msgs/include/ublox_msgs/ublox_msgs/msg/detail/nav_sol__builder.hpp
[672.866s] -- Installing: /home/amigo-pi/amigo_ros2_pi/install/ublox_msgs/include/ublox_msgs/ublox_msgs/msg/detail/nav_sol__traits.hpp
[672.867s] -- Installing: /home/amigo-pi/amigo_ros2_pi/install/ublox_msgs/include/ublox_msgs/ublox_msgs/msg/detail/cfg_dat__traits.hpp
[672.868s] -- Installing: /home/amigo-pi/amigo_ros2_pi/install/ublox_msgs/include/ublox_msgs/ublox_msgs/msg/detail/cfg_nmea7__builder.hpp
[672.869s] -- Installing: /home/amigo-pi/amigo_ros2_pi/install/ublox_msgs/include/ublox_msgs/ublox_msgs/msg/detail/cfg_inf_block__traits.hpp
[672.871s] -- Installing: /home/amigo-pi/amigo_ros2_pi/install/ublox_msgs/include/ublox_msgs/ublox_msgs/msg/detail/cfg_navx5__traits.hpp
[672.872s] -- Installing: /home/amigo-pi/amigo_ros2_pi/install/ublox_msgs/include/ublox_msgs/ublox_msgs/msg/detail/aid_hui__struct.hpp
[672.873s] -- Installing: /home/amigo-pi/amigo_ros2_pi/install/ublox_msgs/include/ublox_msgs/ublox_msgs/msg/detail/cfg_gnss__struct.hpp
[672.874s] -- Installing: /home/amigo-pi/amigo_ros2_pi/install/ublox_msgs/include/ublox_msgs/ublox_msgs/msg/detail/nav_velned__struct.hpp
[672.875s] -- Installing: /home/amigo-pi/amigo_ros2_pi/install/ublox_msgs/include/ublox_msgs/ublox_msgs/msg/detail/nav_dop__type_support.hpp
[672.876s] -- Installing: /home/amigo-pi/amigo_ros2_pi/install/ublox_msgs/include/ublox_msgs/ublox_msgs/msg/detail/nav_clock__traits.hpp
[672.877s] -- Installing: /home/amigo-pi/amigo_ros2_pi/install/ublox_msgs/include/ublox_msgs/ublox_msgs/msg/detail/inf__type_support.hpp
[672.879s] -- Installing: /home/amigo-pi/amigo_ros2_pi/install/ublox_msgs/include/ublox_msgs/ublox_msgs/msg/detail/nav_sbassv__builder.hpp
[672.880s] -- Installing: /home/amigo-pi/amigo_ros2_pi/install/ublox_msgs/include/ublox_msgs/ublox_msgs/msg/detail/nav_velned__traits.hpp
[672.881s] -- Installing: /home/amigo-pi/amigo_ros2_pi/install/ublox_msgs/include/ublox_msgs/ublox_msgs/msg/detail/cfg_sbas__builder.hpp
[672.882s] -- Installing: /home/amigo-pi/amigo_ros2_pi/install/ublox_msgs/include/ublox_msgs/ublox_msgs/msg/detail/cfg_tmode3__type_support.hpp
[672.883s] -- Installing: /home/amigo-pi/amigo_ros2_pi/install/ublox_msgs/include/ublox_msgs/ublox_msgs/msg/detail/cfg_hnr__traits.hpp
[672.884s] -- Installing: /home/amigo-pi/amigo_ros2_pi/install/ublox_msgs/include/ublox_msgs/ublox_msgs/msg/detail/nav_relposned9__traits.hpp
[672.885s] -- Installing: /home/amigo-pi/amigo_ros2_pi/install/ublox_msgs/include/ublox_msgs/ublox_msgs/msg/detail/rxm_sfrbx__type_support.hpp
[672.886s] -- Installing: /home/amigo-pi/amigo_ros2_pi/install/ublox_msgs/include/ublox_msgs/ublox_msgs/msg/detail/nav_posecef__traits.hpp
[672.887s] -- Installing: /home/amigo-pi/amigo_ros2_pi/install/ublox_msgs/include/ublox_msgs/ublox_msgs/msg/detail/mon_gnss__traits.hpp
[672.888s] -- Installing: /home/amigo-pi/amigo_ros2_pi/install/ublox_msgs/include/ublox_msgs/ublox_msgs/msg/detail/cfg_inf__traits.hpp
[672.890s] -- Installing: /home/amigo-pi/amigo_ros2_pi/install/ublox_msgs/include/ublox_msgs/ublox_msgs/msg/detail/nav_pvt__type_support.hpp
[672.891s] -- Installing: /home/amigo-pi/amigo_ros2_pi/install/ublox_msgs/include/ublox_msgs/ublox_msgs/msg/detail/cfg_cfg__traits.hpp
[672.892s] -- Installing: /home/amigo-pi/amigo_ros2_pi/install/ublox_msgs/include/ublox_msgs/ublox_msgs/msg/detail/esf_status__type_support.hpp
[672.893s] -- Installing: /home/amigo-pi/amigo_ros2_pi/install/ublox_msgs/include/ublox_msgs/ublox_msgs/msg/detail/cfg_cfg__builder.hpp
[672.894s] -- Installing: /home/amigo-pi/amigo_ros2_pi/install/ublox_msgs/include/ublox_msgs/ublox_msgs/msg/detail/mon_ver__type_support.hpp
[672.895s] -- Installing: /home/amigo-pi/amigo_ros2_pi/install/ublox_msgs/include/ublox_msgs/ublox_msgs/msg/detail/nav_dop__traits.hpp
[672.896s] -- Installing: /home/amigo-pi/amigo_ros2_pi/install/ublox_msgs/include/ublox_msgs/ublox_msgs/msg/detail/aid_hui__type_support.hpp
[672.897s] -- Installing: /home/amigo-pi/amigo_ros2_pi/install/ublox_msgs/include/ublox_msgs/ublox_msgs/msg/detail/rxm_svsi__type_support.hpp
[672.898s] -- Installing: /home/amigo-pi/amigo_ros2_pi/install/ublox_msgs/include/ublox_msgs/ublox_msgs/msg/detail/mon_hw__builder.hpp
[672.899s] -- Installing: /home/amigo-pi/amigo_ros2_pi/install/ublox_msgs/include/ublox_msgs/ublox_msgs/msg/detail/esf_raw_block__struct.hpp
[672.900s] -- Installing: /home/amigo-pi/amigo_ros2_pi/install/ublox_msgs/include/ublox_msgs/ublox_msgs/msg/detail/rxm_raw__traits.hpp
[672.902s] -- Installing: /home/amigo-pi/amigo_ros2_pi/install/ublox_msgs/include/ublox_msgs/ublox_msgs/msg/detail/cfg_dat__builder.hpp
[672.903s] -- Installing: /home/amigo-pi/amigo_ros2_pi/install/ublox_msgs/include/ublox_msgs/ublox_msgs/msg/detail/aid_hui__builder.hpp
[672.904s] -- Installing: /home/amigo-pi/amigo_ros2_pi/install/ublox_msgs/include/ublox_msgs/ublox_msgs/msg/detail/cfg_rst__struct.hpp
[672.905s] -- Installing: /home/amigo-pi/amigo_ros2_pi/install/ublox_msgs/include/ublox_msgs/ublox_msgs/msg/detail/nav_satsv__type_support.hpp
[672.906s] -- Installing: /home/amigo-pi/amigo_ros2_pi/install/ublox_msgs/include/ublox_msgs/ublox_msgs/msg/detail/rxm_sfrbx__traits.hpp
[672.907s] -- Installing: /home/amigo-pi/amigo_ros2_pi/install/ublox_msgs/include/ublox_msgs/ublox_msgs/msg/detail/cfg_nmea7__traits.hpp
[672.908s] -- Installing: /home/amigo-pi/amigo_ros2_pi/install/ublox_msgs/include/ublox_msgs/ublox_msgs/msg/detail/rxm_svsi__struct.hpp
[672.909s] -- Installing: /home/amigo-pi/amigo_ros2_pi/install/ublox_msgs/include/ublox_msgs/ublox_msgs/msg/detail/hnr_pvt__builder.hpp
[672.910s] -- Installing: /home/amigo-pi/amigo_ros2_pi/install/ublox_msgs/include/ublox_msgs/ublox_msgs/msg/detail/mon_hw__type_support.hpp
[672.911s] -- Installing: /home/amigo-pi/amigo_ros2_pi/install/ublox_msgs/include/ublox_msgs/ublox_msgs/msg/detail/nav_sol__type_support.hpp
[672.913s] -- Installing: /home/amigo-pi/amigo_ros2_pi/install/ublox_msgs/include/ublox_msgs/ublox_msgs/msg/detail/aid_eph__type_support.hpp
[672.914s] -- Installing: /home/amigo-pi/amigo_ros2_pi/install/ublox_msgs/include/ublox_msgs/ublox_msgs/msg/detail/mon_gnss__struct.hpp
[672.915s] -- Installing: /home/amigo-pi/amigo_ros2_pi/install/ublox_msgs/include/ublox_msgs/ublox_msgs/msg/detail/tim_tm2__traits.hpp
[672.916s] -- Installing: /home/amigo-pi/amigo_ros2_pi/install/ublox_msgs/include/ublox_msgs/ublox_msgs/msg/detail/nav_dop__builder.hpp
[672.917s] -- Installing: /home/amigo-pi/amigo_ros2_pi/install/ublox_msgs/include/ublox_msgs/ublox_msgs/msg/detail/nav_sat__type_support.hpp
[672.918s] -- Installing: /home/amigo-pi/amigo_ros2_pi/install/ublox_msgs/include/ublox_msgs/ublox_msgs/msg/detail/mon_ver_extension__builder.hpp
[672.919s] -- Installing: /home/amigo-pi/amigo_ros2_pi/install/ublox_msgs/include/ublox_msgs/ublox_msgs/msg/detail/cfg_msg__type_support.hpp
[672.920s] -- Installing: /home/amigo-pi/amigo_ros2_pi/install/ublox_msgs/include/ublox_msgs/ublox_msgs/msg/detail/nav_sbassv__struct.hpp
[672.921s] -- Installing: /home/amigo-pi/amigo_ros2_pi/install/ublox_msgs/include/ublox_msgs/ublox_msgs/msg/detail/nav_dgpssv__struct.hpp
[672.923s] -- Installing: /home/amigo-pi/amigo_ros2_pi/install/ublox_msgs/include/ublox_msgs/ublox_msgs/msg/detail/nav_posllh__struct.hpp
[672.924s] -- Installing: /home/amigo-pi/amigo_ros2_pi/install/ublox_msgs/include/ublox_msgs/ublox_msgs/msg/detail/cfg_ant__type_support.hpp
[672.925s] -- Installing: /home/amigo-pi/amigo_ros2_pi/install/ublox_msgs/include/ublox_msgs/ublox_msgs/msg/detail/esf_status__builder.hpp
[672.926s] -- Installing: /home/amigo-pi/amigo_ros2_pi/install/ublox_msgs/include/ublox_msgs/ublox_msgs/msg/detail/nav_sat__struct.hpp
[672.927s] -- Installing: /home/amigo-pi/amigo_ros2_pi/install/ublox_msgs/include/ublox_msgs/ublox_msgs/msg/detail/cfg_inf__struct.hpp
[672.929s] -- Installing: /home/amigo-pi/amigo_ros2_pi/install/ublox_msgs/include/ublox_msgs/ublox_msgs/msg/detail/mon_ver_extension__traits.hpp
[672.930s] -- Installing: /home/amigo-pi/amigo_ros2_pi/install/ublox_msgs/include/ublox_msgs/ublox_msgs/msg/detail/rxm_rawsv__struct.hpp
[672.931s] -- Installing: /home/amigo-pi/amigo_ros2_pi/install/ublox_msgs/include/ublox_msgs/ublox_msgs/msg/detail/cfg_ant__struct.hpp
[672.932s] -- Installing: /home/amigo-pi/amigo_ros2_pi/install/ublox_msgs/include/ublox_msgs/ublox_msgs/msg/detail/aid_alm__struct.hpp
[672.933s] -- Installing: /home/amigo-pi/amigo_ros2_pi/install/ublox_msgs/include/ublox_msgs/ublox_msgs/msg/detail/nav_satsv__builder.hpp
[672.934s] -- Installing: /home/amigo-pi/amigo_ros2_pi/install/ublox_msgs/include/ublox_msgs/ublox_msgs/msg/detail/cfg_nav5__type_support.hpp
[672.935s] -- Installing: /home/amigo-pi/amigo_ros2_pi/install/ublox_msgs/include/ublox_msgs/ublox_msgs/msg/detail/nav_relposned__type_support.hpp
[672.936s] -- Installing: /home/amigo-pi/amigo_ros2_pi/install/ublox_msgs/include/ublox_msgs/ublox_msgs/msg/detail/rxm_rawx_meas__traits.hpp
[672.938s] -- Installing: /home/amigo-pi/amigo_ros2_pi/install/ublox_msgs/include/ublox_msgs/ublox_msgs/msg/detail/nav_relposned9__struct.hpp
[672.939s] -- Installing: /home/amigo-pi/amigo_ros2_pi/install/ublox_msgs/include/ublox_msgs/ublox_msgs/msg/detail/nav_sol__struct.hpp
[672.940s] -- Installing: /home/amigo-pi/amigo_ros2_pi/install/ublox_msgs/include/ublox_msgs/ublox_msgs/msg/detail/rxm_eph__type_support.hpp
[672.941s] -- Installing: /home/amigo-pi/amigo_ros2_pi/install/ublox_msgs/include/ublox_msgs/ublox_msgs/msg/detail/rxm_rtcm__traits.hpp
[672.942s] -- Installing: /home/amigo-pi/amigo_ros2_pi/install/ublox_msgs/include/ublox_msgs/ublox_msgs/msg/detail/cfg_dgnss__builder.hpp
[672.943s] -- Installing: /home/amigo-pi/amigo_ros2_pi/install/ublox_msgs/include/ublox_msgs/ublox_msgs/msg/detail/cfg_nav5__struct.hpp
[672.945s] -- Installing: /home/amigo-pi/amigo_ros2_pi/install/ublox_msgs/include/ublox_msgs/ublox_msgs/msg/detail/cfg_msg__builder.hpp
[672.946s] -- Installing: /home/amigo-pi/amigo_ros2_pi/install/ublox_msgs/include/ublox_msgs/ublox_msgs/msg/detail/cfg_rate__traits.hpp
[672.947s] -- Installing: /home/amigo-pi/amigo_ros2_pi/install/ublox_msgs/include/ublox_msgs/ublox_msgs/msg/detail/nav_svin__struct.hpp
[672.948s] -- Installing: /home/amigo-pi/amigo_ros2_pi/install/ublox_msgs/include/ublox_msgs/ublox_msgs/msg/detail/cfg_prt__struct.hpp
[672.949s] -- Installing: /home/amigo-pi/amigo_ros2_pi/install/ublox_msgs/include/ublox_msgs/ublox_msgs/msg/detail/esf_raw_block__traits.hpp
[672.950s] -- Installing: /home/amigo-pi/amigo_ros2_pi/install/ublox_msgs/include/ublox_msgs/ublox_msgs/msg/detail/cfg_msg__struct.hpp
[672.951s] -- Installing: /home/amigo-pi/amigo_ros2_pi/install/ublox_msgs/include/ublox_msgs/ublox_msgs/msg/detail/tim_tm2__builder.hpp
[672.952s] -- Installing: /home/amigo-pi/amigo_ros2_pi/install/ublox_msgs/include/ublox_msgs/ublox_msgs/msg/detail/inf__struct.hpp
[672.953s] -- Installing: /home/amigo-pi/amigo_ros2_pi/install/ublox_msgs/include/ublox_msgs/ublox_msgs/msg/detail/cfg_nmea__traits.hpp
[672.955s] -- Installing: /home/amigo-pi/amigo_ros2_pi/install/ublox_msgs/include/ublox_msgs/ublox_msgs/msg/detail/cfg_nmea__type_support.hpp
[672.956s] -- Installing: /home/amigo-pi/amigo_ros2_pi/install/ublox_msgs/include/ublox_msgs/ublox_msgs/msg/detail/esf_status__struct.hpp
[672.957s] -- Installing: /home/amigo-pi/amigo_ros2_pi/install/ublox_msgs/include/ublox_msgs/ublox_msgs/msg/detail/rxm_svsisv__traits.hpp
[672.960s] -- Installing: /home/amigo-pi/amigo_ros2_pi/install/ublox_msgs/include/ublox_msgs/ublox_msgs/msg/detail/nav_clock__struct.hpp
[672.961s] -- Installing: /home/amigo-pi/amigo_ros2_pi/install/ublox_msgs/include/ublox_msgs/ublox_msgs/msg/detail/cfg_msg__traits.hpp
[672.963s] -- Installing: /home/amigo-pi/amigo_ros2_pi/install/ublox_msgs/include/ublox_msgs/ublox_msgs/msg/detail/mon_ver__struct.hpp
[672.964s] -- Installing: /home/amigo-pi/amigo_ros2_pi/install/ublox_msgs/include/ublox_msgs/ublox_msgs/msg/detail/nav_svinfosv__type_support.hpp
[672.965s] -- Installing: /home/amigo-pi/amigo_ros2_pi/install/ublox_msgs/include/ublox_msgs/ublox_msgs/msg/detail/rxm_rawx__traits.hpp
[672.966s] -- Installing: /home/amigo-pi/amigo_ros2_pi/install/ublox_msgs/include/ublox_msgs/ublox_msgs/msg/detail/cfg_inf__type_support.hpp
[672.967s] -- Installing: /home/amigo-pi/amigo_ros2_pi/install/ublox_msgs/include/ublox_msgs/ublox_msgs/msg/detail/nav_velned__builder.hpp
[672.968s] -- Installing: /home/amigo-pi/amigo_ros2_pi/install/ublox_msgs/include/ublox_msgs/ublox_msgs/msg/detail/nav_posllh__traits.hpp
[672.969s] -- Installing: /home/amigo-pi/amigo_ros2_pi/install/ublox_msgs/include/ublox_msgs/ublox_msgs/msg/detail/cfg_cfg__struct.hpp
[672.970s] -- Installing: /home/amigo-pi/amigo_ros2_pi/install/ublox_msgs/include/ublox_msgs/ublox_msgs/msg/detail/nav_timegps__struct.hpp
[672.971s] -- Installing: /home/amigo-pi/amigo_ros2_pi/install/ublox_msgs/include/ublox_msgs/ublox_msgs/msg/detail/nav_status__traits.hpp
[672.973s] -- Installing: /home/amigo-pi/amigo_ros2_pi/install/ublox_msgs/include/ublox_msgs/ublox_msgs/msg/detail/cfg_sbas__traits.hpp
[672.974s] -- Installing: /home/amigo-pi/amigo_ros2_pi/install/ublox_msgs/include/ublox_msgs/ublox_msgs/msg/detail/cfg_usb__type_support.hpp
[672.975s] -- Installing: /home/amigo-pi/amigo_ros2_pi/install/ublox_msgs/include/ublox_msgs/ublox_msgs/msg/detail/esf_raw__traits.hpp
[672.976s] -- Installing: /home/amigo-pi/amigo_ros2_pi/install/ublox_msgs/include/ublox_msgs/ublox_msgs/msg/detail/cfg_gnss__type_support.hpp
[672.977s] -- Installing: /home/amigo-pi/amigo_ros2_pi/install/ublox_msgs/include/ublox_msgs/ublox_msgs/msg/detail/nav_svinfosv__struct.hpp
[672.978s] -- Installing: /home/amigo-pi/amigo_ros2_pi/install/ublox_msgs/include/ublox_msgs/ublox_msgs/msg/detail/cfg_nmea__struct.hpp
[672.979s] -- Installing: /home/amigo-pi/amigo_ros2_pi/install/ublox_msgs/include/ublox_msgs/ublox_msgs/msg/detail/cfg_usb__struct.hpp
[672.980s] -- Installing: /home/amigo-pi/amigo_ros2_pi/install/ublox_msgs/include/ublox_msgs/ublox_msgs/msg/detail/esf_raw__type_support.hpp
[672.981s] -- Installing: /home/amigo-pi/amigo_ros2_pi/install/ublox_msgs/include/ublox_msgs/ublox_msgs/msg/detail/cfg_ant__builder.hpp
[672.982s] -- Installing: /home/amigo-pi/amigo_ros2_pi/install/ublox_msgs/include/ublox_msgs/ublox_msgs/msg/detail/rxm_raw__builder.hpp
[672.984s] -- Installing: /home/amigo-pi/amigo_ros2_pi/install/ublox_msgs/include/ublox_msgs/ublox_msgs/msg/detail/esf_meas__struct.hpp
[672.985s] -- Installing: /home/amigo-pi/amigo_ros2_pi/install/ublox_msgs/include/ublox_msgs/ublox_msgs/msg/detail/nav_svin__traits.hpp
[672.986s] -- Installing: /home/amigo-pi/amigo_ros2_pi/install/ublox_msgs/include/ublox_msgs/ublox_msgs/msg/detail/cfg_inf__builder.hpp
[672.987s] -- Installing: /home/amigo-pi/amigo_ros2_pi/install/ublox_msgs/include/ublox_msgs/ublox_msgs/msg/detail/inf__traits.hpp
[672.988s] -- Installing: /home/amigo-pi/amigo_ros2_pi/install/ublox_msgs/include/ublox_msgs/ublox_msgs/msg/detail/upd_sos_ack__struct.hpp
[672.989s] -- Installing: /home/amigo-pi/amigo_ros2_pi/install/ublox_msgs/include/ublox_msgs/ublox_msgs/msg/detail/nav_pvt__traits.hpp
[672.990s] -- Installing: /home/amigo-pi/amigo_ros2_pi/install/ublox_msgs/include/ublox_msgs/ublox_msgs/msg/detail/nav_posllh__builder.hpp
[672.992s] -- Installing: /home/amigo-pi/amigo_ros2_pi/install/ublox_msgs/include/ublox_msgs/ublox_msgs/msg/detail/rxm_raw__type_support.hpp
[672.993s] -- Installing: /home/amigo-pi/amigo_ros2_pi/install/ublox_msgs/include/ublox_msgs/ublox_msgs/msg/detail/cfg_prt__builder.hpp
[672.994s] -- Installing: /home/amigo-pi/amigo_ros2_pi/install/ublox_msgs/include/ublox_msgs/ublox_msgs/msg/detail/nav_sbas__builder.hpp
[672.995s] -- Installing: /home/amigo-pi/amigo_ros2_pi/install/ublox_msgs/include/ublox_msgs/ublox_msgs/msg/detail/aid_eph__struct.hpp
[672.996s] -- Installing: /home/amigo-pi/amigo_ros2_pi/install/ublox_msgs/include/ublox_msgs/ublox_msgs/msg/nav_sbassv.hpp
[672.997s] -- Installing: /home/amigo-pi/amigo_ros2_pi/install/ublox_msgs/include/ublox_msgs/ublox_msgs/msg/cfg_inf.hpp
[672.998s] -- Installing: /home/amigo-pi/amigo_ros2_pi/install/ublox_msgs/include/ublox_msgs/ublox_msgs/msg/nav_sat.hpp
[672.999s] -- Installing: /home/amigo-pi/amigo_ros2_pi/install/ublox_msgs/include/ublox_msgs/ublox_msgs/msg/nav_svinfo.hpp
[673.000s] -- Installing: /home/amigo-pi/amigo_ros2_pi/install/ublox_msgs/include/ublox_msgs/ublox_msgs/msg/rxm_rtcm.hpp
[673.001s] -- Installing: /home/amigo-pi/amigo_ros2_pi/install/ublox_msgs/include/ublox_msgs/ublox_msgs/msg/aid_hui.hpp
[673.002s] -- Installing: /home/amigo-pi/amigo_ros2_pi/install/ublox_msgs/include/ublox_msgs/ublox_msgs/msg/nav_relposned9.hpp
[673.003s] -- Installing: /home/amigo-pi/amigo_ros2_pi/install/ublox_msgs/include/ublox_msgs/ublox_msgs/msg/rxm_alm.hpp
[673.004s] -- Installing: /home/amigo-pi/amigo_ros2_pi/install/ublox_msgs/include/ublox_msgs/ublox_msgs/msg/rxm_sfrbx.hpp
[673.005s] -- Installing: /home/amigo-pi/amigo_ros2_pi/install/ublox_msgs/include/ublox_msgs/ublox_msgs/msg/nav_sol.hpp
[673.006s] -- Installing: /home/amigo-pi/amigo_ros2_pi/install/ublox_msgs/include/ublox_msgs/ublox_msgs/msg/cfg_dat.hpp
[673.007s] -- Installing: /home/amigo-pi/amigo_ros2_pi/install/ublox_msgs/include/ublox_msgs/ublox_msgs/msg/nav_status.hpp
[673.008s] -- Installing: /home/amigo-pi/amigo_ros2_pi/install/ublox_msgs/include/ublox_msgs/ublox_msgs/msg/cfg_rst.hpp
[673.009s] -- Installing: /home/amigo-pi/amigo_ros2_pi/install/ublox_msgs/include/ublox_msgs/ublox_msgs/msg/cfg_msg.hpp
[673.010s] -- Installing: /home/amigo-pi/amigo_ros2_pi/install/ublox_msgs/include/ublox_msgs/ublox_msgs/msg/nav_att.hpp
[673.011s] -- Installing: /home/amigo-pi/amigo_ros2_pi/install/ublox_msgs/include/ublox_msgs/ublox_msgs/msg/rxm_rawx_meas.hpp
[673.012s] -- Installing: /home/amigo-pi/amigo_ros2_pi/install/ublox_msgs/include/ublox_msgs/ublox_msgs/msg/esf_status_sens.hpp
[673.013s] -- Installing: /home/amigo-pi/amigo_ros2_pi/install/ublox_msgs/include/ublox_msgs/ublox_msgs/msg/cfg_nmea6.hpp
[673.014s] -- Installing: /home/amigo-pi/amigo_ros2_pi/install/ublox_msgs/include/ublox_msgs/ublox_msgs/msg/ack.hpp
[673.015s] -- Installing: /home/amigo-pi/amigo_ros2_pi/install/ublox_msgs/include/ublox_msgs/ublox_msgs/msg/nav_velned.hpp
[673.016s] -- Installing: /home/amigo-pi/amigo_ros2_pi/install/ublox_msgs/include/ublox_msgs/ublox_msgs/msg/rxm_svsi.hpp
[673.017s] -- Installing: /home/amigo-pi/amigo_ros2_pi/install/ublox_msgs/include/ublox_msgs/ublox_msgs/msg/cfg_nmea7.hpp
[673.018s] -- Installing: /home/amigo-pi/amigo_ros2_pi/install/ublox_msgs/include/ublox_msgs/ublox_msgs/msg/nav_sbas.hpp
[673.019s] -- Installing: /home/amigo-pi/amigo_ros2_pi/install/ublox_msgs/include/ublox_msgs/ublox_msgs/msg/upd_sos.hpp
[673.019s] -- Installing: /home/amigo-pi/amigo_ros2_pi/install/ublox_msgs/include/ublox_msgs/ublox_msgs/msg/mon_hw6.hpp
[673.021s] -- Up-to-date: /home/amigo-pi/amigo_ros2_pi/install/ublox_msgs/include/ublox_msgs/ublox_msgs
[673.022s] -- Up-to-date: /home/amigo-pi/amigo_ros2_pi/install/ublox_msgs/include/ublox_msgs/ublox_msgs/msg
[673.022s] -- Installing: /home/amigo-pi/amigo_ros2_pi/install/ublox_msgs/include/ublox_msgs/ublox_msgs/msg/rosidl_typesupport_fastrtps_cpp__visibility_control.h
[673.023s] -- Up-to-date: /home/amigo-pi/amigo_ros2_pi/install/ublox_msgs/include/ublox_msgs/ublox_msgs/msg/detail
[673.025s] -- Installing: /home/amigo-pi/amigo_ros2_pi/install/ublox_msgs/include/ublox_msgs/ublox_msgs/msg/detail/cfg_inf_block__rosidl_typesupport_fastrtps_cpp.hpp
[673.026s] -- Installing: /home/amigo-pi/amigo_ros2_pi/install/ublox_msgs/include/ublox_msgs/ublox_msgs/msg/detail/rxm_svsi__rosidl_typesupport_fastrtps_cpp.hpp
[673.027s] -- Installing: /home/amigo-pi/amigo_ros2_pi/install/ublox_msgs/include/ublox_msgs/ublox_msgs/msg/detail/cfg_inf__rosidl_typesupport_fastrtps_cpp.hpp
[673.028s] -- Installing: /home/amigo-pi/amigo_ros2_pi/install/ublox_msgs/include/ublox_msgs/ublox_msgs/msg/detail/cfg_nav5__rosidl_typesupport_fastrtps_cpp.hpp
[673.030s] -- Installing: /home/amigo-pi/amigo_ros2_pi/install/ublox_msgs/include/ublox_msgs/ublox_msgs/msg/detail/cfg_nmea6__rosidl_typesupport_fastrtps_cpp.hpp
[673.031s] -- Installing: /home/amigo-pi/amigo_ros2_pi/install/ublox_msgs/include/ublox_msgs/ublox_msgs/msg/detail/rxm_rawx__rosidl_typesupport_fastrtps_cpp.hpp
[673.032s] -- Installing: /home/amigo-pi/amigo_ros2_pi/install/ublox_msgs/include/ublox_msgs/ublox_msgs/msg/detail/hnr_pvt__rosidl_typesupport_fastrtps_cpp.hpp
[673.033s] -- Installing: /home/amigo-pi/amigo_ros2_pi/install/ublox_msgs/include/ublox_msgs/ublox_msgs/msg/detail/nav_pvt7__rosidl_typesupport_fastrtps_cpp.hpp
[673.035s] -- Installing: /home/amigo-pi/amigo_ros2_pi/install/ublox_msgs/include/ublox_msgs/ublox_msgs/msg/detail/cfg_usb__rosidl_typesupport_fastrtps_cpp.hpp
[673.036s] -- Installing: /home/amigo-pi/amigo_ros2_pi/install/ublox_msgs/include/ublox_msgs/ublox_msgs/msg/detail/nav_dgpssv__rosidl_typesupport_fastrtps_cpp.hpp
[673.037s] -- Installing: /home/amigo-pi/amigo_ros2_pi/install/ublox_msgs/include/ublox_msgs/ublox_msgs/msg/detail/cfg_cfg__rosidl_typesupport_fastrtps_cpp.hpp
[673.038s] -- Installing: /home/amigo-pi/amigo_ros2_pi/install/ublox_msgs/include/ublox_msgs/ublox_msgs/msg/detail/cfg_dat__rosidl_typesupport_fastrtps_cpp.hpp
[673.040s] -- Installing: /home/amigo-pi/amigo_ros2_pi/install/ublox_msgs/include/ublox_msgs/ublox_msgs/msg/detail/cfg_prt__rosidl_typesupport_fastrtps_cpp.hpp
[673.041s] -- Installing: /home/amigo-pi/amigo_ros2_pi/install/ublox_msgs/include/ublox_msgs/ublox_msgs/msg/detail/esf_raw_block__rosidl_typesupport_fastrtps_cpp.hpp
[673.042s] -- Installing: /home/amigo-pi/amigo_ros2_pi/install/ublox_msgs/include/ublox_msgs/ublox_msgs/msg/detail/rxm_rawsv__rosidl_typesupport_fastrtps_cpp.hpp
[673.043s] -- Installing: /home/amigo-pi/amigo_ros2_pi/install/ublox_msgs/include/ublox_msgs/ublox_msgs/msg/detail/mga_gal__rosidl_typesupport_fastrtps_cpp.hpp
[673.045s] -- Installing: /home/amigo-pi/amigo_ros2_pi/install/ublox_msgs/include/ublox_msgs/ublox_msgs/msg/detail/esf_status_sens__rosidl_typesupport_fastrtps_cpp.hpp
[673.046s] -- Installing: /home/amigo-pi/amigo_ros2_pi/install/ublox_msgs/include/ublox_msgs/ublox_msgs/msg/detail/nav_sol__rosidl_typesupport_fastrtps_cpp.hpp
[673.047s] -- Installing: /home/amigo-pi/amigo_ros2_pi/install/ublox_msgs/include/ublox_msgs/ublox_msgs/msg/detail/tim_tm2__rosidl_typesupport_fastrtps_cpp.hpp
[673.048s] -- Installing: /home/amigo-pi/amigo_ros2_pi/install/ublox_msgs/include/ublox_msgs/ublox_msgs/msg/detail/cfg_gnss__rosidl_typesupport_fastrtps_cpp.hpp
[673.049s] -- Installing: /home/amigo-pi/amigo_ros2_pi/install/ublox_msgs/include/ublox_msgs/ublox_msgs/msg/detail/cfg_rst__rosidl_typesupport_fastrtps_cpp.hpp
[673.051s] -- Installing: /home/amigo-pi/amigo_ros2_pi/install/ublox_msgs/include/ublox_msgs/ublox_msgs/msg/detail/nav_satsv__rosidl_typesupport_fastrtps_cpp.hpp
[673.052s] -- Installing: /home/amigo-pi/amigo_ros2_pi/install/ublox_msgs/include/ublox_msgs/ublox_msgs/msg/detail/nav_dgps__rosidl_typesupport_fastrtps_cpp.hpp
[673.053s] -- Installing: /home/amigo-pi/amigo_ros2_pi/install/ublox_msgs/include/ublox_msgs/ublox_msgs/msg/detail/cfg_rate__rosidl_typesupport_fastrtps_cpp.hpp
[673.055s] -- Installing: /home/amigo-pi/amigo_ros2_pi/install/ublox_msgs/include/ublox_msgs/ublox_msgs/msg/detail/nav_sbas__rosidl_typesupport_fastrtps_cpp.hpp
[673.056s] -- Installing: /home/amigo-pi/amigo_ros2_pi/install/ublox_msgs/include/ublox_msgs/ublox_msgs/msg/detail/nav_sbassv__rosidl_typesupport_fastrtps_cpp.hpp
[673.057s] -- Installing: /home/amigo-pi/amigo_ros2_pi/install/ublox_msgs/include/ublox_msgs/ublox_msgs/msg/detail/rxm_rtcm__rosidl_typesupport_fastrtps_cpp.hpp
[673.063s] -- Installing: /home/amigo-pi/amigo_ros2_pi/install/ublox_msgs/include/ublox_msgs/ublox_msgs/msg/detail/cfg_sbas__rosidl_typesupport_fastrtps_cpp.hpp
[673.063s] -- Installing: /home/amigo-pi/amigo_ros2_pi/install/ublox_msgs/include/ublox_msgs/ublox_msgs/msg/detail/cfg_nmea__rosidl_typesupport_fastrtps_cpp.hpp
[673.064s] -- Installing: /home/amigo-pi/amigo_ros2_pi/install/ublox_msgs/include/ublox_msgs/ublox_msgs/msg/detail/mon_hw__rosidl_typesupport_fastrtps_cpp.hpp
[673.064s] -- Installing: /home/amigo-pi/amigo_ros2_pi/install/ublox_msgs/include/ublox_msgs/ublox_msgs/msg/detail/mon_ver__rosidl_typesupport_fastrtps_cpp.hpp
[673.065s] -- Installing: /home/amigo-pi/amigo_ros2_pi/install/ublox_msgs/include/ublox_msgs/ublox_msgs/msg/detail/nav_posecef__rosidl_typesupport_fastrtps_cpp.hpp
[673.066s] -- Installing: /home/amigo-pi/amigo_ros2_pi/install/ublox_msgs/include/ublox_msgs/ublox_msgs/msg/detail/cfg_ant__rosidl_typesupport_fastrtps_cpp.hpp
[673.068s] -- Installing: /home/amigo-pi/amigo_ros2_pi/install/ublox_msgs/include/ublox_msgs/ublox_msgs/msg/detail/esf_status__rosidl_typesupport_fastrtps_cpp.hpp
[673.069s] -- Installing: /home/amigo-pi/amigo_ros2_pi/install/ublox_msgs/include/ublox_msgs/ublox_msgs/msg/detail/nav_dop__rosidl_typesupport_fastrtps_cpp.hpp
[673.070s] -- Installing: /home/amigo-pi/amigo_ros2_pi/install/ublox_msgs/include/ublox_msgs/ublox_msgs/msg/detail/esf_ins__rosidl_typesupport_fastrtps_cpp.hpp
[673.071s] -- Installing: /home/amigo-pi/amigo_ros2_pi/install/ublox_msgs/include/ublox_msgs/ublox_msgs/msg/detail/nav_svinfo__rosidl_typesupport_fastrtps_cpp.hpp
[673.073s] -- Installing: /home/amigo-pi/amigo_ros2_pi/install/ublox_msgs/include/ublox_msgs/ublox_msgs/msg/detail/cfg_navx5__rosidl_typesupport_fastrtps_cpp.hpp
[673.074s] -- Installing: /home/amigo-pi/amigo_ros2_pi/install/ublox_msgs/include/ublox_msgs/ublox_msgs/msg/detail/cfg_tmode3__rosidl_typesupport_fastrtps_cpp.hpp
[673.075s] -- Installing: /home/amigo-pi/amigo_ros2_pi/install/ublox_msgs/include/ublox_msgs/ublox_msgs/msg/detail/nav_timeutc__rosidl_typesupport_fastrtps_cpp.hpp
[673.076s] -- Installing: /home/amigo-pi/amigo_ros2_pi/install/ublox_msgs/include/ublox_msgs/ublox_msgs/msg/detail/aid_alm__rosidl_typesupport_fastrtps_cpp.hpp
[673.077s] -- Installing: /home/amigo-pi/amigo_ros2_pi/install/ublox_msgs/include/ublox_msgs/ublox_msgs/msg/detail/nav_velned__rosidl_typesupport_fastrtps_cpp.hpp
[673.079s] -- Installing: /home/amigo-pi/amigo_ros2_pi/install/ublox_msgs/include/ublox_msgs/ublox_msgs/msg/detail/nav_status__rosidl_typesupport_fastrtps_cpp.hpp
[673.080s] -- Installing: /home/amigo-pi/amigo_ros2_pi/install/ublox_msgs/include/ublox_msgs/ublox_msgs/msg/detail/cfg_dgnss__rosidl_typesupport_fastrtps_cpp.hpp
[673.081s] -- Installing: /home/amigo-pi/amigo_ros2_pi/install/ublox_msgs/include/ublox_msgs/ublox_msgs/msg/detail/dds_fastrtps
[673.083s] -- Installing: /home/amigo-pi/amigo_ros2_pi/install/ublox_msgs/include/ublox_msgs/ublox_msgs/msg/detail/nav_svinfosv__rosidl_typesupport_fastrtps_cpp.hpp
[673.084s] -- Installing: /home/amigo-pi/amigo_ros2_pi/install/ublox_msgs/include/ublox_msgs/ublox_msgs/msg/detail/rxm_raw__rosidl_typesupport_fastrtps_cpp.hpp
[673.085s] -- Installing: /home/amigo-pi/amigo_ros2_pi/install/ublox_msgs/include/ublox_msgs/ublox_msgs/msg/detail/esf_raw__rosidl_typesupport_fastrtps_cpp.hpp
[673.087s] -- Installing: /home/amigo-pi/amigo_ros2_pi/install/ublox_msgs/include/ublox_msgs/ublox_msgs/msg/detail/upd_sos_ack__rosidl_typesupport_fastrtps_cpp.hpp
[673.088s] -- Installing: /home/amigo-pi/amigo_ros2_pi/install/ublox_msgs/include/ublox_msgs/ublox_msgs/msg/detail/nav_clock__rosidl_typesupport_fastrtps_cpp.hpp
[673.089s] -- Installing: /home/amigo-pi/amigo_ros2_pi/install/ublox_msgs/include/ublox_msgs/ublox_msgs/msg/detail/aid_eph__rosidl_typesupport_fastrtps_cpp.hpp
[673.090s] -- Installing: /home/amigo-pi/amigo_ros2_pi/install/ublox_msgs/include/ublox_msgs/ublox_msgs/msg/detail/nav_relposned9__rosidl_typesupport_fastrtps_cpp.hpp
[673.091s] -- Installing: /home/amigo-pi/amigo_ros2_pi/install/ublox_msgs/include/ublox_msgs/ublox_msgs/msg/detail/mon_ver_extension__rosidl_typesupport_fastrtps_cpp.hpp
[673.092s] -- Installing: /home/amigo-pi/amigo_ros2_pi/install/ublox_msgs/include/ublox_msgs/ublox_msgs/msg/detail/cfg_msg__rosidl_typesupport_fastrtps_cpp.hpp
[673.094s] -- Installing: /home/amigo-pi/amigo_ros2_pi/install/ublox_msgs/include/ublox_msgs/ublox_msgs/msg/detail/mon_hw6__rosidl_typesupport_fastrtps_cpp.hpp
[673.095s] -- Installing: /home/amigo-pi/amigo_ros2_pi/install/ublox_msgs/include/ublox_msgs/ublox_msgs/msg/detail/cfg_hnr__rosidl_typesupport_fastrtps_cpp.hpp
[673.096s] -- Installing: /home/amigo-pi/amigo_ros2_pi/install/ublox_msgs/include/ublox_msgs/ublox_msgs/msg/detail/nav_pvt__rosidl_typesupport_fastrtps_cpp.hpp
[673.097s] -- Installing: /home/amigo-pi/amigo_ros2_pi/install/ublox_msgs/include/ublox_msgs/ublox_msgs/msg/detail/cfg_gnss_block__rosidl_typesupport_fastrtps_cpp.hpp
[673.099s] -- Installing: /home/amigo-pi/amigo_ros2_pi/install/ublox_msgs/include/ublox_msgs/ublox_msgs/msg/detail/nav_sat__rosidl_typesupport_fastrtps_cpp.hpp
[673.100s] -- Installing: /home/amigo-pi/amigo_ros2_pi/install/ublox_msgs/include/ublox_msgs/ublox_msgs/msg/detail/rxm_eph__rosidl_typesupport_fastrtps_cpp.hpp
[673.101s] -- Installing: /home/amigo-pi/amigo_ros2_pi/install/ublox_msgs/include/ublox_msgs/ublox_msgs/msg/detail/nav_att__rosidl_typesupport_fastrtps_cpp.hpp
[673.102s] -- Installing: /home/amigo-pi/amigo_ros2_pi/install/ublox_msgs/include/ublox_msgs/ublox_msgs/msg/detail/rxm_rawx_meas__rosidl_typesupport_fastrtps_cpp.hpp
[673.103s] -- Installing: /home/amigo-pi/amigo_ros2_pi/install/ublox_msgs/include/ublox_msgs/ublox_msgs/msg/detail/esf_meas__rosidl_typesupport_fastrtps_cpp.hpp
[673.105s] -- Installing: /home/amigo-pi/amigo_ros2_pi/install/ublox_msgs/include/ublox_msgs/ublox_msgs/msg/detail/cfg_nmea7__rosidl_typesupport_fastrtps_cpp.hpp
[673.106s] -- Installing: /home/amigo-pi/amigo_ros2_pi/install/ublox_msgs/include/ublox_msgs/ublox_msgs/msg/detail/inf__rosidl_typesupport_fastrtps_cpp.hpp
[673.107s] -- Installing: /home/amigo-pi/amigo_ros2_pi/install/ublox_msgs/include/ublox_msgs/ublox_msgs/msg/detail/nav_posllh__rosidl_typesupport_fastrtps_cpp.hpp
[673.108s] -- Installing: /home/amigo-pi/amigo_ros2_pi/install/ublox_msgs/include/ublox_msgs/ublox_msgs/msg/detail/rxm_svsisv__rosidl_typesupport_fastrtps_cpp.hpp
[673.109s] -- Installing: /home/amigo-pi/amigo_ros2_pi/install/ublox_msgs/include/ublox_msgs/ublox_msgs/msg/detail/ack__rosidl_typesupport_fastrtps_cpp.hpp
[673.111s] -- Installing: /home/amigo-pi/amigo_ros2_pi/install/ublox_msgs/include/ublox_msgs/ublox_msgs/msg/detail/nav_velecef__rosidl_typesupport_fastrtps_cpp.hpp
[673.112s] -- Installing: /home/amigo-pi/amigo_ros2_pi/install/ublox_msgs/include/ublox_msgs/ublox_msgs/msg/detail/nav_svin__rosidl_typesupport_fastrtps_cpp.hpp
[673.113s] -- Installing: /home/amigo-pi/amigo_ros2_pi/install/ublox_msgs/include/ublox_msgs/ublox_msgs/msg/detail/rxm_sfrb__rosidl_typesupport_fastrtps_cpp.hpp
[673.114s] -- Installing: /home/amigo-pi/amigo_ros2_pi/install/ublox_msgs/include/ublox_msgs/ublox_msgs/msg/detail/mon_gnss__rosidl_typesupport_fastrtps_cpp.hpp
[673.115s] -- Installing: /home/amigo-pi/amigo_ros2_pi/install/ublox_msgs/include/ublox_msgs/ublox_msgs/msg/detail/aid_hui__rosidl_typesupport_fastrtps_cpp.hpp
[673.116s] -- Installing: /home/amigo-pi/amigo_ros2_pi/install/ublox_msgs/include/ublox_msgs/ublox_msgs/msg/detail/rxm_sfrbx__rosidl_typesupport_fastrtps_cpp.hpp
[673.118s] -- Installing: /home/amigo-pi/amigo_ros2_pi/install/ublox_msgs/include/ublox_msgs/ublox_msgs/msg/detail/nav_timegps__rosidl_typesupport_fastrtps_cpp.hpp
[673.119s] -- Installing: /home/amigo-pi/amigo_ros2_pi/install/ublox_msgs/include/ublox_msgs/ublox_msgs/msg/detail/nav_relposned__rosidl_typesupport_fastrtps_cpp.hpp
[673.120s] -- Installing: /home/amigo-pi/amigo_ros2_pi/install/ublox_msgs/include/ublox_msgs/ublox_msgs/msg/detail/upd_sos__rosidl_typesupport_fastrtps_cpp.hpp
[673.121s] -- Installing: /home/amigo-pi/amigo_ros2_pi/install/ublox_msgs/include/ublox_msgs/ublox_msgs/msg/detail/rxm_alm__rosidl_typesupport_fastrtps_cpp.hpp
[673.123s] -- Installing: /home/amigo-pi/amigo_ros2_pi/install/ublox_msgs/lib/libublox_msgs__rosidl_typesupport_fastrtps_cpp.so
[673.133s] -- Set runtime path of "/home/amigo-pi/amigo_ros2_pi/install/ublox_msgs/lib/libublox_msgs__rosidl_typesupport_fastrtps_cpp.so" to ""
[673.133s] -- Up-to-date: /home/amigo-pi/amigo_ros2_pi/install/ublox_msgs/include/ublox_msgs/ublox_msgs
[673.134s] -- Up-to-date: /home/amigo-pi/amigo_ros2_pi/install/ublox_msgs/include/ublox_msgs/ublox_msgs/msg
[673.134s] -- Up-to-date: /home/amigo-pi/amigo_ros2_pi/install/ublox_msgs/include/ublox_msgs/ublox_msgs/msg/detail
[673.135s] -- Installing: /home/amigo-pi/amigo_ros2_pi/install/ublox_msgs/include/ublox_msgs/ublox_msgs/msg/detail/rxm_eph__type_support.cpp
[673.137s] -- Installing: /home/amigo-pi/amigo_ros2_pi/install/ublox_msgs/include/ublox_msgs/ublox_msgs/msg/detail/nav_satsv__rosidl_typesupport_introspection_cpp.hpp
[673.138s] -- Installing: /home/amigo-pi/amigo_ros2_pi/install/ublox_msgs/include/ublox_msgs/ublox_msgs/msg/detail/cfg_nav5__type_support.cpp
[673.140s] -- Installing: /home/amigo-pi/amigo_ros2_pi/install/ublox_msgs/include/ublox_msgs/ublox_msgs/msg/detail/rxm_raw__rosidl_typesupport_introspection_cpp.hpp
[673.141s] -- Installing: /home/amigo-pi/amigo_ros2_pi/install/ublox_msgs/include/ublox_msgs/ublox_msgs/msg/detail/cfg_nmea__type_support.cpp
[673.142s] -- Installing: /home/amigo-pi/amigo_ros2_pi/install/ublox_msgs/include/ublox_msgs/ublox_msgs/msg/detail/aid_alm__rosidl_typesupport_introspection_cpp.hpp
[673.143s] -- Installing: /home/amigo-pi/amigo_ros2_pi/install/ublox_msgs/include/ublox_msgs/ublox_msgs/msg/detail/nav_velecef__rosidl_typesupport_introspection_cpp.hpp
[673.145s] -- Installing: /home/amigo-pi/amigo_ros2_pi/install/ublox_msgs/include/ublox_msgs/ublox_msgs/msg/detail/rxm_sfrb__rosidl_typesupport_introspection_cpp.hpp
[673.146s] -- Installing: /home/amigo-pi/amigo_ros2_pi/install/ublox_msgs/include/ublox_msgs/ublox_msgs/msg/detail/tim_tm2__type_support.cpp
[673.147s] -- Installing: /home/amigo-pi/amigo_ros2_pi/install/ublox_msgs/include/ublox_msgs/ublox_msgs/msg/detail/cfg_ant__type_support.cpp
[673.148s] -- Installing: /home/amigo-pi/amigo_ros2_pi/install/ublox_msgs/include/ublox_msgs/ublox_msgs/msg/detail/nav_timeutc__rosidl_typesupport_introspection_cpp.hpp
[673.150s] -- Installing: /home/amigo-pi/amigo_ros2_pi/install/ublox_msgs/include/ublox_msgs/ublox_msgs/msg/detail/cfg_dat__type_support.cpp
[673.151s] -- Installing: /home/amigo-pi/amigo_ros2_pi/install/ublox_msgs/include/ublox_msgs/ublox_msgs/msg/detail/nav_sbassv__type_support.cpp
[673.152s] -- Installing: /home/amigo-pi/amigo_ros2_pi/install/ublox_msgs/include/ublox_msgs/ublox_msgs/msg/detail/nav_velned__type_support.cpp
[673.153s] -- Installing: /home/amigo-pi/amigo_ros2_pi/install/ublox_msgs/include/ublox_msgs/ublox_msgs/msg/detail/esf_meas__rosidl_typesupport_introspection_cpp.hpp
[673.154s] -- Installing: /home/amigo-pi/amigo_ros2_pi/install/ublox_msgs/include/ublox_msgs/ublox_msgs/msg/detail/mon_ver__type_support.cpp
[673.156s] -- Installing: /home/amigo-pi/amigo_ros2_pi/install/ublox_msgs/include/ublox_msgs/ublox_msgs/msg/detail/cfg_hnr__rosidl_typesupport_introspection_cpp.hpp
[673.157s] -- Installing: /home/amigo-pi/amigo_ros2_pi/install/ublox_msgs/include/ublox_msgs/ublox_msgs/msg/detail/cfg_usb__type_support.cpp
[673.159s] -- Installing: /home/amigo-pi/amigo_ros2_pi/install/ublox_msgs/include/ublox_msgs/ublox_msgs/msg/detail/nav_relposned9__type_support.cpp
[673.161s] -- Installing: /home/amigo-pi/amigo_ros2_pi/install/ublox_msgs/include/ublox_msgs/ublox_msgs/msg/detail/aid_eph__rosidl_typesupport_introspection_cpp.hpp
[673.162s] -- Installing: /home/amigo-pi/amigo_ros2_pi/install/ublox_msgs/include/ublox_msgs/ublox_msgs/msg/detail/rxm_rtcm__rosidl_typesupport_introspection_cpp.hpp
[673.164s] -- Installing: /home/amigo-pi/amigo_ros2_pi/install/ublox_msgs/include/ublox_msgs/ublox_msgs/msg/detail/mon_ver_extension__type_support.cpp
[673.165s] -- Installing: /home/amigo-pi/amigo_ros2_pi/install/ublox_msgs/include/ublox_msgs/ublox_msgs/msg/detail/rxm_eph__rosidl_typesupport_introspection_cpp.hpp
[673.166s] -- Installing: /home/amigo-pi/amigo_ros2_pi/install/ublox_msgs/include/ublox_msgs/ublox_msgs/msg/detail/rxm_rawx_meas__rosidl_typesupport_introspection_cpp.hpp
[673.168s] -- Installing: /home/amigo-pi/amigo_ros2_pi/install/ublox_msgs/include/ublox_msgs/ublox_msgs/msg/detail/esf_status_sens__type_support.cpp
[673.169s] -- Installing: /home/amigo-pi/amigo_ros2_pi/install/ublox_msgs/include/ublox_msgs/ublox_msgs/msg/detail/esf_raw_block__rosidl_typesupport_introspection_cpp.hpp
[673.170s] -- Installing: /home/amigo-pi/amigo_ros2_pi/install/ublox_msgs/include/ublox_msgs/ublox_msgs/msg/detail/nav_sat__rosidl_typesupport_introspection_cpp.hpp
[673.172s] -- Installing: /home/amigo-pi/amigo_ros2_pi/install/ublox_msgs/include/ublox_msgs/ublox_msgs/msg/detail/nav_timegps__rosidl_typesupport_introspection_cpp.hpp
[673.173s] -- Installing: /home/amigo-pi/amigo_ros2_pi/install/ublox_msgs/include/ublox_msgs/ublox_msgs/msg/detail/nav_timeutc__type_support.cpp
[673.174s] -- Installing: /home/amigo-pi/amigo_ros2_pi/install/ublox_msgs/include/ublox_msgs/ublox_msgs/msg/detail/esf_raw__type_support.cpp
[673.175s] -- Installing: /home/amigo-pi/amigo_ros2_pi/install/ublox_msgs/include/ublox_msgs/ublox_msgs/msg/detail/nav_posecef__type_support.cpp
[673.176s] -- Installing: /home/amigo-pi/amigo_ros2_pi/install/ublox_msgs/include/ublox_msgs/ublox_msgs/msg/detail/upd_sos__rosidl_typesupport_introspection_cpp.hpp
[673.178s] -- Installing: /home/amigo-pi/amigo_ros2_pi/install/ublox_msgs/include/ublox_msgs/ublox_msgs/msg/detail/nav_dop__type_support.cpp
[673.179s] -- Installing: /home/amigo-pi/amigo_ros2_pi/install/ublox_msgs/include/ublox_msgs/ublox_msgs/msg/detail/nav_velecef__type_support.cpp
[673.180s] -- Installing: /home/amigo-pi/amigo_ros2_pi/install/ublox_msgs/include/ublox_msgs/ublox_msgs/msg/detail/cfg_msg__rosidl_typesupport_introspection_cpp.hpp
[673.181s] -- Installing: /home/amigo-pi/amigo_ros2_pi/install/ublox_msgs/include/ublox_msgs/ublox_msgs/msg/detail/nav_relposned9__rosidl_typesupport_introspection_cpp.hpp
[673.183s] -- Installing: /home/amigo-pi/amigo_ros2_pi/install/ublox_msgs/include/ublox_msgs/ublox_msgs/msg/detail/rxm_alm__type_support.cpp
[673.184s] -- Installing: /home/amigo-pi/amigo_ros2_pi/install/ublox_msgs/include/ublox_msgs/ublox_msgs/msg/detail/nav_svinfo__rosidl_typesupport_introspection_cpp.hpp
[673.185s] -- Installing: /home/amigo-pi/amigo_ros2_pi/install/ublox_msgs/include/ublox_msgs/ublox_msgs/msg/detail/mon_gnss__type_support.cpp
[673.186s] -- Installing: /home/amigo-pi/amigo_ros2_pi/install/ublox_msgs/include/ublox_msgs/ublox_msgs/msg/detail/rxm_svsisv__rosidl_typesupport_introspection_cpp.hpp
[673.188s] -- Installing: /home/amigo-pi/amigo_ros2_pi/install/ublox_msgs/include/ublox_msgs/ublox_msgs/msg/detail/nav_dgpssv__type_support.cpp
[673.189s] -- Installing: /home/amigo-pi/amigo_ros2_pi/install/ublox_msgs/include/ublox_msgs/ublox_msgs/msg/detail/nav_satsv__type_support.cpp
[673.190s] -- Installing: /home/amigo-pi/amigo_ros2_pi/install/ublox_msgs/include/ublox_msgs/ublox_msgs/msg/detail/nav_svinfosv__type_support.cpp
[673.192s] -- Installing: /home/amigo-pi/amigo_ros2_pi/install/ublox_msgs/include/ublox_msgs/ublox_msgs/msg/detail/aid_hui__type_support.cpp
[673.194s] -- Installing: /home/amigo-pi/amigo_ros2_pi/install/ublox_msgs/include/ublox_msgs/ublox_msgs/msg/detail/nav_sbas__type_support.cpp
[673.195s] -- Installing: /home/amigo-pi/amigo_ros2_pi/install/ublox_msgs/include/ublox_msgs/ublox_msgs/msg/detail/cfg_nmea7__type_support.cpp
[673.196s] -- Installing: /home/amigo-pi/amigo_ros2_pi/install/ublox_msgs/include/ublox_msgs/ublox_msgs/msg/detail/nav_clock__type_support.cpp
[673.197s] -- Installing: /home/amigo-pi/amigo_ros2_pi/install/ublox_msgs/include/ublox_msgs/ublox_msgs/msg/detail/cfg_navx5__type_support.cpp
[673.199s] -- Installing: /home/amigo-pi/amigo_ros2_pi/install/ublox_msgs/include/ublox_msgs/ublox_msgs/msg/detail/esf_ins__rosidl_typesupport_introspection_cpp.hpp
[673.200s] -- Installing: /home/amigo-pi/amigo_ros2_pi/install/ublox_msgs/include/ublox_msgs/ublox_msgs/msg/detail/cfg_sbas__type_support.cpp
[673.201s] -- Installing: /home/amigo-pi/amigo_ros2_pi/install/ublox_msgs/include/ublox_msgs/ublox_msgs/msg/detail/nav_dgps__rosidl_typesupport_introspection_cpp.hpp
[673.202s] -- Installing: /home/amigo-pi/amigo_ros2_pi/install/ublox_msgs/include/ublox_msgs/ublox_msgs/msg/detail/esf_raw_block__type_support.cpp
[673.203s] -- Installing: /home/amigo-pi/amigo_ros2_pi/install/ublox_msgs/include/ublox_msgs/ublox_msgs/msg/detail/nav_sol__type_support.cpp
[673.205s] -- Installing: /home/amigo-pi/amigo_ros2_pi/install/ublox_msgs/include/ublox_msgs/ublox_msgs/msg/detail/rxm_raw__type_support.cpp
[673.206s] -- Installing: /home/amigo-pi/amigo_ros2_pi/install/ublox_msgs/include/ublox_msgs/ublox_msgs/msg/detail/mon_ver__rosidl_typesupport_introspection_cpp.hpp
[673.207s] -- Installing: /home/amigo-pi/amigo_ros2_pi/install/ublox_msgs/include/ublox_msgs/ublox_msgs/msg/detail/nav_dgpssv__rosidl_typesupport_introspection_cpp.hpp
[673.208s] -- Installing: /home/amigo-pi/amigo_ros2_pi/install/ublox_msgs/include/ublox_msgs/ublox_msgs/msg/detail/nav_status__type_support.cpp
[673.210s] -- Installing: /home/amigo-pi/amigo_ros2_pi/install/ublox_msgs/include/ublox_msgs/ublox_msgs/msg/detail/esf_raw__rosidl_typesupport_introspection_cpp.hpp
[673.211s] -- Installing: /home/amigo-pi/amigo_ros2_pi/install/ublox_msgs/include/ublox_msgs/ublox_msgs/msg/detail/nav_relposned__rosidl_typesupport_introspection_cpp.hpp
[673.212s] -- Installing: /home/amigo-pi/amigo_ros2_pi/install/ublox_msgs/include/ublox_msgs/ublox_msgs/msg/detail/esf_status_sens__rosidl_typesupport_introspection_cpp.hpp
[673.213s] -- Installing: /home/amigo-pi/amigo_ros2_pi/install/ublox_msgs/include/ublox_msgs/ublox_msgs/msg/detail/cfg_hnr__type_support.cpp
[673.215s] -- Installing: /home/amigo-pi/amigo_ros2_pi/install/ublox_msgs/include/ublox_msgs/ublox_msgs/msg/detail/mon_hw6__type_support.cpp
[673.216s] -- Installing: /home/amigo-pi/amigo_ros2_pi/install/ublox_msgs/include/ublox_msgs/ublox_msgs/msg/detail/cfg_nmea6__rosidl_typesupport_introspection_cpp.hpp
[673.217s] -- Installing: /home/amigo-pi/amigo_ros2_pi/install/ublox_msgs/include/ublox_msgs/ublox_msgs/msg/detail/cfg_tmode3__type_support.cpp
[673.218s] -- Installing: /home/amigo-pi/amigo_ros2_pi/install/ublox_msgs/include/ublox_msgs/ublox_msgs/msg/detail/rxm_rawx__rosidl_typesupport_introspection_cpp.hpp
[673.220s] -- Installing: /home/amigo-pi/amigo_ros2_pi/install/ublox_msgs/include/ublox_msgs/ublox_msgs/msg/detail/inf__type_support.cpp
[673.221s] -- Installing: /home/amigo-pi/amigo_ros2_pi/install/ublox_msgs/include/ublox_msgs/ublox_msgs/msg/detail/rxm_sfrbx__rosidl_typesupport_introspection_cpp.hpp
[673.222s] -- Installing: /home/amigo-pi/amigo_ros2_pi/install/ublox_msgs/include/ublox_msgs/ublox_msgs/msg/detail/cfg_usb__rosidl_typesupport_introspection_cpp.hpp
[673.224s] -- Installing: /home/amigo-pi/amigo_ros2_pi/install/ublox_msgs/include/ublox_msgs/ublox_msgs/msg/detail/cfg_nmea7__rosidl_typesupport_introspection_cpp.hpp
[673.225s] -- Installing: /home/amigo-pi/amigo_ros2_pi/install/ublox_msgs/include/ublox_msgs/ublox_msgs/msg/detail/nav_pvt7__rosidl_typesupport_introspection_cpp.hpp
[673.226s] -- Installing: /home/amigo-pi/amigo_ros2_pi/install/ublox_msgs/include/ublox_msgs/ublox_msgs/msg/detail/nav_pvt__type_support.cpp
[673.227s] -- Installing: /home/amigo-pi/amigo_ros2_pi/install/ublox_msgs/include/ublox_msgs/ublox_msgs/msg/detail/mon_hw__rosidl_typesupport_introspection_cpp.hpp
[673.230s] -- Installing: /home/amigo-pi/amigo_ros2_pi/install/ublox_msgs/include/ublox_msgs/ublox_msgs/msg/detail/nav_att__type_support.cpp
[673.231s] -- Installing: /home/amigo-pi/amigo_ros2_pi/install/ublox_msgs/include/ublox_msgs/ublox_msgs/msg/detail/nav_dgps__type_support.cpp
[673.233s] -- Installing: /home/amigo-pi/amigo_ros2_pi/install/ublox_msgs/include/ublox_msgs/ublox_msgs/msg/detail/cfg_msg__type_support.cpp
[673.234s] -- Installing: /home/amigo-pi/amigo_ros2_pi/install/ublox_msgs/include/ublox_msgs/ublox_msgs/msg/detail/esf_status__rosidl_typesupport_introspection_cpp.hpp
[673.235s] -- Installing: /home/amigo-pi/amigo_ros2_pi/install/ublox_msgs/include/ublox_msgs/ublox_msgs/msg/detail/cfg_rate__rosidl_typesupport_introspection_cpp.hpp
[673.236s] -- Installing: /home/amigo-pi/amigo_ros2_pi/install/ublox_msgs/include/ublox_msgs/ublox_msgs/msg/detail/cfg_nmea__rosidl_typesupport_introspection_cpp.hpp
[673.238s] -- Installing: /home/amigo-pi/amigo_ros2_pi/install/ublox_msgs/include/ublox_msgs/ublox_msgs/msg/detail/mon_ver_extension__rosidl_typesupport_introspection_cpp.hpp
[673.239s] -- Installing: /home/amigo-pi/amigo_ros2_pi/install/ublox_msgs/include/ublox_msgs/ublox_msgs/msg/detail/esf_status__type_support.cpp
[673.240s] -- Installing: /home/amigo-pi/amigo_ros2_pi/install/ublox_msgs/include/ublox_msgs/ublox_msgs/msg/detail/tim_tm2__rosidl_typesupport_introspection_cpp.hpp
[673.242s] -- Installing: /home/amigo-pi/amigo_ros2_pi/install/ublox_msgs/include/ublox_msgs/ublox_msgs/msg/detail/nav_svinfosv__rosidl_typesupport_introspection_cpp.hpp
[673.243s] -- Installing: /home/amigo-pi/amigo_ros2_pi/install/ublox_msgs/include/ublox_msgs/ublox_msgs/msg/detail/cfg_rate__type_support.cpp
[673.244s] -- Installing: /home/amigo-pi/amigo_ros2_pi/install/ublox_msgs/include/ublox_msgs/ublox_msgs/msg/detail/cfg_dgnss__type_support.cpp
[673.245s] -- Installing: /home/amigo-pi/amigo_ros2_pi/install/ublox_msgs/include/ublox_msgs/ublox_msgs/msg/detail/rxm_svsi__rosidl_typesupport_introspection_cpp.hpp
[673.247s] -- Installing: /home/amigo-pi/amigo_ros2_pi/install/ublox_msgs/include/ublox_msgs/ublox_msgs/msg/detail/nav_dop__rosidl_typesupport_introspection_cpp.hpp
[673.248s] -- Installing: /home/amigo-pi/amigo_ros2_pi/install/ublox_msgs/include/ublox_msgs/ublox_msgs/msg/detail/upd_sos_ack__type_support.cpp
[673.249s] -- Installing: /home/amigo-pi/amigo_ros2_pi/install/ublox_msgs/include/ublox_msgs/ublox_msgs/msg/detail/nav_timegps__type_support.cpp
[673.250s] -- Installing: /home/amigo-pi/amigo_ros2_pi/install/ublox_msgs/include/ublox_msgs/ublox_msgs/msg/detail/aid_eph__type_support.cpp
[673.251s] -- Installing: /home/amigo-pi/amigo_ros2_pi/install/ublox_msgs/include/ublox_msgs/ublox_msgs/msg/detail/cfg_inf__type_support.cpp
[673.253s] -- Installing: /home/amigo-pi/amigo_ros2_pi/install/ublox_msgs/include/ublox_msgs/ublox_msgs/msg/detail/nav_velned__rosidl_typesupport_introspection_cpp.hpp
[673.254s] -- Installing: /home/amigo-pi/amigo_ros2_pi/install/ublox_msgs/include/ublox_msgs/ublox_msgs/msg/detail/cfg_gnss__type_support.cpp
[673.260s] -- Installing: /home/amigo-pi/amigo_ros2_pi/install/ublox_msgs/include/ublox_msgs/ublox_msgs/msg/detail/esf_ins__type_support.cpp
[673.261s] -- Installing: /home/amigo-pi/amigo_ros2_pi/install/ublox_msgs/include/ublox_msgs/ublox_msgs/msg/detail/cfg_cfg__type_support.cpp
[673.261s] -- Installing: /home/amigo-pi/amigo_ros2_pi/install/ublox_msgs/include/ublox_msgs/ublox_msgs/msg/detail/rxm_rawx_meas__type_support.cpp
[673.262s] -- Installing: /home/amigo-pi/amigo_ros2_pi/install/ublox_msgs/include/ublox_msgs/ublox_msgs/msg/detail/cfg_inf__rosidl_typesupport_introspection_cpp.hpp
[673.263s] -- Installing: /home/amigo-pi/amigo_ros2_pi/install/ublox_msgs/include/ublox_msgs/ublox_msgs/msg/detail/cfg_navx5__rosidl_typesupport_introspection_cpp.hpp
[673.263s] -- Installing: /home/amigo-pi/amigo_ros2_pi/install/ublox_msgs/include/ublox_msgs/ublox_msgs/msg/detail/nav_posllh__type_support.cpp
[673.264s] -- Installing: /home/amigo-pi/amigo_ros2_pi/install/ublox_msgs/include/ublox_msgs/ublox_msgs/msg/detail/cfg_dgnss__rosidl_typesupport_introspection_cpp.hpp
[673.266s] -- Installing: /home/amigo-pi/amigo_ros2_pi/install/ublox_msgs/include/ublox_msgs/ublox_msgs/msg/detail/cfg_nav5__rosidl_typesupport_introspection_cpp.hpp
[673.267s] -- Installing: /home/amigo-pi/amigo_ros2_pi/install/ublox_msgs/include/ublox_msgs/ublox_msgs/msg/detail/cfg_inf_block__type_support.cpp
[673.268s] -- Installing: /home/amigo-pi/amigo_ros2_pi/install/ublox_msgs/include/ublox_msgs/ublox_msgs/msg/detail/aid_hui__rosidl_typesupport_introspection_cpp.hpp
[673.269s] -- Installing: /home/amigo-pi/amigo_ros2_pi/install/ublox_msgs/include/ublox_msgs/ublox_msgs/msg/detail/nav_svin__type_support.cpp
[673.271s] -- Installing: /home/amigo-pi/amigo_ros2_pi/install/ublox_msgs/include/ublox_msgs/ublox_msgs/msg/detail/nav_sbas__rosidl_typesupport_introspection_cpp.hpp
[673.272s] -- Installing: /home/amigo-pi/amigo_ros2_pi/install/ublox_msgs/include/ublox_msgs/ublox_msgs/msg/detail/nav_sat__type_support.cpp
[673.273s] -- Installing: /home/amigo-pi/amigo_ros2_pi/install/ublox_msgs/include/ublox_msgs/ublox_msgs/msg/detail/cfg_gnss_block__rosidl_typesupport_introspection_cpp.hpp
[673.275s] -- Installing: /home/amigo-pi/amigo_ros2_pi/install/ublox_msgs/include/ublox_msgs/ublox_msgs/msg/detail/rxm_sfrb__type_support.cpp
[673.276s] -- Installing: /home/amigo-pi/amigo_ros2_pi/install/ublox_msgs/include/ublox_msgs/ublox_msgs/msg/detail/ack__type_support.cpp
[673.277s] -- Installing: /home/amigo-pi/amigo_ros2_pi/install/ublox_msgs/include/ublox_msgs/ublox_msgs/msg/detail/mon_gnss__rosidl_typesupport_introspection_cpp.hpp
[673.278s] -- Installing: /home/amigo-pi/amigo_ros2_pi/install/ublox_msgs/include/ublox_msgs/ublox_msgs/msg/detail/cfg_gnss_block__type_support.cpp
[673.279s] -- Installing: /home/amigo-pi/amigo_ros2_pi/install/ublox_msgs/include/ublox_msgs/ublox_msgs/msg/detail/cfg_rst__type_support.cpp
[673.281s] -- Installing: /home/amigo-pi/amigo_ros2_pi/install/ublox_msgs/include/ublox_msgs/ublox_msgs/msg/detail/cfg_sbas__rosidl_typesupport_introspection_cpp.hpp
[673.282s] -- Installing: /home/amigo-pi/amigo_ros2_pi/install/ublox_msgs/include/ublox_msgs/ublox_msgs/msg/detail/upd_sos__type_support.cpp
[673.283s] -- Installing: /home/amigo-pi/amigo_ros2_pi/install/ublox_msgs/include/ublox_msgs/ublox_msgs/msg/detail/rxm_rawx__type_support.cpp
[673.284s] -- Installing: /home/amigo-pi/amigo_ros2_pi/install/ublox_msgs/include/ublox_msgs/ublox_msgs/msg/detail/mon_hw__type_support.cpp
[673.286s] -- Installing: /home/amigo-pi/amigo_ros2_pi/install/ublox_msgs/include/ublox_msgs/ublox_msgs/msg/detail/nav_sbassv__rosidl_typesupport_introspection_cpp.hpp
[673.287s] -- Installing: /home/amigo-pi/amigo_ros2_pi/install/ublox_msgs/include/ublox_msgs/ublox_msgs/msg/detail/rxm_rawsv__rosidl_typesupport_introspection_cpp.hpp
[673.288s] -- Installing: /home/amigo-pi/amigo_ros2_pi/install/ublox_msgs/include/ublox_msgs/ublox_msgs/msg/detail/upd_sos_ack__rosidl_typesupport_introspection_cpp.hpp
[673.289s] -- Installing: /home/amigo-pi/amigo_ros2_pi/install/ublox_msgs/include/ublox_msgs/ublox_msgs/msg/detail/mga_gal__type_support.cpp
[673.291s] -- Installing: /home/amigo-pi/amigo_ros2_pi/install/ublox_msgs/include/ublox_msgs/ublox_msgs/msg/detail/cfg_cfg__rosidl_typesupport_introspection_cpp.hpp
[673.292s] -- Installing: /home/amigo-pi/amigo_ros2_pi/install/ublox_msgs/include/ublox_msgs/ublox_msgs/msg/detail/esf_meas__type_support.cpp
[673.293s] -- Installing: /home/amigo-pi/amigo_ros2_pi/install/ublox_msgs/include/ublox_msgs/ublox_msgs/msg/detail/nav_pvt__rosidl_typesupport_introspection_cpp.hpp
[673.294s] -- Installing: /home/amigo-pi/amigo_ros2_pi/install/ublox_msgs/include/ublox_msgs/ublox_msgs/msg/detail/mon_hw6__rosidl_typesupport_introspection_cpp.hpp
[673.296s] -- Installing: /home/amigo-pi/amigo_ros2_pi/install/ublox_msgs/include/ublox_msgs/ublox_msgs/msg/detail/cfg_inf_block__rosidl_typesupport_introspection_cpp.hpp
[673.297s] -- Installing: /home/amigo-pi/amigo_ros2_pi/install/ublox_msgs/include/ublox_msgs/ublox_msgs/msg/detail/ack__rosidl_typesupport_introspection_cpp.hpp
[673.298s] -- Installing: /home/amigo-pi/amigo_ros2_pi/install/ublox_msgs/include/ublox_msgs/ublox_msgs/msg/detail/nav_posllh__rosidl_typesupport_introspection_cpp.hpp
[673.299s] -- Installing: /home/amigo-pi/amigo_ros2_pi/install/ublox_msgs/include/ublox_msgs/ublox_msgs/msg/detail/nav_pvt7__type_support.cpp
[673.301s] -- Installing: /home/amigo-pi/amigo_ros2_pi/install/ublox_msgs/include/ublox_msgs/ublox_msgs/msg/detail/aid_alm__type_support.cpp
[673.302s] -- Installing: /home/amigo-pi/amigo_ros2_pi/install/ublox_msgs/include/ublox_msgs/ublox_msgs/msg/detail/inf__rosidl_typesupport_introspection_cpp.hpp
[673.303s] -- Installing: /home/amigo-pi/amigo_ros2_pi/install/ublox_msgs/include/ublox_msgs/ublox_msgs/msg/detail/nav_svinfo__type_support.cpp
[673.304s] -- Installing: /home/amigo-pi/amigo_ros2_pi/install/ublox_msgs/include/ublox_msgs/ublox_msgs/msg/detail/mga_gal__rosidl_typesupport_introspection_cpp.hpp
[673.305s] -- Installing: /home/amigo-pi/amigo_ros2_pi/install/ublox_msgs/include/ublox_msgs/ublox_msgs/msg/detail/nav_posecef__rosidl_typesupport_introspection_cpp.hpp
[673.307s] -- Installing: /home/amigo-pi/amigo_ros2_pi/install/ublox_msgs/include/ublox_msgs/ublox_msgs/msg/detail/rxm_rawsv__type_support.cpp
[673.308s] -- Installing: /home/amigo-pi/amigo_ros2_pi/install/ublox_msgs/include/ublox_msgs/ublox_msgs/msg/detail/rxm_alm__rosidl_typesupport_introspection_cpp.hpp
[673.309s] -- Installing: /home/amigo-pi/amigo_ros2_pi/install/ublox_msgs/include/ublox_msgs/ublox_msgs/msg/detail/cfg_tmode3__rosidl_typesupport_introspection_cpp.hpp
[673.311s] -- Installing: /home/amigo-pi/amigo_ros2_pi/install/ublox_msgs/include/ublox_msgs/ublox_msgs/msg/detail/nav_svin__rosidl_typesupport_introspection_cpp.hpp
[673.312s] -- Installing: /home/amigo-pi/amigo_ros2_pi/install/ublox_msgs/include/ublox_msgs/ublox_msgs/msg/detail/nav_att__rosidl_typesupport_introspection_cpp.hpp
[673.313s] -- Installing: /home/amigo-pi/amigo_ros2_pi/install/ublox_msgs/include/ublox_msgs/ublox_msgs/msg/detail/rxm_sfrbx__type_support.cpp
[673.314s] -- Installing: /home/amigo-pi/amigo_ros2_pi/install/ublox_msgs/include/ublox_msgs/ublox_msgs/msg/detail/nav_clock__rosidl_typesupport_introspection_cpp.hpp
[673.316s] -- Installing: /home/amigo-pi/amigo_ros2_pi/install/ublox_msgs/include/ublox_msgs/ublox_msgs/msg/detail/cfg_prt__rosidl_typesupport_introspection_cpp.hpp
[673.317s] -- Installing: /home/amigo-pi/amigo_ros2_pi/install/ublox_msgs/include/ublox_msgs/ublox_msgs/msg/detail/rxm_svsisv__type_support.cpp
[673.318s] -- Installing: /home/amigo-pi/amigo_ros2_pi/install/ublox_msgs/include/ublox_msgs/ublox_msgs/msg/detail/cfg_rst__rosidl_typesupport_introspection_cpp.hpp
[673.319s] -- Installing: /home/amigo-pi/amigo_ros2_pi/install/ublox_msgs/include/ublox_msgs/ublox_msgs/msg/detail/nav_relposned__type_support.cpp
[673.321s] -- Installing: /home/amigo-pi/amigo_ros2_pi/install/ublox_msgs/include/ublox_msgs/ublox_msgs/msg/detail/nav_status__rosidl_typesupport_introspection_cpp.hpp
[673.322s] -- Installing: /home/amigo-pi/amigo_ros2_pi/install/ublox_msgs/include/ublox_msgs/ublox_msgs/msg/detail/hnr_pvt__rosidl_typesupport_introspection_cpp.hpp
[673.323s] -- Installing: /home/amigo-pi/amigo_ros2_pi/install/ublox_msgs/include/ublox_msgs/ublox_msgs/msg/detail/rxm_svsi__type_support.cpp
[673.324s] -- Installing: /home/amigo-pi/amigo_ros2_pi/install/ublox_msgs/include/ublox_msgs/ublox_msgs/msg/detail/rxm_rtcm__type_support.cpp
[673.325s] -- Installing: /home/amigo-pi/amigo_ros2_pi/install/ublox_msgs/include/ublox_msgs/ublox_msgs/msg/detail/hnr_pvt__type_support.cpp
[673.327s] -- Installing: /home/amigo-pi/amigo_ros2_pi/install/ublox_msgs/include/ublox_msgs/ublox_msgs/msg/detail/cfg_ant__rosidl_typesupport_introspection_cpp.hpp
[673.328s] -- Installing: /home/amigo-pi/amigo_ros2_pi/install/ublox_msgs/include/ublox_msgs/ublox_msgs/msg/detail/nav_sol__rosidl_typesupport_introspection_cpp.hpp
[673.329s] -- Installing: /home/amigo-pi/amigo_ros2_pi/install/ublox_msgs/include/ublox_msgs/ublox_msgs/msg/detail/cfg_dat__rosidl_typesupport_introspection_cpp.hpp
[673.331s] -- Installing: /home/amigo-pi/amigo_ros2_pi/install/ublox_msgs/include/ublox_msgs/ublox_msgs/msg/detail/cfg_nmea6__type_support.cpp
[673.332s] -- Installing: /home/amigo-pi/amigo_ros2_pi/install/ublox_msgs/include/ublox_msgs/ublox_msgs/msg/detail/cfg_gnss__rosidl_typesupport_introspection_cpp.hpp
[673.333s] -- Installing: /home/amigo-pi/amigo_ros2_pi/install/ublox_msgs/include/ublox_msgs/ublox_msgs/msg/detail/cfg_prt__type_support.cpp
[673.335s] -- Installing: /home/amigo-pi/amigo_ros2_pi/install/ublox_msgs/lib/libublox_msgs__rosidl_typesupport_introspection_cpp.so
[673.346s] -- Set runtime path of "/home/amigo-pi/amigo_ros2_pi/install/ublox_msgs/lib/libublox_msgs__rosidl_typesupport_introspection_cpp.so" to ""
[673.346s] -- Installing: /home/amigo-pi/amigo_ros2_pi/install/ublox_msgs/lib/libublox_msgs__rosidl_typesupport_cpp.so
[673.351s] -- Set runtime path of "/home/amigo-pi/amigo_ros2_pi/install/ublox_msgs/lib/libublox_msgs__rosidl_typesupport_cpp.so" to ""
[673.351s] -- Installing: /home/amigo-pi/amigo_ros2_pi/install/ublox_msgs/share/ublox_msgs/environment/pythonpath.sh
[673.354s] -- Installing: /home/amigo-pi/amigo_ros2_pi/install/ublox_msgs/share/ublox_msgs/environment/pythonpath.dsv
[673.356s] -- Installing: /home/amigo-pi/amigo_ros2_pi/install/ublox_msgs/local/lib/python3.10/dist-packages/ublox_msgs-2.2.0-py3.10.egg-info
[673.357s] -- Installing: /home/amigo-pi/amigo_ros2_pi/install/ublox_msgs/local/lib/python3.10/dist-packages/ublox_msgs-2.2.0-py3.10.egg-info/PKG-INFO
[673.359s] -- Installing: /home/amigo-pi/amigo_ros2_pi/install/ublox_msgs/local/lib/python3.10/dist-packages/ublox_msgs-2.2.0-py3.10.egg-info/top_level.txt
[673.361s] -- Installing: /home/amigo-pi/amigo_ros2_pi/install/ublox_msgs/local/lib/python3.10/dist-packages/ublox_msgs-2.2.0-py3.10.egg-info/dependency_links.txt
[673.362s] -- Installing: /home/amigo-pi/amigo_ros2_pi/install/ublox_msgs/local/lib/python3.10/dist-packages/ublox_msgs-2.2.0-py3.10.egg-info/SOURCES.txt
[673.365s] -- Installing: /home/amigo-pi/amigo_ros2_pi/install/ublox_msgs/local/lib/python3.10/dist-packages/ublox_msgs
[673.366s] -- Installing: /home/amigo-pi/amigo_ros2_pi/install/ublox_msgs/local/lib/python3.10/dist-packages/ublox_msgs/_ublox_msgs_s.ep.rosidl_typesupport_introspection_c.c
[673.370s] -- Installing: /home/amigo-pi/amigo_ros2_pi/install/ublox_msgs/local/lib/python3.10/dist-packages/ublox_msgs/msg
[673.373s] -- Installing: /home/amigo-pi/amigo_ros2_pi/install/ublox_msgs/local/lib/python3.10/dist-packages/ublox_msgs/msg/_cfg_msg_s.c
[673.374s] -- Installing: /home/amigo-pi/amigo_ros2_pi/install/ublox_msgs/local/lib/python3.10/dist-packages/ublox_msgs/msg/_cfg_inf.py
[673.375s] -- Installing: /home/amigo-pi/amigo_ros2_pi/install/ublox_msgs/local/lib/python3.10/dist-packages/ublox_msgs/msg/_cfg_gnss.py
[673.376s] -- Installing: /home/amigo-pi/amigo_ros2_pi/install/ublox_msgs/local/lib/python3.10/dist-packages/ublox_msgs/msg/_cfg_tmode3.py
[673.377s] -- Installing: /home/amigo-pi/amigo_ros2_pi/install/ublox_msgs/local/lib/python3.10/dist-packages/ublox_msgs/msg/_rxm_alm_s.c
[673.378s] -- Installing: /home/amigo-pi/amigo_ros2_pi/install/ublox_msgs/local/lib/python3.10/dist-packages/ublox_msgs/msg/_cfg_rst.py
[673.379s] -- Installing: /home/amigo-pi/amigo_ros2_pi/install/ublox_msgs/local/lib/python3.10/dist-packages/ublox_msgs/msg/_rxm_rawsv.py
[673.380s] -- Installing: /home/amigo-pi/amigo_ros2_pi/install/ublox_msgs/local/lib/python3.10/dist-packages/ublox_msgs/msg/_nav_clock.py
[673.381s] -- Installing: /home/amigo-pi/amigo_ros2_pi/install/ublox_msgs/local/lib/python3.10/dist-packages/ublox_msgs/msg/_rxm_rawx_meas_s.c
[673.382s] -- Installing: /home/amigo-pi/amigo_ros2_pi/install/ublox_msgs/local/lib/python3.10/dist-packages/ublox_msgs/msg/_mga_gal_s.c
[673.384s] -- Installing: /home/amigo-pi/amigo_ros2_pi/install/ublox_msgs/local/lib/python3.10/dist-packages/ublox_msgs/msg/_nav_relposned9.py
[673.385s] -- Installing: /home/amigo-pi/amigo_ros2_pi/install/ublox_msgs/local/lib/python3.10/dist-packages/ublox_msgs/msg/_cfg_prt.py
[673.386s] -- Installing: /home/amigo-pi/amigo_ros2_pi/install/ublox_msgs/local/lib/python3.10/dist-packages/ublox_msgs/msg/_esf_status.py
[673.387s] -- Installing: /home/amigo-pi/amigo_ros2_pi/install/ublox_msgs/local/lib/python3.10/dist-packages/ublox_msgs/msg/_nav_dop_s.c
[673.388s] -- Installing: /home/amigo-pi/amigo_ros2_pi/install/ublox_msgs/local/lib/python3.10/dist-packages/ublox_msgs/msg/_cfg_gnss_block.py
[673.390s] -- Installing: /home/amigo-pi/amigo_ros2_pi/install/ublox_msgs/local/lib/python3.10/dist-packages/ublox_msgs/msg/_rxm_rawx_s.c
[673.391s] -- Installing: /home/amigo-pi/amigo_ros2_pi/install/ublox_msgs/local/lib/python3.10/dist-packages/ublox_msgs/msg/_rxm_rtcm_s.c
[673.392s] -- Installing: /home/amigo-pi/amigo_ros2_pi/install/ublox_msgs/local/lib/python3.10/dist-packages/ublox_msgs/msg/_rxm_sfrb_s.c
[673.393s] -- Installing: /home/amigo-pi/amigo_ros2_pi/install/ublox_msgs/local/lib/python3.10/dist-packages/ublox_msgs/msg/_cfg_cfg.py
[673.394s] -- Installing: /home/amigo-pi/amigo_ros2_pi/install/ublox_msgs/local/lib/python3.10/dist-packages/ublox_msgs/msg/_nav_att_s.c
[673.395s] -- Installing: /home/amigo-pi/amigo_ros2_pi/install/ublox_msgs/local/lib/python3.10/dist-packages/ublox_msgs/msg/_cfg_inf_block.py
[673.396s] -- Installing: /home/amigo-pi/amigo_ros2_pi/install/ublox_msgs/local/lib/python3.10/dist-packages/ublox_msgs/msg/_cfg_nmea_s.c
[673.397s] -- Installing: /home/amigo-pi/amigo_ros2_pi/install/ublox_msgs/local/lib/python3.10/dist-packages/ublox_msgs/msg/_cfg_inf_block_s.c
[673.398s] -- Installing: /home/amigo-pi/amigo_ros2_pi/install/ublox_msgs/local/lib/python3.10/dist-packages/ublox_msgs/msg/_cfg_rate.py
[673.399s] -- Installing: /home/amigo-pi/amigo_ros2_pi/install/ublox_msgs/local/lib/python3.10/dist-packages/ublox_msgs/msg/_nav_sbassv_s.c
[673.400s] -- Installing: /home/amigo-pi/amigo_ros2_pi/install/ublox_msgs/local/lib/python3.10/dist-packages/ublox_msgs/msg/_rxm_raw_s.c
[673.401s] -- Installing: /home/amigo-pi/amigo_ros2_pi/install/ublox_msgs/local/lib/python3.10/dist-packages/ublox_msgs/msg/_cfg_rate_s.c
[673.402s] -- Installing: /home/amigo-pi/amigo_ros2_pi/install/ublox_msgs/local/lib/python3.10/dist-packages/ublox_msgs/msg/_cfg_ant.py
[673.403s] -- Installing: /home/amigo-pi/amigo_ros2_pi/install/ublox_msgs/local/lib/python3.10/dist-packages/ublox_msgs/msg/_nav_pvt.py
[673.405s] -- Installing: /home/amigo-pi/amigo_ros2_pi/install/ublox_msgs/local/lib/python3.10/dist-packages/ublox_msgs/msg/_mon_gnss.py
[673.406s] -- Installing: /home/amigo-pi/amigo_ros2_pi/install/ublox_msgs/local/lib/python3.10/dist-packages/ublox_msgs/msg/_nav_velned.py
[673.407s] -- Installing: /home/amigo-pi/amigo_ros2_pi/install/ublox_msgs/local/lib/python3.10/dist-packages/ublox_msgs/msg/_mon_hw6_s.c
[673.408s] -- Installing: /home/amigo-pi/amigo_ros2_pi/install/ublox_msgs/local/lib/python3.10/dist-packages/ublox_msgs/msg/_esf_raw_block.py
[673.409s] -- Installing: /home/amigo-pi/amigo_ros2_pi/install/ublox_msgs/local/lib/python3.10/dist-packages/ublox_msgs/msg/_nav_sbas.py
[673.411s] -- Installing: /home/amigo-pi/amigo_ros2_pi/install/ublox_msgs/local/lib/python3.10/dist-packages/ublox_msgs/msg/_rxm_svsi_s.c
[673.412s] -- Installing: /home/amigo-pi/amigo_ros2_pi/install/ublox_msgs/local/lib/python3.10/dist-packages/ublox_msgs/msg/_nav_dgpssv_s.c
[673.413s] -- Installing: /home/amigo-pi/amigo_ros2_pi/install/ublox_msgs/local/lib/python3.10/dist-packages/ublox_msgs/msg/_upd_sos_ack_s.c
[673.414s] -- Installing: /home/amigo-pi/amigo_ros2_pi/install/ublox_msgs/local/lib/python3.10/dist-packages/ublox_msgs/msg/_ack.py
[673.415s] -- Installing: /home/amigo-pi/amigo_ros2_pi/install/ublox_msgs/local/lib/python3.10/dist-packages/ublox_msgs/msg/_nav_satsv_s.c
[673.416s] -- Installing: /home/amigo-pi/amigo_ros2_pi/install/ublox_msgs/local/lib/python3.10/dist-packages/ublox_msgs/msg/_nav_clock_s.c
[673.417s] -- Installing: /home/amigo-pi/amigo_ros2_pi/install/ublox_msgs/local/lib/python3.10/dist-packages/ublox_msgs/msg/_nav_pvt7_s.c
[673.419s] -- Installing: /home/amigo-pi/amigo_ros2_pi/install/ublox_msgs/local/lib/python3.10/dist-packages/ublox_msgs/msg/_nav_relposned.py
[673.420s] -- Installing: /home/amigo-pi/amigo_ros2_pi/install/ublox_msgs/local/lib/python3.10/dist-packages/ublox_msgs/msg/_mon_ver_extension.py
[673.421s] -- Installing: /home/amigo-pi/amigo_ros2_pi/install/ublox_msgs/local/lib/python3.10/dist-packages/ublox_msgs/msg/_rxm_sfrb.py
[673.422s] -- Installing: /home/amigo-pi/amigo_ros2_pi/install/ublox_msgs/local/lib/python3.10/dist-packages/ublox_msgs/msg/_rxm_sfrbx.py
[673.423s] -- Installing: /home/amigo-pi/amigo_ros2_pi/install/ublox_msgs/local/lib/python3.10/dist-packages/ublox_msgs/msg/_tim_tm2.py
[673.424s] -- Installing: /home/amigo-pi/amigo_ros2_pi/install/ublox_msgs/local/lib/python3.10/dist-packages/ublox_msgs/msg/_cfg_inf_s.c
[673.425s] -- Installing: /home/amigo-pi/amigo_ros2_pi/install/ublox_msgs/local/lib/python3.10/dist-packages/ublox_msgs/msg/_nav_svin_s.c
[673.426s] -- Installing: /home/amigo-pi/amigo_ros2_pi/install/ublox_msgs/local/lib/python3.10/dist-packages/ublox_msgs/msg/_rxm_svsisv_s.c
[673.427s] -- Installing: /home/amigo-pi/amigo_ros2_pi/install/ublox_msgs/local/lib/python3.10/dist-packages/ublox_msgs/msg/_nav_timegps.py
[673.429s] -- Installing: /home/amigo-pi/amigo_ros2_pi/install/ublox_msgs/local/lib/python3.10/dist-packages/ublox_msgs/msg/_cfg_hnr.py
[673.430s] -- Installing: /home/amigo-pi/amigo_ros2_pi/install/ublox_msgs/local/lib/python3.10/dist-packages/ublox_msgs/msg/_cfg_nmea7.py
[673.431s] -- Installing: /home/amigo-pi/amigo_ros2_pi/install/ublox_msgs/local/lib/python3.10/dist-packages/ublox_msgs/msg/_aid_eph_s.c
[673.432s] -- Installing: /home/amigo-pi/amigo_ros2_pi/install/ublox_msgs/local/lib/python3.10/dist-packages/ublox_msgs/msg/_cfg_usb.py
[673.433s] -- Installing: /home/amigo-pi/amigo_ros2_pi/install/ublox_msgs/local/lib/python3.10/dist-packages/ublox_msgs/msg/_rxm_sfrbx_s.c
[673.434s] -- Installing: /home/amigo-pi/amigo_ros2_pi/install/ublox_msgs/local/lib/python3.10/dist-packages/ublox_msgs/msg/_nav_pvt_s.c
[673.435s] -- Installing: /home/amigo-pi/amigo_ros2_pi/install/ublox_msgs/local/lib/python3.10/dist-packages/ublox_msgs/msg/_nav_svinfo_s.c
[673.436s] -- Installing: /home/amigo-pi/amigo_ros2_pi/install/ublox_msgs/local/lib/python3.10/dist-packages/ublox_msgs/msg/_esf_raw_s.c
[673.438s] -- Installing: /home/amigo-pi/amigo_ros2_pi/install/ublox_msgs/local/lib/python3.10/dist-packages/ublox_msgs/msg/_upd_sos.py
[673.439s] -- Installing: /home/amigo-pi/amigo_ros2_pi/install/ublox_msgs/local/lib/python3.10/dist-packages/ublox_msgs/msg/_esf_status_sens.py
[673.440s] -- Installing: /home/amigo-pi/amigo_ros2_pi/install/ublox_msgs/local/lib/python3.10/dist-packages/ublox_msgs/msg/_hnr_pvt.py
[673.441s] -- Installing: /home/amigo-pi/amigo_ros2_pi/install/ublox_msgs/local/lib/python3.10/dist-packages/ublox_msgs/msg/_cfg_cfg_s.c
[673.442s] -- Installing: /home/amigo-pi/amigo_ros2_pi/install/ublox_msgs/local/lib/python3.10/dist-packages/ublox_msgs/msg/_nav_dop.py
[673.443s] -- Installing: /home/amigo-pi/amigo_ros2_pi/install/ublox_msgs/local/lib/python3.10/dist-packages/ublox_msgs/msg/_esf_raw.py
[673.444s] -- Installing: /home/amigo-pi/amigo_ros2_pi/install/ublox_msgs/local/lib/python3.10/dist-packages/ublox_msgs/msg/_cfg_prt_s.c
[673.446s] -- Installing: /home/amigo-pi/amigo_ros2_pi/install/ublox_msgs/local/lib/python3.10/dist-packages/ublox_msgs/msg/_nav_status_s.c
[673.447s] -- Installing: /home/amigo-pi/amigo_ros2_pi/install/ublox_msgs/local/lib/python3.10/dist-packages/ublox_msgs/msg/_rxm_svsi.py
[673.448s] -- Installing: /home/amigo-pi/amigo_ros2_pi/install/ublox_msgs/local/lib/python3.10/dist-packages/ublox_msgs/msg/__init__.py
[673.449s] -- Installing: /home/amigo-pi/amigo_ros2_pi/install/ublox_msgs/local/lib/python3.10/dist-packages/ublox_msgs/msg/_cfg_nmea.py
[673.450s] -- Installing: /home/amigo-pi/amigo_ros2_pi/install/ublox_msgs/local/lib/python3.10/dist-packages/ublox_msgs/msg/_aid_eph.py
[673.451s] -- Installing: /home/amigo-pi/amigo_ros2_pi/install/ublox_msgs/local/lib/python3.10/dist-packages/ublox_msgs/msg/_cfg_ant_s.c
[673.452s] -- Installing: /home/amigo-pi/amigo_ros2_pi/install/ublox_msgs/local/lib/python3.10/dist-packages/ublox_msgs/msg/_nav_posllh_s.c
[673.453s] -- Installing: /home/amigo-pi/amigo_ros2_pi/install/ublox_msgs/local/lib/python3.10/dist-packages/ublox_msgs/msg/_nav_dgps.py
[673.454s] -- Installing: /home/amigo-pi/amigo_ros2_pi/install/ublox_msgs/local/lib/python3.10/dist-packages/ublox_msgs/msg/_nav_timeutc_s.c
[673.456s] -- Installing: /home/amigo-pi/amigo_ros2_pi/install/ublox_msgs/local/lib/python3.10/dist-packages/ublox_msgs/msg/_rxm_eph_s.c
[673.457s] -- Installing: /home/amigo-pi/amigo_ros2_pi/install/ublox_msgs/local/lib/python3.10/dist-packages/ublox_msgs/msg/_nav_timeutc.py
[673.458s] -- Installing: /home/amigo-pi/amigo_ros2_pi/install/ublox_msgs/local/lib/python3.10/dist-packages/ublox_msgs/msg/_nav_velecef.py
[673.460s] -- Installing: /home/amigo-pi/amigo_ros2_pi/install/ublox_msgs/local/lib/python3.10/dist-packages/ublox_msgs/msg/_nav_sbassv.py
[673.462s] -- Installing: /home/amigo-pi/amigo_ros2_pi/install/ublox_msgs/local/lib/python3.10/dist-packages/ublox_msgs/msg/_nav_svinfosv_s.c
[673.464s] -- Installing: /home/amigo-pi/amigo_ros2_pi/install/ublox_msgs/local/lib/python3.10/dist-packages/ublox_msgs/msg/_esf_ins.py
[673.465s] -- Installing: /home/amigo-pi/amigo_ros2_pi/install/ublox_msgs/local/lib/python3.10/dist-packages/ublox_msgs/msg/_inf.py
[673.466s] -- Installing: /home/amigo-pi/amigo_ros2_pi/install/ublox_msgs/local/lib/python3.10/dist-packages/ublox_msgs/msg/_nav_svin.py
[673.467s] -- Installing: /home/amigo-pi/amigo_ros2_pi/install/ublox_msgs/local/lib/python3.10/dist-packages/ublox_msgs/msg/_mon_hw6.py
[673.468s] -- Installing: /home/amigo-pi/amigo_ros2_pi/install/ublox_msgs/local/lib/python3.10/dist-packages/ublox_msgs/msg/_rxm_raw.py
[673.469s] -- Installing: /home/amigo-pi/amigo_ros2_pi/install/ublox_msgs/local/lib/python3.10/dist-packages/ublox_msgs/msg/_nav_sat.py
[673.471s] -- Installing: /home/amigo-pi/amigo_ros2_pi/install/ublox_msgs/local/lib/python3.10/dist-packages/ublox_msgs/msg/_nav_posllh.py
[673.472s] -- Installing: /home/amigo-pi/amigo_ros2_pi/install/ublox_msgs/local/lib/python3.10/dist-packages/ublox_msgs/msg/_mga_gal.py
[673.473s] -- Installing: /home/amigo-pi/amigo_ros2_pi/install/ublox_msgs/local/lib/python3.10/dist-packages/ublox_msgs/msg/_mon_ver_extension_s.c
[673.474s] -- Installing: /home/amigo-pi/amigo_ros2_pi/install/ublox_msgs/local/lib/python3.10/dist-packages/ublox_msgs/msg/_nav_sat_s.c
[673.475s] -- Installing: /home/amigo-pi/amigo_ros2_pi/install/ublox_msgs/local/lib/python3.10/dist-packages/ublox_msgs/msg/_cfg_nmea7_s.c
[673.476s] -- Installing: /home/amigo-pi/amigo_ros2_pi/install/ublox_msgs/local/lib/python3.10/dist-packages/ublox_msgs/msg/_nav_sol_s.c
[673.478s] -- Installing: /home/amigo-pi/amigo_ros2_pi/install/ublox_msgs/local/lib/python3.10/dist-packages/ublox_msgs/msg/_cfg_usb_s.c
[673.479s] -- Installing: /home/amigo-pi/amigo_ros2_pi/install/ublox_msgs/local/lib/python3.10/dist-packages/ublox_msgs/msg/_esf_meas_s.c
[673.480s] -- Installing: /home/amigo-pi/amigo_ros2_pi/install/ublox_msgs/local/lib/python3.10/dist-packages/ublox_msgs/msg/_rxm_rawx.py
[673.481s] -- Installing: /home/amigo-pi/amigo_ros2_pi/install/ublox_msgs/local/lib/python3.10/dist-packages/ublox_msgs/msg/_cfg_nmea6_s.c
[673.482s] -- Installing: /home/amigo-pi/amigo_ros2_pi/install/ublox_msgs/local/lib/python3.10/dist-packages/ublox_msgs/msg/_nav_posecef.py
[673.483s] -- Installing: /home/amigo-pi/amigo_ros2_pi/install/ublox_msgs/local/lib/python3.10/dist-packages/ublox_msgs/msg/_nav_dgpssv.py
[673.484s] -- Installing: /home/amigo-pi/amigo_ros2_pi/install/ublox_msgs/local/lib/python3.10/dist-packages/ublox_msgs/msg/_nav_sbas_s.c
[673.486s] -- Installing: /home/amigo-pi/amigo_ros2_pi/install/ublox_msgs/local/lib/python3.10/dist-packages/ublox_msgs/msg/_esf_status_sens_s.c
[673.487s] -- Installing: /home/amigo-pi/amigo_ros2_pi/install/ublox_msgs/local/lib/python3.10/dist-packages/ublox_msgs/msg/_cfg_navx5_s.c
[673.488s] -- Installing: /home/amigo-pi/amigo_ros2_pi/install/ublox_msgs/local/lib/python3.10/dist-packages/ublox_msgs/msg/_mon_gnss_s.c
[673.489s] -- Installing: /home/amigo-pi/amigo_ros2_pi/install/ublox_msgs/local/lib/python3.10/dist-packages/ublox_msgs/msg/_esf_ins_s.c
[673.490s] -- Installing: /home/amigo-pi/amigo_ros2_pi/install/ublox_msgs/local/lib/python3.10/dist-packages/ublox_msgs/msg/_mon_hw.py
[673.491s] -- Installing: /home/amigo-pi/amigo_ros2_pi/install/ublox_msgs/local/lib/python3.10/dist-packages/ublox_msgs/msg/_nav_satsv.py
[673.492s] -- Installing: /home/amigo-pi/amigo_ros2_pi/install/ublox_msgs/local/lib/python3.10/dist-packages/ublox_msgs/msg/_nav_att.py
[673.494s] -- Installing: /home/amigo-pi/amigo_ros2_pi/install/ublox_msgs/local/lib/python3.10/dist-packages/ublox_msgs/msg/_cfg_sbas_s.c
[673.495s] -- Installing: /home/amigo-pi/amigo_ros2_pi/install/ublox_msgs/local/lib/python3.10/dist-packages/ublox_msgs/msg/_cfg_hnr_s.c
[673.496s] -- Installing: /home/amigo-pi/amigo_ros2_pi/install/ublox_msgs/local/lib/python3.10/dist-packages/ublox_msgs/msg/_nav_sol.py
[673.497s] -- Installing: /home/amigo-pi/amigo_ros2_pi/install/ublox_msgs/local/lib/python3.10/dist-packages/ublox_msgs/msg/_upd_sos_s.c
[673.498s] -- Installing: /home/amigo-pi/amigo_ros2_pi/install/ublox_msgs/local/lib/python3.10/dist-packages/ublox_msgs/msg/_cfg_rst_s.c
[673.499s] -- Installing: /home/amigo-pi/amigo_ros2_pi/install/ublox_msgs/local/lib/python3.10/dist-packages/ublox_msgs/msg/_inf_s.c
[673.500s] -- Installing: /home/amigo-pi/amigo_ros2_pi/install/ublox_msgs/local/lib/python3.10/dist-packages/ublox_msgs/msg/_hnr_pvt_s.c
[673.501s] -- Installing: /home/amigo-pi/amigo_ros2_pi/install/ublox_msgs/local/lib/python3.10/dist-packages/ublox_msgs/msg/_esf_status_s.c
[673.502s] -- Installing: /home/amigo-pi/amigo_ros2_pi/install/ublox_msgs/local/lib/python3.10/dist-packages/ublox_msgs/msg/_rxm_rawsv_s.c
[673.503s] -- Installing: /home/amigo-pi/amigo_ros2_pi/install/ublox_msgs/local/lib/python3.10/dist-packages/ublox_msgs/msg/_nav_svinfo.py
[673.505s] -- Installing: /home/amigo-pi/amigo_ros2_pi/install/ublox_msgs/local/lib/python3.10/dist-packages/ublox_msgs/msg/_rxm_svsisv.py
[673.506s] -- Installing: /home/amigo-pi/amigo_ros2_pi/install/ublox_msgs/local/lib/python3.10/dist-packages/ublox_msgs/msg/_nav_posecef_s.c
[673.507s] -- Installing: /home/amigo-pi/amigo_ros2_pi/install/ublox_msgs/local/lib/python3.10/dist-packages/ublox_msgs/msg/_aid_alm.py
[673.508s] -- Installing: /home/amigo-pi/amigo_ros2_pi/install/ublox_msgs/local/lib/python3.10/dist-packages/ublox_msgs/msg/_cfg_nmea6.py
[673.509s] -- Installing: /home/amigo-pi/amigo_ros2_pi/install/ublox_msgs/local/lib/python3.10/dist-packages/ublox_msgs/msg/_nav_pvt7.py
[673.510s] -- Installing: /home/amigo-pi/amigo_ros2_pi/install/ublox_msgs/local/lib/python3.10/dist-packages/ublox_msgs/msg/_cfg_gnss_block_s.c
[673.512s] -- Installing: /home/amigo-pi/amigo_ros2_pi/install/ublox_msgs/local/lib/python3.10/dist-packages/ublox_msgs/msg/_upd_sos_ack.py
[673.513s] -- Installing: /home/amigo-pi/amigo_ros2_pi/install/ublox_msgs/local/lib/python3.10/dist-packages/ublox_msgs/msg/_mon_ver.py
[673.514s] -- Installing: /home/amigo-pi/amigo_ros2_pi/install/ublox_msgs/local/lib/python3.10/dist-packages/ublox_msgs/msg/_aid_hui_s.c
[673.515s] -- Installing: /home/amigo-pi/amigo_ros2_pi/install/ublox_msgs/local/lib/python3.10/dist-packages/ublox_msgs/msg/_nav_velned_s.c
[673.516s] -- Installing: /home/amigo-pi/amigo_ros2_pi/install/ublox_msgs/local/lib/python3.10/dist-packages/ublox_msgs/msg/_tim_tm2_s.c
[673.517s] -- Installing: /home/amigo-pi/amigo_ros2_pi/install/ublox_msgs/local/lib/python3.10/dist-packages/ublox_msgs/msg/_nav_status.py
[673.518s] -- Installing: /home/amigo-pi/amigo_ros2_pi/install/ublox_msgs/local/lib/python3.10/dist-packages/ublox_msgs/msg/_ack_s.c
[673.519s] -- Installing: /home/amigo-pi/amigo_ros2_pi/install/ublox_msgs/local/lib/python3.10/dist-packages/ublox_msgs/msg/_cfg_dgnss_s.c
[673.521s] -- Installing: /home/amigo-pi/amigo_ros2_pi/install/ublox_msgs/local/lib/python3.10/dist-packages/ublox_msgs/msg/_cfg_tmode3_s.c
[673.522s] -- Installing: /home/amigo-pi/amigo_ros2_pi/install/ublox_msgs/local/lib/python3.10/dist-packages/ublox_msgs/msg/_cfg_gnss_s.c
[673.523s] -- Installing: /home/amigo-pi/amigo_ros2_pi/install/ublox_msgs/local/lib/python3.10/dist-packages/ublox_msgs/msg/_cfg_navx5.py
[673.524s] -- Installing: /home/amigo-pi/amigo_ros2_pi/install/ublox_msgs/local/lib/python3.10/dist-packages/ublox_msgs/msg/_esf_meas.py
[673.525s] -- Installing: /home/amigo-pi/amigo_ros2_pi/install/ublox_msgs/local/lib/python3.10/dist-packages/ublox_msgs/msg/_cfg_dgnss.py
[673.526s] -- Installing: /home/amigo-pi/amigo_ros2_pi/install/ublox_msgs/local/lib/python3.10/dist-packages/ublox_msgs/msg/_cfg_sbas.py
[673.527s] -- Installing: /home/amigo-pi/amigo_ros2_pi/install/ublox_msgs/local/lib/python3.10/dist-packages/ublox_msgs/msg/_mon_ver_s.c
[673.528s] -- Installing: /home/amigo-pi/amigo_ros2_pi/install/ublox_msgs/local/lib/python3.10/dist-packages/ublox_msgs/msg/_nav_relposned_s.c
[673.530s] -- Installing: /home/amigo-pi/amigo_ros2_pi/install/ublox_msgs/local/lib/python3.10/dist-packages/ublox_msgs/msg/_rxm_alm.py
[673.531s] -- Installing: /home/amigo-pi/amigo_ros2_pi/install/ublox_msgs/local/lib/python3.10/dist-packages/ublox_msgs/msg/_nav_svinfosv.py
[673.532s] -- Installing: /home/amigo-pi/amigo_ros2_pi/install/ublox_msgs/local/lib/python3.10/dist-packages/ublox_msgs/msg/_aid_alm_s.c
[673.533s] -- Installing: /home/amigo-pi/amigo_ros2_pi/install/ublox_msgs/local/lib/python3.10/dist-packages/ublox_msgs/msg/_aid_hui.py
[673.535s] -- Installing: /home/amigo-pi/amigo_ros2_pi/install/ublox_msgs/local/lib/python3.10/dist-packages/ublox_msgs/msg/_nav_dgps_s.c
[673.536s] -- Installing: /home/amigo-pi/amigo_ros2_pi/install/ublox_msgs/local/lib/python3.10/dist-packages/ublox_msgs/msg/_rxm_rtcm.py
[673.537s] -- Installing: /home/amigo-pi/amigo_ros2_pi/install/ublox_msgs/local/lib/python3.10/dist-packages/ublox_msgs/msg/_cfg_dat.py
[673.538s] -- Installing: /home/amigo-pi/amigo_ros2_pi/install/ublox_msgs/local/lib/python3.10/dist-packages/ublox_msgs/msg/_cfg_msg.py
[673.539s] -- Installing: /home/amigo-pi/amigo_ros2_pi/install/ublox_msgs/local/lib/python3.10/dist-packages/ublox_msgs/msg/_rxm_rawx_meas.py
[673.540s] -- Installing: /home/amigo-pi/amigo_ros2_pi/install/ublox_msgs/local/lib/python3.10/dist-packages/ublox_msgs/msg/_cfg_dat_s.c
[673.541s] -- Installing: /home/amigo-pi/amigo_ros2_pi/install/ublox_msgs/local/lib/python3.10/dist-packages/ublox_msgs/msg/_mon_hw_s.c
[673.543s] -- Installing: /home/amigo-pi/amigo_ros2_pi/install/ublox_msgs/local/lib/python3.10/dist-packages/ublox_msgs/msg/_nav_velecef_s.c
[673.544s] -- Installing: /home/amigo-pi/amigo_ros2_pi/install/ublox_msgs/local/lib/python3.10/dist-packages/ublox_msgs/msg/_cfg_nav5_s.c
[673.545s] -- Installing: /home/amigo-pi/amigo_ros2_pi/install/ublox_msgs/local/lib/python3.10/dist-packages/ublox_msgs/msg/_esf_raw_block_s.c
[673.546s] -- Installing: /home/amigo-pi/amigo_ros2_pi/install/ublox_msgs/local/lib/python3.10/dist-packages/ublox_msgs/msg/_nav_relposned9_s.c
[673.547s] -- Installing: /home/amigo-pi/amigo_ros2_pi/install/ublox_msgs/local/lib/python3.10/dist-packages/ublox_msgs/msg/_nav_timegps_s.c
[673.548s] -- Installing: /home/amigo-pi/amigo_ros2_pi/install/ublox_msgs/local/lib/python3.10/dist-packages/ublox_msgs/msg/_rxm_eph.py
[673.550s] -- Installing: /home/amigo-pi/amigo_ros2_pi/install/ublox_msgs/local/lib/python3.10/dist-packages/ublox_msgs/msg/_cfg_nav5.py
[673.551s] -- Installing: /home/amigo-pi/amigo_ros2_pi/install/ublox_msgs/local/lib/python3.10/dist-packages/ublox_msgs/ublox_msgs_s__rosidl_typesupport_fastrtps_c.cpython-310-aarch64-linux-gnu.so
[673.554s] -- Installing: /home/amigo-pi/amigo_ros2_pi/install/ublox_msgs/local/lib/python3.10/dist-packages/ublox_msgs/_ublox_msgs_s.ep.rosidl_typesupport_c.c
[673.558s] -- Installing: /home/amigo-pi/amigo_ros2_pi/install/ublox_msgs/local/lib/python3.10/dist-packages/ublox_msgs/_ublox_msgs_s.ep.rosidl_typesupport_fastrtps_c.c
[673.563s] -- Installing: /home/amigo-pi/amigo_ros2_pi/install/ublox_msgs/local/lib/python3.10/dist-packages/ublox_msgs/__init__.py
[673.564s] -- Installing: /home/amigo-pi/amigo_ros2_pi/install/ublox_msgs/local/lib/python3.10/dist-packages/ublox_msgs/libublox_msgs__rosidl_generator_py.so
[673.570s] -- Installing: /home/amigo-pi/amigo_ros2_pi/install/ublox_msgs/local/lib/python3.10/dist-packages/ublox_msgs/ublox_msgs_s__rosidl_typesupport_introspection_c.cpython-310-aarch64-linux-gnu.so
[673.572s] -- Installing: /home/amigo-pi/amigo_ros2_pi/install/ublox_msgs/local/lib/python3.10/dist-packages/ublox_msgs/ublox_msgs_s__rosidl_typesupport_c.cpython-310-aarch64-linux-gnu.so
[674.179s] Listing '/home/amigo-pi/amigo_ros2_pi/install/ublox_msgs/local/lib/python3.10/dist-packages/ublox_msgs'...
[674.179s] Compiling '/home/amigo-pi/amigo_ros2_pi/install/ublox_msgs/local/lib/python3.10/dist-packages/ublox_msgs/__init__.py'...
[674.180s] Listing '/home/amigo-pi/amigo_ros2_pi/install/ublox_msgs/local/lib/python3.10/dist-packages/ublox_msgs/msg'...
[674.180s] Compiling '/home/amigo-pi/amigo_ros2_pi/install/ublox_msgs/local/lib/python3.10/dist-packages/ublox_msgs/msg/__init__.py'...
[674.180s] Compiling '/home/amigo-pi/amigo_ros2_pi/install/ublox_msgs/local/lib/python3.10/dist-packages/ublox_msgs/msg/_ack.py'...
[674.181s] Compiling '/home/amigo-pi/amigo_ros2_pi/install/ublox_msgs/local/lib/python3.10/dist-packages/ublox_msgs/msg/_aid_alm.py'...
[674.181s] Compiling '/home/amigo-pi/amigo_ros2_pi/install/ublox_msgs/local/lib/python3.10/dist-packages/ublox_msgs/msg/_aid_eph.py'...
[674.181s] Compiling '/home/amigo-pi/amigo_ros2_pi/install/ublox_msgs/local/lib/python3.10/dist-packages/ublox_msgs/msg/_aid_hui.py'...
[674.182s] Compiling '/home/amigo-pi/amigo_ros2_pi/install/ublox_msgs/local/lib/python3.10/dist-packages/ublox_msgs/msg/_cfg_ant.py'...
[674.182s] Compiling '/home/amigo-pi/amigo_ros2_pi/install/ublox_msgs/local/lib/python3.10/dist-packages/ublox_msgs/msg/_cfg_cfg.py'...
[674.182s] Compiling '/home/amigo-pi/amigo_ros2_pi/install/ublox_msgs/local/lib/python3.10/dist-packages/ublox_msgs/msg/_cfg_dat.py'...
[674.183s] Compiling '/home/amigo-pi/amigo_ros2_pi/install/ublox_msgs/local/lib/python3.10/dist-packages/ublox_msgs/msg/_cfg_dgnss.py'...
[674.183s] Compiling '/home/amigo-pi/amigo_ros2_pi/install/ublox_msgs/local/lib/python3.10/dist-packages/ublox_msgs/msg/_cfg_gnss.py'...
[674.183s] Compiling '/home/amigo-pi/amigo_ros2_pi/install/ublox_msgs/local/lib/python3.10/dist-packages/ublox_msgs/msg/_cfg_gnss_block.py'...
[674.184s] Compiling '/home/amigo-pi/amigo_ros2_pi/install/ublox_msgs/local/lib/python3.10/dist-packages/ublox_msgs/msg/_cfg_hnr.py'...
[674.184s] Compiling '/home/amigo-pi/amigo_ros2_pi/install/ublox_msgs/local/lib/python3.10/dist-packages/ublox_msgs/msg/_cfg_inf.py'...
[674.184s] Compiling '/home/amigo-pi/amigo_ros2_pi/install/ublox_msgs/local/lib/python3.10/dist-packages/ublox_msgs/msg/_cfg_inf_block.py'...
[674.184s] Compiling '/home/amigo-pi/amigo_ros2_pi/install/ublox_msgs/local/lib/python3.10/dist-packages/ublox_msgs/msg/_cfg_msg.py'...
[674.185s] Compiling '/home/amigo-pi/amigo_ros2_pi/install/ublox_msgs/local/lib/python3.10/dist-packages/ublox_msgs/msg/_cfg_nav5.py'...
[674.185s] Compiling '/home/amigo-pi/amigo_ros2_pi/install/ublox_msgs/local/lib/python3.10/dist-packages/ublox_msgs/msg/_cfg_navx5.py'...
[674.186s] Compiling '/home/amigo-pi/amigo_ros2_pi/install/ublox_msgs/local/lib/python3.10/dist-packages/ublox_msgs/msg/_cfg_nmea.py'...
[674.186s] Compiling '/home/amigo-pi/amigo_ros2_pi/install/ublox_msgs/local/lib/python3.10/dist-packages/ublox_msgs/msg/_cfg_nmea6.py'...
[674.186s] Compiling '/home/amigo-pi/amigo_ros2_pi/install/ublox_msgs/local/lib/python3.10/dist-packages/ublox_msgs/msg/_cfg_nmea7.py'...
[674.187s] Compiling '/home/amigo-pi/amigo_ros2_pi/install/ublox_msgs/local/lib/python3.10/dist-packages/ublox_msgs/msg/_cfg_prt.py'...
[674.187s] Compiling '/home/amigo-pi/amigo_ros2_pi/install/ublox_msgs/local/lib/python3.10/dist-packages/ublox_msgs/msg/_cfg_rate.py'...
[674.187s] Compiling '/home/amigo-pi/amigo_ros2_pi/install/ublox_msgs/local/lib/python3.10/dist-packages/ublox_msgs/msg/_cfg_rst.py'...
[674.188s] Compiling '/home/amigo-pi/amigo_ros2_pi/install/ublox_msgs/local/lib/python3.10/dist-packages/ublox_msgs/msg/_cfg_sbas.py'...
[674.188s] Compiling '/home/amigo-pi/amigo_ros2_pi/install/ublox_msgs/local/lib/python3.10/dist-packages/ublox_msgs/msg/_cfg_tmode3.py'...
[674.188s] Compiling '/home/amigo-pi/amigo_ros2_pi/install/ublox_msgs/local/lib/python3.10/dist-packages/ublox_msgs/msg/_cfg_usb.py'...
[674.189s] Compiling '/home/amigo-pi/amigo_ros2_pi/install/ublox_msgs/local/lib/python3.10/dist-packages/ublox_msgs/msg/_esf_ins.py'...
[674.189s] Compiling '/home/amigo-pi/amigo_ros2_pi/install/ublox_msgs/local/lib/python3.10/dist-packages/ublox_msgs/msg/_esf_meas.py'...
[674.189s] Compiling '/home/amigo-pi/amigo_ros2_pi/install/ublox_msgs/local/lib/python3.10/dist-packages/ublox_msgs/msg/_esf_raw.py'...
[674.190s] Compiling '/home/amigo-pi/amigo_ros2_pi/install/ublox_msgs/local/lib/python3.10/dist-packages/ublox_msgs/msg/_esf_raw_block.py'...
[674.190s] Compiling '/home/amigo-pi/amigo_ros2_pi/install/ublox_msgs/local/lib/python3.10/dist-packages/ublox_msgs/msg/_esf_status.py'...
[674.190s] Compiling '/home/amigo-pi/amigo_ros2_pi/install/ublox_msgs/local/lib/python3.10/dist-packages/ublox_msgs/msg/_esf_status_sens.py'...
[674.191s] Compiling '/home/amigo-pi/amigo_ros2_pi/install/ublox_msgs/local/lib/python3.10/dist-packages/ublox_msgs/msg/_hnr_pvt.py'...
[674.191s] Compiling '/home/amigo-pi/amigo_ros2_pi/install/ublox_msgs/local/lib/python3.10/dist-packages/ublox_msgs/msg/_inf.py'...
[674.191s] Compiling '/home/amigo-pi/amigo_ros2_pi/install/ublox_msgs/local/lib/python3.10/dist-packages/ublox_msgs/msg/_mga_gal.py'...
[674.192s] Compiling '/home/amigo-pi/amigo_ros2_pi/install/ublox_msgs/local/lib/python3.10/dist-packages/ublox_msgs/msg/_mon_gnss.py'...
[674.192s] Compiling '/home/amigo-pi/amigo_ros2_pi/install/ublox_msgs/local/lib/python3.10/dist-packages/ublox_msgs/msg/_mon_hw.py'...
[674.192s] Compiling '/home/amigo-pi/amigo_ros2_pi/install/ublox_msgs/local/lib/python3.10/dist-packages/ublox_msgs/msg/_mon_hw6.py'...
[674.193s] Compiling '/home/amigo-pi/amigo_ros2_pi/install/ublox_msgs/local/lib/python3.10/dist-packages/ublox_msgs/msg/_mon_ver.py'...
[674.193s] Compiling '/home/amigo-pi/amigo_ros2_pi/install/ublox_msgs/local/lib/python3.10/dist-packages/ublox_msgs/msg/_mon_ver_extension.py'...
[674.193s] Compiling '/home/amigo-pi/amigo_ros2_pi/install/ublox_msgs/local/lib/python3.10/dist-packages/ublox_msgs/msg/_nav_att.py'...
[674.194s] Compiling '/home/amigo-pi/amigo_ros2_pi/install/ublox_msgs/local/lib/python3.10/dist-packages/ublox_msgs/msg/_nav_clock.py'...
[674.194s] Compiling '/home/amigo-pi/amigo_ros2_pi/install/ublox_msgs/local/lib/python3.10/dist-packages/ublox_msgs/msg/_nav_dgps.py'...
[674.194s] Compiling '/home/amigo-pi/amigo_ros2_pi/install/ublox_msgs/local/lib/python3.10/dist-packages/ublox_msgs/msg/_nav_dgpssv.py'...
[674.194s] Compiling '/home/amigo-pi/amigo_ros2_pi/install/ublox_msgs/local/lib/python3.10/dist-packages/ublox_msgs/msg/_nav_dop.py'...
[674.195s] Compiling '/home/amigo-pi/amigo_ros2_pi/install/ublox_msgs/local/lib/python3.10/dist-packages/ublox_msgs/msg/_nav_posecef.py'...
[674.195s] Compiling '/home/amigo-pi/amigo_ros2_pi/install/ublox_msgs/local/lib/python3.10/dist-packages/ublox_msgs/msg/_nav_posllh.py'...
[674.195s] Compiling '/home/amigo-pi/amigo_ros2_pi/install/ublox_msgs/local/lib/python3.10/dist-packages/ublox_msgs/msg/_nav_pvt.py'...
[674.196s] Compiling '/home/amigo-pi/amigo_ros2_pi/install/ublox_msgs/local/lib/python3.10/dist-packages/ublox_msgs/msg/_nav_pvt7.py'...
[674.196s] Compiling '/home/amigo-pi/amigo_ros2_pi/install/ublox_msgs/local/lib/python3.10/dist-packages/ublox_msgs/msg/_nav_relposned.py'...
[674.196s] Compiling '/home/amigo-pi/amigo_ros2_pi/install/ublox_msgs/local/lib/python3.10/dist-packages/ublox_msgs/msg/_nav_relposned9.py'...
[674.197s] Compiling '/home/amigo-pi/amigo_ros2_pi/install/ublox_msgs/local/lib/python3.10/dist-packages/ublox_msgs/msg/_nav_sat.py'...
[674.197s] Compiling '/home/amigo-pi/amigo_ros2_pi/install/ublox_msgs/local/lib/python3.10/dist-packages/ublox_msgs/msg/_nav_satsv.py'...
[674.197s] Compiling '/home/amigo-pi/amigo_ros2_pi/install/ublox_msgs/local/lib/python3.10/dist-packages/ublox_msgs/msg/_nav_sbas.py'...
[674.198s] Compiling '/home/amigo-pi/amigo_ros2_pi/install/ublox_msgs/local/lib/python3.10/dist-packages/ublox_msgs/msg/_nav_sbassv.py'...
[674.198s] Compiling '/home/amigo-pi/amigo_ros2_pi/install/ublox_msgs/local/lib/python3.10/dist-packages/ublox_msgs/msg/_nav_sol.py'...
[674.198s] Compiling '/home/amigo-pi/amigo_ros2_pi/install/ublox_msgs/local/lib/python3.10/dist-packages/ublox_msgs/msg/_nav_status.py'...
[674.199s] Compiling '/home/amigo-pi/amigo_ros2_pi/install/ublox_msgs/local/lib/python3.10/dist-packages/ublox_msgs/msg/_nav_svin.py'...
[674.199s] Compiling '/home/amigo-pi/amigo_ros2_pi/install/ublox_msgs/local/lib/python3.10/dist-packages/ublox_msgs/msg/_nav_svinfo.py'...
[674.199s] Compiling '/home/amigo-pi/amigo_ros2_pi/install/ublox_msgs/local/lib/python3.10/dist-packages/ublox_msgs/msg/_nav_svinfosv.py'...
[674.200s] Compiling '/home/amigo-pi/amigo_ros2_pi/install/ublox_msgs/local/lib/python3.10/dist-packages/ublox_msgs/msg/_nav_timegps.py'...
[674.200s] Compiling '/home/amigo-pi/amigo_ros2_pi/install/ublox_msgs/local/lib/python3.10/dist-packages/ublox_msgs/msg/_nav_timeutc.py'...
[674.268s] Compiling '/home/amigo-pi/amigo_ros2_pi/install/ublox_msgs/local/lib/python3.10/dist-packages/ublox_msgs/msg/_nav_velecef.py'...
[674.269s] Compiling '/home/amigo-pi/amigo_ros2_pi/install/ublox_msgs/local/lib/python3.10/dist-packages/ublox_msgs/msg/_nav_velned.py'...
[674.270s] Compiling '/home/amigo-pi/amigo_ros2_pi/install/ublox_msgs/local/lib/python3.10/dist-packages/ublox_msgs/msg/_rxm_alm.py'...
[674.271s] Compiling '/home/amigo-pi/amigo_ros2_pi/install/ublox_msgs/local/lib/python3.10/dist-packages/ublox_msgs/msg/_rxm_eph.py'...
[674.272s] Compiling '/home/amigo-pi/amigo_ros2_pi/install/ublox_msgs/local/lib/python3.10/dist-packages/ublox_msgs/msg/_rxm_raw.py'...
[674.273s] Compiling '/home/amigo-pi/amigo_ros2_pi/install/ublox_msgs/local/lib/python3.10/dist-packages/ublox_msgs/msg/_rxm_rawsv.py'...
[674.274s] Compiling '/home/amigo-pi/amigo_ros2_pi/install/ublox_msgs/local/lib/python3.10/dist-packages/ublox_msgs/msg/_rxm_rawx.py'...
[674.275s] Compiling '/home/amigo-pi/amigo_ros2_pi/install/ublox_msgs/local/lib/python3.10/dist-packages/ublox_msgs/msg/_rxm_rawx_meas.py'...
[674.276s] Compiling '/home/amigo-pi/amigo_ros2_pi/install/ublox_msgs/local/lib/python3.10/dist-packages/ublox_msgs/msg/_rxm_rtcm.py'...
[674.277s] Compiling '/home/amigo-pi/amigo_ros2_pi/install/ublox_msgs/local/lib/python3.10/dist-packages/ublox_msgs/msg/_rxm_sfrb.py'...
[674.279s] Compiling '/home/amigo-pi/amigo_ros2_pi/install/ublox_msgs/local/lib/python3.10/dist-packages/ublox_msgs/msg/_rxm_sfrbx.py'...
[674.280s] Compiling '/home/amigo-pi/amigo_ros2_pi/install/ublox_msgs/local/lib/python3.10/dist-packages/ublox_msgs/msg/_rxm_svsi.py'...
[674.281s] Compiling '/home/amigo-pi/amigo_ros2_pi/install/ublox_msgs/local/lib/python3.10/dist-packages/ublox_msgs/msg/_rxm_svsisv.py'...
[674.282s] Compiling '/home/amigo-pi/amigo_ros2_pi/install/ublox_msgs/local/lib/python3.10/dist-packages/ublox_msgs/msg/_tim_tm2.py'...
[674.283s] Compiling '/home/amigo-pi/amigo_ros2_pi/install/ublox_msgs/local/lib/python3.10/dist-packages/ublox_msgs/msg/_upd_sos.py'...
[674.284s] Compiling '/home/amigo-pi/amigo_ros2_pi/install/ublox_msgs/local/lib/python3.10/dist-packages/ublox_msgs/msg/_upd_sos_ack.py'...
[674.299s] -- Installing: /home/amigo-pi/amigo_ros2_pi/install/ublox_msgs/local/lib/python3.10/dist-packages/ublox_msgs/ublox_msgs_s__rosidl_typesupport_fastrtps_c.cpython-310-aarch64-linux-gnu.so
[674.304s] -- Set runtime path of "/home/amigo-pi/amigo_ros2_pi/install/ublox_msgs/local/lib/python3.10/dist-packages/ublox_msgs/ublox_msgs_s__rosidl_typesupport_fastrtps_c.cpython-310-aarch64-linux-gnu.so" to ""
[674.306s] -- Installing: /home/amigo-pi/amigo_ros2_pi/install/ublox_msgs/local/lib/python3.10/dist-packages/ublox_msgs/ublox_msgs_s__rosidl_typesupport_introspection_c.cpython-310-aarch64-linux-gnu.so
[674.312s] -- Set runtime path of "/home/amigo-pi/amigo_ros2_pi/install/ublox_msgs/local/lib/python3.10/dist-packages/ublox_msgs/ublox_msgs_s__rosidl_typesupport_introspection_c.cpython-310-aarch64-linux-gnu.so" to ""
[674.314s] -- Installing: /home/amigo-pi/amigo_ros2_pi/install/ublox_msgs/local/lib/python3.10/dist-packages/ublox_msgs/ublox_msgs_s__rosidl_typesupport_c.cpython-310-aarch64-linux-gnu.so
[674.319s] -- Set runtime path of "/home/amigo-pi/amigo_ros2_pi/install/ublox_msgs/local/lib/python3.10/dist-packages/ublox_msgs/ublox_msgs_s__rosidl_typesupport_c.cpython-310-aarch64-linux-gnu.so" to ""
[674.319s] -- Installing: /home/amigo-pi/amigo_ros2_pi/install/ublox_msgs/lib/libublox_msgs__rosidl_generator_py.so
[674.327s] -- Set runtime path of "/home/amigo-pi/amigo_ros2_pi/install/ublox_msgs/lib/libublox_msgs__rosidl_generator_py.so" to ""
[674.327s] -- Installing: /home/amigo-pi/amigo_ros2_pi/install/ublox_msgs/share/ublox_msgs/msg/Ack.idl
[674.329s] -- Installing: /home/amigo-pi/amigo_ros2_pi/install/ublox_msgs/share/ublox_msgs/msg/AidALM.idl
[674.331s] -- Installing: /home/amigo-pi/amigo_ros2_pi/install/ublox_msgs/share/ublox_msgs/msg/AidEPH.idl
[674.333s] -- Installing: /home/amigo-pi/amigo_ros2_pi/install/ublox_msgs/share/ublox_msgs/msg/AidHUI.idl
[674.335s] -- Installing: /home/amigo-pi/amigo_ros2_pi/install/ublox_msgs/share/ublox_msgs/msg/CfgANT.idl
[674.336s] -- Installing: /home/amigo-pi/amigo_ros2_pi/install/ublox_msgs/share/ublox_msgs/msg/CfgCFG.idl
[674.338s] -- Installing: /home/amigo-pi/amigo_ros2_pi/install/ublox_msgs/share/ublox_msgs/msg/CfgDAT.idl
[674.340s] -- Installing: /home/amigo-pi/amigo_ros2_pi/install/ublox_msgs/share/ublox_msgs/msg/CfgDGNSS.idl
[674.342s] -- Installing: /home/amigo-pi/amigo_ros2_pi/install/ublox_msgs/share/ublox_msgs/msg/CfgGNSSBlock.idl
[674.344s] -- Installing: /home/amigo-pi/amigo_ros2_pi/install/ublox_msgs/share/ublox_msgs/msg/CfgGNSS.idl
[674.345s] -- Installing: /home/amigo-pi/amigo_ros2_pi/install/ublox_msgs/share/ublox_msgs/msg/CfgHNR.idl
[674.347s] -- Installing: /home/amigo-pi/amigo_ros2_pi/install/ublox_msgs/share/ublox_msgs/msg/CfgINFBlock.idl
[674.349s] -- Installing: /home/amigo-pi/amigo_ros2_pi/install/ublox_msgs/share/ublox_msgs/msg/CfgINF.idl
[674.351s] -- Installing: /home/amigo-pi/amigo_ros2_pi/install/ublox_msgs/share/ublox_msgs/msg/CfgMSG.idl
[674.353s] -- Installing: /home/amigo-pi/amigo_ros2_pi/install/ublox_msgs/share/ublox_msgs/msg/CfgNAV5.idl
[674.355s] -- Installing: /home/amigo-pi/amigo_ros2_pi/install/ublox_msgs/share/ublox_msgs/msg/CfgNAVX5.idl
[674.357s] -- Installing: /home/amigo-pi/amigo_ros2_pi/install/ublox_msgs/share/ublox_msgs/msg/CfgNMEA6.idl
[674.358s] -- Installing: /home/amigo-pi/amigo_ros2_pi/install/ublox_msgs/share/ublox_msgs/msg/CfgNMEA7.idl
[674.361s] -- Installing: /home/amigo-pi/amigo_ros2_pi/install/ublox_msgs/share/ublox_msgs/msg/CfgNMEA.idl
[674.363s] -- Installing: /home/amigo-pi/amigo_ros2_pi/install/ublox_msgs/share/ublox_msgs/msg/CfgPRT.idl
[674.366s] -- Installing: /home/amigo-pi/amigo_ros2_pi/install/ublox_msgs/share/ublox_msgs/msg/CfgRATE.idl
[674.367s] -- Installing: /home/amigo-pi/amigo_ros2_pi/install/ublox_msgs/share/ublox_msgs/msg/CfgRST.idl
[674.369s] -- Installing: /home/amigo-pi/amigo_ros2_pi/install/ublox_msgs/share/ublox_msgs/msg/CfgSBAS.idl
[674.371s] -- Installing: /home/amigo-pi/amigo_ros2_pi/install/ublox_msgs/share/ublox_msgs/msg/CfgTMODE3.idl
[674.373s] -- Installing: /home/amigo-pi/amigo_ros2_pi/install/ublox_msgs/share/ublox_msgs/msg/CfgUSB.idl
[674.375s] -- Installing: /home/amigo-pi/amigo_ros2_pi/install/ublox_msgs/share/ublox_msgs/msg/EsfINS.idl
[674.377s] -- Installing: /home/amigo-pi/amigo_ros2_pi/install/ublox_msgs/share/ublox_msgs/msg/EsfMEAS.idl
[674.379s] -- Installing: /home/amigo-pi/amigo_ros2_pi/install/ublox_msgs/share/ublox_msgs/msg/EsfRAWBlock.idl
[674.381s] -- Installing: /home/amigo-pi/amigo_ros2_pi/install/ublox_msgs/share/ublox_msgs/msg/EsfRAW.idl
[674.383s] -- Installing: /home/amigo-pi/amigo_ros2_pi/install/ublox_msgs/share/ublox_msgs/msg/EsfSTATUS.idl
[674.385s] -- Installing: /home/amigo-pi/amigo_ros2_pi/install/ublox_msgs/share/ublox_msgs/msg/EsfSTATUSSens.idl
[674.387s] -- Installing: /home/amigo-pi/amigo_ros2_pi/install/ublox_msgs/share/ublox_msgs/msg/HnrPVT.idl
[674.388s] -- Installing: /home/amigo-pi/amigo_ros2_pi/install/ublox_msgs/share/ublox_msgs/msg/Inf.idl
[674.390s] -- Installing: /home/amigo-pi/amigo_ros2_pi/install/ublox_msgs/share/ublox_msgs/msg/MgaGAL.idl
[674.392s] -- Installing: /home/amigo-pi/amigo_ros2_pi/install/ublox_msgs/share/ublox_msgs/msg/MonGNSS.idl
[674.395s] -- Installing: /home/amigo-pi/amigo_ros2_pi/install/ublox_msgs/share/ublox_msgs/msg/MonHW6.idl
[674.397s] -- Installing: /home/amigo-pi/amigo_ros2_pi/install/ublox_msgs/share/ublox_msgs/msg/MonHW.idl
[674.399s] -- Installing: /home/amigo-pi/amigo_ros2_pi/install/ublox_msgs/share/ublox_msgs/msg/MonVERExtension.idl
[674.400s] -- Installing: /home/amigo-pi/amigo_ros2_pi/install/ublox_msgs/share/ublox_msgs/msg/MonVER.idl
[674.402s] -- Installing: /home/amigo-pi/amigo_ros2_pi/install/ublox_msgs/share/ublox_msgs/msg/NavATT.idl
[674.404s] -- Installing: /home/amigo-pi/amigo_ros2_pi/install/ublox_msgs/share/ublox_msgs/msg/NavCLOCK.idl
[674.406s] -- Installing: /home/amigo-pi/amigo_ros2_pi/install/ublox_msgs/share/ublox_msgs/msg/NavDGPS.idl
[674.408s] -- Installing: /home/amigo-pi/amigo_ros2_pi/install/ublox_msgs/share/ublox_msgs/msg/NavDGPSSV.idl
[674.410s] -- Installing: /home/amigo-pi/amigo_ros2_pi/install/ublox_msgs/share/ublox_msgs/msg/NavDOP.idl
[674.412s] -- Installing: /home/amigo-pi/amigo_ros2_pi/install/ublox_msgs/share/ublox_msgs/msg/NavPOSECEF.idl
[674.414s] -- Installing: /home/amigo-pi/amigo_ros2_pi/install/ublox_msgs/share/ublox_msgs/msg/NavPOSLLH.idl
[674.415s] -- Installing: /home/amigo-pi/amigo_ros2_pi/install/ublox_msgs/share/ublox_msgs/msg/NavPVT7.idl
[674.417s] -- Installing: /home/amigo-pi/amigo_ros2_pi/install/ublox_msgs/share/ublox_msgs/msg/NavPVT.idl
[674.419s] -- Installing: /home/amigo-pi/amigo_ros2_pi/install/ublox_msgs/share/ublox_msgs/msg/NavRELPOSNED9.idl
[674.421s] -- Installing: /home/amigo-pi/amigo_ros2_pi/install/ublox_msgs/share/ublox_msgs/msg/NavRELPOSNED.idl
[674.423s] -- Installing: /home/amigo-pi/amigo_ros2_pi/install/ublox_msgs/share/ublox_msgs/msg/NavSAT.idl
[674.425s] -- Installing: /home/amigo-pi/amigo_ros2_pi/install/ublox_msgs/share/ublox_msgs/msg/NavSATSV.idl
[674.427s] -- Installing: /home/amigo-pi/amigo_ros2_pi/install/ublox_msgs/share/ublox_msgs/msg/NavSBAS.idl
[674.429s] -- Installing: /home/amigo-pi/amigo_ros2_pi/install/ublox_msgs/share/ublox_msgs/msg/NavSBASSV.idl
[674.430s] -- Installing: /home/amigo-pi/amigo_ros2_pi/install/ublox_msgs/share/ublox_msgs/msg/NavSOL.idl
[674.432s] -- Installing: /home/amigo-pi/amigo_ros2_pi/install/ublox_msgs/share/ublox_msgs/msg/NavSTATUS.idl
[674.434s] -- Installing: /home/amigo-pi/amigo_ros2_pi/install/ublox_msgs/share/ublox_msgs/msg/NavSVINFO.idl
[674.436s] -- Installing: /home/amigo-pi/amigo_ros2_pi/install/ublox_msgs/share/ublox_msgs/msg/NavSVINFOSV.idl
[674.438s] -- Installing: /home/amigo-pi/amigo_ros2_pi/install/ublox_msgs/share/ublox_msgs/msg/NavSVIN.idl
[674.440s] -- Installing: /home/amigo-pi/amigo_ros2_pi/install/ublox_msgs/share/ublox_msgs/msg/NavTIMEGPS.idl
[674.442s] -- Installing: /home/amigo-pi/amigo_ros2_pi/install/ublox_msgs/share/ublox_msgs/msg/NavTIMEUTC.idl
[674.443s] -- Installing: /home/amigo-pi/amigo_ros2_pi/install/ublox_msgs/share/ublox_msgs/msg/NavVELECEF.idl
[674.445s] -- Installing: /home/amigo-pi/amigo_ros2_pi/install/ublox_msgs/share/ublox_msgs/msg/NavVELNED.idl
[674.447s] -- Installing: /home/amigo-pi/amigo_ros2_pi/install/ublox_msgs/share/ublox_msgs/msg/RxmALM.idl
[674.449s] -- Installing: /home/amigo-pi/amigo_ros2_pi/install/ublox_msgs/share/ublox_msgs/msg/RxmEPH.idl
[674.451s] -- Installing: /home/amigo-pi/amigo_ros2_pi/install/ublox_msgs/share/ublox_msgs/msg/RxmRAW.idl
[674.453s] -- Installing: /home/amigo-pi/amigo_ros2_pi/install/ublox_msgs/share/ublox_msgs/msg/RxmRAWSV.idl
[674.455s] -- Installing: /home/amigo-pi/amigo_ros2_pi/install/ublox_msgs/share/ublox_msgs/msg/RxmRAWXMeas.idl
[674.457s] -- Installing: /home/amigo-pi/amigo_ros2_pi/install/ublox_msgs/share/ublox_msgs/msg/RxmRAWX.idl
[674.458s] -- Installing: /home/amigo-pi/amigo_ros2_pi/install/ublox_msgs/share/ublox_msgs/msg/RxmRTCM.idl
[674.461s] -- Installing: /home/amigo-pi/amigo_ros2_pi/install/ublox_msgs/share/ublox_msgs/msg/RxmSFRB.idl
[674.463s] -- Installing: /home/amigo-pi/amigo_ros2_pi/install/ublox_msgs/share/ublox_msgs/msg/RxmSFRBX.idl
[674.466s] -- Installing: /home/amigo-pi/amigo_ros2_pi/install/ublox_msgs/share/ublox_msgs/msg/RxmSVSI.idl
[674.467s] -- Installing: /home/amigo-pi/amigo_ros2_pi/install/ublox_msgs/share/ublox_msgs/msg/RxmSVSISV.idl
[674.469s] -- Installing: /home/amigo-pi/amigo_ros2_pi/install/ublox_msgs/share/ublox_msgs/msg/TimTM2.idl
[674.471s] -- Installing: /home/amigo-pi/amigo_ros2_pi/install/ublox_msgs/share/ublox_msgs/msg/UpdSOSAck.idl
[674.473s] -- Installing: /home/amigo-pi/amigo_ros2_pi/install/ublox_msgs/share/ublox_msgs/msg/UpdSOS.idl
[674.475s] -- Installing: /home/amigo-pi/amigo_ros2_pi/install/ublox_msgs/share/ublox_msgs/msg/Ack.msg
[674.478s] -- Installing: /home/amigo-pi/amigo_ros2_pi/install/ublox_msgs/share/ublox_msgs/msg/AidALM.msg
[674.479s] -- Installing: /home/amigo-pi/amigo_ros2_pi/install/ublox_msgs/share/ublox_msgs/msg/AidEPH.msg
[674.481s] -- Installing: /home/amigo-pi/amigo_ros2_pi/install/ublox_msgs/share/ublox_msgs/msg/AidHUI.msg
[674.483s] -- Installing: /home/amigo-pi/amigo_ros2_pi/install/ublox_msgs/share/ublox_msgs/msg/CfgANT.msg
[674.485s] -- Installing: /home/amigo-pi/amigo_ros2_pi/install/ublox_msgs/share/ublox_msgs/msg/CfgCFG.msg
[674.487s] -- Installing: /home/amigo-pi/amigo_ros2_pi/install/ublox_msgs/share/ublox_msgs/msg/CfgDAT.msg
[674.488s] -- Installing: /home/amigo-pi/amigo_ros2_pi/install/ublox_msgs/share/ublox_msgs/msg/CfgDGNSS.msg
[674.490s] -- Installing: /home/amigo-pi/amigo_ros2_pi/install/ublox_msgs/share/ublox_msgs/msg/CfgGNSSBlock.msg
[674.492s] -- Installing: /home/amigo-pi/amigo_ros2_pi/install/ublox_msgs/share/ublox_msgs/msg/CfgGNSS.msg
[674.494s] -- Installing: /home/amigo-pi/amigo_ros2_pi/install/ublox_msgs/share/ublox_msgs/msg/CfgHNR.msg
[674.496s] -- Installing: /home/amigo-pi/amigo_ros2_pi/install/ublox_msgs/share/ublox_msgs/msg/CfgINFBlock.msg
[674.498s] -- Installing: /home/amigo-pi/amigo_ros2_pi/install/ublox_msgs/share/ublox_msgs/msg/CfgINF.msg
[674.499s] -- Installing: /home/amigo-pi/amigo_ros2_pi/install/ublox_msgs/share/ublox_msgs/msg/CfgMSG.msg
[674.501s] -- Installing: /home/amigo-pi/amigo_ros2_pi/install/ublox_msgs/share/ublox_msgs/msg/CfgNAV5.msg
[674.503s] -- Installing: /home/amigo-pi/amigo_ros2_pi/install/ublox_msgs/share/ublox_msgs/msg/CfgNAVX5.msg
[674.505s] -- Installing: /home/amigo-pi/amigo_ros2_pi/install/ublox_msgs/share/ublox_msgs/msg/CfgNMEA6.msg
[674.507s] -- Installing: /home/amigo-pi/amigo_ros2_pi/install/ublox_msgs/share/ublox_msgs/msg/CfgNMEA7.msg
[674.509s] -- Installing: /home/amigo-pi/amigo_ros2_pi/install/ublox_msgs/share/ublox_msgs/msg/CfgNMEA.msg
[674.511s] -- Installing: /home/amigo-pi/amigo_ros2_pi/install/ublox_msgs/share/ublox_msgs/msg/CfgPRT.msg
[674.512s] -- Installing: /home/amigo-pi/amigo_ros2_pi/install/ublox_msgs/share/ublox_msgs/msg/CfgRATE.msg
[674.514s] -- Installing: /home/amigo-pi/amigo_ros2_pi/install/ublox_msgs/share/ublox_msgs/msg/CfgRST.msg
[674.516s] -- Installing: /home/amigo-pi/amigo_ros2_pi/install/ublox_msgs/share/ublox_msgs/msg/CfgSBAS.msg
[674.518s] -- Installing: /home/amigo-pi/amigo_ros2_pi/install/ublox_msgs/share/ublox_msgs/msg/CfgTMODE3.msg
[674.520s] -- Installing: /home/amigo-pi/amigo_ros2_pi/install/ublox_msgs/share/ublox_msgs/msg/CfgUSB.msg
[674.522s] -- Installing: /home/amigo-pi/amigo_ros2_pi/install/ublox_msgs/share/ublox_msgs/msg/EsfINS.msg
[674.524s] -- Installing: /home/amigo-pi/amigo_ros2_pi/install/ublox_msgs/share/ublox_msgs/msg/EsfMEAS.msg
[674.525s] -- Installing: /home/amigo-pi/amigo_ros2_pi/install/ublox_msgs/share/ublox_msgs/msg/EsfRAWBlock.msg
[674.527s] -- Installing: /home/amigo-pi/amigo_ros2_pi/install/ublox_msgs/share/ublox_msgs/msg/EsfRAW.msg
[674.529s] -- Installing: /home/amigo-pi/amigo_ros2_pi/install/ublox_msgs/share/ublox_msgs/msg/EsfSTATUS.msg
[674.531s] -- Installing: /home/amigo-pi/amigo_ros2_pi/install/ublox_msgs/share/ublox_msgs/msg/EsfSTATUSSens.msg
[674.533s] -- Installing: /home/amigo-pi/amigo_ros2_pi/install/ublox_msgs/share/ublox_msgs/msg/HnrPVT.msg
[674.535s] -- Installing: /home/amigo-pi/amigo_ros2_pi/install/ublox_msgs/share/ublox_msgs/msg/Inf.msg
[674.536s] -- Installing: /home/amigo-pi/amigo_ros2_pi/install/ublox_msgs/share/ublox_msgs/msg/MgaGAL.msg
[674.538s] -- Installing: /home/amigo-pi/amigo_ros2_pi/install/ublox_msgs/share/ublox_msgs/msg/MonGNSS.msg
[674.540s] -- Installing: /home/amigo-pi/amigo_ros2_pi/install/ublox_msgs/share/ublox_msgs/msg/MonHW6.msg
[674.542s] -- Installing: /home/amigo-pi/amigo_ros2_pi/install/ublox_msgs/share/ublox_msgs/msg/MonHW.msg
[674.544s] -- Installing: /home/amigo-pi/amigo_ros2_pi/install/ublox_msgs/share/ublox_msgs/msg/MonVERExtension.msg
[674.546s] -- Installing: /home/amigo-pi/amigo_ros2_pi/install/ublox_msgs/share/ublox_msgs/msg/MonVER.msg
[674.548s] -- Installing: /home/amigo-pi/amigo_ros2_pi/install/ublox_msgs/share/ublox_msgs/msg/NavATT.msg
[674.549s] -- Installing: /home/amigo-pi/amigo_ros2_pi/install/ublox_msgs/share/ublox_msgs/msg/NavCLOCK.msg
[674.551s] -- Installing: /home/amigo-pi/amigo_ros2_pi/install/ublox_msgs/share/ublox_msgs/msg/NavDGPS.msg
[674.553s] -- Installing: /home/amigo-pi/amigo_ros2_pi/install/ublox_msgs/share/ublox_msgs/msg/NavDGPSSV.msg
[674.555s] -- Installing: /home/amigo-pi/amigo_ros2_pi/install/ublox_msgs/share/ublox_msgs/msg/NavDOP.msg
[674.557s] -- Installing: /home/amigo-pi/amigo_ros2_pi/install/ublox_msgs/share/ublox_msgs/msg/NavPOSECEF.msg
[674.559s] -- Installing: /home/amigo-pi/amigo_ros2_pi/install/ublox_msgs/share/ublox_msgs/msg/NavPOSLLH.msg
[674.561s] -- Installing: /home/amigo-pi/amigo_ros2_pi/install/ublox_msgs/share/ublox_msgs/msg/NavPVT7.msg
[674.563s] -- Installing: /home/amigo-pi/amigo_ros2_pi/install/ublox_msgs/share/ublox_msgs/msg/NavPVT.msg
[674.566s] -- Installing: /home/amigo-pi/amigo_ros2_pi/install/ublox_msgs/share/ublox_msgs/msg/NavRELPOSNED9.msg
[674.568s] -- Installing: /home/amigo-pi/amigo_ros2_pi/install/ublox_msgs/share/ublox_msgs/msg/NavRELPOSNED.msg
[674.570s] -- Installing: /home/amigo-pi/amigo_ros2_pi/install/ublox_msgs/share/ublox_msgs/msg/NavSAT.msg
[674.571s] -- Installing: /home/amigo-pi/amigo_ros2_pi/install/ublox_msgs/share/ublox_msgs/msg/NavSATSV.msg
[674.573s] -- Installing: /home/amigo-pi/amigo_ros2_pi/install/ublox_msgs/share/ublox_msgs/msg/NavSBAS.msg
[674.575s] -- Installing: /home/amigo-pi/amigo_ros2_pi/install/ublox_msgs/share/ublox_msgs/msg/NavSBASSV.msg
[674.578s] -- Installing: /home/amigo-pi/amigo_ros2_pi/install/ublox_msgs/share/ublox_msgs/msg/NavSOL.msg
[674.580s] -- Installing: /home/amigo-pi/amigo_ros2_pi/install/ublox_msgs/share/ublox_msgs/msg/NavSTATUS.msg
[674.581s] -- Installing: /home/amigo-pi/amigo_ros2_pi/install/ublox_msgs/share/ublox_msgs/msg/NavSVINFO.msg
[674.583s] -- Installing: /home/amigo-pi/amigo_ros2_pi/install/ublox_msgs/share/ublox_msgs/msg/NavSVINFOSV.msg
[674.585s] -- Installing: /home/amigo-pi/amigo_ros2_pi/install/ublox_msgs/share/ublox_msgs/msg/NavSVIN.msg
[674.587s] -- Installing: /home/amigo-pi/amigo_ros2_pi/install/ublox_msgs/share/ublox_msgs/msg/NavTIMEGPS.msg
[674.589s] -- Installing: /home/amigo-pi/amigo_ros2_pi/install/ublox_msgs/share/ublox_msgs/msg/NavTIMEUTC.msg
[674.591s] -- Installing: /home/amigo-pi/amigo_ros2_pi/install/ublox_msgs/share/ublox_msgs/msg/NavVELECEF.msg
[674.593s] -- Installing: /home/amigo-pi/amigo_ros2_pi/install/ublox_msgs/share/ublox_msgs/msg/NavVELNED.msg
[674.595s] -- Installing: /home/amigo-pi/amigo_ros2_pi/install/ublox_msgs/share/ublox_msgs/msg/RxmALM.msg
[674.596s] -- Installing: /home/amigo-pi/amigo_ros2_pi/install/ublox_msgs/share/ublox_msgs/msg/RxmEPH.msg
[674.599s] -- Installing: /home/amigo-pi/amigo_ros2_pi/install/ublox_msgs/share/ublox_msgs/msg/RxmRAW.msg
[674.601s] -- Installing: /home/amigo-pi/amigo_ros2_pi/install/ublox_msgs/share/ublox_msgs/msg/RxmRAWSV.msg
[674.602s] -- Installing: /home/amigo-pi/amigo_ros2_pi/install/ublox_msgs/share/ublox_msgs/msg/RxmRAWXMeas.msg
[674.604s] -- Installing: /home/amigo-pi/amigo_ros2_pi/install/ublox_msgs/share/ublox_msgs/msg/RxmRAWX.msg
[674.606s] -- Installing: /home/amigo-pi/amigo_ros2_pi/install/ublox_msgs/share/ublox_msgs/msg/RxmRTCM.msg
[674.608s] -- Installing: /home/amigo-pi/amigo_ros2_pi/install/ublox_msgs/share/ublox_msgs/msg/RxmSFRB.msg
[674.610s] -- Installing: /home/amigo-pi/amigo_ros2_pi/install/ublox_msgs/share/ublox_msgs/msg/RxmSFRBX.msg
[674.611s] -- Installing: /home/amigo-pi/amigo_ros2_pi/install/ublox_msgs/share/ublox_msgs/msg/RxmSVSI.msg
[674.613s] -- Installing: /home/amigo-pi/amigo_ros2_pi/install/ublox_msgs/share/ublox_msgs/msg/RxmSVSISV.msg
[674.615s] -- Installing: /home/amigo-pi/amigo_ros2_pi/install/ublox_msgs/share/ublox_msgs/msg/TimTM2.msg
[674.617s] -- Installing: /home/amigo-pi/amigo_ros2_pi/install/ublox_msgs/share/ublox_msgs/msg/UpdSOSAck.msg
[674.619s] -- Installing: /home/amigo-pi/amigo_ros2_pi/install/ublox_msgs/share/ublox_msgs/msg/UpdSOS.msg
[674.621s] -- Installing: /home/amigo-pi/amigo_ros2_pi/install/ublox_msgs/lib/libublox_msgs_lib.so
[674.629s] -- Set runtime path of "/home/amigo-pi/amigo_ros2_pi/install/ublox_msgs/lib/libublox_msgs_lib.so" to ""
[674.630s] -- Up-to-date: /home/amigo-pi/amigo_ros2_pi/install/ublox_msgs/include
[674.630s] -- Up-to-date: /home/amigo-pi/amigo_ros2_pi/install/ublox_msgs/include/ublox_msgs
[674.630s] -- Installing: /home/amigo-pi/amigo_ros2_pi/install/ublox_msgs/include/ublox_msgs/ublox_msgs.hpp
[674.631s] -- Installing: /home/amigo-pi/amigo_ros2_pi/install/ublox_msgs/include/ublox_msgs/serialization.hpp
[674.634s] -- Installing: /home/amigo-pi/amigo_ros2_pi/install/ublox_msgs/share/ament_index/resource_index/package_run_dependencies/ublox_msgs
[674.637s] -- Installing: /home/amigo-pi/amigo_ros2_pi/install/ublox_msgs/share/ament_index/resource_index/parent_prefix_path/ublox_msgs
[674.640s] -- Installing: /home/amigo-pi/amigo_ros2_pi/install/ublox_msgs/share/ublox_msgs/environment/ament_prefix_path.sh
[674.642s] -- Installing: /home/amigo-pi/amigo_ros2_pi/install/ublox_msgs/share/ublox_msgs/environment/ament_prefix_path.dsv
[674.645s] -- Installing: /home/amigo-pi/amigo_ros2_pi/install/ublox_msgs/share/ublox_msgs/environment/path.sh
[674.647s] -- Installing: /home/amigo-pi/amigo_ros2_pi/install/ublox_msgs/share/ublox_msgs/environment/path.dsv
[674.649s] -- Installing: /home/amigo-pi/amigo_ros2_pi/install/ublox_msgs/share/ublox_msgs/local_setup.bash
[674.652s] -- Installing: /home/amigo-pi/amigo_ros2_pi/install/ublox_msgs/share/ublox_msgs/local_setup.sh
[674.655s] -- Installing: /home/amigo-pi/amigo_ros2_pi/install/ublox_msgs/share/ublox_msgs/local_setup.zsh
[674.657s] -- Installing: /home/amigo-pi/amigo_ros2_pi/install/ublox_msgs/share/ublox_msgs/local_setup.dsv
[674.660s] -- Installing: /home/amigo-pi/amigo_ros2_pi/install/ublox_msgs/share/ublox_msgs/package.dsv
[674.664s] -- Installing: /home/amigo-pi/amigo_ros2_pi/install/ublox_msgs/share/ament_index/resource_index/packages/ublox_msgs
[674.667s] -- Installing: /home/amigo-pi/amigo_ros2_pi/install/ublox_msgs/share/ublox_msgs/cmake/export_ublox_msgs__rosidl_generator_cExport.cmake
[674.669s] -- Installing: /home/amigo-pi/amigo_ros2_pi/install/ublox_msgs/share/ublox_msgs/cmake/export_ublox_msgs__rosidl_generator_cExport-noconfig.cmake
[674.671s] -- Installing: /home/amigo-pi/amigo_ros2_pi/install/ublox_msgs/share/ublox_msgs/cmake/export_ublox_msgs__rosidl_typesupport_fastrtps_cExport.cmake
[674.674s] -- Installing: /home/amigo-pi/amigo_ros2_pi/install/ublox_msgs/share/ublox_msgs/cmake/export_ublox_msgs__rosidl_typesupport_fastrtps_cExport-noconfig.cmake
[674.677s] -- Installing: /home/amigo-pi/amigo_ros2_pi/install/ublox_msgs/share/ublox_msgs/cmake/ublox_msgs__rosidl_typesupport_introspection_cExport.cmake
[674.679s] -- Installing: /home/amigo-pi/amigo_ros2_pi/install/ublox_msgs/share/ublox_msgs/cmake/ublox_msgs__rosidl_typesupport_introspection_cExport-noconfig.cmake
[674.681s] -- Installing: /home/amigo-pi/amigo_ros2_pi/install/ublox_msgs/share/ublox_msgs/cmake/ublox_msgs__rosidl_typesupport_cExport.cmake
[674.683s] -- Installing: /home/amigo-pi/amigo_ros2_pi/install/ublox_msgs/share/ublox_msgs/cmake/ublox_msgs__rosidl_typesupport_cExport-noconfig.cmake
[674.685s] -- Installing: /home/amigo-pi/amigo_ros2_pi/install/ublox_msgs/share/ublox_msgs/cmake/export_ublox_msgs__rosidl_generator_cppExport.cmake
[674.688s] -- Installing: /home/amigo-pi/amigo_ros2_pi/install/ublox_msgs/share/ublox_msgs/cmake/export_ublox_msgs__rosidl_typesupport_fastrtps_cppExport.cmake
[674.690s] -- Installing: /home/amigo-pi/amigo_ros2_pi/install/ublox_msgs/share/ublox_msgs/cmake/export_ublox_msgs__rosidl_typesupport_fastrtps_cppExport-noconfig.cmake
[674.692s] -- Installing: /home/amigo-pi/amigo_ros2_pi/install/ublox_msgs/share/ublox_msgs/cmake/ublox_msgs__rosidl_typesupport_introspection_cppExport.cmake
[674.694s] -- Installing: /home/amigo-pi/amigo_ros2_pi/install/ublox_msgs/share/ublox_msgs/cmake/ublox_msgs__rosidl_typesupport_introspection_cppExport-noconfig.cmake
[674.696s] -- Installing: /home/amigo-pi/amigo_ros2_pi/install/ublox_msgs/share/ublox_msgs/cmake/ublox_msgs__rosidl_typesupport_cppExport.cmake
[674.699s] -- Installing: /home/amigo-pi/amigo_ros2_pi/install/ublox_msgs/share/ublox_msgs/cmake/ublox_msgs__rosidl_typesupport_cppExport-noconfig.cmake
[674.701s] -- Installing: /home/amigo-pi/amigo_ros2_pi/install/ublox_msgs/share/ublox_msgs/cmake/export_ublox_msgs__rosidl_generator_pyExport.cmake
[674.703s] -- Installing: /home/amigo-pi/amigo_ros2_pi/install/ublox_msgs/share/ublox_msgs/cmake/export_ublox_msgs__rosidl_generator_pyExport-noconfig.cmake
[674.705s] -- Installing: /home/amigo-pi/amigo_ros2_pi/install/ublox_msgs/share/ublox_msgs/cmake/ublox_msgs_libExport.cmake
[674.707s] -- Installing: /home/amigo-pi/amigo_ros2_pi/install/ublox_msgs/share/ublox_msgs/cmake/ublox_msgs_libExport-noconfig.cmake
[674.709s] -- Installing: /home/amigo-pi/amigo_ros2_pi/install/ublox_msgs/share/ublox_msgs/cmake/rosidl_cmake-extras.cmake
[674.712s] -- Installing: /home/amigo-pi/amigo_ros2_pi/install/ublox_msgs/share/ublox_msgs/cmake/ament_cmake_export_dependencies-extras.cmake
[674.715s] -- Installing: /home/amigo-pi/amigo_ros2_pi/install/ublox_msgs/share/ublox_msgs/cmake/ament_cmake_export_include_directories-extras.cmake
[674.717s] -- Installing: /home/amigo-pi/amigo_ros2_pi/install/ublox_msgs/share/ublox_msgs/cmake/ament_cmake_export_libraries-extras.cmake
[674.720s] -- Installing: /home/amigo-pi/amigo_ros2_pi/install/ublox_msgs/share/ublox_msgs/cmake/ament_cmake_export_targets-extras.cmake
[674.723s] -- Installing: /home/amigo-pi/amigo_ros2_pi/install/ublox_msgs/share/ublox_msgs/cmake/rosidl_cmake_export_typesupport_targets-extras.cmake
[674.725s] -- Installing: /home/amigo-pi/amigo_ros2_pi/install/ublox_msgs/share/ublox_msgs/cmake/rosidl_cmake_export_typesupport_libraries-extras.cmake
[674.728s] -- Installing: /home/amigo-pi/amigo_ros2_pi/install/ublox_msgs/share/ublox_msgs/cmake/ublox_msgsConfig.cmake
[674.730s] -- Installing: /home/amigo-pi/amigo_ros2_pi/install/ublox_msgs/share/ublox_msgs/cmake/ublox_msgsConfig-version.cmake
[674.732s] -- Installing: /home/amigo-pi/amigo_ros2_pi/install/ublox_msgs/share/ublox_msgs/package.xml
[674.747s] Invoked command in '/home/amigo-pi/amigo_ros2_pi/build/ublox_msgs' returned '0': CMAKE_PREFIX_PATH=${CMAKE_PREFIX_PATH}:/home/amigo-pi/amigo_ros2_pi/install/camera_control:/opt/ros/humble /usr/bin/cmake --install /home/amigo-pi/amigo_ros2_pi/build/ublox_msgs
