[0.000000] (-) TimerEvent: {}
[0.003091] (camera_control) JobQueued: {'identifier': 'camera_control', 'dependencies': OrderedDict()}
[0.003906] (sensor_integration) JobQueued: {'identifier': 'sensor_integration', 'dependencies': OrderedDict()}
[0.004105] (ublox_serialization) JobQueued: {'identifier': 'ublox_serialization', 'dependencies': OrderedDict()}
[0.004390] (ublox_msgs) JobQueued: {'identifier': 'ublox_msgs', 'dependencies': OrderedDict([('ublox_serialization', '/home/amigo-pi/amigo_ros2_pi/install/ublox_serialization')])}
[0.004587] (ublox_gps) JobQueued: {'identifier': 'ublox_gps', 'dependencies': OrderedDict([('ublox_serialization', '/home/amigo-pi/amigo_ros2_pi/install/ublox_serialization'), ('ublox_msgs', '/home/amigo-pi/amigo_ros2_pi/install/ublox_msgs')])}
[0.004704] (ublox) JobQueued: {'identifier': 'ublox', 'dependencies': OrderedDict([('ublox_serialization', '/home/amigo-pi/amigo_ros2_pi/install/ublox_serialization'), ('ublox_msgs', '/home/amigo-pi/amigo_ros2_pi/install/ublox_msgs'), ('ublox_gps', '/home/amigo-pi/amigo_ros2_pi/install/ublox_gps')])}
[0.004807] (ublox_serialization) JobStarted: {'identifier': 'ublox_serialization'}
[0.065617] (camera_control) JobStarted: {'identifier': 'camera_control'}
[0.096360] (-) TimerEvent: {}
[0.110309] (sensor_integration) JobStarted: {'identifier': 'sensor_integration'}
[0.159112] (ublox_serialization) JobProgress: {'identifier': 'ublox_serialization', 'progress': 'cmake'}
[0.164934] (ublox_serialization) JobProgress: {'identifier': 'ublox_serialization', 'progress': 'build'}
[0.168700] (ublox_serialization) Command: {'cmd': ['/usr/bin/cmake', '--build', '/home/amigo-pi/amigo_ros2_pi/build/ublox_serialization', '--', '-j4', '-l4'], 'cwd': '/home/amigo-pi/amigo_ros2_pi/build/ublox_serialization', 'env': OrderedDict([('LESSOPEN', '| /usr/bin/lesspipe %s'), ('USER', 'amigo-pi'), ('XDG_SESSION_TYPE', 'wayland'), ('SHLVL', '1'), ('LD_LIBRARY_PATH', '/opt/ros/humble/opt/rviz_ogre_vendor/lib:/opt/ros/humble/lib/aarch64-linux-gnu:/opt/ros/humble/lib'), ('HOME', '/home/amigo-pi'), ('OLDPWD', '/home/amigo-pi/amigo_ros2_pi/src'), ('DESKTOP_SESSION', 'ubuntu'), ('ROS_PYTHON_VERSION', '3'), ('GNOME_SHELL_SESSION_MODE', 'ubuntu'), ('GTK_MODULES', 'gail:atk-bridge'), ('SYSTEMD_EXEC_PID', '1681'), ('DBUS_SESSION_BUS_ADDRESS', 'unix:path=/run/user/1000/bus'), ('COLORTERM', 'truecolor'), ('IM_CONFIG_PHASE', '1'), ('WAYLAND_DISPLAY', 'wayland-0'), ('ROS_DISTRO', 'humble'), ('LOGNAME', 'amigo-pi'), ('_', '/usr/bin/colcon'), ('ROS_VERSION', '2'), ('XDG_SESSION_CLASS', 'user'), ('USERNAME', 'amigo-pi'), ('TERM', 'xterm-256color'), ('GNOME_DESKTOP_SESSION_ID', 'this-is-deprecated'), ('ROS_LOCALHOST_ONLY', '0'), ('PATH', '/opt/ros/humble/bin:/home/amigo-pi/.local/bin:/usr/local/sbin:/usr/local/bin:/usr/sbin:/usr/bin:/sbin:/bin:/usr/games:/usr/local/games:/snap/bin:/snap/bin'), ('SESSION_MANAGER', 'local/amigopi-desktop:@/tmp/.ICE-unix/1650,unix/amigopi-desktop:/tmp/.ICE-unix/1650'), ('XDG_MENU_PREFIX', 'gnome-'), ('GNOME_TERMINAL_SCREEN', '/org/gnome/Terminal/screen/42db41e4_e572_4be7_8dfd_5cc5c4b7a37c'), ('GNOME_SETUP_DISPLAY', ':1'), ('XDG_RUNTIME_DIR', '/run/user/1000'), ('DISPLAY', ':0'), ('LANG', 'en_US.UTF-8'), ('XDG_CURRENT_DESKTOP', 'ubuntu:GNOME'), ('XMODIFIERS', '@im=ibus'), ('XDG_SESSION_DESKTOP', 'ubuntu'), ('XAUTHORITY', '/run/user/1000/.mutter-Xwaylandauth.UB4922'), ('LS_COLORS', 'rs=0:di=01;34:ln=01;36:mh=00:pi=40;33:so=01;35:do=01;35:bd=40;33;01:cd=40;33;01:or=40;31;01:mi=00:su=37;41:sg=30;43:ca=30;41:tw=30;42:ow=34;42:st=37;44:ex=01;32:*.tar=01;31:*.tgz=01;31:*.arc=01;31:*.arj=01;31:*.taz=01;31:*.lha=01;31:*.lz4=01;31:*.lzh=01;31:*.lzma=01;31:*.tlz=01;31:*.txz=01;31:*.tzo=01;31:*.t7z=01;31:*.zip=01;31:*.z=01;31:*.dz=01;31:*.gz=01;31:*.lrz=01;31:*.lz=01;31:*.lzo=01;31:*.xz=01;31:*.zst=01;31:*.tzst=01;31:*.bz2=01;31:*.bz=01;31:*.tbz=01;31:*.tbz2=01;31:*.tz=01;31:*.deb=01;31:*.rpm=01;31:*.jar=01;31:*.war=01;31:*.ear=01;31:*.sar=01;31:*.rar=01;31:*.alz=01;31:*.ace=01;31:*.zoo=01;31:*.cpio=01;31:*.7z=01;31:*.rz=01;31:*.cab=01;31:*.wim=01;31:*.swm=01;31:*.dwm=01;31:*.esd=01;31:*.jpg=01;35:*.jpeg=01;35:*.mjpg=01;35:*.mjpeg=01;35:*.gif=01;35:*.bmp=01;35:*.pbm=01;35:*.pgm=01;35:*.ppm=01;35:*.tga=01;35:*.xbm=01;35:*.xpm=01;35:*.tif=01;35:*.tiff=01;35:*.png=01;35:*.svg=01;35:*.svgz=01;35:*.mng=01;35:*.pcx=01;35:*.mov=01;35:*.mpg=01;35:*.mpeg=01;35:*.m2v=01;35:*.mkv=01;35:*.webm=01;35:*.webp=01;35:*.ogm=01;35:*.mp4=01;35:*.m4v=01;35:*.mp4v=01;35:*.vob=01;35:*.qt=01;35:*.nuv=01;35:*.wmv=01;35:*.asf=01;35:*.rm=01;35:*.rmvb=01;35:*.flc=01;35:*.avi=01;35:*.fli=01;35:*.flv=01;35:*.gl=01;35:*.dl=01;35:*.xcf=01;35:*.xwd=01;35:*.yuv=01;35:*.cgm=01;35:*.emf=01;35:*.ogv=01;35:*.ogx=01;35:*.aac=00;36:*.au=00;36:*.flac=00;36:*.m4a=00;36:*.mid=00;36:*.midi=00;36:*.mka=00;36:*.mp3=00;36:*.mpc=00;36:*.ogg=00;36:*.ra=00;36:*.wav=00;36:*.oga=00;36:*.opus=00;36:*.spx=00;36:*.xspf=00;36:'), ('GNOME_TERMINAL_SERVICE', ':1.104'), ('SSH_AGENT_LAUNCHER', 'gnome-keyring'), ('SSH_AUTH_SOCK', '/run/user/1000/keyring/ssh'), ('AMENT_PREFIX_PATH', '/opt/ros/humble'), ('SHELL', '/bin/bash'), ('QT_ACCESSIBILITY', '1'), ('GDMSESSION', 'ubuntu'), ('LESSCLOSE', '/usr/bin/lesspipe %s %s'), ('QT_IM_MODULE', 'ibus'), ('PWD', '/home/amigo-pi/amigo_ros2_pi/build/ublox_serialization'), ('LC_ALL', 'en_US.UTF-8'), ('XDG_CONFIG_DIRS', '/etc/xdg/xdg-ubuntu:/etc/xdg'), ('XDG_DATA_DIRS', '/usr/share/ubuntu:/usr/local/share/:/usr/share/:/var/lib/snapd/desktop'), ('PYTHONPATH', '/opt/ros/humble/lib/python3.10/site-packages:/opt/ros/humble/local/lib/python3.10/dist-packages'), ('COLCON', '1'), ('VTE_VERSION', '6800'), ('CMAKE_PREFIX_PATH', '/opt/ros/humble')]), 'shell': False}
[0.197750] (-) TimerEvent: {}
[0.299540] (-) TimerEvent: {}
[0.402490] (-) TimerEvent: {}
[0.504389] (-) TimerEvent: {}
[0.605615] (-) TimerEvent: {}
[0.707494] (-) TimerEvent: {}
[0.809023] (-) TimerEvent: {}
[0.911955] (-) TimerEvent: {}
[1.014236] (-) TimerEvent: {}
[1.115712] (-) TimerEvent: {}
[1.216985] (-) TimerEvent: {}
[1.318111] (-) TimerEvent: {}
[1.419563] (-) TimerEvent: {}
[1.520829] (-) TimerEvent: {}
[1.622019] (-) TimerEvent: {}
[1.723107] (-) TimerEvent: {}
[1.824089] (-) TimerEvent: {}
[1.924799] (-) TimerEvent: {}
[2.025618] (-) TimerEvent: {}
[2.126572] (-) TimerEvent: {}
[2.228339] (-) TimerEvent: {}
[2.330023] (-) TimerEvent: {}
[2.431353] (-) TimerEvent: {}
[2.532632] (-) TimerEvent: {}
[2.634214] (-) TimerEvent: {}
[2.735470] (-) TimerEvent: {}
[2.837000] (-) TimerEvent: {}
[2.938383] (-) TimerEvent: {}
[3.040101] (-) TimerEvent: {}
[3.141053] (-) TimerEvent: {}
[3.241851] (-) TimerEvent: {}
[3.342611] (-) TimerEvent: {}
[3.443297] (-) TimerEvent: {}
[3.544000] (-) TimerEvent: {}
[3.644919] (-) TimerEvent: {}
[3.746351] (-) TimerEvent: {}
[3.847733] (-) TimerEvent: {}
[3.949296] (-) TimerEvent: {}
[4.050818] (-) TimerEvent: {}
[4.152405] (-) TimerEvent: {}
[4.253823] (-) TimerEvent: {}
[4.355303] (-) TimerEvent: {}
[4.459115] (-) TimerEvent: {}
[4.504902] (ublox_serialization) CommandEnded: {'returncode': 0}
[4.515071] (ublox_serialization) JobProgress: {'identifier': 'ublox_serialization', 'progress': 'install'}
[4.561290] (ublox_serialization) Command: {'cmd': ['/usr/bin/cmake', '--install', '/home/amigo-pi/amigo_ros2_pi/build/ublox_serialization'], 'cwd': '/home/amigo-pi/amigo_ros2_pi/build/ublox_serialization', 'env': OrderedDict([('LESSOPEN', '| /usr/bin/lesspipe %s'), ('USER', 'amigo-pi'), ('XDG_SESSION_TYPE', 'wayland'), ('SHLVL', '1'), ('LD_LIBRARY_PATH', '/opt/ros/humble/opt/rviz_ogre_vendor/lib:/opt/ros/humble/lib/aarch64-linux-gnu:/opt/ros/humble/lib'), ('HOME', '/home/amigo-pi'), ('OLDPWD', '/home/amigo-pi/amigo_ros2_pi/src'), ('DESKTOP_SESSION', 'ubuntu'), ('ROS_PYTHON_VERSION', '3'), ('GNOME_SHELL_SESSION_MODE', 'ubuntu'), ('GTK_MODULES', 'gail:atk-bridge'), ('SYSTEMD_EXEC_PID', '1681'), ('DBUS_SESSION_BUS_ADDRESS', 'unix:path=/run/user/1000/bus'), ('COLORTERM', 'truecolor'), ('IM_CONFIG_PHASE', '1'), ('WAYLAND_DISPLAY', 'wayland-0'), ('ROS_DISTRO', 'humble'), ('LOGNAME', 'amigo-pi'), ('_', '/usr/bin/colcon'), ('ROS_VERSION', '2'), ('XDG_SESSION_CLASS', 'user'), ('USERNAME', 'amigo-pi'), ('TERM', 'xterm-256color'), ('GNOME_DESKTOP_SESSION_ID', 'this-is-deprecated'), ('ROS_LOCALHOST_ONLY', '0'), ('PATH', '/opt/ros/humble/bin:/home/amigo-pi/.local/bin:/usr/local/sbin:/usr/local/bin:/usr/sbin:/usr/bin:/sbin:/bin:/usr/games:/usr/local/games:/snap/bin:/snap/bin'), ('SESSION_MANAGER', 'local/amigopi-desktop:@/tmp/.ICE-unix/1650,unix/amigopi-desktop:/tmp/.ICE-unix/1650'), ('XDG_MENU_PREFIX', 'gnome-'), ('GNOME_TERMINAL_SCREEN', '/org/gnome/Terminal/screen/42db41e4_e572_4be7_8dfd_5cc5c4b7a37c'), ('GNOME_SETUP_DISPLAY', ':1'), ('XDG_RUNTIME_DIR', '/run/user/1000'), ('DISPLAY', ':0'), ('LANG', 'en_US.UTF-8'), ('XDG_CURRENT_DESKTOP', 'ubuntu:GNOME'), ('XMODIFIERS', '@im=ibus'), ('XDG_SESSION_DESKTOP', 'ubuntu'), ('XAUTHORITY', '/run/user/1000/.mutter-Xwaylandauth.UB4922'), ('LS_COLORS', 'rs=0:di=01;34:ln=01;36:mh=00:pi=40;33:so=01;35:do=01;35:bd=40;33;01:cd=40;33;01:or=40;31;01:mi=00:su=37;41:sg=30;43:ca=30;41:tw=30;42:ow=34;42:st=37;44:ex=01;32:*.tar=01;31:*.tgz=01;31:*.arc=01;31:*.arj=01;31:*.taz=01;31:*.lha=01;31:*.lz4=01;31:*.lzh=01;31:*.lzma=01;31:*.tlz=01;31:*.txz=01;31:*.tzo=01;31:*.t7z=01;31:*.zip=01;31:*.z=01;31:*.dz=01;31:*.gz=01;31:*.lrz=01;31:*.lz=01;31:*.lzo=01;31:*.xz=01;31:*.zst=01;31:*.tzst=01;31:*.bz2=01;31:*.bz=01;31:*.tbz=01;31:*.tbz2=01;31:*.tz=01;31:*.deb=01;31:*.rpm=01;31:*.jar=01;31:*.war=01;31:*.ear=01;31:*.sar=01;31:*.rar=01;31:*.alz=01;31:*.ace=01;31:*.zoo=01;31:*.cpio=01;31:*.7z=01;31:*.rz=01;31:*.cab=01;31:*.wim=01;31:*.swm=01;31:*.dwm=01;31:*.esd=01;31:*.jpg=01;35:*.jpeg=01;35:*.mjpg=01;35:*.mjpeg=01;35:*.gif=01;35:*.bmp=01;35:*.pbm=01;35:*.pgm=01;35:*.ppm=01;35:*.tga=01;35:*.xbm=01;35:*.xpm=01;35:*.tif=01;35:*.tiff=01;35:*.png=01;35:*.svg=01;35:*.svgz=01;35:*.mng=01;35:*.pcx=01;35:*.mov=01;35:*.mpg=01;35:*.mpeg=01;35:*.m2v=01;35:*.mkv=01;35:*.webm=01;35:*.webp=01;35:*.ogm=01;35:*.mp4=01;35:*.m4v=01;35:*.mp4v=01;35:*.vob=01;35:*.qt=01;35:*.nuv=01;35:*.wmv=01;35:*.asf=01;35:*.rm=01;35:*.rmvb=01;35:*.flc=01;35:*.avi=01;35:*.fli=01;35:*.flv=01;35:*.gl=01;35:*.dl=01;35:*.xcf=01;35:*.xwd=01;35:*.yuv=01;35:*.cgm=01;35:*.emf=01;35:*.ogv=01;35:*.ogx=01;35:*.aac=00;36:*.au=00;36:*.flac=00;36:*.m4a=00;36:*.mid=00;36:*.midi=00;36:*.mka=00;36:*.mp3=00;36:*.mpc=00;36:*.ogg=00;36:*.ra=00;36:*.wav=00;36:*.oga=00;36:*.opus=00;36:*.spx=00;36:*.xspf=00;36:'), ('GNOME_TERMINAL_SERVICE', ':1.104'), ('SSH_AGENT_LAUNCHER', 'gnome-keyring'), ('SSH_AUTH_SOCK', '/run/user/1000/keyring/ssh'), ('AMENT_PREFIX_PATH', '/opt/ros/humble'), ('SHELL', '/bin/bash'), ('QT_ACCESSIBILITY', '1'), ('GDMSESSION', 'ubuntu'), ('LESSCLOSE', '/usr/bin/lesspipe %s %s'), ('QT_IM_MODULE', 'ibus'), ('PWD', '/home/amigo-pi/amigo_ros2_pi/build/ublox_serialization'), ('LC_ALL', 'en_US.UTF-8'), ('XDG_CONFIG_DIRS', '/etc/xdg/xdg-ubuntu:/etc/xdg'), ('XDG_DATA_DIRS', '/usr/share/ubuntu:/usr/local/share/:/usr/share/:/var/lib/snapd/desktop'), ('PYTHONPATH', '/opt/ros/humble/lib/python3.10/site-packages:/opt/ros/humble/local/lib/python3.10/dist-packages'), ('COLCON', '1'), ('VTE_VERSION', '6800'), ('CMAKE_PREFIX_PATH', '/opt/ros/humble')]), 'shell': False}
[4.569014] (-) TimerEvent: {}
[4.625513] (ublox_serialization) StdoutLine: {'line': b'-- Install configuration: ""\n'}
[4.629594] (ublox_serialization) StdoutLine: {'line': b'-- Up-to-date: /home/amigo-pi/amigo_ros2_pi/install/ublox_serialization/include\n'}
[4.632657] (ublox_serialization) StdoutLine: {'line': b'-- Up-to-date: /home/amigo-pi/amigo_ros2_pi/install/ublox_serialization/include/ublox_serialization\n'}
[4.638265] (ublox_serialization) StdoutLine: {'line': b'-- Up-to-date: /home/amigo-pi/amigo_ros2_pi/install/ublox_serialization/include/ublox_serialization/serialization.hpp\n'}
[4.640118] (ublox_serialization) StdoutLine: {'line': b'-- Up-to-date: /home/amigo-pi/amigo_ros2_pi/install/ublox_serialization/include/ublox_serialization/checksum.hpp\n'}
[4.645865] (ublox_serialization) StdoutLine: {'line': b'-- Up-to-date: /home/amigo-pi/amigo_ros2_pi/install/ublox_serialization/share/ament_index/resource_index/package_run_dependencies/ublox_serialization\n'}
[4.647873] (ublox_serialization) StdoutLine: {'line': b'-- Up-to-date: /home/amigo-pi/amigo_ros2_pi/install/ublox_serialization/share/ament_index/resource_index/parent_prefix_path/ublox_serialization\n'}
[4.651156] (ublox_serialization) StdoutLine: {'line': b'-- Up-to-date: /home/amigo-pi/amigo_ros2_pi/install/ublox_serialization/share/ublox_serialization/environment/ament_prefix_path.sh\n'}
[4.652884] (ublox_serialization) StdoutLine: {'line': b'-- Up-to-date: /home/amigo-pi/amigo_ros2_pi/install/ublox_serialization/share/ublox_serialization/environment/ament_prefix_path.dsv\n'}
[4.655085] (ublox_serialization) StdoutLine: {'line': b'-- Up-to-date: /home/amigo-pi/amigo_ros2_pi/install/ublox_serialization/share/ublox_serialization/environment/path.sh\n'}
[4.656439] (ublox_serialization) StdoutLine: {'line': b'-- Up-to-date: /home/amigo-pi/amigo_ros2_pi/install/ublox_serialization/share/ublox_serialization/environment/path.dsv\n'}
[4.657465] (ublox_serialization) StdoutLine: {'line': b'-- Up-to-date: /home/amigo-pi/amigo_ros2_pi/install/ublox_serialization/share/ublox_serialization/local_setup.bash\n'}
[4.658410] (ublox_serialization) StdoutLine: {'line': b'-- Up-to-date: /home/amigo-pi/amigo_ros2_pi/install/ublox_serialization/share/ublox_serialization/local_setup.sh\n'}
[4.659614] (ublox_serialization) StdoutLine: {'line': b'-- Up-to-date: /home/amigo-pi/amigo_ros2_pi/install/ublox_serialization/share/ublox_serialization/local_setup.zsh\n'}
[4.660514] (ublox_serialization) StdoutLine: {'line': b'-- Up-to-date: /home/amigo-pi/amigo_ros2_pi/install/ublox_serialization/share/ublox_serialization/local_setup.dsv\n'}
[4.661521] (ublox_serialization) StdoutLine: {'line': b'-- Up-to-date: /home/amigo-pi/amigo_ros2_pi/install/ublox_serialization/share/ublox_serialization/package.dsv\n'}
[4.663136] (ublox_serialization) StdoutLine: {'line': b'-- Up-to-date: /home/amigo-pi/amigo_ros2_pi/install/ublox_serialization/share/ament_index/resource_index/packages/ublox_serialization\n'}
[4.667609] (ublox_serialization) StdoutLine: {'line': b'-- Up-to-date: /home/amigo-pi/amigo_ros2_pi/install/ublox_serialization/share/ublox_serialization/cmake/ament_cmake_export_include_directories-extras.cmake\n'}
[4.670772] (ublox_serialization) StdoutLine: {'line': b'-- Up-to-date: /home/amigo-pi/amigo_ros2_pi/install/ublox_serialization/share/ublox_serialization/cmake/ublox_serializationConfig.cmake\n'}
[4.672024] (-) TimerEvent: {}
[4.674262] (ublox_serialization) StdoutLine: {'line': b'-- Up-to-date: /home/amigo-pi/amigo_ros2_pi/install/ublox_serialization/share/ublox_serialization/cmake/ublox_serializationConfig-version.cmake\n'}
[4.676182] (ublox_serialization) StdoutLine: {'line': b'-- Up-to-date: /home/amigo-pi/amigo_ros2_pi/install/ublox_serialization/share/ublox_serialization/package.xml\n'}
[4.698857] (ublox_serialization) CommandEnded: {'returncode': 0}
[4.772751] (-) TimerEvent: {}
[4.875462] (-) TimerEvent: {}
[4.954727] (ublox_serialization) JobEnded: {'identifier': 'ublox_serialization', 'rc': 0}
[4.960681] (ublox_msgs) JobStarted: {'identifier': 'ublox_msgs'}
[4.991314] (-) TimerEvent: {}
[5.046876] (ublox_msgs) JobProgress: {'identifier': 'ublox_msgs', 'progress': 'cmake'}
[5.072050] (ublox_msgs) JobProgress: {'identifier': 'ublox_msgs', 'progress': 'build'}
[5.072622] (ublox_msgs) Command: {'cmd': ['/usr/bin/cmake', '--build', '/home/amigo-pi/amigo_ros2_pi/build/ublox_msgs', '--', '-j4', '-l4'], 'cwd': '/home/amigo-pi/amigo_ros2_pi/build/ublox_msgs', 'env': OrderedDict([('LESSOPEN', '| /usr/bin/lesspipe %s'), ('USER', 'amigo-pi'), ('XDG_SESSION_TYPE', 'wayland'), ('SHLVL', '1'), ('LD_LIBRARY_PATH', '/opt/ros/humble/opt/rviz_ogre_vendor/lib:/opt/ros/humble/lib/aarch64-linux-gnu:/opt/ros/humble/lib'), ('HOME', '/home/amigo-pi'), ('OLDPWD', '/home/amigo-pi/amigo_ros2_pi/src'), ('DESKTOP_SESSION', 'ubuntu'), ('ROS_PYTHON_VERSION', '3'), ('GNOME_SHELL_SESSION_MODE', 'ubuntu'), ('GTK_MODULES', 'gail:atk-bridge'), ('SYSTEMD_EXEC_PID', '1681'), ('DBUS_SESSION_BUS_ADDRESS', 'unix:path=/run/user/1000/bus'), ('COLORTERM', 'truecolor'), ('IM_CONFIG_PHASE', '1'), ('WAYLAND_DISPLAY', 'wayland-0'), ('ROS_DISTRO', 'humble'), ('LOGNAME', 'amigo-pi'), ('_', '/usr/bin/colcon'), ('ROS_VERSION', '2'), ('XDG_SESSION_CLASS', 'user'), ('USERNAME', 'amigo-pi'), ('TERM', 'xterm-256color'), ('GNOME_DESKTOP_SESSION_ID', 'this-is-deprecated'), ('ROS_LOCALHOST_ONLY', '0'), ('PATH', '/opt/ros/humble/bin:/home/amigo-pi/.local/bin:/usr/local/sbin:/usr/local/bin:/usr/sbin:/usr/bin:/sbin:/bin:/usr/games:/usr/local/games:/snap/bin:/snap/bin'), ('SESSION_MANAGER', 'local/amigopi-desktop:@/tmp/.ICE-unix/1650,unix/amigopi-desktop:/tmp/.ICE-unix/1650'), ('XDG_MENU_PREFIX', 'gnome-'), ('GNOME_TERMINAL_SCREEN', '/org/gnome/Terminal/screen/42db41e4_e572_4be7_8dfd_5cc5c4b7a37c'), ('GNOME_SETUP_DISPLAY', ':1'), ('XDG_RUNTIME_DIR', '/run/user/1000'), ('DISPLAY', ':0'), ('LANG', 'en_US.UTF-8'), ('XDG_CURRENT_DESKTOP', 'ubuntu:GNOME'), ('XMODIFIERS', '@im=ibus'), ('XDG_SESSION_DESKTOP', 'ubuntu'), ('XAUTHORITY', '/run/user/1000/.mutter-Xwaylandauth.UB4922'), ('LS_COLORS', 'rs=0:di=01;34:ln=01;36:mh=00:pi=40;33:so=01;35:do=01;35:bd=40;33;01:cd=40;33;01:or=40;31;01:mi=00:su=37;41:sg=30;43:ca=30;41:tw=30;42:ow=34;42:st=37;44:ex=01;32:*.tar=01;31:*.tgz=01;31:*.arc=01;31:*.arj=01;31:*.taz=01;31:*.lha=01;31:*.lz4=01;31:*.lzh=01;31:*.lzma=01;31:*.tlz=01;31:*.txz=01;31:*.tzo=01;31:*.t7z=01;31:*.zip=01;31:*.z=01;31:*.dz=01;31:*.gz=01;31:*.lrz=01;31:*.lz=01;31:*.lzo=01;31:*.xz=01;31:*.zst=01;31:*.tzst=01;31:*.bz2=01;31:*.bz=01;31:*.tbz=01;31:*.tbz2=01;31:*.tz=01;31:*.deb=01;31:*.rpm=01;31:*.jar=01;31:*.war=01;31:*.ear=01;31:*.sar=01;31:*.rar=01;31:*.alz=01;31:*.ace=01;31:*.zoo=01;31:*.cpio=01;31:*.7z=01;31:*.rz=01;31:*.cab=01;31:*.wim=01;31:*.swm=01;31:*.dwm=01;31:*.esd=01;31:*.jpg=01;35:*.jpeg=01;35:*.mjpg=01;35:*.mjpeg=01;35:*.gif=01;35:*.bmp=01;35:*.pbm=01;35:*.pgm=01;35:*.ppm=01;35:*.tga=01;35:*.xbm=01;35:*.xpm=01;35:*.tif=01;35:*.tiff=01;35:*.png=01;35:*.svg=01;35:*.svgz=01;35:*.mng=01;35:*.pcx=01;35:*.mov=01;35:*.mpg=01;35:*.mpeg=01;35:*.m2v=01;35:*.mkv=01;35:*.webm=01;35:*.webp=01;35:*.ogm=01;35:*.mp4=01;35:*.m4v=01;35:*.mp4v=01;35:*.vob=01;35:*.qt=01;35:*.nuv=01;35:*.wmv=01;35:*.asf=01;35:*.rm=01;35:*.rmvb=01;35:*.flc=01;35:*.avi=01;35:*.fli=01;35:*.flv=01;35:*.gl=01;35:*.dl=01;35:*.xcf=01;35:*.xwd=01;35:*.yuv=01;35:*.cgm=01;35:*.emf=01;35:*.ogv=01;35:*.ogx=01;35:*.aac=00;36:*.au=00;36:*.flac=00;36:*.m4a=00;36:*.mid=00;36:*.midi=00;36:*.mka=00;36:*.mp3=00;36:*.mpc=00;36:*.ogg=00;36:*.ra=00;36:*.wav=00;36:*.oga=00;36:*.opus=00;36:*.spx=00;36:*.xspf=00;36:'), ('GNOME_TERMINAL_SERVICE', ':1.104'), ('SSH_AGENT_LAUNCHER', 'gnome-keyring'), ('SSH_AUTH_SOCK', '/run/user/1000/keyring/ssh'), ('AMENT_PREFIX_PATH', '/home/amigo-pi/amigo_ros2_pi/install/ublox_serialization:/opt/ros/humble'), ('SHELL', '/bin/bash'), ('QT_ACCESSIBILITY', '1'), ('GDMSESSION', 'ubuntu'), ('LESSCLOSE', '/usr/bin/lesspipe %s %s'), ('QT_IM_MODULE', 'ibus'), ('PWD', '/home/amigo-pi/amigo_ros2_pi/build/ublox_msgs'), ('LC_ALL', 'en_US.UTF-8'), ('XDG_CONFIG_DIRS', '/etc/xdg/xdg-ubuntu:/etc/xdg'), ('XDG_DATA_DIRS', '/usr/share/ubuntu:/usr/local/share/:/usr/share/:/var/lib/snapd/desktop'), ('PYTHONPATH', '/opt/ros/humble/lib/python3.10/site-packages:/opt/ros/humble/local/lib/python3.10/dist-packages'), ('COLCON', '1'), ('VTE_VERSION', '6800'), ('CMAKE_PREFIX_PATH', '/home/amigo-pi/amigo_ros2_pi/install/ublox_serialization:/opt/ros/humble')]), 'shell': False}
[5.091911] (-) TimerEvent: {}
[5.196857] (-) TimerEvent: {}
[5.298375] (-) TimerEvent: {}
[5.404021] (-) TimerEvent: {}
[5.505671] (-) TimerEvent: {}
[5.619369] (-) TimerEvent: {}
[5.722652] (-) TimerEvent: {}
[5.825919] (-) TimerEvent: {}
[5.928959] (-) TimerEvent: {}
[6.034128] (-) TimerEvent: {}
[6.137033] (-) TimerEvent: {}
[6.238412] (-) TimerEvent: {}
[6.339960] (-) TimerEvent: {}
[6.441674] (-) TimerEvent: {}
[6.550018] (-) TimerEvent: {}
[6.651537] (-) TimerEvent: {}
[6.753591] (-) TimerEvent: {}
[6.804015] (ublox_msgs) StdoutLine: {'line': b'[  0%] Built target ublox_msgs__cpp\n'}
[6.861149] (-) TimerEvent: {}
[6.972845] (-) TimerEvent: {}
[6.974901] (ublox_msgs) StdoutLine: {'line': b'\x1b[35m\x1b[1mConsolidate compiler generated dependencies of target ublox_msgs__rosidl_generator_c\x1b[0m\n'}
[7.073038] (-) TimerEvent: {}
[7.174747] (-) TimerEvent: {}
[7.278232] (-) TimerEvent: {}
[7.379899] (ublox_msgs) StdoutLine: {'line': b'[ 12%] Built target ublox_msgs__rosidl_generator_c\n'}
[7.381157] (-) TimerEvent: {}
[7.437111] (ublox_msgs) StdoutLine: {'line': b'\x1b[35m\x1b[1mConsolidate compiler generated dependencies of target ublox_msgs__rosidl_typesupport_cpp\x1b[0m\n'}
[7.481582] (-) TimerEvent: {}
[7.575035] (ublox_msgs) StdoutLine: {'line': b'\x1b[35m\x1b[1mConsolidate compiler generated dependencies of target ublox_msgs__rosidl_typesupport_fastrtps_cpp\x1b[0m\n'}
[7.581981] (-) TimerEvent: {}
[7.684971] (-) TimerEvent: {}
[7.787133] (-) TimerEvent: {}
[7.889055] (-) TimerEvent: {}
[7.905845] (ublox_msgs) StdoutLine: {'line': b'[ 12%] Built target ament_cmake_python_copy_ublox_msgs\n'}
[7.990711] (-) TimerEvent: {}
[8.005936] (ublox_msgs) StdoutLine: {'line': b'\x1b[35m\x1b[1mConsolidate compiler generated dependencies of target ublox_msgs__rosidl_typesupport_introspection_cpp\x1b[0m\n'}
[8.091019] (-) TimerEvent: {}
[8.193365] (-) TimerEvent: {}
[8.259698] (ublox_msgs) StdoutLine: {'line': b'[ 24%] Built target ublox_msgs__rosidl_typesupport_cpp\n'}
[8.304431] (-) TimerEvent: {}
[8.405989] (-) TimerEvent: {}
[8.507859] (-) TimerEvent: {}
[8.565232] (ublox_msgs) StdoutLine: {'line': b'\x1b[35m\x1b[1mConsolidate compiler generated dependencies of target ublox_msgs__rosidl_typesupport_fastrtps_c\x1b[0m\n'}
[8.608219] (-) TimerEvent: {}
[8.710737] (-) TimerEvent: {}
[8.772575] (ublox_msgs) StdoutLine: {'line': b'[ 36%] Built target ublox_msgs__rosidl_typesupport_fastrtps_cpp\n'}
[8.811121] (-) TimerEvent: {}
[8.855888] (ublox_msgs) StdoutLine: {'line': b'\x1b[35m\x1b[1mConsolidate compiler generated dependencies of target ublox_msgs__rosidl_typesupport_introspection_c\x1b[0m\n'}
[8.911337] (-) TimerEvent: {}
[8.982235] (ublox_msgs) StdoutLine: {'line': b'[ 48%] Built target ublox_msgs__rosidl_typesupport_introspection_cpp\n'}
[9.011987] (-) TimerEvent: {}
[9.114210] (-) TimerEvent: {}
[9.216362] (-) TimerEvent: {}
[9.257497] (ublox_msgs) StdoutLine: {'line': b'[ 61%] Built target ublox_msgs__rosidl_typesupport_fastrtps_c\n'}
[9.272228] (ublox_msgs) StdoutLine: {'line': b'\x1b[35m\x1b[1mConsolidate compiler generated dependencies of target ublox_msgs__rosidl_typesupport_c\x1b[0m\n'}
[9.316735] (-) TimerEvent: {}
[9.420290] (-) TimerEvent: {}
[9.509486] (ublox_msgs) StdoutLine: {'line': b'[ 80%] Built target ublox_msgs__rosidl_typesupport_introspection_c\n'}
[9.511280] (ublox_msgs) StdoutLine: {'line': b'[ 87%] Built target ublox_msgs__rosidl_typesupport_c\n'}
[9.520866] (-) TimerEvent: {}
[9.623284] (-) TimerEvent: {}
[9.725969] (-) TimerEvent: {}
[9.781667] (ublox_msgs) StdoutLine: {'line': b'[ 87%] Built target ublox_msgs\n'}
[9.826446] (-) TimerEvent: {}
[9.929040] (-) TimerEvent: {}
[9.944474] (ublox_msgs) StdoutLine: {'line': b'\x1b[35m\x1b[1mConsolidate compiler generated dependencies of target ublox_msgs_lib\x1b[0m\n'}
[10.029412] (-) TimerEvent: {}
[10.117830] (ublox_msgs) StdoutLine: {'line': b'[ 87%] Built target ublox_msgs__py\n'}
[10.129789] (-) TimerEvent: {}
[10.238181] (-) TimerEvent: {}
[10.240484] (ublox_msgs) StdoutLine: {'line': b'[ 88%] Built target ublox_msgs_lib\n'}
[10.338330] (-) TimerEvent: {}
[10.439818] (-) TimerEvent: {}
[10.542254] (-) TimerEvent: {}
[10.652215] (-) TimerEvent: {}
[10.676440] (ublox_msgs) StdoutLine: {'line': b'\x1b[35m\x1b[1mConsolidate compiler generated dependencies of target ublox_msgs__rosidl_generator_py\x1b[0m\n'}
[10.752674] (-) TimerEvent: {}
[10.856253] (-) TimerEvent: {}
[10.863780] (sensor_integration) Command: {'cmd': ['/usr/bin/python3', '-W', 'ignore:setup.py install is deprecated', '-W', 'ignore:easy_install command is deprecated', 'setup.py', 'egg_info', '--egg-base', '../../build/sensor_integration', 'build', '--build-base', '/home/amigo-pi/amigo_ros2_pi/build/sensor_integration/build', 'install', '--record', '/home/amigo-pi/amigo_ros2_pi/build/sensor_integration/install.log', '--single-version-externally-managed', 'install_data'], 'cwd': '/home/amigo-pi/amigo_ros2_pi/src/sensor_integration', 'env': {'LESSOPEN': '| /usr/bin/lesspipe %s', 'USER': 'amigo-pi', 'XDG_SESSION_TYPE': 'wayland', 'SHLVL': '1', 'LD_LIBRARY_PATH': '/opt/ros/humble/opt/rviz_ogre_vendor/lib:/opt/ros/humble/lib/aarch64-linux-gnu:/opt/ros/humble/lib', 'HOME': '/home/amigo-pi', 'OLDPWD': '/home/amigo-pi/amigo_ros2_pi/src', 'DESKTOP_SESSION': 'ubuntu', 'ROS_PYTHON_VERSION': '3', 'GNOME_SHELL_SESSION_MODE': 'ubuntu', 'GTK_MODULES': 'gail:atk-bridge', 'SYSTEMD_EXEC_PID': '1681', 'DBUS_SESSION_BUS_ADDRESS': 'unix:path=/run/user/1000/bus', 'COLORTERM': 'truecolor', 'IM_CONFIG_PHASE': '1', 'WAYLAND_DISPLAY': 'wayland-0', 'ROS_DISTRO': 'humble', 'LOGNAME': 'amigo-pi', '_': '/usr/bin/colcon', 'ROS_VERSION': '2', 'XDG_SESSION_CLASS': 'user', 'USERNAME': 'amigo-pi', 'TERM': 'xterm-256color', 'GNOME_DESKTOP_SESSION_ID': 'this-is-deprecated', 'ROS_LOCALHOST_ONLY': '0', 'PATH': '/opt/ros/humble/bin:/home/amigo-pi/.local/bin:/usr/local/sbin:/usr/local/bin:/usr/sbin:/usr/bin:/sbin:/bin:/usr/games:/usr/local/games:/snap/bin:/snap/bin', 'SESSION_MANAGER': 'local/amigopi-desktop:@/tmp/.ICE-unix/1650,unix/amigopi-desktop:/tmp/.ICE-unix/1650', 'XDG_MENU_PREFIX': 'gnome-', 'GNOME_TERMINAL_SCREEN': '/org/gnome/Terminal/screen/42db41e4_e572_4be7_8dfd_5cc5c4b7a37c', 'GNOME_SETUP_DISPLAY': ':1', 'XDG_RUNTIME_DIR': '/run/user/1000', 'DISPLAY': ':0', 'LANG': 'en_US.UTF-8', 'XDG_CURRENT_DESKTOP': 'ubuntu:GNOME', 'XMODIFIERS': '@im=ibus', 'XDG_SESSION_DESKTOP': 'ubuntu', 'XAUTHORITY': '/run/user/1000/.mutter-Xwaylandauth.UB4922', 'LS_COLORS': 'rs=0:di=01;34:ln=01;36:mh=00:pi=40;33:so=01;35:do=01;35:bd=40;33;01:cd=40;33;01:or=40;31;01:mi=00:su=37;41:sg=30;43:ca=30;41:tw=30;42:ow=34;42:st=37;44:ex=01;32:*.tar=01;31:*.tgz=01;31:*.arc=01;31:*.arj=01;31:*.taz=01;31:*.lha=01;31:*.lz4=01;31:*.lzh=01;31:*.lzma=01;31:*.tlz=01;31:*.txz=01;31:*.tzo=01;31:*.t7z=01;31:*.zip=01;31:*.z=01;31:*.dz=01;31:*.gz=01;31:*.lrz=01;31:*.lz=01;31:*.lzo=01;31:*.xz=01;31:*.zst=01;31:*.tzst=01;31:*.bz2=01;31:*.bz=01;31:*.tbz=01;31:*.tbz2=01;31:*.tz=01;31:*.deb=01;31:*.rpm=01;31:*.jar=01;31:*.war=01;31:*.ear=01;31:*.sar=01;31:*.rar=01;31:*.alz=01;31:*.ace=01;31:*.zoo=01;31:*.cpio=01;31:*.7z=01;31:*.rz=01;31:*.cab=01;31:*.wim=01;31:*.swm=01;31:*.dwm=01;31:*.esd=01;31:*.jpg=01;35:*.jpeg=01;35:*.mjpg=01;35:*.mjpeg=01;35:*.gif=01;35:*.bmp=01;35:*.pbm=01;35:*.pgm=01;35:*.ppm=01;35:*.tga=01;35:*.xbm=01;35:*.xpm=01;35:*.tif=01;35:*.tiff=01;35:*.png=01;35:*.svg=01;35:*.svgz=01;35:*.mng=01;35:*.pcx=01;35:*.mov=01;35:*.mpg=01;35:*.mpeg=01;35:*.m2v=01;35:*.mkv=01;35:*.webm=01;35:*.webp=01;35:*.ogm=01;35:*.mp4=01;35:*.m4v=01;35:*.mp4v=01;35:*.vob=01;35:*.qt=01;35:*.nuv=01;35:*.wmv=01;35:*.asf=01;35:*.rm=01;35:*.rmvb=01;35:*.flc=01;35:*.avi=01;35:*.fli=01;35:*.flv=01;35:*.gl=01;35:*.dl=01;35:*.xcf=01;35:*.xwd=01;35:*.yuv=01;35:*.cgm=01;35:*.emf=01;35:*.ogv=01;35:*.ogx=01;35:*.aac=00;36:*.au=00;36:*.flac=00;36:*.m4a=00;36:*.mid=00;36:*.midi=00;36:*.mka=00;36:*.mp3=00;36:*.mpc=00;36:*.ogg=00;36:*.ra=00;36:*.wav=00;36:*.oga=00;36:*.opus=00;36:*.spx=00;36:*.xspf=00;36:', 'GNOME_TERMINAL_SERVICE': ':1.104', 'SSH_AGENT_LAUNCHER': 'gnome-keyring', 'SSH_AUTH_SOCK': '/run/user/1000/keyring/ssh', 'AMENT_PREFIX_PATH': '/opt/ros/humble', 'SHELL': '/bin/bash', 'QT_ACCESSIBILITY': '1', 'GDMSESSION': 'ubuntu', 'LESSCLOSE': '/usr/bin/lesspipe %s %s', 'QT_IM_MODULE': 'ibus', 'PWD': '/home/amigo-pi/amigo_ros2_pi/build/sensor_integration', 'LC_ALL': 'en_US.UTF-8', 'XDG_CONFIG_DIRS': '/etc/xdg/xdg-ubuntu:/etc/xdg', 'XDG_DATA_DIRS': '/usr/share/ubuntu:/usr/local/share/:/usr/share/:/var/lib/snapd/desktop', 'PYTHONPATH': '/home/amigo-pi/amigo_ros2_pi/build/sensor_integration/prefix_override:/usr/lib/python3/dist-packages/colcon_core/task/python/colcon_distutils_commands:/home/amigo-pi/amigo_ros2_pi/install/sensor_integration/lib/python3.10/site-packages:/opt/ros/humble/lib/python3.10/site-packages:/opt/ros/humble/local/lib/python3.10/dist-packages', 'COLCON': '1', 'VTE_VERSION': '6800'}, 'shell': False}
[10.959761] (-) TimerEvent: {}
[11.062450] (-) TimerEvent: {}
[11.165051] (-) TimerEvent: {}
[11.187227] (camera_control) Command: {'cmd': ['/usr/bin/python3', '-W', 'ignore:setup.py install is deprecated', '-W', 'ignore:easy_install command is deprecated', 'setup.py', 'egg_info', '--egg-base', '../../build/camera_control', 'build', '--build-base', '/home/amigo-pi/amigo_ros2_pi/build/camera_control/build', 'install', '--record', '/home/amigo-pi/amigo_ros2_pi/build/camera_control/install.log', '--single-version-externally-managed', 'install_data'], 'cwd': '/home/amigo-pi/amigo_ros2_pi/src/camera_control', 'env': {'LESSOPEN': '| /usr/bin/lesspipe %s', 'USER': 'amigo-pi', 'XDG_SESSION_TYPE': 'wayland', 'SHLVL': '1', 'LD_LIBRARY_PATH': '/opt/ros/humble/opt/rviz_ogre_vendor/lib:/opt/ros/humble/lib/aarch64-linux-gnu:/opt/ros/humble/lib', 'HOME': '/home/amigo-pi', 'OLDPWD': '/home/amigo-pi/amigo_ros2_pi/src', 'DESKTOP_SESSION': 'ubuntu', 'ROS_PYTHON_VERSION': '3', 'GNOME_SHELL_SESSION_MODE': 'ubuntu', 'GTK_MODULES': 'gail:atk-bridge', 'SYSTEMD_EXEC_PID': '1681', 'DBUS_SESSION_BUS_ADDRESS': 'unix:path=/run/user/1000/bus', 'COLORTERM': 'truecolor', 'IM_CONFIG_PHASE': '1', 'WAYLAND_DISPLAY': 'wayland-0', 'ROS_DISTRO': 'humble', 'LOGNAME': 'amigo-pi', '_': '/usr/bin/colcon', 'ROS_VERSION': '2', 'XDG_SESSION_CLASS': 'user', 'USERNAME': 'amigo-pi', 'TERM': 'xterm-256color', 'GNOME_DESKTOP_SESSION_ID': 'this-is-deprecated', 'ROS_LOCALHOST_ONLY': '0', 'PATH': '/opt/ros/humble/bin:/home/amigo-pi/.local/bin:/usr/local/sbin:/usr/local/bin:/usr/sbin:/usr/bin:/sbin:/bin:/usr/games:/usr/local/games:/snap/bin:/snap/bin', 'SESSION_MANAGER': 'local/amigopi-desktop:@/tmp/.ICE-unix/1650,unix/amigopi-desktop:/tmp/.ICE-unix/1650', 'XDG_MENU_PREFIX': 'gnome-', 'GNOME_TERMINAL_SCREEN': '/org/gnome/Terminal/screen/42db41e4_e572_4be7_8dfd_5cc5c4b7a37c', 'GNOME_SETUP_DISPLAY': ':1', 'XDG_RUNTIME_DIR': '/run/user/1000', 'DISPLAY': ':0', 'LANG': 'en_US.UTF-8', 'XDG_CURRENT_DESKTOP': 'ubuntu:GNOME', 'XMODIFIERS': '@im=ibus', 'XDG_SESSION_DESKTOP': 'ubuntu', 'XAUTHORITY': '/run/user/1000/.mutter-Xwaylandauth.UB4922', 'LS_COLORS': 'rs=0:di=01;34:ln=01;36:mh=00:pi=40;33:so=01;35:do=01;35:bd=40;33;01:cd=40;33;01:or=40;31;01:mi=00:su=37;41:sg=30;43:ca=30;41:tw=30;42:ow=34;42:st=37;44:ex=01;32:*.tar=01;31:*.tgz=01;31:*.arc=01;31:*.arj=01;31:*.taz=01;31:*.lha=01;31:*.lz4=01;31:*.lzh=01;31:*.lzma=01;31:*.tlz=01;31:*.txz=01;31:*.tzo=01;31:*.t7z=01;31:*.zip=01;31:*.z=01;31:*.dz=01;31:*.gz=01;31:*.lrz=01;31:*.lz=01;31:*.lzo=01;31:*.xz=01;31:*.zst=01;31:*.tzst=01;31:*.bz2=01;31:*.bz=01;31:*.tbz=01;31:*.tbz2=01;31:*.tz=01;31:*.deb=01;31:*.rpm=01;31:*.jar=01;31:*.war=01;31:*.ear=01;31:*.sar=01;31:*.rar=01;31:*.alz=01;31:*.ace=01;31:*.zoo=01;31:*.cpio=01;31:*.7z=01;31:*.rz=01;31:*.cab=01;31:*.wim=01;31:*.swm=01;31:*.dwm=01;31:*.esd=01;31:*.jpg=01;35:*.jpeg=01;35:*.mjpg=01;35:*.mjpeg=01;35:*.gif=01;35:*.bmp=01;35:*.pbm=01;35:*.pgm=01;35:*.ppm=01;35:*.tga=01;35:*.xbm=01;35:*.xpm=01;35:*.tif=01;35:*.tiff=01;35:*.png=01;35:*.svg=01;35:*.svgz=01;35:*.mng=01;35:*.pcx=01;35:*.mov=01;35:*.mpg=01;35:*.mpeg=01;35:*.m2v=01;35:*.mkv=01;35:*.webm=01;35:*.webp=01;35:*.ogm=01;35:*.mp4=01;35:*.m4v=01;35:*.mp4v=01;35:*.vob=01;35:*.qt=01;35:*.nuv=01;35:*.wmv=01;35:*.asf=01;35:*.rm=01;35:*.rmvb=01;35:*.flc=01;35:*.avi=01;35:*.fli=01;35:*.flv=01;35:*.gl=01;35:*.dl=01;35:*.xcf=01;35:*.xwd=01;35:*.yuv=01;35:*.cgm=01;35:*.emf=01;35:*.ogv=01;35:*.ogx=01;35:*.aac=00;36:*.au=00;36:*.flac=00;36:*.m4a=00;36:*.mid=00;36:*.midi=00;36:*.mka=00;36:*.mp3=00;36:*.mpc=00;36:*.ogg=00;36:*.ra=00;36:*.wav=00;36:*.oga=00;36:*.opus=00;36:*.spx=00;36:*.xspf=00;36:', 'GNOME_TERMINAL_SERVICE': ':1.104', 'SSH_AGENT_LAUNCHER': 'gnome-keyring', 'SSH_AUTH_SOCK': '/run/user/1000/keyring/ssh', 'AMENT_PREFIX_PATH': '/opt/ros/humble', 'SHELL': '/bin/bash', 'QT_ACCESSIBILITY': '1', 'GDMSESSION': 'ubuntu', 'LESSCLOSE': '/usr/bin/lesspipe %s %s', 'QT_IM_MODULE': 'ibus', 'PWD': '/home/amigo-pi/amigo_ros2_pi/build/camera_control', 'LC_ALL': 'en_US.UTF-8', 'XDG_CONFIG_DIRS': '/etc/xdg/xdg-ubuntu:/etc/xdg', 'XDG_DATA_DIRS': '/usr/share/ubuntu:/usr/local/share/:/usr/share/:/var/lib/snapd/desktop', 'PYTHONPATH': '/home/amigo-pi/amigo_ros2_pi/build/camera_control/prefix_override:/usr/lib/python3/dist-packages/colcon_core/task/python/colcon_distutils_commands:/home/amigo-pi/amigo_ros2_pi/install/camera_control/lib/python3.10/site-packages:/opt/ros/humble/lib/python3.10/site-packages:/opt/ros/humble/local/lib/python3.10/dist-packages', 'COLCON': '1', 'VTE_VERSION': '6800'}, 'shell': False}
[11.273171] (-) TimerEvent: {}
[11.375368] (-) TimerEvent: {}
[11.468146] (ublox_msgs) StdoutLine: {'line': b'[100%] Built target ublox_msgs__rosidl_generator_py\n'}
[11.475902] (-) TimerEvent: {}
[11.580064] (-) TimerEvent: {}
[11.666866] (ublox_msgs) StdoutLine: {'line': b'\x1b[35m\x1b[1mConsolidate compiler generated dependencies of target ublox_msgs__rosidl_typesupport_c__pyext\x1b[0m\n'}
[11.674090] (ublox_msgs) StdoutLine: {'line': b'\x1b[35m\x1b[1mConsolidate compiler generated dependencies of target ublox_msgs__rosidl_typesupport_introspection_c__pyext\x1b[0m\n'}
[11.680400] (-) TimerEvent: {}
[11.693784] (ublox_msgs) StdoutLine: {'line': b'\x1b[35m\x1b[1mConsolidate compiler generated dependencies of target ublox_msgs__rosidl_typesupport_fastrtps_c__pyext\x1b[0m\n'}
[11.780709] (-) TimerEvent: {}
[11.883125] (-) TimerEvent: {}
[11.984850] (-) TimerEvent: {}
[11.986132] (ublox_msgs) StdoutLine: {'line': b'[100%] Built target ublox_msgs__rosidl_typesupport_c__pyext\n'}
[12.003337] (ublox_msgs) StdoutLine: {'line': b'[100%] Built target ublox_msgs__rosidl_typesupport_introspection_c__pyext\n'}
[12.035567] (ublox_msgs) StdoutLine: {'line': b'[100%] Built target ublox_msgs__rosidl_typesupport_fastrtps_c__pyext\n'}
[12.085290] (-) TimerEvent: {}
[12.187910] (-) TimerEvent: {}
[12.291190] (-) TimerEvent: {}
[12.403721] (-) TimerEvent: {}
[12.506369] (-) TimerEvent: {}
[12.610494] (-) TimerEvent: {}
[12.714950] (-) TimerEvent: {}
[12.817164] (-) TimerEvent: {}
[12.919424] (-) TimerEvent: {}
[13.021879] (-) TimerEvent: {}
[13.116376] (ublox_msgs) StdoutLine: {'line': b'running egg_info\n'}
[13.121565] (ublox_msgs) StdoutLine: {'line': b'writing ublox_msgs.egg-info/PKG-INFO\n'}
[13.122214] (-) TimerEvent: {}
[13.127006] (ublox_msgs) StdoutLine: {'line': b'writing dependency_links to ublox_msgs.egg-info/dependency_links.txt\n'}
[13.131287] (ublox_msgs) StdoutLine: {'line': b'writing top-level names to ublox_msgs.egg-info/top_level.txt\n'}
[13.157848] (ublox_msgs) StdoutLine: {'line': b"reading manifest file 'ublox_msgs.egg-info/SOURCES.txt'\n"}
[13.177038] (ublox_msgs) StdoutLine: {'line': b"writing manifest file 'ublox_msgs.egg-info/SOURCES.txt'\n"}
[13.224997] (-) TimerEvent: {}
[13.332481] (-) TimerEvent: {}
[13.433820] (-) TimerEvent: {}
[13.516734] (ublox_msgs) StdoutLine: {'line': b'[100%] Built target ament_cmake_python_build_ublox_msgs_egg\n'}
[13.533991] (-) TimerEvent: {}
[13.612175] (ublox_msgs) CommandEnded: {'returncode': 0}
[13.623155] (ublox_msgs) JobProgress: {'identifier': 'ublox_msgs', 'progress': 'install'}
[13.626094] (ublox_msgs) Command: {'cmd': ['/usr/bin/cmake', '--install', '/home/amigo-pi/amigo_ros2_pi/build/ublox_msgs'], 'cwd': '/home/amigo-pi/amigo_ros2_pi/build/ublox_msgs', 'env': OrderedDict([('LESSOPEN', '| /usr/bin/lesspipe %s'), ('USER', 'amigo-pi'), ('XDG_SESSION_TYPE', 'wayland'), ('SHLVL', '1'), ('LD_LIBRARY_PATH', '/opt/ros/humble/opt/rviz_ogre_vendor/lib:/opt/ros/humble/lib/aarch64-linux-gnu:/opt/ros/humble/lib'), ('HOME', '/home/amigo-pi'), ('OLDPWD', '/home/amigo-pi/amigo_ros2_pi/src'), ('DESKTOP_SESSION', 'ubuntu'), ('ROS_PYTHON_VERSION', '3'), ('GNOME_SHELL_SESSION_MODE', 'ubuntu'), ('GTK_MODULES', 'gail:atk-bridge'), ('SYSTEMD_EXEC_PID', '1681'), ('DBUS_SESSION_BUS_ADDRESS', 'unix:path=/run/user/1000/bus'), ('COLORTERM', 'truecolor'), ('IM_CONFIG_PHASE', '1'), ('WAYLAND_DISPLAY', 'wayland-0'), ('ROS_DISTRO', 'humble'), ('LOGNAME', 'amigo-pi'), ('_', '/usr/bin/colcon'), ('ROS_VERSION', '2'), ('XDG_SESSION_CLASS', 'user'), ('USERNAME', 'amigo-pi'), ('TERM', 'xterm-256color'), ('GNOME_DESKTOP_SESSION_ID', 'this-is-deprecated'), ('ROS_LOCALHOST_ONLY', '0'), ('PATH', '/opt/ros/humble/bin:/home/amigo-pi/.local/bin:/usr/local/sbin:/usr/local/bin:/usr/sbin:/usr/bin:/sbin:/bin:/usr/games:/usr/local/games:/snap/bin:/snap/bin'), ('SESSION_MANAGER', 'local/amigopi-desktop:@/tmp/.ICE-unix/1650,unix/amigopi-desktop:/tmp/.ICE-unix/1650'), ('XDG_MENU_PREFIX', 'gnome-'), ('GNOME_TERMINAL_SCREEN', '/org/gnome/Terminal/screen/42db41e4_e572_4be7_8dfd_5cc5c4b7a37c'), ('GNOME_SETUP_DISPLAY', ':1'), ('XDG_RUNTIME_DIR', '/run/user/1000'), ('DISPLAY', ':0'), ('LANG', 'en_US.UTF-8'), ('XDG_CURRENT_DESKTOP', 'ubuntu:GNOME'), ('XMODIFIERS', '@im=ibus'), ('XDG_SESSION_DESKTOP', 'ubuntu'), ('XAUTHORITY', '/run/user/1000/.mutter-Xwaylandauth.UB4922'), ('LS_COLORS', 'rs=0:di=01;34:ln=01;36:mh=00:pi=40;33:so=01;35:do=01;35:bd=40;33;01:cd=40;33;01:or=40;31;01:mi=00:su=37;41:sg=30;43:ca=30;41:tw=30;42:ow=34;42:st=37;44:ex=01;32:*.tar=01;31:*.tgz=01;31:*.arc=01;31:*.arj=01;31:*.taz=01;31:*.lha=01;31:*.lz4=01;31:*.lzh=01;31:*.lzma=01;31:*.tlz=01;31:*.txz=01;31:*.tzo=01;31:*.t7z=01;31:*.zip=01;31:*.z=01;31:*.dz=01;31:*.gz=01;31:*.lrz=01;31:*.lz=01;31:*.lzo=01;31:*.xz=01;31:*.zst=01;31:*.tzst=01;31:*.bz2=01;31:*.bz=01;31:*.tbz=01;31:*.tbz2=01;31:*.tz=01;31:*.deb=01;31:*.rpm=01;31:*.jar=01;31:*.war=01;31:*.ear=01;31:*.sar=01;31:*.rar=01;31:*.alz=01;31:*.ace=01;31:*.zoo=01;31:*.cpio=01;31:*.7z=01;31:*.rz=01;31:*.cab=01;31:*.wim=01;31:*.swm=01;31:*.dwm=01;31:*.esd=01;31:*.jpg=01;35:*.jpeg=01;35:*.mjpg=01;35:*.mjpeg=01;35:*.gif=01;35:*.bmp=01;35:*.pbm=01;35:*.pgm=01;35:*.ppm=01;35:*.tga=01;35:*.xbm=01;35:*.xpm=01;35:*.tif=01;35:*.tiff=01;35:*.png=01;35:*.svg=01;35:*.svgz=01;35:*.mng=01;35:*.pcx=01;35:*.mov=01;35:*.mpg=01;35:*.mpeg=01;35:*.m2v=01;35:*.mkv=01;35:*.webm=01;35:*.webp=01;35:*.ogm=01;35:*.mp4=01;35:*.m4v=01;35:*.mp4v=01;35:*.vob=01;35:*.qt=01;35:*.nuv=01;35:*.wmv=01;35:*.asf=01;35:*.rm=01;35:*.rmvb=01;35:*.flc=01;35:*.avi=01;35:*.fli=01;35:*.flv=01;35:*.gl=01;35:*.dl=01;35:*.xcf=01;35:*.xwd=01;35:*.yuv=01;35:*.cgm=01;35:*.emf=01;35:*.ogv=01;35:*.ogx=01;35:*.aac=00;36:*.au=00;36:*.flac=00;36:*.m4a=00;36:*.mid=00;36:*.midi=00;36:*.mka=00;36:*.mp3=00;36:*.mpc=00;36:*.ogg=00;36:*.ra=00;36:*.wav=00;36:*.oga=00;36:*.opus=00;36:*.spx=00;36:*.xspf=00;36:'), ('GNOME_TERMINAL_SERVICE', ':1.104'), ('SSH_AGENT_LAUNCHER', 'gnome-keyring'), ('SSH_AUTH_SOCK', '/run/user/1000/keyring/ssh'), ('AMENT_PREFIX_PATH', '/home/amigo-pi/amigo_ros2_pi/install/ublox_serialization:/opt/ros/humble'), ('SHELL', '/bin/bash'), ('QT_ACCESSIBILITY', '1'), ('GDMSESSION', 'ubuntu'), ('LESSCLOSE', '/usr/bin/lesspipe %s %s'), ('QT_IM_MODULE', 'ibus'), ('PWD', '/home/amigo-pi/amigo_ros2_pi/build/ublox_msgs'), ('LC_ALL', 'en_US.UTF-8'), ('XDG_CONFIG_DIRS', '/etc/xdg/xdg-ubuntu:/etc/xdg'), ('XDG_DATA_DIRS', '/usr/share/ubuntu:/usr/local/share/:/usr/share/:/var/lib/snapd/desktop'), ('PYTHONPATH', '/opt/ros/humble/lib/python3.10/site-packages:/opt/ros/humble/local/lib/python3.10/dist-packages'), ('COLCON', '1'), ('VTE_VERSION', '6800'), ('CMAKE_PREFIX_PATH', '/home/amigo-pi/amigo_ros2_pi/install/ublox_serialization:/opt/ros/humble')]), 'shell': False}
[13.635733] (-) TimerEvent: {}
[13.710561] (ublox_msgs) StdoutLine: {'line': b'-- Install configuration: ""\n'}
[13.715791] (ublox_msgs) StdoutLine: {'line': b'-- Up-to-date: /home/amigo-pi/amigo_ros2_pi/install/ublox_msgs/share/ament_index/resource_index/rosidl_interfaces/ublox_msgs\n'}
[13.719186] (ublox_msgs) StdoutLine: {'line': b'-- Up-to-date: /home/amigo-pi/amigo_ros2_pi/install/ublox_msgs/include/ublox_msgs/ublox_msgs\n'}
[13.720700] (ublox_msgs) StdoutLine: {'line': b'-- Up-to-date: /home/amigo-pi/amigo_ros2_pi/install/ublox_msgs/include/ublox_msgs/ublox_msgs/msg\n'}
[13.723347] (ublox_msgs) StdoutLine: {'line': b'-- Up-to-date: /home/amigo-pi/amigo_ros2_pi/install/ublox_msgs/include/ublox_msgs/ublox_msgs/msg/mon_ver.h\n'}
[13.724894] (ublox_msgs) StdoutLine: {'line': b'-- Up-to-date: /home/amigo-pi/amigo_ros2_pi/install/ublox_msgs/include/ublox_msgs/ublox_msgs/msg/cfg_nav5.h\n'}
[13.726677] (ublox_msgs) StdoutLine: {'line': b'-- Up-to-date: /home/amigo-pi/amigo_ros2_pi/install/ublox_msgs/include/ublox_msgs/ublox_msgs/msg/rxm_rawx.h\n'}
[13.728587] (ublox_msgs) StdoutLine: {'line': b'-- Up-to-date: /home/amigo-pi/amigo_ros2_pi/install/ublox_msgs/include/ublox_msgs/ublox_msgs/msg/nav_satsv.h\n'}
[13.730445] (ublox_msgs) StdoutLine: {'line': b'-- Up-to-date: /home/amigo-pi/amigo_ros2_pi/install/ublox_msgs/include/ublox_msgs/ublox_msgs/msg/cfg_rst.h\n'}
[13.731487] (ublox_msgs) StdoutLine: {'line': b'-- Up-to-date: /home/amigo-pi/amigo_ros2_pi/install/ublox_msgs/include/ublox_msgs/ublox_msgs/msg/esf_status.h\n'}
[13.732460] (ublox_msgs) StdoutLine: {'line': b'-- Up-to-date: /home/amigo-pi/amigo_ros2_pi/install/ublox_msgs/include/ublox_msgs/ublox_msgs/msg/rxm_raw.h\n'}
[13.733729] (ublox_msgs) StdoutLine: {'line': b'-- Up-to-date: /home/amigo-pi/amigo_ros2_pi/install/ublox_msgs/include/ublox_msgs/ublox_msgs/msg/esf_meas.h\n'}
[13.734874] (ublox_msgs) StdoutLine: {'line': b'-- Up-to-date: /home/amigo-pi/amigo_ros2_pi/install/ublox_msgs/include/ublox_msgs/ublox_msgs/msg/nav_sbas.h\n'}
[13.736051] (-) TimerEvent: {}
[13.737752] (ublox_msgs) StdoutLine: {'line': b'-- Up-to-date: /home/amigo-pi/amigo_ros2_pi/install/ublox_msgs/include/ublox_msgs/ublox_msgs/msg/rxm_rawsv.h\n'}
[13.739108] (ublox_msgs) StdoutLine: {'line': b'-- Up-to-date: /home/amigo-pi/amigo_ros2_pi/install/ublox_msgs/include/ublox_msgs/ublox_msgs/msg/nav_pvt7.h\n'}
[13.740486] (ublox_msgs) StdoutLine: {'line': b'-- Up-to-date: /home/amigo-pi/amigo_ros2_pi/install/ublox_msgs/include/ublox_msgs/ublox_msgs/msg/cfg_navx5.h\n'}
[13.743790] (ublox_msgs) StdoutLine: {'line': b'-- Up-to-date: /home/amigo-pi/amigo_ros2_pi/install/ublox_msgs/include/ublox_msgs/ublox_msgs/msg/cfg_hnr.h\n'}
[13.746285] (ublox_msgs) StdoutLine: {'line': b'-- Up-to-date: /home/amigo-pi/amigo_ros2_pi/install/ublox_msgs/include/ublox_msgs/ublox_msgs/msg/rosidl_generator_c__visibility_control.h\n'}
[13.749517] (ublox_msgs) StdoutLine: {'line': b'-- Up-to-date: /home/amigo-pi/amigo_ros2_pi/install/ublox_msgs/include/ublox_msgs/ublox_msgs/msg/rxm_svsi.h\n'}
[13.750116] (ublox_msgs) StdoutLine: {'line': b'-- Up-to-date: /home/amigo-pi/amigo_ros2_pi/install/ublox_msgs/include/ublox_msgs/ublox_msgs/msg/hnr_pvt.h\n'}
[13.750716] (ublox_msgs) StdoutLine: {'line': b'-- Up-to-date: /home/amigo-pi/amigo_ros2_pi/install/ublox_msgs/include/ublox_msgs/ublox_msgs/msg/mon_gnss.h\n'}
[13.751217] (ublox_msgs) StdoutLine: {'line': b'-- Up-to-date: /home/amigo-pi/amigo_ros2_pi/install/ublox_msgs/include/ublox_msgs/ublox_msgs/msg/nav_sbassv.h\n'}
[13.751697] (ublox_msgs) StdoutLine: {'line': b'-- Up-to-date: /home/amigo-pi/amigo_ros2_pi/install/ublox_msgs/include/ublox_msgs/ublox_msgs/msg/cfg_rate.h\n'}
[13.752207] (ublox_msgs) StdoutLine: {'line': b'-- Up-to-date: /home/amigo-pi/amigo_ros2_pi/install/ublox_msgs/include/ublox_msgs/ublox_msgs/msg/cfg_tmode3.h\n'}
[13.753017] (ublox_msgs) StdoutLine: {'line': b'-- Up-to-date: /home/amigo-pi/amigo_ros2_pi/install/ublox_msgs/include/ublox_msgs/ublox_msgs/msg/cfg_usb.h\n'}
[13.753900] (ublox_msgs) StdoutLine: {'line': b'-- Up-to-date: /home/amigo-pi/amigo_ros2_pi/install/ublox_msgs/include/ublox_msgs/ublox_msgs/msg/nav_relposned9.h\n'}
[13.756959] (ublox_msgs) StdoutLine: {'line': b'-- Up-to-date: /home/amigo-pi/amigo_ros2_pi/install/ublox_msgs/include/ublox_msgs/ublox_msgs/msg/nav_timeutc.h\n'}
[13.758855] (ublox_msgs) StdoutLine: {'line': b'-- Up-to-date: /home/amigo-pi/amigo_ros2_pi/install/ublox_msgs/include/ublox_msgs/ublox_msgs/msg/cfg_gnss_block.h\n'}
[13.760913] (ublox_msgs) StdoutLine: {'line': b'-- Up-to-date: /home/amigo-pi/amigo_ros2_pi/install/ublox_msgs/include/ublox_msgs/ublox_msgs/msg/cfg_dgnss.h\n'}
[13.763192] (ublox_msgs) StdoutLine: {'line': b'-- Up-to-date: /home/amigo-pi/amigo_ros2_pi/install/ublox_msgs/include/ublox_msgs/ublox_msgs/msg/cfg_inf.h\n'}
[13.773640] (ublox_msgs) StdoutLine: {'line': b'-- Up-to-date: /home/amigo-pi/amigo_ros2_pi/install/ublox_msgs/include/ublox_msgs/ublox_msgs/msg/mon_hw.h\n'}
[13.775693] (ublox_msgs) StdoutLine: {'line': b'-- Up-to-date: /home/amigo-pi/amigo_ros2_pi/install/ublox_msgs/include/ublox_msgs/ublox_msgs/msg/nav_dop.h\n'}
[13.776993] (ublox_msgs) StdoutLine: {'line': b'-- Up-to-date: /home/amigo-pi/amigo_ros2_pi/install/ublox_msgs/include/ublox_msgs/ublox_msgs/msg/nav_timegps.h\n'}
[13.778432] (ublox_msgs) StdoutLine: {'line': b'-- Up-to-date: /home/amigo-pi/amigo_ros2_pi/install/ublox_msgs/include/ublox_msgs/ublox_msgs/msg/cfg_ant.h\n'}
[13.779589] (ublox_msgs) StdoutLine: {'line': b'-- Up-to-date: /home/amigo-pi/amigo_ros2_pi/install/ublox_msgs/include/ublox_msgs/ublox_msgs/msg/nav_sat.h\n'}
[13.781455] (ublox_msgs) StdoutLine: {'line': b'-- Up-to-date: /home/amigo-pi/amigo_ros2_pi/install/ublox_msgs/include/ublox_msgs/ublox_msgs/msg/upd_sos_ack.h\n'}
[13.784101] (ublox_msgs) StdoutLine: {'line': b'-- Up-to-date: /home/amigo-pi/amigo_ros2_pi/install/ublox_msgs/include/ublox_msgs/ublox_msgs/msg/mga_gal.h\n'}
[13.785217] (ublox_msgs) StdoutLine: {'line': b'-- Up-to-date: /home/amigo-pi/amigo_ros2_pi/install/ublox_msgs/include/ublox_msgs/ublox_msgs/msg/nav_sol.h\n'}
[13.787019] (ublox_msgs) StdoutLine: {'line': b'-- Up-to-date: /home/amigo-pi/amigo_ros2_pi/install/ublox_msgs/include/ublox_msgs/ublox_msgs/msg/cfg_nmea6.h\n'}
[13.788113] (ublox_msgs) StdoutLine: {'line': b'-- Up-to-date: /home/amigo-pi/amigo_ros2_pi/install/ublox_msgs/include/ublox_msgs/ublox_msgs/msg/nav_svinfo.h\n'}
[13.789071] (ublox_msgs) StdoutLine: {'line': b'-- Up-to-date: /home/amigo-pi/amigo_ros2_pi/install/ublox_msgs/include/ublox_msgs/ublox_msgs/msg/nav_dgps.h\n'}
[13.790130] (ublox_msgs) StdoutLine: {'line': b'-- Up-to-date: /home/amigo-pi/amigo_ros2_pi/install/ublox_msgs/include/ublox_msgs/ublox_msgs/msg/inf.h\n'}
[13.791411] (ublox_msgs) StdoutLine: {'line': b'-- Up-to-date: /home/amigo-pi/amigo_ros2_pi/install/ublox_msgs/include/ublox_msgs/ublox_msgs/msg/cfg_dat.h\n'}
[13.792677] (ublox_msgs) StdoutLine: {'line': b'-- Up-to-date: /home/amigo-pi/amigo_ros2_pi/install/ublox_msgs/include/ublox_msgs/ublox_msgs/msg/upd_sos.h\n'}
[13.796441] (ublox_msgs) StdoutLine: {'line': b'-- Up-to-date: /home/amigo-pi/amigo_ros2_pi/install/ublox_msgs/include/ublox_msgs/ublox_msgs/msg/cfg_gnss.h\n'}
[13.798236] (ublox_msgs) StdoutLine: {'line': b'-- Up-to-date: /home/amigo-pi/amigo_ros2_pi/install/ublox_msgs/include/ublox_msgs/ublox_msgs/msg/aid_eph.h\n'}
[13.798808] (ublox_msgs) StdoutLine: {'line': b'-- Up-to-date: /home/amigo-pi/amigo_ros2_pi/install/ublox_msgs/include/ublox_msgs/ublox_msgs/msg/esf_raw.h\n'}
[13.799709] (ublox_msgs) StdoutLine: {'line': b'-- Up-to-date: /home/amigo-pi/amigo_ros2_pi/install/ublox_msgs/include/ublox_msgs/ublox_msgs/msg/mon_ver_extension.h\n'}
[13.801029] (ublox_msgs) StdoutLine: {'line': b'-- Up-to-date: /home/amigo-pi/amigo_ros2_pi/install/ublox_msgs/include/ublox_msgs/ublox_msgs/msg/rxm_alm.h\n'}
[13.802375] (ublox_msgs) StdoutLine: {'line': b'-- Up-to-date: /home/amigo-pi/amigo_ros2_pi/install/ublox_msgs/include/ublox_msgs/ublox_msgs/msg/esf_status_sens.h\n'}
[13.804839] (ublox_msgs) StdoutLine: {'line': b'-- Up-to-date: /home/amigo-pi/amigo_ros2_pi/install/ublox_msgs/include/ublox_msgs/ublox_msgs/msg/rxm_sfrbx.h\n'}
[13.807422] (ublox_msgs) StdoutLine: {'line': b'-- Up-to-date: /home/amigo-pi/amigo_ros2_pi/install/ublox_msgs/include/ublox_msgs/ublox_msgs/msg/nav_pvt.h\n'}
[13.809701] (ublox_msgs) StdoutLine: {'line': b'-- Up-to-date: /home/amigo-pi/amigo_ros2_pi/install/ublox_msgs/include/ublox_msgs/ublox_msgs/msg/esf_raw_block.h\n'}
[13.812423] (ublox_msgs) StdoutLine: {'line': b'-- Up-to-date: /home/amigo-pi/amigo_ros2_pi/install/ublox_msgs/include/ublox_msgs/ublox_msgs/msg/rxm_sfrb.h\n'}
[13.815107] (ublox_msgs) StdoutLine: {'line': b'-- Up-to-date: /home/amigo-pi/amigo_ros2_pi/install/ublox_msgs/include/ublox_msgs/ublox_msgs/msg/detail\n'}
[13.817013] (ublox_msgs) StdoutLine: {'line': b'-- Up-to-date: /home/amigo-pi/amigo_ros2_pi/install/ublox_msgs/include/ublox_msgs/ublox_msgs/msg/detail/inf__functions.h\n'}
[13.819428] (ublox_msgs) StdoutLine: {'line': b'-- Up-to-date: /home/amigo-pi/amigo_ros2_pi/install/ublox_msgs/include/ublox_msgs/ublox_msgs/msg/detail/ack__type_support.h\n'}
[13.820620] (ublox_msgs) StdoutLine: {'line': b'-- Up-to-date: /home/amigo-pi/amigo_ros2_pi/install/ublox_msgs/include/ublox_msgs/ublox_msgs/msg/detail/rxm_sfrb__functions.c\n'}
[13.822233] (ublox_msgs) StdoutLine: {'line': b'-- Up-to-date: /home/amigo-pi/amigo_ros2_pi/install/ublox_msgs/include/ublox_msgs/ublox_msgs/msg/detail/cfg_navx5__struct.h\n'}
[13.822709] (ublox_msgs) StdoutLine: {'line': b'-- Up-to-date: /home/amigo-pi/amigo_ros2_pi/install/ublox_msgs/include/ublox_msgs/ublox_msgs/msg/detail/mga_gal__type_support.h\n'}
[13.823113] (ublox_msgs) StdoutLine: {'line': b'-- Up-to-date: /home/amigo-pi/amigo_ros2_pi/install/ublox_msgs/include/ublox_msgs/ublox_msgs/msg/detail/ack__functions.c\n'}
[13.823551] (ublox_msgs) StdoutLine: {'line': b'-- Up-to-date: /home/amigo-pi/amigo_ros2_pi/install/ublox_msgs/include/ublox_msgs/ublox_msgs/msg/detail/aid_hui__functions.h\n'}
[13.824282] (ublox_msgs) StdoutLine: {'line': b'-- Up-to-date: /home/amigo-pi/amigo_ros2_pi/install/ublox_msgs/include/ublox_msgs/ublox_msgs/msg/detail/cfg_tmode3__type_support.h\n'}
[13.825017] (ublox_msgs) StdoutLine: {'line': b'-- Up-to-date: /home/amigo-pi/amigo_ros2_pi/install/ublox_msgs/include/ublox_msgs/ublox_msgs/msg/detail/rxm_rawx__functions.h\n'}
[13.826413] (ublox_msgs) StdoutLine: {'line': b'-- Up-to-date: /home/amigo-pi/amigo_ros2_pi/install/ublox_msgs/include/ublox_msgs/ublox_msgs/msg/detail/nav_sbassv__type_support.h\n'}
[13.827396] (ublox_msgs) StdoutLine: {'line': b'-- Up-to-date: /home/amigo-pi/amigo_ros2_pi/install/ublox_msgs/include/ublox_msgs/ublox_msgs/msg/detail/cfg_gnss_block__struct.h\n'}
[13.828326] (ublox_msgs) StdoutLine: {'line': b'-- Up-to-date: /home/amigo-pi/amigo_ros2_pi/install/ublox_msgs/include/ublox_msgs/ublox_msgs/msg/detail/cfg_nmea7__struct.h\n'}
[13.830336] (ublox_msgs) StdoutLine: {'line': b'-- Up-to-date: /home/amigo-pi/amigo_ros2_pi/install/ublox_msgs/include/ublox_msgs/ublox_msgs/msg/detail/rxm_alm__struct.h\n'}
[13.833333] (ublox_msgs) StdoutLine: {'line': b'-- Up-to-date: /home/amigo-pi/amigo_ros2_pi/install/ublox_msgs/include/ublox_msgs/ublox_msgs/msg/detail/cfg_inf_block__type_support.h\n'}
[13.836071] (ublox_msgs) StdoutLine: {'line': b'-- Up-to-date: /home/amigo-pi/amigo_ros2_pi/install/ublox_msgs/include/ublox_msgs/ublox_msgs/msg/detail/nav_posecef__struct.h\n'}
[13.837139] (-) TimerEvent: {}
[13.839232] (ublox_msgs) StdoutLine: {'line': b'-- Up-to-date: /home/amigo-pi/amigo_ros2_pi/install/ublox_msgs/include/ublox_msgs/ublox_msgs/msg/detail/cfg_sbas__type_support.h\n'}
[13.840734] (ublox_msgs) StdoutLine: {'line': b'-- Up-to-date: /home/amigo-pi/amigo_ros2_pi/install/ublox_msgs/include/ublox_msgs/ublox_msgs/msg/detail/nav_dgps__struct.h\n'}
[13.842852] (ublox_msgs) StdoutLine: {'line': b'-- Up-to-date: /home/amigo-pi/amigo_ros2_pi/install/ublox_msgs/include/ublox_msgs/ublox_msgs/msg/detail/ack__struct.h\n'}
[13.846650] (ublox_msgs) StdoutLine: {'line': b'-- Up-to-date: /home/amigo-pi/amigo_ros2_pi/install/ublox_msgs/include/ublox_msgs/ublox_msgs/msg/detail/tim_tm2__struct.h\n'}
[13.851683] (ublox_msgs) StdoutLine: {'line': b'-- Up-to-date: /home/amigo-pi/amigo_ros2_pi/install/ublox_msgs/include/ublox_msgs/ublox_msgs/msg/detail/cfg_ant__functions.c\n'}
[13.853504] (ublox_msgs) StdoutLine: {'line': b'-- Up-to-date: /home/amigo-pi/amigo_ros2_pi/install/ublox_msgs/include/ublox_msgs/ublox_msgs/msg/detail/esf_status__type_support.h\n'}
[13.856037] (ublox_msgs) StdoutLine: {'line': b'-- Up-to-date: /home/amigo-pi/amigo_ros2_pi/install/ublox_msgs/include/ublox_msgs/ublox_msgs/msg/detail/tim_tm2__functions.c\n'}
[13.857695] (ublox_msgs) StdoutLine: {'line': b'-- Up-to-date: /home/amigo-pi/amigo_ros2_pi/install/ublox_msgs/include/ublox_msgs/ublox_msgs/msg/detail/rxm_sfrbx__functions.h\n'}
[13.858895] (ublox_msgs) StdoutLine: {'line': b'-- Up-to-date: /home/amigo-pi/amigo_ros2_pi/install/ublox_msgs/include/ublox_msgs/ublox_msgs/msg/detail/nav_clock__functions.h\n'}
[13.859944] (ublox_msgs) StdoutLine: {'line': b'-- Up-to-date: /home/amigo-pi/amigo_ros2_pi/install/ublox_msgs/include/ublox_msgs/ublox_msgs/msg/detail/nav_timeutc__functions.h\n'}
[13.861246] (ublox_msgs) StdoutLine: {'line': b'-- Up-to-date: /home/amigo-pi/amigo_ros2_pi/install/ublox_msgs/include/ublox_msgs/ublox_msgs/msg/detail/nav_svin__functions.c\n'}
[13.862888] (ublox_msgs) StdoutLine: {'line': b'-- Up-to-date: /home/amigo-pi/amigo_ros2_pi/install/ublox_msgs/include/ublox_msgs/ublox_msgs/msg/detail/rxm_rawx_meas__functions.h\n'}
[13.863831] (ublox_msgs) StdoutLine: {'line': b'-- Up-to-date: /home/amigo-pi/amigo_ros2_pi/install/ublox_msgs/include/ublox_msgs/ublox_msgs/msg/detail/cfg_ant__functions.h\n'}
[13.875481] (ublox_msgs) StdoutLine: {'line': b'-- Up-to-date: /home/amigo-pi/amigo_ros2_pi/install/ublox_msgs/include/ublox_msgs/ublox_msgs/msg/detail/cfg_dat__type_support.h\n'}
[13.879977] (ublox_msgs) StdoutLine: {'line': b'-- Up-to-date: /home/amigo-pi/amigo_ros2_pi/install/ublox_msgs/include/ublox_msgs/ublox_msgs/msg/detail/mon_ver_extension__functions.h\n'}
[13.882960] (ublox_msgs) StdoutLine: {'line': b'-- Up-to-date: /home/amigo-pi/amigo_ros2_pi/install/ublox_msgs/include/ublox_msgs/ublox_msgs/msg/detail/aid_alm__functions.h\n'}
[13.886515] (ublox_msgs) StdoutLine: {'line': b'-- Up-to-date: /home/amigo-pi/amigo_ros2_pi/install/ublox_msgs/include/ublox_msgs/ublox_msgs/msg/detail/mon_ver__functions.h\n'}
[13.888462] (ublox_msgs) StdoutLine: {'line': b'-- Up-to-date: /home/amigo-pi/amigo_ros2_pi/install/ublox_msgs/include/ublox_msgs/ublox_msgs/msg/detail/aid_eph__struct.h\n'}
[13.891008] (ublox_msgs) StdoutLine: {'line': b'-- Up-to-date: /home/amigo-pi/amigo_ros2_pi/install/ublox_msgs/include/ublox_msgs/ublox_msgs/msg/detail/nav_velned__type_support.h\n'}
[13.891832] (ublox_msgs) StdoutLine: {'line': b'-- Up-to-date: /home/amigo-pi/amigo_ros2_pi/install/ublox_msgs/include/ublox_msgs/ublox_msgs/msg/detail/cfg_rst__functions.h\n'}
[13.893101] (ublox_msgs) StdoutLine: {'line': b'-- Up-to-date: /home/amigo-pi/amigo_ros2_pi/install/ublox_msgs/include/ublox_msgs/ublox_msgs/msg/detail/nav_svinfosv__functions.h\n'}
[13.895658] (ublox_msgs) StdoutLine: {'line': b'-- Up-to-date: /home/amigo-pi/amigo_ros2_pi/install/ublox_msgs/include/ublox_msgs/ublox_msgs/msg/detail/cfg_msg__struct.h\n'}
[13.901058] (ublox_msgs) StdoutLine: {'line': b'-- Up-to-date: /home/amigo-pi/amigo_ros2_pi/install/ublox_msgs/include/ublox_msgs/ublox_msgs/msg/detail/cfg_rst__struct.h\n'}
[13.902932] (ublox_msgs) StdoutLine: {'line': b'-- Up-to-date: /home/amigo-pi/amigo_ros2_pi/install/ublox_msgs/include/ublox_msgs/ublox_msgs/msg/detail/nav_satsv__functions.c\n'}
[13.904264] (ublox_msgs) StdoutLine: {'line': b'-- Up-to-date: /home/amigo-pi/amigo_ros2_pi/install/ublox_msgs/include/ublox_msgs/ublox_msgs/msg/detail/nav_velecef__functions.c\n'}
[13.906009] (ublox_msgs) StdoutLine: {'line': b'-- Up-to-date: /home/amigo-pi/amigo_ros2_pi/install/ublox_msgs/include/ublox_msgs/ublox_msgs/msg/detail/nav_svin__functions.h\n'}
[13.908006] (ublox_msgs) StdoutLine: {'line': b'-- Up-to-date: /home/amigo-pi/amigo_ros2_pi/install/ublox_msgs/include/ublox_msgs/ublox_msgs/msg/detail/hnr_pvt__struct.h\n'}
[13.909855] (ublox_msgs) StdoutLine: {'line': b'-- Up-to-date: /home/amigo-pi/amigo_ros2_pi/install/ublox_msgs/include/ublox_msgs/ublox_msgs/msg/detail/cfg_gnss__functions.h\n'}
[13.912211] (ublox_msgs) StdoutLine: {'line': b'-- Up-to-date: /home/amigo-pi/amigo_ros2_pi/install/ublox_msgs/include/ublox_msgs/ublox_msgs/msg/detail/nav_sat__functions.h\n'}
[13.913284] (ublox_msgs) StdoutLine: {'line': b'-- Up-to-date: /home/amigo-pi/amigo_ros2_pi/install/ublox_msgs/include/ublox_msgs/ublox_msgs/msg/detail/nav_status__functions.h\n'}
[13.914421] (ublox_msgs) StdoutLine: {'line': b'-- Up-to-date: /home/amigo-pi/amigo_ros2_pi/install/ublox_msgs/include/ublox_msgs/ublox_msgs/msg/detail/mon_gnss__functions.h\n'}
[13.915925] (ublox_msgs) StdoutLine: {'line': b'-- Up-to-date: /home/amigo-pi/amigo_ros2_pi/install/ublox_msgs/include/ublox_msgs/ublox_msgs/msg/detail/cfg_nmea__functions.c\n'}
[13.918458] (ublox_msgs) StdoutLine: {'line': b'-- Up-to-date: /home/amigo-pi/amigo_ros2_pi/install/ublox_msgs/include/ublox_msgs/ublox_msgs/msg/detail/nav_dgps__type_support.h\n'}
[13.920837] (ublox_msgs) StdoutLine: {'line': b'-- Up-to-date: /home/amigo-pi/amigo_ros2_pi/install/ublox_msgs/include/ublox_msgs/ublox_msgs/msg/detail/cfg_navx5__functions.h\n'}
[13.923310] (ublox_msgs) StdoutLine: {'line': b'-- Up-to-date: /home/amigo-pi/amigo_ros2_pi/install/ublox_msgs/include/ublox_msgs/ublox_msgs/msg/detail/nav_pvt7__functions.c\n'}
[13.925178] (ublox_msgs) StdoutLine: {'line': b'-- Up-to-date: /home/amigo-pi/amigo_ros2_pi/install/ublox_msgs/include/ublox_msgs/ublox_msgs/msg/detail/esf_status_sens__struct.h\n'}
[13.927977] (ublox_msgs) StdoutLine: {'line': b'-- Up-to-date: /home/amigo-pi/amigo_ros2_pi/install/ublox_msgs/include/ublox_msgs/ublox_msgs/msg/detail/nav_posllh__struct.h\n'}
[13.930069] (ublox_msgs) StdoutLine: {'line': b'-- Up-to-date: /home/amigo-pi/amigo_ros2_pi/install/ublox_msgs/include/ublox_msgs/ublox_msgs/msg/detail/nav_dgpssv__type_support.h\n'}
[13.932219] (ublox_msgs) StdoutLine: {'line': b'-- Up-to-date: /home/amigo-pi/amigo_ros2_pi/install/ublox_msgs/include/ublox_msgs/ublox_msgs/msg/detail/nav_timeutc__type_support.h\n'}
[13.933531] (ublox_msgs) StdoutLine: {'line': b'-- Up-to-date: /home/amigo-pi/amigo_ros2_pi/install/ublox_msgs/include/ublox_msgs/ublox_msgs/msg/detail/rxm_svsi__type_support.h\n'}
[13.935332] (ublox_msgs) StdoutLine: {'line': b'-- Up-to-date: /home/amigo-pi/amigo_ros2_pi/install/ublox_msgs/include/ublox_msgs/ublox_msgs/msg/detail/nav_timeutc__struct.h\n'}
[13.937513] (-) TimerEvent: {}
[13.940970] (ublox_msgs) StdoutLine: {'line': b'-- Up-to-date: /home/amigo-pi/amigo_ros2_pi/install/ublox_msgs/include/ublox_msgs/ublox_msgs/msg/detail/cfg_nmea6__functions.c\n'}
[13.942632] (ublox_msgs) StdoutLine: {'line': b'-- Up-to-date: /home/amigo-pi/amigo_ros2_pi/install/ublox_msgs/include/ublox_msgs/ublox_msgs/msg/detail/rxm_svsi__functions.h\n'}
[13.944230] (ublox_msgs) StdoutLine: {'line': b'-- Up-to-date: /home/amigo-pi/amigo_ros2_pi/install/ublox_msgs/include/ublox_msgs/ublox_msgs/msg/detail/cfg_nmea7__type_support.h\n'}
[13.946511] (ublox_msgs) StdoutLine: {'line': b'-- Up-to-date: /home/amigo-pi/amigo_ros2_pi/install/ublox_msgs/include/ublox_msgs/ublox_msgs/msg/detail/aid_hui__type_support.h\n'}
[13.947917] (ublox_msgs) StdoutLine: {'line': b'-- Up-to-date: /home/amigo-pi/amigo_ros2_pi/install/ublox_msgs/include/ublox_msgs/ublox_msgs/msg/detail/esf_meas__functions.h\n'}
[13.948853] (ublox_msgs) StdoutLine: {'line': b'-- Up-to-date: /home/amigo-pi/amigo_ros2_pi/install/ublox_msgs/include/ublox_msgs/ublox_msgs/msg/detail/cfg_sbas__struct.h\n'}
[13.949326] (ublox_msgs) StdoutLine: {'line': b'-- Up-to-date: /home/amigo-pi/amigo_ros2_pi/install/ublox_msgs/include/ublox_msgs/ublox_msgs/msg/detail/aid_alm__functions.c\n'}
[13.949931] (ublox_msgs) StdoutLine: {'line': b'-- Up-to-date: /home/amigo-pi/amigo_ros2_pi/install/ublox_msgs/include/ublox_msgs/ublox_msgs/msg/detail/cfg_gnss_block__functions.c\n'}
[13.952205] (ublox_msgs) StdoutLine: {'line': b'-- Up-to-date: /home/amigo-pi/amigo_ros2_pi/install/ublox_msgs/include/ublox_msgs/ublox_msgs/msg/detail/rxm_rtcm__functions.c\n'}
[13.953066] (ublox_msgs) StdoutLine: {'line': b'-- Up-to-date: /home/amigo-pi/amigo_ros2_pi/install/ublox_msgs/include/ublox_msgs/ublox_msgs/msg/detail/cfg_dat__struct.h\n'}
[13.954047] (ublox_msgs) StdoutLine: {'line': b'-- Up-to-date: /home/amigo-pi/amigo_ros2_pi/install/ublox_msgs/include/ublox_msgs/ublox_msgs/msg/detail/upd_sos_ack__functions.h\n'}
[13.954971] (ublox_msgs) StdoutLine: {'line': b'-- Up-to-date: /home/amigo-pi/amigo_ros2_pi/install/ublox_msgs/include/ublox_msgs/ublox_msgs/msg/detail/rxm_rtcm__struct.h\n'}
[13.955726] (ublox_msgs) StdoutLine: {'line': b'-- Up-to-date: /home/amigo-pi/amigo_ros2_pi/install/ublox_msgs/include/ublox_msgs/ublox_msgs/msg/detail/aid_alm__type_support.h\n'}
[13.957220] (ublox_msgs) StdoutLine: {'line': b'-- Up-to-date: /home/amigo-pi/amigo_ros2_pi/install/ublox_msgs/include/ublox_msgs/ublox_msgs/msg/detail/nav_velecef__type_support.h\n'}
[13.959439] (ublox_msgs) StdoutLine: {'line': b'-- Up-to-date: /home/amigo-pi/amigo_ros2_pi/install/ublox_msgs/include/ublox_msgs/ublox_msgs/msg/detail/cfg_inf__struct.h\n'}
[13.960592] (ublox_msgs) StdoutLine: {'line': b'-- Up-to-date: /home/amigo-pi/amigo_ros2_pi/install/ublox_msgs/include/ublox_msgs/ublox_msgs/msg/detail/esf_status_sens__type_support.h\n'}
[13.963648] (ublox_msgs) StdoutLine: {'line': b'-- Up-to-date: /home/amigo-pi/amigo_ros2_pi/install/ublox_msgs/include/ublox_msgs/ublox_msgs/msg/detail/aid_eph__functions.c\n'}
[13.965151] (ublox_msgs) StdoutLine: {'line': b'-- Up-to-date: /home/amigo-pi/amigo_ros2_pi/install/ublox_msgs/include/ublox_msgs/ublox_msgs/msg/detail/nav_svin__type_support.h\n'}
[13.966473] (ublox_msgs) StdoutLine: {'line': b'-- Up-to-date: /home/amigo-pi/amigo_ros2_pi/install/ublox_msgs/include/ublox_msgs/ublox_msgs/msg/detail/cfg_gnss_block__functions.h\n'}
[13.977842] (ublox_msgs) StdoutLine: {'line': b'-- Up-to-date: /home/amigo-pi/amigo_ros2_pi/install/ublox_msgs/include/ublox_msgs/ublox_msgs/msg/detail/cfg_tmode3__functions.c\n'}
[13.979714] (ublox_msgs) StdoutLine: {'line': b'-- Up-to-date: /home/amigo-pi/amigo_ros2_pi/install/ublox_msgs/include/ublox_msgs/ublox_msgs/msg/detail/cfg_nmea__functions.h\n'}
[13.980677] (ublox_msgs) StdoutLine: {'line': b'-- Up-to-date: /home/amigo-pi/amigo_ros2_pi/install/ublox_msgs/include/ublox_msgs/ublox_msgs/msg/detail/nav_pvt7__struct.h\n'}
[13.981840] (ublox_msgs) StdoutLine: {'line': b'-- Up-to-date: /home/amigo-pi/amigo_ros2_pi/install/ublox_msgs/include/ublox_msgs/ublox_msgs/msg/detail/rxm_rawx__struct.h\n'}
[13.983150] (ublox_msgs) StdoutLine: {'line': b'-- Up-to-date: /home/amigo-pi/amigo_ros2_pi/install/ublox_msgs/include/ublox_msgs/ublox_msgs/msg/detail/rxm_sfrbx__struct.h\n'}
[13.984112] (ublox_msgs) StdoutLine: {'line': b'-- Up-to-date: /home/amigo-pi/amigo_ros2_pi/install/ublox_msgs/include/ublox_msgs/ublox_msgs/msg/detail/nav_timegps__functions.h\n'}
[13.986005] (ublox_msgs) StdoutLine: {'line': b'-- Up-to-date: /home/amigo-pi/amigo_ros2_pi/install/ublox_msgs/include/ublox_msgs/ublox_msgs/msg/detail/cfg_nav5__functions.c\n'}
[13.986732] (ublox_msgs) StdoutLine: {'line': b'-- Up-to-date: /home/amigo-pi/amigo_ros2_pi/install/ublox_msgs/include/ublox_msgs/ublox_msgs/msg/detail/cfg_rate__struct.h\n'}
[13.987206] (ublox_msgs) StdoutLine: {'line': b'-- Up-to-date: /home/amigo-pi/amigo_ros2_pi/install/ublox_msgs/include/ublox_msgs/ublox_msgs/msg/detail/nav_sat__functions.c\n'}
[13.987638] (ublox_msgs) StdoutLine: {'line': b'-- Up-to-date: /home/amigo-pi/amigo_ros2_pi/install/ublox_msgs/include/ublox_msgs/ublox_msgs/msg/detail/cfg_nmea6__struct.h\n'}
[13.988043] (ublox_msgs) StdoutLine: {'line': b'-- Up-to-date: /home/amigo-pi/amigo_ros2_pi/install/ublox_msgs/include/ublox_msgs/ublox_msgs/msg/detail/cfg_msg__functions.c\n'}
[13.988461] (ublox_msgs) StdoutLine: {'line': b'-- Up-to-date: /home/amigo-pi/amigo_ros2_pi/install/ublox_msgs/include/ublox_msgs/ublox_msgs/msg/detail/nav_dop__type_support.h\n'}
[13.989113] (ublox_msgs) StdoutLine: {'line': b'-- Up-to-date: /home/amigo-pi/amigo_ros2_pi/install/ublox_msgs/include/ublox_msgs/ublox_msgs/msg/detail/nav_pvt7__type_support.h\n'}
[13.990082] (ublox_msgs) StdoutLine: {'line': b'-- Up-to-date: /home/amigo-pi/amigo_ros2_pi/install/ublox_msgs/include/ublox_msgs/ublox_msgs/msg/detail/nav_status__struct.h\n'}
[13.990611] (ublox_msgs) StdoutLine: {'line': b'-- Up-to-date: /home/amigo-pi/amigo_ros2_pi/install/ublox_msgs/include/ublox_msgs/ublox_msgs/msg/detail/nav_posllh__functions.h\n'}
[13.991160] (ublox_msgs) StdoutLine: {'line': b'-- Up-to-date: /home/amigo-pi/amigo_ros2_pi/install/ublox_msgs/include/ublox_msgs/ublox_msgs/msg/detail/nav_relposned9__type_support.h\n'}
[13.991704] (ublox_msgs) StdoutLine: {'line': b'-- Up-to-date: /home/amigo-pi/amigo_ros2_pi/install/ublox_msgs/include/ublox_msgs/ublox_msgs/msg/detail/rxm_eph__functions.h\n'}
[13.992665] (ublox_msgs) StdoutLine: {'line': b'-- Up-to-date: /home/amigo-pi/amigo_ros2_pi/install/ublox_msgs/include/ublox_msgs/ublox_msgs/msg/detail/nav_dop__functions.h\n'}
[13.993861] (ublox_msgs) StdoutLine: {'line': b'-- Up-to-date: /home/amigo-pi/amigo_ros2_pi/install/ublox_msgs/include/ublox_msgs/ublox_msgs/msg/detail/esf_ins__type_support.h\n'}
[13.994927] (ublox_msgs) StdoutLine: {'line': b'-- Up-to-date: /home/amigo-pi/amigo_ros2_pi/install/ublox_msgs/include/ublox_msgs/ublox_msgs/msg/detail/nav_timegps__struct.h\n'}
[13.996265] (ublox_msgs) StdoutLine: {'line': b'-- Up-to-date: /home/amigo-pi/amigo_ros2_pi/install/ublox_msgs/include/ublox_msgs/ublox_msgs/msg/detail/nav_svinfo__type_support.h\n'}
[13.999945] (ublox_msgs) StdoutLine: {'line': b'-- Up-to-date: /home/amigo-pi/amigo_ros2_pi/install/ublox_msgs/include/ublox_msgs/ublox_msgs/msg/detail/nav_svinfo__functions.h\n'}
[14.001238] (ublox_msgs) StdoutLine: {'line': b'-- Up-to-date: /home/amigo-pi/amigo_ros2_pi/install/ublox_msgs/include/ublox_msgs/ublox_msgs/msg/detail/cfg_tmode3__struct.h\n'}
[14.002662] (ublox_msgs) StdoutLine: {'line': b'-- Up-to-date: /home/amigo-pi/amigo_ros2_pi/install/ublox_msgs/include/ublox_msgs/ublox_msgs/msg/detail/cfg_prt__functions.c\n'}
[14.003546] (ublox_msgs) StdoutLine: {'line': b'-- Up-to-date: /home/amigo-pi/amigo_ros2_pi/install/ublox_msgs/include/ublox_msgs/ublox_msgs/msg/detail/nav_relposned9__struct.h\n'}
[14.004654] (ublox_msgs) StdoutLine: {'line': b'-- Up-to-date: /home/amigo-pi/amigo_ros2_pi/install/ublox_msgs/include/ublox_msgs/ublox_msgs/msg/detail/nav_sat__type_support.h\n'}
[14.005790] (ublox_msgs) StdoutLine: {'line': b'-- Up-to-date: /home/amigo-pi/amigo_ros2_pi/install/ublox_msgs/include/ublox_msgs/ublox_msgs/msg/detail/nav_status__type_support.h\n'}
[14.007549] (ublox_msgs) StdoutLine: {'line': b'-- Up-to-date: /home/amigo-pi/amigo_ros2_pi/install/ublox_msgs/include/ublox_msgs/ublox_msgs/msg/detail/nav_dop__struct.h\n'}
[14.009507] (ublox_msgs) StdoutLine: {'line': b'-- Up-to-date: /home/amigo-pi/amigo_ros2_pi/install/ublox_msgs/include/ublox_msgs/ublox_msgs/msg/detail/cfg_sbas__functions.h\n'}
[14.011444] (ublox_msgs) StdoutLine: {'line': b'-- Up-to-date: /home/amigo-pi/amigo_ros2_pi/install/ublox_msgs/include/ublox_msgs/ublox_msgs/msg/detail/cfg_nmea__struct.h\n'}
[14.012990] (ublox_msgs) StdoutLine: {'line': b'-- Up-to-date: /home/amigo-pi/amigo_ros2_pi/install/ublox_msgs/include/ublox_msgs/ublox_msgs/msg/detail/cfg_tmode3__functions.h\n'}
[14.015314] (ublox_msgs) StdoutLine: {'line': b'-- Up-to-date: /home/amigo-pi/amigo_ros2_pi/install/ublox_msgs/include/ublox_msgs/ublox_msgs/msg/detail/esf_raw_block__type_support.h\n'}
[14.017214] (ublox_msgs) StdoutLine: {'line': b'-- Up-to-date: /home/amigo-pi/amigo_ros2_pi/install/ublox_msgs/include/ublox_msgs/ublox_msgs/msg/detail/rxm_svsi__struct.h\n'}
[14.019403] (ublox_msgs) StdoutLine: {'line': b'-- Up-to-date: /home/amigo-pi/amigo_ros2_pi/install/ublox_msgs/include/ublox_msgs/ublox_msgs/msg/detail/nav_velecef__functions.h\n'}
[14.020661] (ublox_msgs) StdoutLine: {'line': b'-- Up-to-date: /home/amigo-pi/amigo_ros2_pi/install/ublox_msgs/include/ublox_msgs/ublox_msgs/msg/detail/nav_svinfosv__type_support.h\n'}
[14.021994] (ublox_msgs) StdoutLine: {'line': b'-- Up-to-date: /home/amigo-pi/amigo_ros2_pi/install/ublox_msgs/include/ublox_msgs/ublox_msgs/msg/detail/tim_tm2__type_support.h\n'}
[14.023234] (ublox_msgs) StdoutLine: {'line': b'-- Up-to-date: /home/amigo-pi/amigo_ros2_pi/install/ublox_msgs/include/ublox_msgs/ublox_msgs/msg/detail/rxm_rawx_meas__functions.c\n'}
[14.024293] (ublox_msgs) StdoutLine: {'line': b'-- Up-to-date: /home/amigo-pi/amigo_ros2_pi/install/ublox_msgs/include/ublox_msgs/ublox_msgs/msg/detail/cfg_msg__functions.h\n'}
[14.025504] (ublox_msgs) StdoutLine: {'line': b'-- Up-to-date: /home/amigo-pi/amigo_ros2_pi/install/ublox_msgs/include/ublox_msgs/ublox_msgs/msg/detail/rxm_rawsv__type_support.h\n'}
[14.026316] (ublox_msgs) StdoutLine: {'line': b'-- Up-to-date: /home/amigo-pi/amigo_ros2_pi/install/ublox_msgs/include/ublox_msgs/ublox_msgs/msg/detail/esf_status_sens__functions.h\n'}
[14.027375] (ublox_msgs) StdoutLine: {'line': b'-- Up-to-date: /home/amigo-pi/amigo_ros2_pi/install/ublox_msgs/include/ublox_msgs/ublox_msgs/msg/detail/nav_sbassv__functions.c\n'}
[14.028655] (ublox_msgs) StdoutLine: {'line': b'-- Up-to-date: /home/amigo-pi/amigo_ros2_pi/install/ublox_msgs/include/ublox_msgs/ublox_msgs/msg/detail/rxm_sfrbx__type_support.h\n'}
[14.031064] (ublox_msgs) StdoutLine: {'line': b'-- Up-to-date: /home/amigo-pi/amigo_ros2_pi/install/ublox_msgs/include/ublox_msgs/ublox_msgs/msg/detail/cfg_hnr__functions.c\n'}
[14.033910] (ublox_msgs) StdoutLine: {'line': b'-- Up-to-date: /home/amigo-pi/amigo_ros2_pi/install/ublox_msgs/include/ublox_msgs/ublox_msgs/msg/detail/nav_posecef__functions.c\n'}
[14.036122] (ublox_msgs) StdoutLine: {'line': b'-- Up-to-date: /home/amigo-pi/amigo_ros2_pi/install/ublox_msgs/include/ublox_msgs/ublox_msgs/msg/detail/nav_pvt__functions.c\n'}
[14.037631] (-) TimerEvent: {}
[14.039184] (ublox_msgs) StdoutLine: {'line': b'-- Up-to-date: /home/amigo-pi/amigo_ros2_pi/install/ublox_msgs/include/ublox_msgs/ublox_msgs/msg/detail/cfg_inf_block__struct.h\n'}
[14.040484] (ublox_msgs) StdoutLine: {'line': b'-- Up-to-date: /home/amigo-pi/amigo_ros2_pi/install/ublox_msgs/include/ublox_msgs/ublox_msgs/msg/detail/nav_dgps__functions.c\n'}
[14.042049] (ublox_msgs) StdoutLine: {'line': b'-- Up-to-date: /home/amigo-pi/amigo_ros2_pi/install/ublox_msgs/include/ublox_msgs/ublox_msgs/msg/detail/rxm_eph__functions.c\n'}
[14.044066] (ublox_msgs) StdoutLine: {'line': b'-- Up-to-date: /home/amigo-pi/amigo_ros2_pi/install/ublox_msgs/include/ublox_msgs/ublox_msgs/msg/detail/cfg_usb__struct.h\n'}
[14.046389] (ublox_msgs) StdoutLine: {'line': b'-- Up-to-date: /home/amigo-pi/amigo_ros2_pi/install/ublox_msgs/include/ublox_msgs/ublox_msgs/msg/detail/cfg_dat__functions.h\n'}
[14.048647] (ublox_msgs) StdoutLine: {'line': b'-- Up-to-date: /home/amigo-pi/amigo_ros2_pi/install/ublox_msgs/include/ublox_msgs/ublox_msgs/msg/detail/nav_svin__struct.h\n'}
[14.051754] (ublox_msgs) StdoutLine: {'line': b'-- Up-to-date: /home/amigo-pi/amigo_ros2_pi/install/ublox_msgs/include/ublox_msgs/ublox_msgs/msg/detail/aid_alm__struct.h\n'}
[14.052486] (ublox_msgs) StdoutLine: {'line': b'-- Up-to-date: /home/amigo-pi/amigo_ros2_pi/install/ublox_msgs/include/ublox_msgs/ublox_msgs/msg/detail/nav_relposned9__functions.h\n'}
[14.053479] (ublox_msgs) StdoutLine: {'line': b'-- Up-to-date: /home/amigo-pi/amigo_ros2_pi/install/ublox_msgs/include/ublox_msgs/ublox_msgs/msg/detail/esf_meas__struct.h\n'}
[14.054237] (ublox_msgs) StdoutLine: {'line': b'-- Up-to-date: /home/amigo-pi/amigo_ros2_pi/install/ublox_msgs/include/ublox_msgs/ublox_msgs/msg/detail/upd_sos__type_support.h\n'}
[14.055329] (ublox_msgs) StdoutLine: {'line': b'-- Up-to-date: /home/amigo-pi/amigo_ros2_pi/install/ublox_msgs/include/ublox_msgs/ublox_msgs/msg/detail/nav_sol__functions.c\n'}
[14.056928] (ublox_msgs) StdoutLine: {'line': b'-- Up-to-date: /home/amigo-pi/amigo_ros2_pi/install/ublox_msgs/include/ublox_msgs/ublox_msgs/msg/detail/cfg_nav5__type_support.h\n'}
[14.057512] (ublox_msgs) StdoutLine: {'line': b'-- Up-to-date: /home/amigo-pi/amigo_ros2_pi/install/ublox_msgs/include/ublox_msgs/ublox_msgs/msg/detail/nav_clock__struct.h\n'}
[14.057999] (ublox_msgs) StdoutLine: {'line': b'-- Up-to-date: /home/amigo-pi/amigo_ros2_pi/install/ublox_msgs/include/ublox_msgs/ublox_msgs/msg/detail/upd_sos_ack__type_support.h\n'}
[14.058926] (ublox_msgs) StdoutLine: {'line': b'-- Up-to-date: /home/amigo-pi/amigo_ros2_pi/install/ublox_msgs/include/ublox_msgs/ublox_msgs/msg/detail/esf_meas__functions.c\n'}
[14.059640] (ublox_msgs) StdoutLine: {'line': b'-- Up-to-date: /home/amigo-pi/amigo_ros2_pi/install/ublox_msgs/include/ublox_msgs/ublox_msgs/msg/detail/upd_sos__functions.h\n'}
[14.060417] (ublox_msgs) StdoutLine: {'line': b'-- Up-to-date: /home/amigo-pi/amigo_ros2_pi/install/ublox_msgs/include/ublox_msgs/ublox_msgs/msg/detail/cfg_sbas__functions.c\n'}
[14.061042] (ublox_msgs) StdoutLine: {'line': b'-- Up-to-date: /home/amigo-pi/amigo_ros2_pi/install/ublox_msgs/include/ublox_msgs/ublox_msgs/msg/detail/mon_hw__struct.h\n'}
[14.061596] (ublox_msgs) StdoutLine: {'line': b'-- Up-to-date: /home/amigo-pi/amigo_ros2_pi/install/ublox_msgs/include/ublox_msgs/ublox_msgs/msg/detail/cfg_navx5__type_support.h\n'}
[14.062244] (ublox_msgs) StdoutLine: {'line': b'-- Up-to-date: /home/amigo-pi/amigo_ros2_pi/install/ublox_msgs/include/ublox_msgs/ublox_msgs/msg/detail/rxm_rtcm__functions.h\n'}
[14.064036] (ublox_msgs) StdoutLine: {'line': b'-- Up-to-date: /home/amigo-pi/amigo_ros2_pi/install/ublox_msgs/include/ublox_msgs/ublox_msgs/msg/detail/cfg_ant__struct.h\n'}
[14.065331] (ublox_msgs) StdoutLine: {'line': b'-- Up-to-date: /home/amigo-pi/amigo_ros2_pi/install/ublox_msgs/include/ublox_msgs/ublox_msgs/msg/detail/rxm_rawx_meas__type_support.h\n'}
[14.079112] (ublox_msgs) StdoutLine: {'line': b'-- Up-to-date: /home/amigo-pi/amigo_ros2_pi/install/ublox_msgs/include/ublox_msgs/ublox_msgs/msg/detail/nav_att__type_support.h\n'}
[14.081368] (ublox_msgs) StdoutLine: {'line': b'-- Up-to-date: /home/amigo-pi/amigo_ros2_pi/install/ublox_msgs/include/ublox_msgs/ublox_msgs/msg/detail/nav_velecef__struct.h\n'}
[14.085448] (ublox_msgs) StdoutLine: {'line': b'-- Up-to-date: /home/amigo-pi/amigo_ros2_pi/install/ublox_msgs/include/ublox_msgs/ublox_msgs/msg/detail/nav_svinfo__functions.c\n'}
[14.088249] (ublox_msgs) StdoutLine: {'line': b'-- Up-to-date: /home/amigo-pi/amigo_ros2_pi/install/ublox_msgs/include/ublox_msgs/ublox_msgs/msg/detail/esf_status_sens__functions.c\n'}
[14.090302] (ublox_msgs) StdoutLine: {'line': b'-- Up-to-date: /home/amigo-pi/amigo_ros2_pi/install/ublox_msgs/include/ublox_msgs/ublox_msgs/msg/detail/nav_satsv__functions.h\n'}
[14.092187] (ublox_msgs) StdoutLine: {'line': b'-- Up-to-date: /home/amigo-pi/amigo_ros2_pi/install/ublox_msgs/include/ublox_msgs/ublox_msgs/msg/detail/cfg_nav5__struct.h\n'}
[14.093813] (ublox_msgs) StdoutLine: {'line': b'-- Up-to-date: /home/amigo-pi/amigo_ros2_pi/install/ublox_msgs/include/ublox_msgs/ublox_msgs/msg/detail/esf_meas__type_support.h\n'}
[14.094881] (ublox_msgs) StdoutLine: {'line': b'-- Up-to-date: /home/amigo-pi/amigo_ros2_pi/install/ublox_msgs/include/ublox_msgs/ublox_msgs/msg/detail/esf_status__functions.c\n'}
[14.095750] (ublox_msgs) StdoutLine: {'line': b'-- Up-to-date: /home/amigo-pi/amigo_ros2_pi/install/ublox_msgs/include/ublox_msgs/ublox_msgs/msg/detail/nav_timeutc__functions.c\n'}
[14.097479] (ublox_msgs) StdoutLine: {'line': b'-- Up-to-date: /home/amigo-pi/amigo_ros2_pi/install/ublox_msgs/include/ublox_msgs/ublox_msgs/msg/detail/esf_ins__struct.h\n'}
[14.098414] (ublox_msgs) StdoutLine: {'line': b'-- Up-to-date: /home/amigo-pi/amigo_ros2_pi/install/ublox_msgs/include/ublox_msgs/ublox_msgs/msg/detail/nav_dgpssv__functions.c\n'}
[14.099554] (ublox_msgs) StdoutLine: {'line': b'-- Up-to-date: /home/amigo-pi/amigo_ros2_pi/install/ublox_msgs/include/ublox_msgs/ublox_msgs/msg/detail/nav_clock__functions.c\n'}
[14.100881] (ublox_msgs) StdoutLine: {'line': b'-- Up-to-date: /home/amigo-pi/amigo_ros2_pi/install/ublox_msgs/include/ublox_msgs/ublox_msgs/msg/detail/nav_sbas__type_support.h\n'}
[14.103214] (ublox_msgs) StdoutLine: {'line': b'-- Up-to-date: /home/amigo-pi/amigo_ros2_pi/install/ublox_msgs/include/ublox_msgs/ublox_msgs/msg/detail/mon_ver__functions.c\n'}
[14.105896] (ublox_msgs) StdoutLine: {'line': b'-- Up-to-date: /home/amigo-pi/amigo_ros2_pi/install/ublox_msgs/include/ublox_msgs/ublox_msgs/msg/detail/rxm_sfrb__struct.h\n'}
[14.107460] (ublox_msgs) StdoutLine: {'line': b'-- Up-to-date: /home/amigo-pi/amigo_ros2_pi/install/ublox_msgs/include/ublox_msgs/ublox_msgs/msg/detail/mon_hw6__functions.h\n'}
[14.109159] (ublox_msgs) StdoutLine: {'line': b'-- Up-to-date: /home/amigo-pi/amigo_ros2_pi/install/ublox_msgs/include/ublox_msgs/ublox_msgs/msg/detail/cfg_cfg__functions.c\n'}
[14.110226] (ublox_msgs) StdoutLine: {'line': b'-- Up-to-date: /home/amigo-pi/amigo_ros2_pi/install/ublox_msgs/include/ublox_msgs/ublox_msgs/msg/detail/nav_pvt7__functions.h\n'}
[14.112008] (ublox_msgs) StdoutLine: {'line': b'-- Up-to-date: /home/amigo-pi/amigo_ros2_pi/install/ublox_msgs/include/ublox_msgs/ublox_msgs/msg/detail/rxm_sfrb__functions.h\n'}
[14.113416] (ublox_msgs) StdoutLine: {'line': b'-- Up-to-date: /home/amigo-pi/amigo_ros2_pi/install/ublox_msgs/include/ublox_msgs/ublox_msgs/msg/detail/nav_sbas__functions.c\n'}
[14.115324] (ublox_msgs) StdoutLine: {'line': b'-- Up-to-date: /home/amigo-pi/amigo_ros2_pi/install/ublox_msgs/include/ublox_msgs/ublox_msgs/msg/detail/cfg_dgnss__functions.c\n'}
[14.117773] (ublox_msgs) StdoutLine: {'line': b'-- Up-to-date: /home/amigo-pi/amigo_ros2_pi/install/ublox_msgs/include/ublox_msgs/ublox_msgs/msg/detail/esf_raw_block__functions.h\n'}
[14.119613] (ublox_msgs) StdoutLine: {'line': b'-- Up-to-date: /home/amigo-pi/amigo_ros2_pi/install/ublox_msgs/include/ublox_msgs/ublox_msgs/msg/detail/mon_hw6__functions.c\n'}
[14.121022] (ublox_msgs) StdoutLine: {'line': b'-- Up-to-date: /home/amigo-pi/amigo_ros2_pi/install/ublox_msgs/include/ublox_msgs/ublox_msgs/msg/detail/mon_gnss__functions.c\n'}
[14.123179] (ublox_msgs) StdoutLine: {'line': b'-- Up-to-date: /home/amigo-pi/amigo_ros2_pi/install/ublox_msgs/include/ublox_msgs/ublox_msgs/msg/detail/nav_status__functions.c\n'}
[14.124212] (ublox_msgs) StdoutLine: {'line': b'-- Up-to-date: /home/amigo-pi/amigo_ros2_pi/install/ublox_msgs/include/ublox_msgs/ublox_msgs/msg/detail/rxm_svsisv__type_support.h\n'}
[14.125516] (ublox_msgs) StdoutLine: {'line': b'-- Up-to-date: /home/amigo-pi/amigo_ros2_pi/install/ublox_msgs/include/ublox_msgs/ublox_msgs/msg/detail/hnr_pvt__functions.c\n'}
[14.126189] (ublox_msgs) StdoutLine: {'line': b'-- Up-to-date: /home/amigo-pi/amigo_ros2_pi/install/ublox_msgs/include/ublox_msgs/ublox_msgs/msg/detail/esf_raw__type_support.h\n'}
[14.127447] (ublox_msgs) StdoutLine: {'line': b'-- Up-to-date: /home/amigo-pi/amigo_ros2_pi/install/ublox_msgs/include/ublox_msgs/ublox_msgs/msg/detail/cfg_gnss__type_support.h\n'}
[14.128633] (ublox_msgs) StdoutLine: {'line': b'-- Up-to-date: /home/amigo-pi/amigo_ros2_pi/install/ublox_msgs/include/ublox_msgs/ublox_msgs/msg/detail/cfg_rst__functions.c\n'}
[14.129951] (ublox_msgs) StdoutLine: {'line': b'-- Up-to-date: /home/amigo-pi/amigo_ros2_pi/install/ublox_msgs/include/ublox_msgs/ublox_msgs/msg/detail/upd_sos__struct.h\n'}
[14.130889] (ublox_msgs) StdoutLine: {'line': b'-- Up-to-date: /home/amigo-pi/amigo_ros2_pi/install/ublox_msgs/include/ublox_msgs/ublox_msgs/msg/detail/cfg_cfg__functions.h\n'}
[14.132767] (ublox_msgs) StdoutLine: {'line': b'-- Up-to-date: /home/amigo-pi/amigo_ros2_pi/install/ublox_msgs/include/ublox_msgs/ublox_msgs/msg/detail/aid_eph__functions.h\n'}
[14.134278] (ublox_msgs) StdoutLine: {'line': b'-- Up-to-date: /home/amigo-pi/amigo_ros2_pi/install/ublox_msgs/include/ublox_msgs/ublox_msgs/msg/detail/mon_hw__type_support.h\n'}
[14.135232] (ublox_msgs) StdoutLine: {'line': b'-- Up-to-date: /home/amigo-pi/amigo_ros2_pi/install/ublox_msgs/include/ublox_msgs/ublox_msgs/msg/detail/rxm_eph__struct.h\n'}
[14.136234] (ublox_msgs) StdoutLine: {'line': b'-- Up-to-date: /home/amigo-pi/amigo_ros2_pi/install/ublox_msgs/include/ublox_msgs/ublox_msgs/msg/detail/cfg_hnr__struct.h\n'}
[14.137300] (ublox_msgs) StdoutLine: {'line': b'-- Up-to-date: /home/amigo-pi/amigo_ros2_pi/install/ublox_msgs/include/ublox_msgs/ublox_msgs/msg/detail/cfg_usb__type_support.h\n'}
[14.139070] (-) TimerEvent: {}
[14.141692] (ublox_msgs) StdoutLine: {'line': b'-- Up-to-date: /home/amigo-pi/amigo_ros2_pi/install/ublox_msgs/include/ublox_msgs/ublox_msgs/msg/detail/nav_relposned__type_support.h\n'}
[14.145354] (ublox_msgs) StdoutLine: {'line': b'-- Up-to-date: /home/amigo-pi/amigo_ros2_pi/install/ublox_msgs/include/ublox_msgs/ublox_msgs/msg/detail/nav_dgpssv__functions.h\n'}
[14.146911] (ublox_msgs) StdoutLine: {'line': b'-- Up-to-date: /home/amigo-pi/amigo_ros2_pi/install/ublox_msgs/include/ublox_msgs/ublox_msgs/msg/detail/aid_hui__struct.h\n'}
[14.148215] (ublox_msgs) StdoutLine: {'line': b'-- Up-to-date: /home/amigo-pi/amigo_ros2_pi/install/ublox_msgs/include/ublox_msgs/ublox_msgs/msg/detail/cfg_inf__functions.h\n'}
[14.149463] (ublox_msgs) StdoutLine: {'line': b'-- Up-to-date: /home/amigo-pi/amigo_ros2_pi/install/ublox_msgs/include/ublox_msgs/ublox_msgs/msg/detail/nav_posecef__type_support.h\n'}
[14.150996] (ublox_msgs) StdoutLine: {'line': b'-- Up-to-date: /home/amigo-pi/amigo_ros2_pi/install/ublox_msgs/include/ublox_msgs/ublox_msgs/msg/detail/nav_sol__type_support.h\n'}
[14.154897] (ublox_msgs) StdoutLine: {'line': b'-- Up-to-date: /home/amigo-pi/amigo_ros2_pi/install/ublox_msgs/include/ublox_msgs/ublox_msgs/msg/detail/cfg_dat__functions.c\n'}
[14.157068] (ublox_msgs) StdoutLine: {'line': b'-- Up-to-date: /home/amigo-pi/amigo_ros2_pi/install/ublox_msgs/include/ublox_msgs/ublox_msgs/msg/detail/cfg_inf_block__functions.c\n'}
[14.158288] (ublox_msgs) StdoutLine: {'line': b'-- Up-to-date: /home/amigo-pi/amigo_ros2_pi/install/ublox_msgs/include/ublox_msgs/ublox_msgs/msg/detail/nav_relposned9__functions.c\n'}
[14.159426] (ublox_msgs) StdoutLine: {'line': b'-- Up-to-date: /home/amigo-pi/amigo_ros2_pi/install/ublox_msgs/include/ublox_msgs/ublox_msgs/msg/detail/nav_att__struct.h\n'}
[14.161026] (ublox_msgs) StdoutLine: {'line': b'-- Up-to-date: /home/amigo-pi/amigo_ros2_pi/install/ublox_msgs/include/ublox_msgs/ublox_msgs/msg/detail/rxm_rawsv__functions.c\n'}
[14.162183] (ublox_msgs) StdoutLine: {'line': b'-- Up-to-date: /home/amigo-pi/amigo_ros2_pi/install/ublox_msgs/include/ublox_msgs/ublox_msgs/msg/detail/esf_raw_block__struct.h\n'}
[14.163613] (ublox_msgs) StdoutLine: {'line': b'-- Up-to-date: /home/amigo-pi/amigo_ros2_pi/install/ublox_msgs/include/ublox_msgs/ublox_msgs/msg/detail/nav_svinfo__struct.h\n'}
[14.165174] (ublox_msgs) StdoutLine: {'line': b'-- Up-to-date: /home/amigo-pi/amigo_ros2_pi/install/ublox_msgs/include/ublox_msgs/ublox_msgs/msg/detail/nav_pvt__struct.h\n'}
[14.167450] (ublox_msgs) StdoutLine: {'line': b'-- Up-to-date: /home/amigo-pi/amigo_ros2_pi/install/ublox_msgs/include/ublox_msgs/ublox_msgs/msg/detail/cfg_prt__functions.h\n'}
[14.174808] (ublox_msgs) StdoutLine: {'line': b'-- Up-to-date: /home/amigo-pi/amigo_ros2_pi/install/ublox_msgs/include/ublox_msgs/ublox_msgs/msg/detail/nav_sbas__functions.h\n'}
[14.176260] (ublox_msgs) StdoutLine: {'line': b'-- Up-to-date: /home/amigo-pi/amigo_ros2_pi/install/ublox_msgs/include/ublox_msgs/ublox_msgs/msg/detail/inf__functions.c\n'}
[14.178670] (ublox_msgs) StdoutLine: {'line': b'-- Up-to-date: /home/amigo-pi/amigo_ros2_pi/install/ublox_msgs/include/ublox_msgs/ublox_msgs/msg/detail/cfg_nmea7__functions.c\n'}
[14.181043] (ublox_msgs) StdoutLine: {'line': b'-- Up-to-date: /home/amigo-pi/amigo_ros2_pi/install/ublox_msgs/include/ublox_msgs/ublox_msgs/msg/detail/nav_velned__struct.h\n'}
[14.182234] (ublox_msgs) StdoutLine: {'line': b'-- Up-to-date: /home/amigo-pi/amigo_ros2_pi/install/ublox_msgs/include/ublox_msgs/ublox_msgs/msg/detail/cfg_rst__type_support.h\n'}
[14.183085] (ublox_msgs) StdoutLine: {'line': b'-- Up-to-date: /home/amigo-pi/amigo_ros2_pi/install/ublox_msgs/include/ublox_msgs/ublox_msgs/msg/detail/esf_raw__struct.h\n'}
[14.183673] (ublox_msgs) StdoutLine: {'line': b'-- Up-to-date: /home/amigo-pi/amigo_ros2_pi/install/ublox_msgs/include/ublox_msgs/ublox_msgs/msg/detail/nav_relposned__functions.c\n'}
[14.184233] (ublox_msgs) StdoutLine: {'line': b'-- Up-to-date: /home/amigo-pi/amigo_ros2_pi/install/ublox_msgs/include/ublox_msgs/ublox_msgs/msg/detail/cfg_dgnss__type_support.h\n'}
[14.184968] (ublox_msgs) StdoutLine: {'line': b'-- Up-to-date: /home/amigo-pi/amigo_ros2_pi/install/ublox_msgs/include/ublox_msgs/ublox_msgs/msg/detail/nav_posecef__functions.h\n'}
[14.185647] (ublox_msgs) StdoutLine: {'line': b'-- Up-to-date: /home/amigo-pi/amigo_ros2_pi/install/ublox_msgs/include/ublox_msgs/ublox_msgs/msg/detail/esf_raw_block__functions.c\n'}
[14.186453] (ublox_msgs) StdoutLine: {'line': b'-- Up-to-date: /home/amigo-pi/amigo_ros2_pi/install/ublox_msgs/include/ublox_msgs/ublox_msgs/msg/detail/cfg_nmea6__type_support.h\n'}
[14.187850] (ublox_msgs) StdoutLine: {'line': b'-- Up-to-date: /home/amigo-pi/amigo_ros2_pi/install/ublox_msgs/include/ublox_msgs/ublox_msgs/msg/detail/cfg_dgnss__struct.h\n'}
[14.189245] (ublox_msgs) StdoutLine: {'line': b'-- Up-to-date: /home/amigo-pi/amigo_ros2_pi/install/ublox_msgs/include/ublox_msgs/ublox_msgs/msg/detail/mon_ver_extension__struct.h\n'}
[14.190062] (ublox_msgs) StdoutLine: {'line': b'-- Up-to-date: /home/amigo-pi/amigo_ros2_pi/install/ublox_msgs/include/ublox_msgs/ublox_msgs/msg/detail/cfg_gnss__functions.c\n'}
[14.191696] (ublox_msgs) StdoutLine: {'line': b'-- Up-to-date: /home/amigo-pi/amigo_ros2_pi/install/ublox_msgs/include/ublox_msgs/ublox_msgs/msg/detail/nav_dgps__functions.h\n'}
[14.192500] (ublox_msgs) StdoutLine: {'line': b'-- Up-to-date: /home/amigo-pi/amigo_ros2_pi/install/ublox_msgs/include/ublox_msgs/ublox_msgs/msg/detail/mon_gnss__type_support.h\n'}
[14.194236] (ublox_msgs) StdoutLine: {'line': b'-- Up-to-date: /home/amigo-pi/amigo_ros2_pi/install/ublox_msgs/include/ublox_msgs/ublox_msgs/msg/detail/esf_ins__functions.h\n'}
[14.196583] (ublox_msgs) StdoutLine: {'line': b'-- Up-to-date: /home/amigo-pi/amigo_ros2_pi/install/ublox_msgs/include/ublox_msgs/ublox_msgs/msg/detail/mga_gal__functions.c\n'}
[14.199006] (ublox_msgs) StdoutLine: {'line': b'-- Up-to-date: /home/amigo-pi/amigo_ros2_pi/install/ublox_msgs/include/ublox_msgs/ublox_msgs/msg/detail/rxm_svsisv__functions.h\n'}
[14.202253] (ublox_msgs) StdoutLine: {'line': b'-- Up-to-date: /home/amigo-pi/amigo_ros2_pi/install/ublox_msgs/include/ublox_msgs/ublox_msgs/msg/detail/rxm_svsi__functions.c\n'}
[14.203618] (ublox_msgs) StdoutLine: {'line': b'-- Up-to-date: /home/amigo-pi/amigo_ros2_pi/install/ublox_msgs/include/ublox_msgs/ublox_msgs/msg/detail/cfg_nmea__type_support.h\n'}
[14.205626] (ublox_msgs) StdoutLine: {'line': b'-- Up-to-date: /home/amigo-pi/amigo_ros2_pi/install/ublox_msgs/include/ublox_msgs/ublox_msgs/msg/detail/tim_tm2__functions.h\n'}
[14.207431] (ublox_msgs) StdoutLine: {'line': b'-- Up-to-date: /home/amigo-pi/amigo_ros2_pi/install/ublox_msgs/include/ublox_msgs/ublox_msgs/msg/detail/rxm_alm__functions.h\n'}
[14.208630] (ublox_msgs) StdoutLine: {'line': b'-- Up-to-date: /home/amigo-pi/amigo_ros2_pi/install/ublox_msgs/include/ublox_msgs/ublox_msgs/msg/detail/rxm_eph__type_support.h\n'}
[14.210027] (ublox_msgs) StdoutLine: {'line': b'-- Up-to-date: /home/amigo-pi/amigo_ros2_pi/install/ublox_msgs/include/ublox_msgs/ublox_msgs/msg/detail/cfg_gnss__struct.h\n'}
[14.211230] (ublox_msgs) StdoutLine: {'line': b'-- Up-to-date: /home/amigo-pi/amigo_ros2_pi/install/ublox_msgs/include/ublox_msgs/ublox_msgs/msg/detail/cfg_navx5__functions.c\n'}
[14.213248] (ublox_msgs) StdoutLine: {'line': b'-- Up-to-date: /home/amigo-pi/amigo_ros2_pi/install/ublox_msgs/include/ublox_msgs/ublox_msgs/msg/detail/nav_posllh__type_support.h\n'}
[14.215893] (ublox_msgs) StdoutLine: {'line': b'-- Up-to-date: /home/amigo-pi/amigo_ros2_pi/install/ublox_msgs/include/ublox_msgs/ublox_msgs/msg/detail/rxm_raw__functions.h\n'}
[14.218419] (ublox_msgs) StdoutLine: {'line': b'-- Up-to-date: /home/amigo-pi/amigo_ros2_pi/install/ublox_msgs/include/ublox_msgs/ublox_msgs/msg/detail/mon_ver_extension__type_support.h\n'}
[14.219848] (ublox_msgs) StdoutLine: {'line': b'-- Up-to-date: /home/amigo-pi/amigo_ros2_pi/install/ublox_msgs/include/ublox_msgs/ublox_msgs/msg/detail/rxm_rawx__type_support.h\n'}
[14.221341] (ublox_msgs) StdoutLine: {'line': b'-- Up-to-date: /home/amigo-pi/amigo_ros2_pi/install/ublox_msgs/include/ublox_msgs/ublox_msgs/msg/detail/cfg_prt__type_support.h\n'}
[14.222748] (ublox_msgs) StdoutLine: {'line': b'-- Up-to-date: /home/amigo-pi/amigo_ros2_pi/install/ublox_msgs/include/ublox_msgs/ublox_msgs/msg/detail/cfg_nmea6__functions.h\n'}
[14.223875] (ublox_msgs) StdoutLine: {'line': b'-- Up-to-date: /home/amigo-pi/amigo_ros2_pi/install/ublox_msgs/include/ublox_msgs/ublox_msgs/msg/detail/nav_timegps__functions.c\n'}
[14.225989] (ublox_msgs) StdoutLine: {'line': b'-- Up-to-date: /home/amigo-pi/amigo_ros2_pi/install/ublox_msgs/include/ublox_msgs/ublox_msgs/msg/detail/rxm_rawx__functions.c\n'}
[14.226891] (ublox_msgs) StdoutLine: {'line': b'-- Up-to-date: /home/amigo-pi/amigo_ros2_pi/install/ublox_msgs/include/ublox_msgs/ublox_msgs/msg/detail/cfg_gnss_block__type_support.h\n'}
[14.227798] (ublox_msgs) StdoutLine: {'line': b'-- Up-to-date: /home/amigo-pi/amigo_ros2_pi/install/ublox_msgs/include/ublox_msgs/ublox_msgs/msg/detail/nav_pvt__type_support.h\n'}
[14.228704] (ublox_msgs) StdoutLine: {'line': b'-- Up-to-date: /home/amigo-pi/amigo_ros2_pi/install/ublox_msgs/include/ublox_msgs/ublox_msgs/msg/detail/mga_gal__struct.h\n'}
[14.229817] (ublox_msgs) StdoutLine: {'line': b'-- Up-to-date: /home/amigo-pi/amigo_ros2_pi/install/ublox_msgs/include/ublox_msgs/ublox_msgs/msg/detail/nav_posllh__functions.c\n'}
[14.231888] (ublox_msgs) StdoutLine: {'line': b'-- Up-to-date: /home/amigo-pi/amigo_ros2_pi/install/ublox_msgs/include/ublox_msgs/ublox_msgs/msg/detail/cfg_usb__functions.c\n'}
[14.234098] (ublox_msgs) StdoutLine: {'line': b'-- Up-to-date: /home/amigo-pi/amigo_ros2_pi/install/ublox_msgs/include/ublox_msgs/ublox_msgs/msg/detail/nav_timegps__type_support.h\n'}
[14.235681] (ublox_msgs) StdoutLine: {'line': b'-- Up-to-date: /home/amigo-pi/amigo_ros2_pi/install/ublox_msgs/include/ublox_msgs/ublox_msgs/msg/detail/rxm_raw__functions.c\n'}
[14.237486] (ublox_msgs) StdoutLine: {'line': b'-- Up-to-date: /home/amigo-pi/amigo_ros2_pi/install/ublox_msgs/include/ublox_msgs/ublox_msgs/msg/detail/mon_ver__type_support.h\n'}
[14.239522] (-) TimerEvent: {}
[14.240700] (ublox_msgs) StdoutLine: {'line': b'-- Up-to-date: /home/amigo-pi/amigo_ros2_pi/install/ublox_msgs/include/ublox_msgs/ublox_msgs/msg/detail/cfg_nmea7__functions.h\n'}
[14.241849] (ublox_msgs) StdoutLine: {'line': b'-- Up-to-date: /home/amigo-pi/amigo_ros2_pi/install/ublox_msgs/include/ublox_msgs/ublox_msgs/msg/detail/hnr_pvt__functions.h\n'}
[14.242824] (ublox_msgs) StdoutLine: {'line': b'-- Up-to-date: /home/amigo-pi/amigo_ros2_pi/install/ublox_msgs/include/ublox_msgs/ublox_msgs/msg/detail/mon_hw6__type_support.h\n'}
[14.243700] (ublox_msgs) StdoutLine: {'line': b'-- Up-to-date: /home/amigo-pi/amigo_ros2_pi/install/ublox_msgs/include/ublox_msgs/ublox_msgs/msg/detail/rxm_rawx_meas__struct.h\n'}
[14.245133] (ublox_msgs) StdoutLine: {'line': b'-- Up-to-date: /home/amigo-pi/amigo_ros2_pi/install/ublox_msgs/include/ublox_msgs/ublox_msgs/msg/detail/mon_hw__functions.h\n'}
[14.246441] (ublox_msgs) StdoutLine: {'line': b'-- Up-to-date: /home/amigo-pi/amigo_ros2_pi/install/ublox_msgs/include/ublox_msgs/ublox_msgs/msg/detail/nav_sbassv__struct.h\n'}
[14.247621] (ublox_msgs) StdoutLine: {'line': b'-- Up-to-date: /home/amigo-pi/amigo_ros2_pi/install/ublox_msgs/include/ublox_msgs/ublox_msgs/msg/detail/esf_raw__functions.c\n'}
[14.248730] (ublox_msgs) StdoutLine: {'line': b'-- Up-to-date: /home/amigo-pi/amigo_ros2_pi/install/ublox_msgs/include/ublox_msgs/ublox_msgs/msg/detail/nav_satsv__struct.h\n'}
[14.252392] (ublox_msgs) StdoutLine: {'line': b'-- Up-to-date: /home/amigo-pi/amigo_ros2_pi/install/ublox_msgs/include/ublox_msgs/ublox_msgs/msg/detail/nav_pvt__functions.h\n'}
[14.255139] (ublox_msgs) StdoutLine: {'line': b'-- Up-to-date: /home/amigo-pi/amigo_ros2_pi/install/ublox_msgs/include/ublox_msgs/ublox_msgs/msg/detail/cfg_rate__functions.h\n'}
[14.256974] (ublox_msgs) StdoutLine: {'line': b'-- Up-to-date: /home/amigo-pi/amigo_ros2_pi/install/ublox_msgs/include/ublox_msgs/ublox_msgs/msg/detail/cfg_inf_block__functions.h\n'}
[14.258267] (ublox_msgs) StdoutLine: {'line': b'-- Up-to-date: /home/amigo-pi/amigo_ros2_pi/install/ublox_msgs/include/ublox_msgs/ublox_msgs/msg/detail/cfg_inf__type_support.h\n'}
[14.259708] (ublox_msgs) StdoutLine: {'line': b'-- Up-to-date: /home/amigo-pi/amigo_ros2_pi/install/ublox_msgs/include/ublox_msgs/ublox_msgs/msg/detail/esf_status__functions.h\n'}
[14.261729] (ublox_msgs) StdoutLine: {'line': b'-- Up-to-date: /home/amigo-pi/amigo_ros2_pi/install/ublox_msgs/include/ublox_msgs/ublox_msgs/msg/detail/cfg_usb__functions.h\n'}
[14.264299] (ublox_msgs) StdoutLine: {'line': b'-- Up-to-date: /home/amigo-pi/amigo_ros2_pi/install/ublox_msgs/include/ublox_msgs/ublox_msgs/msg/detail/nav_svinfosv__functions.c\n'}
[14.266591] (ublox_msgs) StdoutLine: {'line': b'-- Up-to-date: /home/amigo-pi/amigo_ros2_pi/install/ublox_msgs/include/ublox_msgs/ublox_msgs/msg/detail/cfg_prt__struct.h\n'}
[14.278520] (ublox_msgs) StdoutLine: {'line': b'-- Up-to-date: /home/amigo-pi/amigo_ros2_pi/install/ublox_msgs/include/ublox_msgs/ublox_msgs/msg/detail/inf__struct.h\n'}
[14.280640] (ublox_msgs) StdoutLine: {'line': b'-- Up-to-date: /home/amigo-pi/amigo_ros2_pi/install/ublox_msgs/include/ublox_msgs/ublox_msgs/msg/detail/esf_raw__functions.h\n'}
[14.282433] (ublox_msgs) StdoutLine: {'line': b'-- Up-to-date: /home/amigo-pi/amigo_ros2_pi/install/ublox_msgs/include/ublox_msgs/ublox_msgs/msg/detail/upd_sos_ack__functions.c\n'}
[14.285625] (ublox_msgs) StdoutLine: {'line': b'-- Up-to-date: /home/amigo-pi/amigo_ros2_pi/install/ublox_msgs/include/ublox_msgs/ublox_msgs/msg/detail/rxm_alm__type_support.h\n'}
[14.288082] (ublox_msgs) StdoutLine: {'line': b'-- Up-to-date: /home/amigo-pi/amigo_ros2_pi/install/ublox_msgs/include/ublox_msgs/ublox_msgs/msg/detail/rxm_raw__struct.h\n'}
[14.290457] (ublox_msgs) StdoutLine: {'line': b'-- Up-to-date: /home/amigo-pi/amigo_ros2_pi/install/ublox_msgs/include/ublox_msgs/ublox_msgs/msg/detail/upd_sos_ack__struct.h\n'}
[14.291768] (ublox_msgs) StdoutLine: {'line': b'-- Up-to-date: /home/amigo-pi/amigo_ros2_pi/install/ublox_msgs/include/ublox_msgs/ublox_msgs/msg/detail/cfg_nav5__functions.h\n'}
[14.293260] (ublox_msgs) StdoutLine: {'line': b'-- Up-to-date: /home/amigo-pi/amigo_ros2_pi/install/ublox_msgs/include/ublox_msgs/ublox_msgs/msg/detail/rxm_rawsv__functions.h\n'}
[14.295327] (ublox_msgs) StdoutLine: {'line': b'-- Up-to-date: /home/amigo-pi/amigo_ros2_pi/install/ublox_msgs/include/ublox_msgs/ublox_msgs/msg/detail/nav_velned__functions.h\n'}
[14.297355] (ublox_msgs) StdoutLine: {'line': b'-- Up-to-date: /home/amigo-pi/amigo_ros2_pi/install/ublox_msgs/include/ublox_msgs/ublox_msgs/msg/detail/mon_gnss__struct.h\n'}
[14.301294] (ublox_msgs) StdoutLine: {'line': b'-- Up-to-date: /home/amigo-pi/amigo_ros2_pi/install/ublox_msgs/include/ublox_msgs/ublox_msgs/msg/detail/hnr_pvt__type_support.h\n'}
[14.303361] (ublox_msgs) StdoutLine: {'line': b'-- Up-to-date: /home/amigo-pi/amigo_ros2_pi/install/ublox_msgs/include/ublox_msgs/ublox_msgs/msg/detail/rxm_raw__type_support.h\n'}
[14.305892] (ublox_msgs) StdoutLine: {'line': b'-- Up-to-date: /home/amigo-pi/amigo_ros2_pi/install/ublox_msgs/include/ublox_msgs/ublox_msgs/msg/detail/nav_svinfosv__struct.h\n'}
[14.307398] (ublox_msgs) StdoutLine: {'line': b'-- Up-to-date: /home/amigo-pi/amigo_ros2_pi/install/ublox_msgs/include/ublox_msgs/ublox_msgs/msg/detail/nav_dop__functions.c\n'}
[14.308861] (ublox_msgs) StdoutLine: {'line': b'-- Up-to-date: /home/amigo-pi/amigo_ros2_pi/install/ublox_msgs/include/ublox_msgs/ublox_msgs/msg/detail/rxm_svsisv__struct.h\n'}
[14.311039] (ublox_msgs) StdoutLine: {'line': b'-- Up-to-date: /home/amigo-pi/amigo_ros2_pi/install/ublox_msgs/include/ublox_msgs/ublox_msgs/msg/detail/nav_sbas__struct.h\n'}
[14.312230] (ublox_msgs) StdoutLine: {'line': b'-- Up-to-date: /home/amigo-pi/amigo_ros2_pi/install/ublox_msgs/include/ublox_msgs/ublox_msgs/msg/detail/cfg_hnr__type_support.h\n'}
[14.317642] (ublox_msgs) StdoutLine: {'line': b'-- Up-to-date: /home/amigo-pi/amigo_ros2_pi/install/ublox_msgs/include/ublox_msgs/ublox_msgs/msg/detail/esf_status__struct.h\n'}
[14.319575] (ublox_msgs) StdoutLine: {'line': b'-- Up-to-date: /home/amigo-pi/amigo_ros2_pi/install/ublox_msgs/include/ublox_msgs/ublox_msgs/msg/detail/nav_sat__struct.h\n'}
[14.321508] (ublox_msgs) StdoutLine: {'line': b'-- Up-to-date: /home/amigo-pi/amigo_ros2_pi/install/ublox_msgs/include/ublox_msgs/ublox_msgs/msg/detail/upd_sos__functions.c\n'}
[14.323010] (ublox_msgs) StdoutLine: {'line': b'-- Up-to-date: /home/amigo-pi/amigo_ros2_pi/install/ublox_msgs/include/ublox_msgs/ublox_msgs/msg/detail/inf__type_support.h\n'}
[14.324138] (ublox_msgs) StdoutLine: {'line': b'-- Up-to-date: /home/amigo-pi/amigo_ros2_pi/install/ublox_msgs/include/ublox_msgs/ublox_msgs/msg/detail/cfg_cfg__struct.h\n'}
[14.326197] (ublox_msgs) StdoutLine: {'line': b'-- Up-to-date: /home/amigo-pi/amigo_ros2_pi/install/ublox_msgs/include/ublox_msgs/ublox_msgs/msg/detail/mon_ver__struct.h\n'}
[14.328268] (ublox_msgs) StdoutLine: {'line': b'-- Up-to-date: /home/amigo-pi/amigo_ros2_pi/install/ublox_msgs/include/ublox_msgs/ublox_msgs/msg/detail/nav_velned__functions.c\n'}
[14.330108] (ublox_msgs) StdoutLine: {'line': b'-- Up-to-date: /home/amigo-pi/amigo_ros2_pi/install/ublox_msgs/include/ublox_msgs/ublox_msgs/msg/detail/cfg_rate__functions.c\n'}
[14.332100] (ublox_msgs) StdoutLine: {'line': b'-- Up-to-date: /home/amigo-pi/amigo_ros2_pi/install/ublox_msgs/include/ublox_msgs/ublox_msgs/msg/detail/ack__functions.h\n'}
[14.334586] (ublox_msgs) StdoutLine: {'line': b'-- Up-to-date: /home/amigo-pi/amigo_ros2_pi/install/ublox_msgs/include/ublox_msgs/ublox_msgs/msg/detail/nav_satsv__type_support.h\n'}
[14.336640] (ublox_msgs) StdoutLine: {'line': b'-- Up-to-date: /home/amigo-pi/amigo_ros2_pi/install/ublox_msgs/include/ublox_msgs/ublox_msgs/msg/detail/esf_ins__functions.c\n'}
[14.338566] (ublox_msgs) StdoutLine: {'line': b'-- Up-to-date: /home/amigo-pi/amigo_ros2_pi/install/ublox_msgs/include/ublox_msgs/ublox_msgs/msg/detail/mon_ver_extension__functions.c\n'}
[14.340098] (-) TimerEvent: {}
[14.341198] (ublox_msgs) StdoutLine: {'line': b'-- Up-to-date: /home/amigo-pi/amigo_ros2_pi/install/ublox_msgs/include/ublox_msgs/ublox_msgs/msg/detail/rxm_sfrb__type_support.h\n'}
[14.341865] (ublox_msgs) StdoutLine: {'line': b'-- Up-to-date: /home/amigo-pi/amigo_ros2_pi/install/ublox_msgs/include/ublox_msgs/ublox_msgs/msg/detail/cfg_inf__functions.c\n'}
[14.342778] (ublox_msgs) StdoutLine: {'line': b'-- Up-to-date: /home/amigo-pi/amigo_ros2_pi/install/ublox_msgs/include/ublox_msgs/ublox_msgs/msg/detail/cfg_rate__type_support.h\n'}
[14.343584] (ublox_msgs) StdoutLine: {'line': b'-- Up-to-date: /home/amigo-pi/amigo_ros2_pi/install/ublox_msgs/include/ublox_msgs/ublox_msgs/msg/detail/nav_att__functions.c\n'}
[14.344363] (ublox_msgs) StdoutLine: {'line': b'-- Up-to-date: /home/amigo-pi/amigo_ros2_pi/install/ublox_msgs/include/ublox_msgs/ublox_msgs/msg/detail/mon_hw__functions.c\n'}
[14.345381] (ublox_msgs) StdoutLine: {'line': b'-- Up-to-date: /home/amigo-pi/amigo_ros2_pi/install/ublox_msgs/include/ublox_msgs/ublox_msgs/msg/detail/nav_relposned__struct.h\n'}
[14.346340] (ublox_msgs) StdoutLine: {'line': b'-- Up-to-date: /home/amigo-pi/amigo_ros2_pi/install/ublox_msgs/include/ublox_msgs/ublox_msgs/msg/detail/rxm_rtcm__type_support.h\n'}
[14.347731] (ublox_msgs) StdoutLine: {'line': b'-- Up-to-date: /home/amigo-pi/amigo_ros2_pi/install/ublox_msgs/include/ublox_msgs/ublox_msgs/msg/detail/nav_sol__functions.h\n'}
[14.349563] (ublox_msgs) StdoutLine: {'line': b'-- Up-to-date: /home/amigo-pi/amigo_ros2_pi/install/ublox_msgs/include/ublox_msgs/ublox_msgs/msg/detail/cfg_cfg__type_support.h\n'}
[14.353329] (ublox_msgs) StdoutLine: {'line': b'-- Up-to-date: /home/amigo-pi/amigo_ros2_pi/install/ublox_msgs/include/ublox_msgs/ublox_msgs/msg/detail/rxm_alm__functions.c\n'}
[14.354798] (ublox_msgs) StdoutLine: {'line': b'-- Up-to-date: /home/amigo-pi/amigo_ros2_pi/install/ublox_msgs/include/ublox_msgs/ublox_msgs/msg/detail/nav_sbassv__functions.h\n'}
[14.355805] (ublox_msgs) StdoutLine: {'line': b'-- Up-to-date: /home/amigo-pi/amigo_ros2_pi/install/ublox_msgs/include/ublox_msgs/ublox_msgs/msg/detail/mon_hw6__struct.h\n'}
[14.356879] (ublox_msgs) StdoutLine: {'line': b'-- Up-to-date: /home/amigo-pi/amigo_ros2_pi/install/ublox_msgs/include/ublox_msgs/ublox_msgs/msg/detail/nav_dgpssv__struct.h\n'}
[14.358123] (ublox_msgs) StdoutLine: {'line': b'-- Up-to-date: /home/amigo-pi/amigo_ros2_pi/install/ublox_msgs/include/ublox_msgs/ublox_msgs/msg/detail/cfg_dgnss__functions.h\n'}
[14.359149] (ublox_msgs) StdoutLine: {'line': b'-- Up-to-date: /home/amigo-pi/amigo_ros2_pi/install/ublox_msgs/include/ublox_msgs/ublox_msgs/msg/detail/nav_att__functions.h\n'}
[14.360450] (ublox_msgs) StdoutLine: {'line': b'-- Up-to-date: /home/amigo-pi/amigo_ros2_pi/install/ublox_msgs/include/ublox_msgs/ublox_msgs/msg/detail/aid_eph__type_support.h\n'}
[14.362142] (ublox_msgs) StdoutLine: {'line': b'-- Up-to-date: /home/amigo-pi/amigo_ros2_pi/install/ublox_msgs/include/ublox_msgs/ublox_msgs/msg/detail/rxm_rawsv__struct.h\n'}
[14.363913] (ublox_msgs) StdoutLine: {'line': b'-- Up-to-date: /home/amigo-pi/amigo_ros2_pi/install/ublox_msgs/include/ublox_msgs/ublox_msgs/msg/detail/cfg_ant__type_support.h\n'}
[14.365641] (ublox_msgs) StdoutLine: {'line': b'-- Up-to-date: /home/amigo-pi/amigo_ros2_pi/install/ublox_msgs/include/ublox_msgs/ublox_msgs/msg/detail/cfg_hnr__functions.h\n'}
[14.367559] (ublox_msgs) StdoutLine: {'line': b'-- Up-to-date: /home/amigo-pi/amigo_ros2_pi/install/ublox_msgs/include/ublox_msgs/ublox_msgs/msg/detail/cfg_msg__type_support.h\n'}
[14.378673] (ublox_msgs) StdoutLine: {'line': b'-- Up-to-date: /home/amigo-pi/amigo_ros2_pi/install/ublox_msgs/include/ublox_msgs/ublox_msgs/msg/detail/rxm_sfrbx__functions.c\n'}
[14.380647] (ublox_msgs) StdoutLine: {'line': b'-- Up-to-date: /home/amigo-pi/amigo_ros2_pi/install/ublox_msgs/include/ublox_msgs/ublox_msgs/msg/detail/aid_hui__functions.c\n'}
[14.383063] (ublox_msgs) StdoutLine: {'line': b'-- Up-to-date: /home/amigo-pi/amigo_ros2_pi/install/ublox_msgs/include/ublox_msgs/ublox_msgs/msg/detail/nav_clock__type_support.h\n'}
[14.385548] (ublox_msgs) StdoutLine: {'line': b'-- Up-to-date: /home/amigo-pi/amigo_ros2_pi/install/ublox_msgs/include/ublox_msgs/ublox_msgs/msg/detail/nav_relposned__functions.h\n'}
[14.387621] (ublox_msgs) StdoutLine: {'line': b'-- Up-to-date: /home/amigo-pi/amigo_ros2_pi/install/ublox_msgs/include/ublox_msgs/ublox_msgs/msg/detail/nav_sol__struct.h\n'}
[14.389040] (ublox_msgs) StdoutLine: {'line': b'-- Up-to-date: /home/amigo-pi/amigo_ros2_pi/install/ublox_msgs/include/ublox_msgs/ublox_msgs/msg/detail/mga_gal__functions.h\n'}
[14.390550] (ublox_msgs) StdoutLine: {'line': b'-- Up-to-date: /home/amigo-pi/amigo_ros2_pi/install/ublox_msgs/include/ublox_msgs/ublox_msgs/msg/detail/rxm_svsisv__functions.c\n'}
[14.391924] (ublox_msgs) StdoutLine: {'line': b'-- Up-to-date: /home/amigo-pi/amigo_ros2_pi/install/ublox_msgs/include/ublox_msgs/ublox_msgs/msg/mon_hw6.h\n'}
[14.393088] (ublox_msgs) StdoutLine: {'line': b'-- Up-to-date: /home/amigo-pi/amigo_ros2_pi/install/ublox_msgs/include/ublox_msgs/ublox_msgs/msg/esf_ins.h\n'}
[14.394099] (ublox_msgs) StdoutLine: {'line': b'-- Up-to-date: /home/amigo-pi/amigo_ros2_pi/install/ublox_msgs/include/ublox_msgs/ublox_msgs/msg/rxm_rawx_meas.h\n'}
[14.395302] (ublox_msgs) StdoutLine: {'line': b'-- Up-to-date: /home/amigo-pi/amigo_ros2_pi/install/ublox_msgs/include/ublox_msgs/ublox_msgs/msg/nav_velecef.h\n'}
[14.396414] (ublox_msgs) StdoutLine: {'line': b'-- Up-to-date: /home/amigo-pi/amigo_ros2_pi/install/ublox_msgs/include/ublox_msgs/ublox_msgs/msg/nav_relposned.h\n'}
[14.398183] (ublox_msgs) StdoutLine: {'line': b'-- Up-to-date: /home/amigo-pi/amigo_ros2_pi/install/ublox_msgs/include/ublox_msgs/ublox_msgs/msg/nav_status.h\n'}
[14.401001] (ublox_msgs) StdoutLine: {'line': b'-- Up-to-date: /home/amigo-pi/amigo_ros2_pi/install/ublox_msgs/include/ublox_msgs/ublox_msgs/msg/nav_dgpssv.h\n'}
[14.402669] (ublox_msgs) StdoutLine: {'line': b'-- Up-to-date: /home/amigo-pi/amigo_ros2_pi/install/ublox_msgs/include/ublox_msgs/ublox_msgs/msg/cfg_cfg.h\n'}
[14.403876] (ublox_msgs) StdoutLine: {'line': b'-- Up-to-date: /home/amigo-pi/amigo_ros2_pi/install/ublox_msgs/include/ublox_msgs/ublox_msgs/msg/rxm_svsisv.h\n'}
[14.405119] (ublox_msgs) StdoutLine: {'line': b'-- Up-to-date: /home/amigo-pi/amigo_ros2_pi/install/ublox_msgs/include/ublox_msgs/ublox_msgs/msg/nav_clock.h\n'}
[14.406479] (ublox_msgs) StdoutLine: {'line': b'-- Up-to-date: /home/amigo-pi/amigo_ros2_pi/install/ublox_msgs/include/ublox_msgs/ublox_msgs/msg/rxm_eph.h\n'}
[14.407511] (ublox_msgs) StdoutLine: {'line': b'-- Up-to-date: /home/amigo-pi/amigo_ros2_pi/install/ublox_msgs/include/ublox_msgs/ublox_msgs/msg/cfg_nmea.h\n'}
[14.408856] (ublox_msgs) StdoutLine: {'line': b'-- Up-to-date: /home/amigo-pi/amigo_ros2_pi/install/ublox_msgs/include/ublox_msgs/ublox_msgs/msg/cfg_sbas.h\n'}
[14.410373] (ublox_msgs) StdoutLine: {'line': b'-- Up-to-date: /home/amigo-pi/amigo_ros2_pi/install/ublox_msgs/include/ublox_msgs/ublox_msgs/msg/cfg_msg.h\n'}
[14.411838] (ublox_msgs) StdoutLine: {'line': b'-- Up-to-date: /home/amigo-pi/amigo_ros2_pi/install/ublox_msgs/include/ublox_msgs/ublox_msgs/msg/nav_svinfosv.h\n'}
[14.412759] (ublox_msgs) StdoutLine: {'line': b'-- Up-to-date: /home/amigo-pi/amigo_ros2_pi/install/ublox_msgs/include/ublox_msgs/ublox_msgs/msg/aid_alm.h\n'}
[14.414716] (ublox_msgs) StdoutLine: {'line': b'-- Up-to-date: /home/amigo-pi/amigo_ros2_pi/install/ublox_msgs/include/ublox_msgs/ublox_msgs/msg/cfg_nmea7.h\n'}
[14.417241] (ublox_msgs) StdoutLine: {'line': b'-- Up-to-date: /home/amigo-pi/amigo_ros2_pi/install/ublox_msgs/include/ublox_msgs/ublox_msgs/msg/nav_posllh.h\n'}
[14.418776] (ublox_msgs) StdoutLine: {'line': b'-- Up-to-date: /home/amigo-pi/amigo_ros2_pi/install/ublox_msgs/include/ublox_msgs/ublox_msgs/msg/cfg_inf_block.h\n'}
[14.419926] (ublox_msgs) StdoutLine: {'line': b'-- Up-to-date: /home/amigo-pi/amigo_ros2_pi/install/ublox_msgs/include/ublox_msgs/ublox_msgs/msg/aid_hui.h\n'}
[14.420830] (ublox_msgs) StdoutLine: {'line': b'-- Up-to-date: /home/amigo-pi/amigo_ros2_pi/install/ublox_msgs/include/ublox_msgs/ublox_msgs/msg/nav_velned.h\n'}
[14.421783] (ublox_msgs) StdoutLine: {'line': b'-- Up-to-date: /home/amigo-pi/amigo_ros2_pi/install/ublox_msgs/include/ublox_msgs/ublox_msgs/msg/rxm_rtcm.h\n'}
[14.422921] (ublox_msgs) StdoutLine: {'line': b'-- Up-to-date: /home/amigo-pi/amigo_ros2_pi/install/ublox_msgs/include/ublox_msgs/ublox_msgs/msg/tim_tm2.h\n'}
[14.423792] (ublox_msgs) StdoutLine: {'line': b'-- Up-to-date: /home/amigo-pi/amigo_ros2_pi/install/ublox_msgs/include/ublox_msgs/ublox_msgs/msg/nav_posecef.h\n'}
[14.424765] (ublox_msgs) StdoutLine: {'line': b'-- Up-to-date: /home/amigo-pi/amigo_ros2_pi/install/ublox_msgs/include/ublox_msgs/ublox_msgs/msg/nav_svin.h\n'}
[14.426451] (ublox_msgs) StdoutLine: {'line': b'-- Up-to-date: /home/amigo-pi/amigo_ros2_pi/install/ublox_msgs/include/ublox_msgs/ublox_msgs/msg/ack.h\n'}
[14.427968] (ublox_msgs) StdoutLine: {'line': b'-- Up-to-date: /home/amigo-pi/amigo_ros2_pi/install/ublox_msgs/include/ublox_msgs/ublox_msgs/msg/nav_att.h\n'}
[14.430202] (ublox_msgs) StdoutLine: {'line': b'-- Up-to-date: /home/amigo-pi/amigo_ros2_pi/install/ublox_msgs/include/ublox_msgs/ublox_msgs/msg/cfg_prt.h\n'}
[14.431620] (ublox_msgs) StdoutLine: {'line': b'-- Up-to-date: /home/amigo-pi/amigo_ros2_pi/install/ublox_msgs/share/ublox_msgs/environment/library_path.sh\n'}
[14.433003] (ublox_msgs) StdoutLine: {'line': b'-- Up-to-date: /home/amigo-pi/amigo_ros2_pi/install/ublox_msgs/share/ublox_msgs/environment/library_path.dsv\n'}
[14.434633] (ublox_msgs) StdoutLine: {'line': b'-- Up-to-date: /home/amigo-pi/amigo_ros2_pi/install/ublox_msgs/lib/libublox_msgs__rosidl_generator_c.so\n'}
[14.435846] (ublox_msgs) StdoutLine: {'line': b'-- Up-to-date: /home/amigo-pi/amigo_ros2_pi/install/ublox_msgs/include/ublox_msgs/ublox_msgs\n'}
[14.436878] (ublox_msgs) StdoutLine: {'line': b'-- Up-to-date: /home/amigo-pi/amigo_ros2_pi/install/ublox_msgs/include/ublox_msgs/ublox_msgs/msg\n'}
[14.437890] (ublox_msgs) StdoutLine: {'line': b'-- Up-to-date: /home/amigo-pi/amigo_ros2_pi/install/ublox_msgs/include/ublox_msgs/ublox_msgs/msg/detail\n'}
[14.439335] (ublox_msgs) StdoutLine: {'line': b'-- Up-to-date: /home/amigo-pi/amigo_ros2_pi/install/ublox_msgs/include/ublox_msgs/ublox_msgs/msg/detail/cfg_usb__rosidl_typesupport_fastrtps_c.h\n'}
[14.440081] (ublox_msgs) StdoutLine: {'line': b'-- Up-to-date: /home/amigo-pi/amigo_ros2_pi/install/ublox_msgs/include/ublox_msgs/ublox_msgs/msg/detail/cfg_rst__rosidl_typesupport_fastrtps_c.h\n'}
[14.441201] (-) TimerEvent: {}
[14.442182] (ublox_msgs) StdoutLine: {'line': b'-- Up-to-date: /home/amigo-pi/amigo_ros2_pi/install/ublox_msgs/include/ublox_msgs/ublox_msgs/msg/detail/inf__rosidl_typesupport_fastrtps_c.h\n'}
[14.442960] (ublox_msgs) StdoutLine: {'line': b'-- Up-to-date: /home/amigo-pi/amigo_ros2_pi/install/ublox_msgs/include/ublox_msgs/ublox_msgs/msg/detail/cfg_inf_block__rosidl_typesupport_fastrtps_c.h\n'}
[14.444015] (ublox_msgs) StdoutLine: {'line': b'-- Up-to-date: /home/amigo-pi/amigo_ros2_pi/install/ublox_msgs/include/ublox_msgs/ublox_msgs/msg/detail/nav_sbassv__rosidl_typesupport_fastrtps_c.h\n'}
[14.444994] (ublox_msgs) StdoutLine: {'line': b'-- Up-to-date: /home/amigo-pi/amigo_ros2_pi/install/ublox_msgs/include/ublox_msgs/ublox_msgs/msg/detail/esf_raw__rosidl_typesupport_fastrtps_c.h\n'}
[14.445924] (ublox_msgs) StdoutLine: {'line': b'-- Up-to-date: /home/amigo-pi/amigo_ros2_pi/install/ublox_msgs/include/ublox_msgs/ublox_msgs/msg/detail/rxm_alm__rosidl_typesupport_fastrtps_c.h\n'}
[14.446823] (ublox_msgs) StdoutLine: {'line': b'-- Up-to-date: /home/amigo-pi/amigo_ros2_pi/install/ublox_msgs/include/ublox_msgs/ublox_msgs/msg/detail/nav_pvt7__rosidl_typesupport_fastrtps_c.h\n'}
[14.447424] (ublox_msgs) StdoutLine: {'line': b'-- Up-to-date: /home/amigo-pi/amigo_ros2_pi/install/ublox_msgs/include/ublox_msgs/ublox_msgs/msg/detail/rxm_rtcm__rosidl_typesupport_fastrtps_c.h\n'}
[14.448161] (ublox_msgs) StdoutLine: {'line': b'-- Up-to-date: /home/amigo-pi/amigo_ros2_pi/install/ublox_msgs/include/ublox_msgs/ublox_msgs/msg/detail/mon_ver_extension__rosidl_typesupport_fastrtps_c.h\n'}
[14.449055] (ublox_msgs) StdoutLine: {'line': b'-- Up-to-date: /home/amigo-pi/amigo_ros2_pi/install/ublox_msgs/include/ublox_msgs/ublox_msgs/msg/detail/aid_hui__rosidl_typesupport_fastrtps_c.h\n'}
[14.449872] (ublox_msgs) StdoutLine: {'line': b'-- Up-to-date: /home/amigo-pi/amigo_ros2_pi/install/ublox_msgs/include/ublox_msgs/ublox_msgs/msg/detail/rxm_eph__rosidl_typesupport_fastrtps_c.h\n'}
[14.450619] (ublox_msgs) StdoutLine: {'line': b'-- Up-to-date: /home/amigo-pi/amigo_ros2_pi/install/ublox_msgs/include/ublox_msgs/ublox_msgs/msg/detail/rxm_raw__rosidl_typesupport_fastrtps_c.h\n'}
[14.451309] (ublox_msgs) StdoutLine: {'line': b'-- Up-to-date: /home/amigo-pi/amigo_ros2_pi/install/ublox_msgs/include/ublox_msgs/ublox_msgs/msg/detail/nav_velned__rosidl_typesupport_fastrtps_c.h\n'}
[14.454002] (ublox_msgs) StdoutLine: {'line': b'-- Up-to-date: /home/amigo-pi/amigo_ros2_pi/install/ublox_msgs/include/ublox_msgs/ublox_msgs/msg/detail/cfg_ant__rosidl_typesupport_fastrtps_c.h\n'}
[14.456154] (ublox_msgs) StdoutLine: {'line': b'-- Up-to-date: /home/amigo-pi/amigo_ros2_pi/install/ublox_msgs/include/ublox_msgs/ublox_msgs/msg/detail/cfg_cfg__rosidl_typesupport_fastrtps_c.h\n'}
[14.458253] (ublox_msgs) StdoutLine: {'line': b'-- Up-to-date: /home/amigo-pi/amigo_ros2_pi/install/ublox_msgs/include/ublox_msgs/ublox_msgs/msg/detail/rxm_sfrb__rosidl_typesupport_fastrtps_c.h\n'}
[14.459386] (ublox_msgs) StdoutLine: {'line': b'-- Up-to-date: /home/amigo-pi/amigo_ros2_pi/install/ublox_msgs/include/ublox_msgs/ublox_msgs/msg/detail/cfg_rate__rosidl_typesupport_fastrtps_c.h\n'}
[14.460514] (ublox_msgs) StdoutLine: {'line': b'-- Up-to-date: /home/amigo-pi/amigo_ros2_pi/install/ublox_msgs/include/ublox_msgs/ublox_msgs/msg/detail/tim_tm2__rosidl_typesupport_fastrtps_c.h\n'}
[14.461567] (ublox_msgs) StdoutLine: {'line': b'-- Up-to-date: /home/amigo-pi/amigo_ros2_pi/install/ublox_msgs/include/ublox_msgs/ublox_msgs/msg/detail/upd_sos__rosidl_typesupport_fastrtps_c.h\n'}
[14.462789] (ublox_msgs) StdoutLine: {'line': b'-- Up-to-date: /home/amigo-pi/amigo_ros2_pi/install/ublox_msgs/include/ublox_msgs/ublox_msgs/msg/detail/esf_status_sens__rosidl_typesupport_fastrtps_c.h\n'}
[14.463677] (ublox_msgs) StdoutLine: {'line': b'-- Up-to-date: /home/amigo-pi/amigo_ros2_pi/install/ublox_msgs/include/ublox_msgs/ublox_msgs/msg/detail/cfg_nav5__rosidl_typesupport_fastrtps_c.h\n'}
[14.464981] (ublox_msgs) StdoutLine: {'line': b'-- Up-to-date: /home/amigo-pi/amigo_ros2_pi/install/ublox_msgs/include/ublox_msgs/ublox_msgs/msg/detail/upd_sos_ack__rosidl_typesupport_fastrtps_c.h\n'}
[14.466644] (ublox_msgs) StdoutLine: {'line': b'-- Up-to-date: /home/amigo-pi/amigo_ros2_pi/install/ublox_msgs/include/ublox_msgs/ublox_msgs/msg/detail/nav_satsv__rosidl_typesupport_fastrtps_c.h\n'}
[14.467900] (ublox_msgs) StdoutLine: {'line': b'-- Up-to-date: /home/amigo-pi/amigo_ros2_pi/install/ublox_msgs/include/ublox_msgs/ublox_msgs/msg/detail/nav_svin__rosidl_typesupport_fastrtps_c.h\n'}
[14.478378] (ublox_msgs) StdoutLine: {'line': b'-- Up-to-date: /home/amigo-pi/amigo_ros2_pi/install/ublox_msgs/include/ublox_msgs/ublox_msgs/msg/detail/nav_relposned__rosidl_typesupport_fastrtps_c.h\n'}
[14.479749] (ublox_msgs) StdoutLine: {'line': b'-- Up-to-date: /home/amigo-pi/amigo_ros2_pi/install/ublox_msgs/include/ublox_msgs/ublox_msgs/msg/detail/mon_ver__rosidl_typesupport_fastrtps_c.h\n'}
[14.480372] (ublox_msgs) StdoutLine: {'line': b'-- Up-to-date: /home/amigo-pi/amigo_ros2_pi/install/ublox_msgs/include/ublox_msgs/ublox_msgs/msg/detail/aid_eph__rosidl_typesupport_fastrtps_c.h\n'}
[14.481301] (ublox_msgs) StdoutLine: {'line': b'-- Up-to-date: /home/amigo-pi/amigo_ros2_pi/install/ublox_msgs/include/ublox_msgs/ublox_msgs/msg/detail/rxm_rawsv__rosidl_typesupport_fastrtps_c.h\n'}
[14.482393] (ublox_msgs) StdoutLine: {'line': b'-- Up-to-date: /home/amigo-pi/amigo_ros2_pi/install/ublox_msgs/include/ublox_msgs/ublox_msgs/msg/detail/cfg_msg__rosidl_typesupport_fastrtps_c.h\n'}
[14.483510] (ublox_msgs) StdoutLine: {'line': b'-- Up-to-date: /home/amigo-pi/amigo_ros2_pi/install/ublox_msgs/include/ublox_msgs/ublox_msgs/msg/detail/cfg_hnr__rosidl_typesupport_fastrtps_c.h\n'}
[14.485993] (ublox_msgs) StdoutLine: {'line': b'-- Up-to-date: /home/amigo-pi/amigo_ros2_pi/install/ublox_msgs/include/ublox_msgs/ublox_msgs/msg/detail/esf_meas__rosidl_typesupport_fastrtps_c.h\n'}
[14.486723] (ublox_msgs) StdoutLine: {'line': b'-- Up-to-date: /home/amigo-pi/amigo_ros2_pi/install/ublox_msgs/include/ublox_msgs/ublox_msgs/msg/detail/mon_hw6__rosidl_typesupport_fastrtps_c.h\n'}
[14.487626] (ublox_msgs) StdoutLine: {'line': b'-- Up-to-date: /home/amigo-pi/amigo_ros2_pi/install/ublox_msgs/include/ublox_msgs/ublox_msgs/msg/detail/nav_sat__rosidl_typesupport_fastrtps_c.h\n'}
[14.488276] (ublox_msgs) StdoutLine: {'line': b'-- Up-to-date: /home/amigo-pi/amigo_ros2_pi/install/ublox_msgs/include/ublox_msgs/ublox_msgs/msg/detail/nav_svinfosv__rosidl_typesupport_fastrtps_c.h\n'}
[14.489447] (ublox_msgs) StdoutLine: {'line': b'-- Up-to-date: /home/amigo-pi/amigo_ros2_pi/install/ublox_msgs/include/ublox_msgs/ublox_msgs/msg/detail/nav_sol__rosidl_typesupport_fastrtps_c.h\n'}
[14.490660] (ublox_msgs) StdoutLine: {'line': b'-- Up-to-date: /home/amigo-pi/amigo_ros2_pi/install/ublox_msgs/include/ublox_msgs/ublox_msgs/msg/detail/cfg_gnss_block__rosidl_typesupport_fastrtps_c.h\n'}
[14.491224] (ublox_msgs) StdoutLine: {'line': b'-- Up-to-date: /home/amigo-pi/amigo_ros2_pi/install/ublox_msgs/include/ublox_msgs/ublox_msgs/msg/detail/cfg_inf__rosidl_typesupport_fastrtps_c.h\n'}
[14.491882] (ublox_msgs) StdoutLine: {'line': b'-- Up-to-date: /home/amigo-pi/amigo_ros2_pi/install/ublox_msgs/include/ublox_msgs/ublox_msgs/msg/detail/nav_relposned9__rosidl_typesupport_fastrtps_c.h\n'}
[14.493528] (ublox_msgs) StdoutLine: {'line': b'-- Up-to-date: /home/amigo-pi/amigo_ros2_pi/install/ublox_msgs/include/ublox_msgs/ublox_msgs/msg/detail/cfg_nmea7__rosidl_typesupport_fastrtps_c.h\n'}
[14.495371] (ublox_msgs) StdoutLine: {'line': b'-- Up-to-date: /home/amigo-pi/amigo_ros2_pi/install/ublox_msgs/include/ublox_msgs/ublox_msgs/msg/detail/nav_pvt__rosidl_typesupport_fastrtps_c.h\n'}
[14.497648] (ublox_msgs) StdoutLine: {'line': b'-- Up-to-date: /home/amigo-pi/amigo_ros2_pi/install/ublox_msgs/include/ublox_msgs/ublox_msgs/msg/detail/rxm_svsi__rosidl_typesupport_fastrtps_c.h\n'}
[14.499060] (ublox_msgs) StdoutLine: {'line': b'-- Up-to-date: /home/amigo-pi/amigo_ros2_pi/install/ublox_msgs/include/ublox_msgs/ublox_msgs/msg/detail/rxm_sfrbx__rosidl_typesupport_fastrtps_c.h\n'}
[14.503225] (ublox_msgs) StdoutLine: {'line': b'-- Up-to-date: /home/amigo-pi/amigo_ros2_pi/install/ublox_msgs/include/ublox_msgs/ublox_msgs/msg/detail/cfg_dat__rosidl_typesupport_fastrtps_c.h\n'}
[14.504629] (ublox_msgs) StdoutLine: {'line': b'-- Up-to-date: /home/amigo-pi/amigo_ros2_pi/install/ublox_msgs/include/ublox_msgs/ublox_msgs/msg/detail/esf_status__rosidl_typesupport_fastrtps_c.h\n'}
[14.506299] (ublox_msgs) StdoutLine: {'line': b'-- Up-to-date: /home/amigo-pi/amigo_ros2_pi/install/ublox_msgs/include/ublox_msgs/ublox_msgs/msg/detail/mga_gal__rosidl_typesupport_fastrtps_c.h\n'}
[14.508493] (ublox_msgs) StdoutLine: {'line': b'-- Up-to-date: /home/amigo-pi/amigo_ros2_pi/install/ublox_msgs/include/ublox_msgs/ublox_msgs/msg/detail/nav_timegps__rosidl_typesupport_fastrtps_c.h\n'}
[14.510010] (ublox_msgs) StdoutLine: {'line': b'-- Up-to-date: /home/amigo-pi/amigo_ros2_pi/install/ublox_msgs/include/ublox_msgs/ublox_msgs/msg/detail/cfg_tmode3__rosidl_typesupport_fastrtps_c.h\n'}
[14.511677] (ublox_msgs) StdoutLine: {'line': b'-- Up-to-date: /home/amigo-pi/amigo_ros2_pi/install/ublox_msgs/include/ublox_msgs/ublox_msgs/msg/detail/nav_status__rosidl_typesupport_fastrtps_c.h\n'}
[14.512730] (ublox_msgs) StdoutLine: {'line': b'-- Up-to-date: /home/amigo-pi/amigo_ros2_pi/install/ublox_msgs/include/ublox_msgs/ublox_msgs/msg/detail/nav_sbas__rosidl_typesupport_fastrtps_c.h\n'}
[14.513809] (ublox_msgs) StdoutLine: {'line': b'-- Up-to-date: /home/amigo-pi/amigo_ros2_pi/install/ublox_msgs/include/ublox_msgs/ublox_msgs/msg/detail/nav_clock__rosidl_typesupport_fastrtps_c.h\n'}
[14.515003] (ublox_msgs) StdoutLine: {'line': b'-- Up-to-date: /home/amigo-pi/amigo_ros2_pi/install/ublox_msgs/include/ublox_msgs/ublox_msgs/msg/detail/cfg_sbas__rosidl_typesupport_fastrtps_c.h\n'}
[14.515929] (ublox_msgs) StdoutLine: {'line': b'-- Up-to-date: /home/amigo-pi/amigo_ros2_pi/install/ublox_msgs/include/ublox_msgs/ublox_msgs/msg/detail/cfg_navx5__rosidl_typesupport_fastrtps_c.h\n'}
[14.516878] (ublox_msgs) StdoutLine: {'line': b'-- Up-to-date: /home/amigo-pi/amigo_ros2_pi/install/ublox_msgs/include/ublox_msgs/ublox_msgs/msg/detail/esf_ins__rosidl_typesupport_fastrtps_c.h\n'}
[14.518492] (ublox_msgs) StdoutLine: {'line': b'-- Up-to-date: /home/amigo-pi/amigo_ros2_pi/install/ublox_msgs/include/ublox_msgs/ublox_msgs/msg/detail/nav_svinfo__rosidl_typesupport_fastrtps_c.h\n'}
[14.521023] (ublox_msgs) StdoutLine: {'line': b'-- Up-to-date: /home/amigo-pi/amigo_ros2_pi/install/ublox_msgs/include/ublox_msgs/ublox_msgs/msg/detail/cfg_gnss__rosidl_typesupport_fastrtps_c.h\n'}
[14.523398] (ublox_msgs) StdoutLine: {'line': b'-- Up-to-date: /home/amigo-pi/amigo_ros2_pi/install/ublox_msgs/include/ublox_msgs/ublox_msgs/msg/detail/nav_velecef__rosidl_typesupport_fastrtps_c.h\n'}
[14.525363] (ublox_msgs) StdoutLine: {'line': b'-- Up-to-date: /home/amigo-pi/amigo_ros2_pi/install/ublox_msgs/include/ublox_msgs/ublox_msgs/msg/detail/mon_gnss__rosidl_typesupport_fastrtps_c.h\n'}
[14.527373] (ublox_msgs) StdoutLine: {'line': b'-- Up-to-date: /home/amigo-pi/amigo_ros2_pi/install/ublox_msgs/include/ublox_msgs/ublox_msgs/msg/detail/ack__rosidl_typesupport_fastrtps_c.h\n'}
[14.529786] (ublox_msgs) StdoutLine: {'line': b'-- Up-to-date: /home/amigo-pi/amigo_ros2_pi/install/ublox_msgs/include/ublox_msgs/ublox_msgs/msg/detail/nav_timeutc__rosidl_typesupport_fastrtps_c.h\n'}
[14.531699] (ublox_msgs) StdoutLine: {'line': b'-- Up-to-date: /home/amigo-pi/amigo_ros2_pi/install/ublox_msgs/include/ublox_msgs/ublox_msgs/msg/detail/cfg_dgnss__rosidl_typesupport_fastrtps_c.h\n'}
[14.533360] (ublox_msgs) StdoutLine: {'line': b'-- Up-to-date: /home/amigo-pi/amigo_ros2_pi/install/ublox_msgs/include/ublox_msgs/ublox_msgs/msg/detail/cfg_prt__rosidl_typesupport_fastrtps_c.h\n'}
[14.535994] (ublox_msgs) StdoutLine: {'line': b'-- Up-to-date: /home/amigo-pi/amigo_ros2_pi/install/ublox_msgs/include/ublox_msgs/ublox_msgs/msg/detail/hnr_pvt__rosidl_typesupport_fastrtps_c.h\n'}
[14.537700] (ublox_msgs) StdoutLine: {'line': b'-- Up-to-date: /home/amigo-pi/amigo_ros2_pi/install/ublox_msgs/include/ublox_msgs/ublox_msgs/msg/detail/mon_hw__rosidl_typesupport_fastrtps_c.h\n'}
[14.541318] (-) TimerEvent: {}
[14.543268] (ublox_msgs) StdoutLine: {'line': b'-- Up-to-date: /home/amigo-pi/amigo_ros2_pi/install/ublox_msgs/include/ublox_msgs/ublox_msgs/msg/detail/rxm_svsisv__rosidl_typesupport_fastrtps_c.h\n'}
[14.545384] (ublox_msgs) StdoutLine: {'line': b'-- Up-to-date: /home/amigo-pi/amigo_ros2_pi/install/ublox_msgs/include/ublox_msgs/ublox_msgs/msg/detail/aid_alm__rosidl_typesupport_fastrtps_c.h\n'}
[14.547683] (ublox_msgs) StdoutLine: {'line': b'-- Up-to-date: /home/amigo-pi/amigo_ros2_pi/install/ublox_msgs/include/ublox_msgs/ublox_msgs/msg/detail/rxm_rawx__rosidl_typesupport_fastrtps_c.h\n'}
[14.549545] (ublox_msgs) StdoutLine: {'line': b'-- Up-to-date: /home/amigo-pi/amigo_ros2_pi/install/ublox_msgs/include/ublox_msgs/ublox_msgs/msg/detail/cfg_nmea__rosidl_typesupport_fastrtps_c.h\n'}
[14.551607] (ublox_msgs) StdoutLine: {'line': b'-- Up-to-date: /home/amigo-pi/amigo_ros2_pi/install/ublox_msgs/include/ublox_msgs/ublox_msgs/msg/detail/nav_att__rosidl_typesupport_fastrtps_c.h\n'}
[14.557253] (ublox_msgs) StdoutLine: {'line': b'-- Up-to-date: /home/amigo-pi/amigo_ros2_pi/install/ublox_msgs/include/ublox_msgs/ublox_msgs/msg/detail/nav_dgps__rosidl_typesupport_fastrtps_c.h\n'}
[14.559927] (ublox_msgs) StdoutLine: {'line': b'-- Up-to-date: /home/amigo-pi/amigo_ros2_pi/install/ublox_msgs/include/ublox_msgs/ublox_msgs/msg/detail/nav_dop__rosidl_typesupport_fastrtps_c.h\n'}
[14.562054] (ublox_msgs) StdoutLine: {'line': b'-- Up-to-date: /home/amigo-pi/amigo_ros2_pi/install/ublox_msgs/include/ublox_msgs/ublox_msgs/msg/detail/nav_posllh__rosidl_typesupport_fastrtps_c.h\n'}
[14.565620] (ublox_msgs) StdoutLine: {'line': b'-- Up-to-date: /home/amigo-pi/amigo_ros2_pi/install/ublox_msgs/include/ublox_msgs/ublox_msgs/msg/detail/rxm_rawx_meas__rosidl_typesupport_fastrtps_c.h\n'}
[14.567444] (ublox_msgs) StdoutLine: {'line': b'-- Up-to-date: /home/amigo-pi/amigo_ros2_pi/install/ublox_msgs/include/ublox_msgs/ublox_msgs/msg/detail/nav_dgpssv__rosidl_typesupport_fastrtps_c.h\n'}
[14.569605] (ublox_msgs) StdoutLine: {'line': b'-- Up-to-date: /home/amigo-pi/amigo_ros2_pi/install/ublox_msgs/include/ublox_msgs/ublox_msgs/msg/detail/nav_posecef__rosidl_typesupport_fastrtps_c.h\n'}
[14.579797] (ublox_msgs) StdoutLine: {'line': b'-- Up-to-date: /home/amigo-pi/amigo_ros2_pi/install/ublox_msgs/include/ublox_msgs/ublox_msgs/msg/detail/cfg_nmea6__rosidl_typesupport_fastrtps_c.h\n'}
[14.582112] (ublox_msgs) StdoutLine: {'line': b'-- Up-to-date: /home/amigo-pi/amigo_ros2_pi/install/ublox_msgs/include/ublox_msgs/ublox_msgs/msg/detail/esf_raw_block__rosidl_typesupport_fastrtps_c.h\n'}
[14.583138] (ublox_msgs) StdoutLine: {'line': b'-- Up-to-date: /home/amigo-pi/amigo_ros2_pi/install/ublox_msgs/include/ublox_msgs/ublox_msgs/msg/rosidl_typesupport_fastrtps_c__visibility_control.h\n'}
[14.583892] (ublox_msgs) StdoutLine: {'line': b'-- Up-to-date: /home/amigo-pi/amigo_ros2_pi/install/ublox_msgs/lib/libublox_msgs__rosidl_typesupport_fastrtps_c.so\n'}
[14.584474] (ublox_msgs) StdoutLine: {'line': b'-- Up-to-date: /home/amigo-pi/amigo_ros2_pi/install/ublox_msgs/include/ublox_msgs/ublox_msgs\n'}
[14.585268] (ublox_msgs) StdoutLine: {'line': b'-- Up-to-date: /home/amigo-pi/amigo_ros2_pi/install/ublox_msgs/include/ublox_msgs/ublox_msgs/msg\n'}
[14.586389] (ublox_msgs) StdoutLine: {'line': b'-- Up-to-date: /home/amigo-pi/amigo_ros2_pi/install/ublox_msgs/include/ublox_msgs/ublox_msgs/msg/detail\n'}
[14.587726] (ublox_msgs) StdoutLine: {'line': b'-- Up-to-date: /home/amigo-pi/amigo_ros2_pi/install/ublox_msgs/include/ublox_msgs/ublox_msgs/msg/detail/nav_timegps__type_support.c\n'}
[14.589464] (ublox_msgs) StdoutLine: {'line': b'-- Up-to-date: /home/amigo-pi/amigo_ros2_pi/install/ublox_msgs/include/ublox_msgs/ublox_msgs/msg/detail/cfg_nav5__rosidl_typesupport_introspection_c.h\n'}
[14.591109] (ublox_msgs) StdoutLine: {'line': b'-- Up-to-date: /home/amigo-pi/amigo_ros2_pi/install/ublox_msgs/include/ublox_msgs/ublox_msgs/msg/detail/mon_hw6__rosidl_typesupport_introspection_c.h\n'}
[14.593061] (ublox_msgs) StdoutLine: {'line': b'-- Up-to-date: /home/amigo-pi/amigo_ros2_pi/install/ublox_msgs/include/ublox_msgs/ublox_msgs/msg/detail/cfg_rate__type_support.c\n'}
[14.594313] (ublox_msgs) StdoutLine: {'line': b'-- Up-to-date: /home/amigo-pi/amigo_ros2_pi/install/ublox_msgs/include/ublox_msgs/ublox_msgs/msg/detail/esf_meas__rosidl_typesupport_introspection_c.h\n'}
[14.595320] (ublox_msgs) StdoutLine: {'line': b'-- Up-to-date: /home/amigo-pi/amigo_ros2_pi/install/ublox_msgs/include/ublox_msgs/ublox_msgs/msg/detail/cfg_inf_block__type_support.c\n'}
[14.596433] (ublox_msgs) StdoutLine: {'line': b'-- Up-to-date: /home/amigo-pi/amigo_ros2_pi/install/ublox_msgs/include/ublox_msgs/ublox_msgs/msg/detail/cfg_cfg__type_support.c\n'}
[14.598091] (ublox_msgs) StdoutLine: {'line': b'-- Up-to-date: /home/amigo-pi/amigo_ros2_pi/install/ublox_msgs/include/ublox_msgs/ublox_msgs/msg/detail/inf__type_support.c\n'}
[14.599767] (ublox_msgs) StdoutLine: {'line': b'-- Up-to-date: /home/amigo-pi/amigo_ros2_pi/install/ublox_msgs/include/ublox_msgs/ublox_msgs/msg/detail/cfg_cfg__rosidl_typesupport_introspection_c.h\n'}
[14.601663] (ublox_msgs) StdoutLine: {'line': b'-- Up-to-date: /home/amigo-pi/amigo_ros2_pi/install/ublox_msgs/include/ublox_msgs/ublox_msgs/msg/detail/nav_att__rosidl_typesupport_introspection_c.h\n'}
[14.604349] (ublox_msgs) StdoutLine: {'line': b'-- Up-to-date: /home/amigo-pi/amigo_ros2_pi/install/ublox_msgs/include/ublox_msgs/ublox_msgs/msg/detail/esf_ins__rosidl_typesupport_introspection_c.h\n'}
[14.606342] (ublox_msgs) StdoutLine: {'line': b'-- Up-to-date: /home/amigo-pi/amigo_ros2_pi/install/ublox_msgs/include/ublox_msgs/ublox_msgs/msg/detail/nav_svinfo__type_support.c\n'}
[14.607967] (ublox_msgs) StdoutLine: {'line': b'-- Up-to-date: /home/amigo-pi/amigo_ros2_pi/install/ublox_msgs/include/ublox_msgs/ublox_msgs/msg/detail/nav_clock__rosidl_typesupport_introspection_c.h\n'}
[14.609427] (ublox_msgs) StdoutLine: {'line': b'-- Up-to-date: /home/amigo-pi/amigo_ros2_pi/install/ublox_msgs/include/ublox_msgs/ublox_msgs/msg/detail/nav_sbas__type_support.c\n'}
[14.610687] (ublox_msgs) StdoutLine: {'line': b'-- Up-to-date: /home/amigo-pi/amigo_ros2_pi/install/ublox_msgs/include/ublox_msgs/ublox_msgs/msg/detail/rxm_sfrbx__rosidl_typesupport_introspection_c.h\n'}
[14.612514] (ublox_msgs) StdoutLine: {'line': b'-- Up-to-date: /home/amigo-pi/amigo_ros2_pi/install/ublox_msgs/include/ublox_msgs/ublox_msgs/msg/detail/tim_tm2__type_support.c\n'}
[14.613689] (ublox_msgs) StdoutLine: {'line': b'-- Up-to-date: /home/amigo-pi/amigo_ros2_pi/install/ublox_msgs/include/ublox_msgs/ublox_msgs/msg/detail/aid_hui__type_support.c\n'}
[14.614671] (ublox_msgs) StdoutLine: {'line': b'-- Up-to-date: /home/amigo-pi/amigo_ros2_pi/install/ublox_msgs/include/ublox_msgs/ublox_msgs/msg/detail/rxm_rtcm__type_support.c\n'}
[14.615831] (ublox_msgs) StdoutLine: {'line': b'-- Up-to-date: /home/amigo-pi/amigo_ros2_pi/install/ublox_msgs/include/ublox_msgs/ublox_msgs/msg/detail/ack__rosidl_typesupport_introspection_c.h\n'}
[14.617472] (ublox_msgs) StdoutLine: {'line': b'-- Up-to-date: /home/amigo-pi/amigo_ros2_pi/install/ublox_msgs/include/ublox_msgs/ublox_msgs/msg/detail/mon_hw__type_support.c\n'}
[14.618945] (ublox_msgs) StdoutLine: {'line': b'-- Up-to-date: /home/amigo-pi/amigo_ros2_pi/install/ublox_msgs/include/ublox_msgs/ublox_msgs/msg/detail/mon_gnss__rosidl_typesupport_introspection_c.h\n'}
[14.619768] (ublox_msgs) StdoutLine: {'line': b'-- Up-to-date: /home/amigo-pi/amigo_ros2_pi/install/ublox_msgs/include/ublox_msgs/ublox_msgs/msg/detail/cfg_inf_block__rosidl_typesupport_introspection_c.h\n'}
[14.620494] (ublox_msgs) StdoutLine: {'line': b'-- Up-to-date: /home/amigo-pi/amigo_ros2_pi/install/ublox_msgs/include/ublox_msgs/ublox_msgs/msg/detail/nav_velned__rosidl_typesupport_introspection_c.h\n'}
[14.621472] (ublox_msgs) StdoutLine: {'line': b'-- Up-to-date: /home/amigo-pi/amigo_ros2_pi/install/ublox_msgs/include/ublox_msgs/ublox_msgs/msg/detail/cfg_gnss__type_support.c\n'}
[14.622069] (ublox_msgs) StdoutLine: {'line': b'-- Up-to-date: /home/amigo-pi/amigo_ros2_pi/install/ublox_msgs/include/ublox_msgs/ublox_msgs/msg/detail/nav_att__type_support.c\n'}
[14.622538] (ublox_msgs) StdoutLine: {'line': b'-- Up-to-date: /home/amigo-pi/amigo_ros2_pi/install/ublox_msgs/include/ublox_msgs/ublox_msgs/msg/detail/nav_relposned9__rosidl_typesupport_introspection_c.h\n'}
[14.622956] (ublox_msgs) StdoutLine: {'line': b'-- Up-to-date: /home/amigo-pi/amigo_ros2_pi/install/ublox_msgs/include/ublox_msgs/ublox_msgs/msg/detail/upd_sos_ack__type_support.c\n'}
[14.623466] (ublox_msgs) StdoutLine: {'line': b'-- Up-to-date: /home/amigo-pi/amigo_ros2_pi/install/ublox_msgs/include/ublox_msgs/ublox_msgs/msg/detail/nav_status__rosidl_typesupport_introspection_c.h\n'}
[14.623919] (ublox_msgs) StdoutLine: {'line': b'-- Up-to-date: /home/amigo-pi/amigo_ros2_pi/install/ublox_msgs/include/ublox_msgs/ublox_msgs/msg/detail/cfg_rst__type_support.c\n'}
[14.624405] (ublox_msgs) StdoutLine: {'line': b'-- Up-to-date: /home/amigo-pi/amigo_ros2_pi/install/ublox_msgs/include/ublox_msgs/ublox_msgs/msg/detail/ack__type_support.c\n'}
[14.624910] (ublox_msgs) StdoutLine: {'line': b'-- Up-to-date: /home/amigo-pi/amigo_ros2_pi/install/ublox_msgs/include/ublox_msgs/ublox_msgs/msg/detail/nav_velecef__rosidl_typesupport_introspection_c.h\n'}
[14.625443] (ublox_msgs) StdoutLine: {'line': b'-- Up-to-date: /home/amigo-pi/amigo_ros2_pi/install/ublox_msgs/include/ublox_msgs/ublox_msgs/msg/detail/aid_alm__rosidl_typesupport_introspection_c.h\n'}
[14.625971] (ublox_msgs) StdoutLine: {'line': b'-- Up-to-date: /home/amigo-pi/amigo_ros2_pi/install/ublox_msgs/include/ublox_msgs/ublox_msgs/msg/detail/nav_timeutc__type_support.c\n'}
[14.626742] (ublox_msgs) StdoutLine: {'line': b'-- Up-to-date: /home/amigo-pi/amigo_ros2_pi/install/ublox_msgs/include/ublox_msgs/ublox_msgs/msg/detail/cfg_ant__rosidl_typesupport_introspection_c.h\n'}
[14.627439] (ublox_msgs) StdoutLine: {'line': b'-- Up-to-date: /home/amigo-pi/amigo_ros2_pi/install/ublox_msgs/include/ublox_msgs/ublox_msgs/msg/detail/nav_dgps__type_support.c\n'}
[14.628124] (ublox_msgs) StdoutLine: {'line': b'-- Up-to-date: /home/amigo-pi/amigo_ros2_pi/install/ublox_msgs/include/ublox_msgs/ublox_msgs/msg/detail/rxm_raw__rosidl_typesupport_introspection_c.h\n'}
[14.628855] (ublox_msgs) StdoutLine: {'line': b'-- Up-to-date: /home/amigo-pi/amigo_ros2_pi/install/ublox_msgs/include/ublox_msgs/ublox_msgs/msg/detail/cfg_nmea6__rosidl_typesupport_introspection_c.h\n'}
[14.629464] (ublox_msgs) StdoutLine: {'line': b'-- Up-to-date: /home/amigo-pi/amigo_ros2_pi/install/ublox_msgs/include/ublox_msgs/ublox_msgs/msg/detail/nav_velned__type_support.c\n'}
[14.630048] (ublox_msgs) StdoutLine: {'line': b'-- Up-to-date: /home/amigo-pi/amigo_ros2_pi/install/ublox_msgs/include/ublox_msgs/ublox_msgs/msg/detail/rxm_svsisv__type_support.c\n'}
[14.630570] (ublox_msgs) StdoutLine: {'line': b'-- Up-to-date: /home/amigo-pi/amigo_ros2_pi/install/ublox_msgs/include/ublox_msgs/ublox_msgs/msg/detail/rxm_sfrb__rosidl_typesupport_introspection_c.h\n'}
[14.631816] (ublox_msgs) StdoutLine: {'line': b'-- Up-to-date: /home/amigo-pi/amigo_ros2_pi/install/ublox_msgs/include/ublox_msgs/ublox_msgs/msg/detail/nav_svinfosv__type_support.c\n'}
[14.633093] (ublox_msgs) StdoutLine: {'line': b'-- Up-to-date: /home/amigo-pi/amigo_ros2_pi/install/ublox_msgs/include/ublox_msgs/ublox_msgs/msg/detail/cfg_usb__rosidl_typesupport_introspection_c.h\n'}
[14.634865] (ublox_msgs) StdoutLine: {'line': b'-- Up-to-date: /home/amigo-pi/amigo_ros2_pi/install/ublox_msgs/include/ublox_msgs/ublox_msgs/msg/detail/inf__rosidl_typesupport_introspection_c.h\n'}
[14.635755] (ublox_msgs) StdoutLine: {'line': b'-- Up-to-date: /home/amigo-pi/amigo_ros2_pi/install/ublox_msgs/include/ublox_msgs/ublox_msgs/msg/detail/rxm_eph__rosidl_typesupport_introspection_c.h\n'}
[14.637225] (ublox_msgs) StdoutLine: {'line': b'-- Up-to-date: /home/amigo-pi/amigo_ros2_pi/install/ublox_msgs/include/ublox_msgs/ublox_msgs/msg/detail/esf_raw_block__type_support.c\n'}
[14.638304] (ublox_msgs) StdoutLine: {'line': b'-- Up-to-date: /home/amigo-pi/amigo_ros2_pi/install/ublox_msgs/include/ublox_msgs/ublox_msgs/msg/detail/rxm_svsi__type_support.c\n'}
[14.639167] (ublox_msgs) StdoutLine: {'line': b'-- Up-to-date: /home/amigo-pi/amigo_ros2_pi/install/ublox_msgs/include/ublox_msgs/ublox_msgs/msg/detail/nav_timegps__rosidl_typesupport_introspection_c.h\n'}
[14.640400] (ublox_msgs) StdoutLine: {'line': b'-- Up-to-date: /home/amigo-pi/amigo_ros2_pi/install/ublox_msgs/include/ublox_msgs/ublox_msgs/msg/detail/rxm_rtcm__rosidl_typesupport_introspection_c.h\n'}
[14.642294] (-) TimerEvent: {}
[14.643537] (ublox_msgs) StdoutLine: {'line': b'-- Up-to-date: /home/amigo-pi/amigo_ros2_pi/install/ublox_msgs/include/ublox_msgs/ublox_msgs/msg/detail/rxm_svsisv__rosidl_typesupport_introspection_c.h\n'}
[14.645209] (ublox_msgs) StdoutLine: {'line': b'-- Up-to-date: /home/amigo-pi/amigo_ros2_pi/install/ublox_msgs/include/ublox_msgs/ublox_msgs/msg/detail/rxm_rawx_meas__type_support.c\n'}
[14.646571] (ublox_msgs) StdoutLine: {'line': b'-- Up-to-date: /home/amigo-pi/amigo_ros2_pi/install/ublox_msgs/include/ublox_msgs/ublox_msgs/msg/detail/esf_raw__type_support.c\n'}
[14.647473] (ublox_msgs) StdoutLine: {'line': b'-- Up-to-date: /home/amigo-pi/amigo_ros2_pi/install/ublox_msgs/include/ublox_msgs/ublox_msgs/msg/detail/upd_sos__type_support.c\n'}
[14.649795] (ublox_msgs) StdoutLine: {'line': b'-- Up-to-date: /home/amigo-pi/amigo_ros2_pi/install/ublox_msgs/include/ublox_msgs/ublox_msgs/msg/detail/nav_svin__type_support.c\n'}
[14.651343] (ublox_msgs) StdoutLine: {'line': b'-- Up-to-date: /home/amigo-pi/amigo_ros2_pi/install/ublox_msgs/include/ublox_msgs/ublox_msgs/msg/detail/cfg_inf__rosidl_typesupport_introspection_c.h\n'}
[14.655167] (ublox_msgs) StdoutLine: {'line': b'-- Up-to-date: /home/amigo-pi/amigo_ros2_pi/install/ublox_msgs/include/ublox_msgs/ublox_msgs/msg/detail/aid_eph__rosidl_typesupport_introspection_c.h\n'}
[14.656562] (ublox_msgs) StdoutLine: {'line': b'-- Up-to-date: /home/amigo-pi/amigo_ros2_pi/install/ublox_msgs/include/ublox_msgs/ublox_msgs/msg/detail/nav_sol__type_support.c\n'}
[14.657713] (ublox_msgs) StdoutLine: {'line': b'-- Up-to-date: /home/amigo-pi/amigo_ros2_pi/install/ublox_msgs/include/ublox_msgs/ublox_msgs/msg/detail/cfg_usb__type_support.c\n'}
[14.659296] (ublox_msgs) StdoutLine: {'line': b'-- Up-to-date: /home/amigo-pi/amigo_ros2_pi/install/ublox_msgs/include/ublox_msgs/ublox_msgs/msg/detail/rxm_rawx_meas__rosidl_typesupport_introspection_c.h\n'}
[14.660677] (ublox_msgs) StdoutLine: {'line': b'-- Up-to-date: /home/amigo-pi/amigo_ros2_pi/install/ublox_msgs/include/ublox_msgs/ublox_msgs/msg/detail/nav_satsv__type_support.c\n'}
[14.662181] (ublox_msgs) StdoutLine: {'line': b'-- Up-to-date: /home/amigo-pi/amigo_ros2_pi/install/ublox_msgs/include/ublox_msgs/ublox_msgs/msg/detail/nav_dgpssv__type_support.c\n'}
[14.663432] (ublox_msgs) StdoutLine: {'line': b'-- Up-to-date: /home/amigo-pi/amigo_ros2_pi/install/ublox_msgs/include/ublox_msgs/ublox_msgs/msg/detail/nav_sbassv__type_support.c\n'}
[14.665163] (ublox_msgs) StdoutLine: {'line': b'-- Up-to-date: /home/amigo-pi/amigo_ros2_pi/install/ublox_msgs/include/ublox_msgs/ublox_msgs/msg/detail/nav_timeutc__rosidl_typesupport_introspection_c.h\n'}
[14.667973] (ublox_msgs) StdoutLine: {'line': b'-- Up-to-date: /home/amigo-pi/amigo_ros2_pi/install/ublox_msgs/include/ublox_msgs/ublox_msgs/msg/detail/mon_ver__rosidl_typesupport_introspection_c.h\n'}
[14.669176] (ublox_msgs) StdoutLine: {'line': b'-- Up-to-date: /home/amigo-pi/amigo_ros2_pi/install/ublox_msgs/include/ublox_msgs/ublox_msgs/msg/detail/rxm_svsi__rosidl_typesupport_introspection_c.h\n'}
[14.678454] (ublox_msgs) StdoutLine: {'line': b'-- Up-to-date: /home/amigo-pi/amigo_ros2_pi/install/ublox_msgs/include/ublox_msgs/ublox_msgs/msg/detail/cfg_dgnss__rosidl_typesupport_introspection_c.h\n'}
[14.681367] (ublox_msgs) StdoutLine: {'line': b'-- Up-to-date: /home/amigo-pi/amigo_ros2_pi/install/ublox_msgs/include/ublox_msgs/ublox_msgs/msg/detail/rxm_rawx__type_support.c\n'}
[14.683413] (ublox_msgs) StdoutLine: {'line': b'-- Up-to-date: /home/amigo-pi/amigo_ros2_pi/install/ublox_msgs/include/ublox_msgs/ublox_msgs/msg/detail/aid_eph__type_support.c\n'}
[14.684354] (ublox_msgs) StdoutLine: {'line': b'-- Up-to-date: /home/amigo-pi/amigo_ros2_pi/install/ublox_msgs/include/ublox_msgs/ublox_msgs/msg/detail/cfg_nmea7__rosidl_typesupport_introspection_c.h\n'}
[14.685409] (ublox_msgs) StdoutLine: {'line': b'-- Up-to-date: /home/amigo-pi/amigo_ros2_pi/install/ublox_msgs/include/ublox_msgs/ublox_msgs/msg/detail/mon_hw6__type_support.c\n'}
[14.686386] (ublox_msgs) StdoutLine: {'line': b'-- Up-to-date: /home/amigo-pi/amigo_ros2_pi/install/ublox_msgs/include/ublox_msgs/ublox_msgs/msg/detail/nav_pvt7__rosidl_typesupport_introspection_c.h\n'}
[14.687256] (ublox_msgs) StdoutLine: {'line': b'-- Up-to-date: /home/amigo-pi/amigo_ros2_pi/install/ublox_msgs/include/ublox_msgs/ublox_msgs/msg/detail/esf_raw_block__rosidl_typesupport_introspection_c.h\n'}
[14.689011] (ublox_msgs) StdoutLine: {'line': b'-- Up-to-date: /home/amigo-pi/amigo_ros2_pi/install/ublox_msgs/include/ublox_msgs/ublox_msgs/msg/detail/cfg_gnss__rosidl_typesupport_introspection_c.h\n'}
[14.690380] (ublox_msgs) StdoutLine: {'line': b'-- Up-to-date: /home/amigo-pi/amigo_ros2_pi/install/ublox_msgs/include/ublox_msgs/ublox_msgs/msg/detail/nav_status__type_support.c\n'}
[14.691545] (ublox_msgs) StdoutLine: {'line': b'-- Up-to-date: /home/amigo-pi/amigo_ros2_pi/install/ublox_msgs/include/ublox_msgs/ublox_msgs/msg/detail/mon_hw__rosidl_typesupport_introspection_c.h\n'}
[14.697561] (ublox_msgs) StdoutLine: {'line': b'-- Up-to-date: /home/amigo-pi/amigo_ros2_pi/install/ublox_msgs/include/ublox_msgs/ublox_msgs/msg/detail/cfg_rst__rosidl_typesupport_introspection_c.h\n'}
[14.698706] (ublox_msgs) StdoutLine: {'line': b'-- Up-to-date: /home/amigo-pi/amigo_ros2_pi/install/ublox_msgs/include/ublox_msgs/ublox_msgs/msg/detail/mon_ver_extension__rosidl_typesupport_introspection_c.h\n'}
[14.699759] (ublox_msgs) StdoutLine: {'line': b'-- Up-to-date: /home/amigo-pi/amigo_ros2_pi/install/ublox_msgs/include/ublox_msgs/ublox_msgs/msg/detail/cfg_navx5__type_support.c\n'}
[14.701908] (ublox_msgs) StdoutLine: {'line': b'-- Up-to-date: /home/amigo-pi/amigo_ros2_pi/install/ublox_msgs/include/ublox_msgs/ublox_msgs/msg/detail/rxm_raw__type_support.c\n'}
[14.703162] (ublox_msgs) StdoutLine: {'line': b'-- Up-to-date: /home/amigo-pi/amigo_ros2_pi/install/ublox_msgs/include/ublox_msgs/ublox_msgs/msg/detail/rxm_alm__rosidl_typesupport_introspection_c.h\n'}
[14.704275] (ublox_msgs) StdoutLine: {'line': b'-- Up-to-date: /home/amigo-pi/amigo_ros2_pi/install/ublox_msgs/include/ublox_msgs/ublox_msgs/msg/detail/nav_sol__rosidl_typesupport_introspection_c.h\n'}
[14.705487] (ublox_msgs) StdoutLine: {'line': b'-- Up-to-date: /home/amigo-pi/amigo_ros2_pi/install/ublox_msgs/include/ublox_msgs/ublox_msgs/msg/detail/nav_svin__rosidl_typesupport_introspection_c.h\n'}
[14.706675] (ublox_msgs) StdoutLine: {'line': b'-- Up-to-date: /home/amigo-pi/amigo_ros2_pi/install/ublox_msgs/include/ublox_msgs/ublox_msgs/msg/detail/rxm_rawsv__rosidl_typesupport_introspection_c.h\n'}
[14.707933] (ublox_msgs) StdoutLine: {'line': b'-- Up-to-date: /home/amigo-pi/amigo_ros2_pi/install/ublox_msgs/include/ublox_msgs/ublox_msgs/msg/detail/cfg_hnr__rosidl_typesupport_introspection_c.h\n'}
[14.708592] (ublox_msgs) StdoutLine: {'line': b'-- Up-to-date: /home/amigo-pi/amigo_ros2_pi/install/ublox_msgs/include/ublox_msgs/ublox_msgs/msg/detail/nav_pvt__type_support.c\n'}
[14.710032] (ublox_msgs) StdoutLine: {'line': b'-- Up-to-date: /home/amigo-pi/amigo_ros2_pi/install/ublox_msgs/include/ublox_msgs/ublox_msgs/msg/detail/cfg_gnss_block__rosidl_typesupport_introspection_c.h\n'}
[14.711485] (ublox_msgs) StdoutLine: {'line': b'-- Up-to-date: /home/amigo-pi/amigo_ros2_pi/install/ublox_msgs/include/ublox_msgs/ublox_msgs/msg/detail/cfg_dgnss__type_support.c\n'}
[14.713277] (ublox_msgs) StdoutLine: {'line': b'-- Up-to-date: /home/amigo-pi/amigo_ros2_pi/install/ublox_msgs/include/ublox_msgs/ublox_msgs/msg/detail/cfg_ant__type_support.c\n'}
[14.714500] (ublox_msgs) StdoutLine: {'line': b'-- Up-to-date: /home/amigo-pi/amigo_ros2_pi/install/ublox_msgs/include/ublox_msgs/ublox_msgs/msg/detail/cfg_dat__rosidl_typesupport_introspection_c.h\n'}
[14.715767] (ublox_msgs) StdoutLine: {'line': b'-- Up-to-date: /home/amigo-pi/amigo_ros2_pi/install/ublox_msgs/include/ublox_msgs/ublox_msgs/msg/detail/upd_sos_ack__rosidl_typesupport_introspection_c.h\n'}
[14.717122] (ublox_msgs) StdoutLine: {'line': b'-- Up-to-date: /home/amigo-pi/amigo_ros2_pi/install/ublox_msgs/include/ublox_msgs/ublox_msgs/msg/detail/nav_pvt__rosidl_typesupport_introspection_c.h\n'}
[14.717891] (ublox_msgs) StdoutLine: {'line': b'-- Up-to-date: /home/amigo-pi/amigo_ros2_pi/install/ublox_msgs/include/ublox_msgs/ublox_msgs/msg/detail/esf_status__type_support.c\n'}
[14.718524] (ublox_msgs) StdoutLine: {'line': b'-- Up-to-date: /home/amigo-pi/amigo_ros2_pi/install/ublox_msgs/include/ublox_msgs/ublox_msgs/msg/detail/nav_svinfosv__rosidl_typesupport_introspection_c.h\n'}
[14.719179] (ublox_msgs) StdoutLine: {'line': b'-- Up-to-date: /home/amigo-pi/amigo_ros2_pi/install/ublox_msgs/include/ublox_msgs/ublox_msgs/msg/detail/cfg_prt__type_support.c\n'}
[14.719869] (ublox_msgs) StdoutLine: {'line': b'-- Up-to-date: /home/amigo-pi/amigo_ros2_pi/install/ublox_msgs/include/ublox_msgs/ublox_msgs/msg/detail/mon_gnss__type_support.c\n'}
[14.720492] (ublox_msgs) StdoutLine: {'line': b'-- Up-to-date: /home/amigo-pi/amigo_ros2_pi/install/ublox_msgs/include/ublox_msgs/ublox_msgs/msg/detail/nav_relposned9__type_support.c\n'}
[14.721383] (ublox_msgs) StdoutLine: {'line': b'-- Up-to-date: /home/amigo-pi/amigo_ros2_pi/install/ublox_msgs/include/ublox_msgs/ublox_msgs/msg/detail/cfg_hnr__type_support.c\n'}
[14.722583] (ublox_msgs) StdoutLine: {'line': b'-- Up-to-date: /home/amigo-pi/amigo_ros2_pi/install/ublox_msgs/include/ublox_msgs/ublox_msgs/msg/detail/nav_posllh__rosidl_typesupport_introspection_c.h\n'}
[14.724677] (ublox_msgs) StdoutLine: {'line': b'-- Up-to-date: /home/amigo-pi/amigo_ros2_pi/install/ublox_msgs/include/ublox_msgs/ublox_msgs/msg/detail/nav_svinfo__rosidl_typesupport_introspection_c.h\n'}
[14.725619] (ublox_msgs) StdoutLine: {'line': b'-- Up-to-date: /home/amigo-pi/amigo_ros2_pi/install/ublox_msgs/include/ublox_msgs/ublox_msgs/msg/detail/mga_gal__type_support.c\n'}
[14.726579] (ublox_msgs) StdoutLine: {'line': b'-- Up-to-date: /home/amigo-pi/amigo_ros2_pi/install/ublox_msgs/include/ublox_msgs/ublox_msgs/msg/detail/cfg_msg__type_support.c\n'}
[14.727580] (ublox_msgs) StdoutLine: {'line': b'-- Up-to-date: /home/amigo-pi/amigo_ros2_pi/install/ublox_msgs/include/ublox_msgs/ublox_msgs/msg/detail/nav_sat__type_support.c\n'}
[14.728317] (ublox_msgs) StdoutLine: {'line': b'-- Up-to-date: /home/amigo-pi/amigo_ros2_pi/install/ublox_msgs/include/ublox_msgs/ublox_msgs/msg/detail/nav_sbas__rosidl_typesupport_introspection_c.h\n'}
[14.729219] (ublox_msgs) StdoutLine: {'line': b'-- Up-to-date: /home/amigo-pi/amigo_ros2_pi/install/ublox_msgs/include/ublox_msgs/ublox_msgs/msg/detail/cfg_nmea__type_support.c\n'}
[14.730357] (ublox_msgs) StdoutLine: {'line': b'-- Up-to-date: /home/amigo-pi/amigo_ros2_pi/install/ublox_msgs/include/ublox_msgs/ublox_msgs/msg/detail/nav_relposned__rosidl_typesupport_introspection_c.h\n'}
[14.731426] (ublox_msgs) StdoutLine: {'line': b'-- Up-to-date: /home/amigo-pi/amigo_ros2_pi/install/ublox_msgs/include/ublox_msgs/ublox_msgs/msg/detail/rxm_alm__type_support.c\n'}
[14.732285] (ublox_msgs) StdoutLine: {'line': b'-- Up-to-date: /home/amigo-pi/amigo_ros2_pi/install/ublox_msgs/include/ublox_msgs/ublox_msgs/msg/detail/esf_status_sens__rosidl_typesupport_introspection_c.h\n'}
[14.733370] (ublox_msgs) StdoutLine: {'line': b'-- Up-to-date: /home/amigo-pi/amigo_ros2_pi/install/ublox_msgs/include/ublox_msgs/ublox_msgs/msg/detail/mon_ver_extension__type_support.c\n'}
[14.734320] (ublox_msgs) StdoutLine: {'line': b'-- Up-to-date: /home/amigo-pi/amigo_ros2_pi/install/ublox_msgs/include/ublox_msgs/ublox_msgs/msg/detail/mga_gal__rosidl_typesupport_introspection_c.h\n'}
[14.735405] (ublox_msgs) StdoutLine: {'line': b'-- Up-to-date: /home/amigo-pi/amigo_ros2_pi/install/ublox_msgs/include/ublox_msgs/ublox_msgs/msg/detail/nav_posecef__rosidl_typesupport_introspection_c.h\n'}
[14.736694] (ublox_msgs) StdoutLine: {'line': b'-- Up-to-date: /home/amigo-pi/amigo_ros2_pi/install/ublox_msgs/include/ublox_msgs/ublox_msgs/msg/detail/cfg_sbas__rosidl_typesupport_introspection_c.h\n'}
[14.737887] (ublox_msgs) StdoutLine: {'line': b'-- Up-to-date: /home/amigo-pi/amigo_ros2_pi/install/ublox_msgs/include/ublox_msgs/ublox_msgs/msg/detail/tim_tm2__rosidl_typesupport_introspection_c.h\n'}
[14.739398] (ublox_msgs) StdoutLine: {'line': b'-- Up-to-date: /home/amigo-pi/amigo_ros2_pi/install/ublox_msgs/include/ublox_msgs/ublox_msgs/msg/detail/esf_status_sens__type_support.c\n'}
[14.740783] (ublox_msgs) StdoutLine: {'line': b'-- Up-to-date: /home/amigo-pi/amigo_ros2_pi/install/ublox_msgs/include/ublox_msgs/ublox_msgs/msg/detail/rxm_sfrbx__type_support.c\n'}
[14.741917] (ublox_msgs) StdoutLine: {'line': b'-- Up-to-date: /home/amigo-pi/amigo_ros2_pi/install/ublox_msgs/include/ublox_msgs/ublox_msgs/msg/detail/cfg_prt__rosidl_typesupport_introspection_c.h\n'}
[14.744869] (-) TimerEvent: {}
[14.747001] (ublox_msgs) StdoutLine: {'line': b'-- Up-to-date: /home/amigo-pi/amigo_ros2_pi/install/ublox_msgs/include/ublox_msgs/ublox_msgs/msg/detail/nav_dgps__rosidl_typesupport_introspection_c.h\n'}
[14.748686] (ublox_msgs) StdoutLine: {'line': b'-- Up-to-date: /home/amigo-pi/amigo_ros2_pi/install/ublox_msgs/include/ublox_msgs/ublox_msgs/msg/detail/upd_sos__rosidl_typesupport_introspection_c.h\n'}
[14.750411] (ublox_msgs) StdoutLine: {'line': b'-- Up-to-date: /home/amigo-pi/amigo_ros2_pi/install/ublox_msgs/include/ublox_msgs/ublox_msgs/msg/detail/aid_alm__type_support.c\n'}
[14.751970] (ublox_msgs) StdoutLine: {'line': b'-- Up-to-date: /home/amigo-pi/amigo_ros2_pi/install/ublox_msgs/include/ublox_msgs/ublox_msgs/msg/detail/cfg_rate__rosidl_typesupport_introspection_c.h\n'}
[14.753007] (ublox_msgs) StdoutLine: {'line': b'-- Up-to-date: /home/amigo-pi/amigo_ros2_pi/install/ublox_msgs/include/ublox_msgs/ublox_msgs/msg/detail/nav_relposned__type_support.c\n'}
[14.755535] (ublox_msgs) StdoutLine: {'line': b'-- Up-to-date: /home/amigo-pi/amigo_ros2_pi/install/ublox_msgs/include/ublox_msgs/ublox_msgs/msg/detail/nav_sat__rosidl_typesupport_introspection_c.h\n'}
[14.761472] (ublox_msgs) StdoutLine: {'line': b'-- Up-to-date: /home/amigo-pi/amigo_ros2_pi/install/ublox_msgs/include/ublox_msgs/ublox_msgs/msg/detail/esf_ins__type_support.c\n'}
[14.762896] (ublox_msgs) StdoutLine: {'line': b'-- Up-to-date: /home/amigo-pi/amigo_ros2_pi/install/ublox_msgs/include/ublox_msgs/ublox_msgs/msg/detail/nav_posecef__type_support.c\n'}
[14.764180] (ublox_msgs) StdoutLine: {'line': b'-- Up-to-date: /home/amigo-pi/amigo_ros2_pi/install/ublox_msgs/include/ublox_msgs/ublox_msgs/msg/detail/cfg_gnss_block__type_support.c\n'}
[14.765458] (ublox_msgs) StdoutLine: {'line': b'-- Up-to-date: /home/amigo-pi/amigo_ros2_pi/install/ublox_msgs/include/ublox_msgs/ublox_msgs/msg/detail/nav_posllh__type_support.c\n'}
[14.766666] (ublox_msgs) StdoutLine: {'line': b'-- Up-to-date: /home/amigo-pi/amigo_ros2_pi/install/ublox_msgs/include/ublox_msgs/ublox_msgs/msg/detail/cfg_nav5__type_support.c\n'}
[14.768051] (ublox_msgs) StdoutLine: {'line': b'-- Up-to-date: /home/amigo-pi/amigo_ros2_pi/install/ublox_msgs/include/ublox_msgs/ublox_msgs/msg/detail/hnr_pvt__rosidl_typesupport_introspection_c.h\n'}
[14.770824] (ublox_msgs) StdoutLine: {'line': b'-- Up-to-date: /home/amigo-pi/amigo_ros2_pi/install/ublox_msgs/include/ublox_msgs/ublox_msgs/msg/detail/cfg_tmode3__rosidl_typesupport_introspection_c.h\n'}
[14.782694] (ublox_msgs) StdoutLine: {'line': b'-- Up-to-date: /home/amigo-pi/amigo_ros2_pi/install/ublox_msgs/include/ublox_msgs/ublox_msgs/msg/detail/nav_dop__type_support.c\n'}
[14.785500] (ublox_msgs) StdoutLine: {'line': b'-- Up-to-date: /home/amigo-pi/amigo_ros2_pi/install/ublox_msgs/include/ublox_msgs/ublox_msgs/msg/detail/cfg_msg__rosidl_typesupport_introspection_c.h\n'}
[14.788395] (ublox_msgs) StdoutLine: {'line': b'-- Up-to-date: /home/amigo-pi/amigo_ros2_pi/install/ublox_msgs/include/ublox_msgs/ublox_msgs/msg/detail/esf_meas__type_support.c\n'}
[14.790631] (ublox_msgs) StdoutLine: {'line': b'-- Up-to-date: /home/amigo-pi/amigo_ros2_pi/install/ublox_msgs/include/ublox_msgs/ublox_msgs/msg/detail/hnr_pvt__type_support.c\n'}
[14.793663] (ublox_msgs) StdoutLine: {'line': b'-- Up-to-date: /home/amigo-pi/amigo_ros2_pi/install/ublox_msgs/include/ublox_msgs/ublox_msgs/msg/detail/nav_dop__rosidl_typesupport_introspection_c.h\n'}
[14.794456] (ublox_msgs) StdoutLine: {'line': b'-- Up-to-date: /home/amigo-pi/amigo_ros2_pi/install/ublox_msgs/include/ublox_msgs/ublox_msgs/msg/detail/nav_clock__type_support.c\n'}
[14.795169] (ublox_msgs) StdoutLine: {'line': b'-- Up-to-date: /home/amigo-pi/amigo_ros2_pi/install/ublox_msgs/include/ublox_msgs/ublox_msgs/msg/detail/cfg_inf__type_support.c\n'}
[14.796416] (ublox_msgs) StdoutLine: {'line': b'-- Up-to-date: /home/amigo-pi/amigo_ros2_pi/install/ublox_msgs/include/ublox_msgs/ublox_msgs/msg/detail/cfg_sbas__type_support.c\n'}
[14.799856] (ublox_msgs) StdoutLine: {'line': b'-- Up-to-date: /home/amigo-pi/amigo_ros2_pi/install/ublox_msgs/include/ublox_msgs/ublox_msgs/msg/detail/mon_ver__type_support.c\n'}
[14.802203] (ublox_msgs) StdoutLine: {'line': b'-- Up-to-date: /home/amigo-pi/amigo_ros2_pi/install/ublox_msgs/include/ublox_msgs/ublox_msgs/msg/detail/esf_raw__rosidl_typesupport_introspection_c.h\n'}
[14.803304] (ublox_msgs) StdoutLine: {'line': b'-- Up-to-date: /home/amigo-pi/amigo_ros2_pi/install/ublox_msgs/include/ublox_msgs/ublox_msgs/msg/detail/cfg_tmode3__type_support.c\n'}
[14.804212] (ublox_msgs) StdoutLine: {'line': b'-- Up-to-date: /home/amigo-pi/amigo_ros2_pi/install/ublox_msgs/include/ublox_msgs/ublox_msgs/msg/detail/rxm_rawsv__type_support.c\n'}
[14.805901] (ublox_msgs) StdoutLine: {'line': b'-- Up-to-date: /home/amigo-pi/amigo_ros2_pi/install/ublox_msgs/include/ublox_msgs/ublox_msgs/msg/detail/rxm_eph__type_support.c\n'}
[14.807809] (ublox_msgs) StdoutLine: {'line': b'-- Up-to-date: /home/amigo-pi/amigo_ros2_pi/install/ublox_msgs/include/ublox_msgs/ublox_msgs/msg/detail/rxm_sfrb__type_support.c\n'}
[14.808637] (ublox_msgs) StdoutLine: {'line': b'-- Up-to-date: /home/amigo-pi/amigo_ros2_pi/install/ublox_msgs/include/ublox_msgs/ublox_msgs/msg/detail/nav_sbassv__rosidl_typesupport_introspection_c.h\n'}
[14.810556] (ublox_msgs) StdoutLine: {'line': b'-- Up-to-date: /home/amigo-pi/amigo_ros2_pi/install/ublox_msgs/include/ublox_msgs/ublox_msgs/msg/detail/esf_status__rosidl_typesupport_introspection_c.h\n'}
[14.811444] (ublox_msgs) StdoutLine: {'line': b'-- Up-to-date: /home/amigo-pi/amigo_ros2_pi/install/ublox_msgs/include/ublox_msgs/ublox_msgs/msg/detail/aid_hui__rosidl_typesupport_introspection_c.h\n'}
[14.813643] (ublox_msgs) StdoutLine: {'line': b'-- Up-to-date: /home/amigo-pi/amigo_ros2_pi/install/ublox_msgs/include/ublox_msgs/ublox_msgs/msg/detail/nav_dgpssv__rosidl_typesupport_introspection_c.h\n'}
[14.814929] (ublox_msgs) StdoutLine: {'line': b'-- Up-to-date: /home/amigo-pi/amigo_ros2_pi/install/ublox_msgs/include/ublox_msgs/ublox_msgs/msg/detail/nav_pvt7__type_support.c\n'}
[14.815950] (ublox_msgs) StdoutLine: {'line': b'-- Up-to-date: /home/amigo-pi/amigo_ros2_pi/install/ublox_msgs/include/ublox_msgs/ublox_msgs/msg/detail/cfg_dat__type_support.c\n'}
[14.817194] (ublox_msgs) StdoutLine: {'line': b'-- Up-to-date: /home/amigo-pi/amigo_ros2_pi/install/ublox_msgs/include/ublox_msgs/ublox_msgs/msg/detail/cfg_nmea__rosidl_typesupport_introspection_c.h\n'}
[14.818369] (ublox_msgs) StdoutLine: {'line': b'-- Up-to-date: /home/amigo-pi/amigo_ros2_pi/install/ublox_msgs/include/ublox_msgs/ublox_msgs/msg/detail/rxm_rawx__rosidl_typesupport_introspection_c.h\n'}
[14.819890] (ublox_msgs) StdoutLine: {'line': b'-- Up-to-date: /home/amigo-pi/amigo_ros2_pi/install/ublox_msgs/include/ublox_msgs/ublox_msgs/msg/detail/nav_satsv__rosidl_typesupport_introspection_c.h\n'}
[14.822513] (ublox_msgs) StdoutLine: {'line': b'-- Up-to-date: /home/amigo-pi/amigo_ros2_pi/install/ublox_msgs/include/ublox_msgs/ublox_msgs/msg/detail/nav_velecef__type_support.c\n'}
[14.823388] (ublox_msgs) StdoutLine: {'line': b'-- Up-to-date: /home/amigo-pi/amigo_ros2_pi/install/ublox_msgs/include/ublox_msgs/ublox_msgs/msg/detail/cfg_nmea7__type_support.c\n'}
[14.824396] (ublox_msgs) StdoutLine: {'line': b'-- Up-to-date: /home/amigo-pi/amigo_ros2_pi/install/ublox_msgs/include/ublox_msgs/ublox_msgs/msg/detail/cfg_navx5__rosidl_typesupport_introspection_c.h\n'}
[14.825689] (ublox_msgs) StdoutLine: {'line': b'-- Up-to-date: /home/amigo-pi/amigo_ros2_pi/install/ublox_msgs/include/ublox_msgs/ublox_msgs/msg/detail/cfg_nmea6__type_support.c\n'}
[14.827194] (ublox_msgs) StdoutLine: {'line': b'-- Up-to-date: /home/amigo-pi/amigo_ros2_pi/install/ublox_msgs/include/ublox_msgs/ublox_msgs/msg/rosidl_typesupport_introspection_c__visibility_control.h\n'}
[14.827875] (ublox_msgs) StdoutLine: {'line': b'-- Up-to-date: /home/amigo-pi/amigo_ros2_pi/install/ublox_msgs/lib/libublox_msgs__rosidl_typesupport_introspection_c.so\n'}
[14.828658] (ublox_msgs) StdoutLine: {'line': b'-- Up-to-date: /home/amigo-pi/amigo_ros2_pi/install/ublox_msgs/lib/libublox_msgs__rosidl_typesupport_c.so\n'}
[14.829302] (ublox_msgs) StdoutLine: {'line': b'-- Up-to-date: /home/amigo-pi/amigo_ros2_pi/install/ublox_msgs/include/ublox_msgs/ublox_msgs\n'}
[14.829896] (ublox_msgs) StdoutLine: {'line': b'-- Up-to-date: /home/amigo-pi/amigo_ros2_pi/install/ublox_msgs/include/ublox_msgs/ublox_msgs/msg\n'}
[14.830462] (ublox_msgs) StdoutLine: {'line': b'-- Up-to-date: /home/amigo-pi/amigo_ros2_pi/install/ublox_msgs/include/ublox_msgs/ublox_msgs/msg/rosidl_generator_cpp__visibility_control.hpp\n'}
[14.831230] (ublox_msgs) StdoutLine: {'line': b'-- Up-to-date: /home/amigo-pi/amigo_ros2_pi/install/ublox_msgs/include/ublox_msgs/ublox_msgs/msg/cfg_navx5.hpp\n'}
[14.832221] (ublox_msgs) StdoutLine: {'line': b'-- Up-to-date: /home/amigo-pi/amigo_ros2_pi/install/ublox_msgs/include/ublox_msgs/ublox_msgs/msg/mon_ver.hpp\n'}
[14.833334] (ublox_msgs) StdoutLine: {'line': b'-- Up-to-date: /home/amigo-pi/amigo_ros2_pi/install/ublox_msgs/include/ublox_msgs/ublox_msgs/msg/rxm_raw.hpp\n'}
[14.834318] (ublox_msgs) StdoutLine: {'line': b'-- Up-to-date: /home/amigo-pi/amigo_ros2_pi/install/ublox_msgs/include/ublox_msgs/ublox_msgs/msg/mon_hw.hpp\n'}
[14.835305] (ublox_msgs) StdoutLine: {'line': b'-- Up-to-date: /home/amigo-pi/amigo_ros2_pi/install/ublox_msgs/include/ublox_msgs/ublox_msgs/msg/nav_velecef.hpp\n'}
[14.836367] (ublox_msgs) StdoutLine: {'line': b'-- Up-to-date: /home/amigo-pi/amigo_ros2_pi/install/ublox_msgs/include/ublox_msgs/ublox_msgs/msg/mon_gnss.hpp\n'}
[14.837791] (ublox_msgs) StdoutLine: {'line': b'-- Up-to-date: /home/amigo-pi/amigo_ros2_pi/install/ublox_msgs/include/ublox_msgs/ublox_msgs/msg/aid_alm.hpp\n'}
[14.838706] (ublox_msgs) StdoutLine: {'line': b'-- Up-to-date: /home/amigo-pi/amigo_ros2_pi/install/ublox_msgs/include/ublox_msgs/ublox_msgs/msg/cfg_tmode3.hpp\n'}
[14.839841] (ublox_msgs) StdoutLine: {'line': b'-- Up-to-date: /home/amigo-pi/amigo_ros2_pi/install/ublox_msgs/include/ublox_msgs/ublox_msgs/msg/esf_status.hpp\n'}
[14.840711] (ublox_msgs) StdoutLine: {'line': b'-- Up-to-date: /home/amigo-pi/amigo_ros2_pi/install/ublox_msgs/include/ublox_msgs/ublox_msgs/msg/nav_svinfosv.hpp\n'}
[14.841313] (ublox_msgs) StdoutLine: {'line': b'-- Up-to-date: /home/amigo-pi/amigo_ros2_pi/install/ublox_msgs/include/ublox_msgs/ublox_msgs/msg/rxm_eph.hpp\n'}
[14.842075] (ublox_msgs) StdoutLine: {'line': b'-- Up-to-date: /home/amigo-pi/amigo_ros2_pi/install/ublox_msgs/include/ublox_msgs/ublox_msgs/msg/nav_timeutc.hpp\n'}
[14.842738] (ublox_msgs) StdoutLine: {'line': b'-- Up-to-date: /home/amigo-pi/amigo_ros2_pi/install/ublox_msgs/include/ublox_msgs/ublox_msgs/msg/nav_posllh.hpp\n'}
[14.843260] (ublox_msgs) StdoutLine: {'line': b'-- Up-to-date: /home/amigo-pi/amigo_ros2_pi/install/ublox_msgs/include/ublox_msgs/ublox_msgs/msg/esf_raw_block.hpp\n'}
[14.844044] (ublox_msgs) StdoutLine: {'line': b'-- Up-to-date: /home/amigo-pi/amigo_ros2_pi/install/ublox_msgs/include/ublox_msgs/ublox_msgs/msg/nav_pvt.hpp\n'}
[14.845447] (-) TimerEvent: {}
[14.847211] (ublox_msgs) StdoutLine: {'line': b'-- Up-to-date: /home/amigo-pi/amigo_ros2_pi/install/ublox_msgs/include/ublox_msgs/ublox_msgs/msg/cfg_cfg.hpp\n'}
[14.849383] (ublox_msgs) StdoutLine: {'line': b'-- Up-to-date: /home/amigo-pi/amigo_ros2_pi/install/ublox_msgs/include/ublox_msgs/ublox_msgs/msg/cfg_gnss_block.hpp\n'}
[14.850391] (ublox_msgs) StdoutLine: {'line': b'-- Up-to-date: /home/amigo-pi/amigo_ros2_pi/install/ublox_msgs/include/ublox_msgs/ublox_msgs/msg/nav_dgpssv.hpp\n'}
[14.851740] (ublox_msgs) StdoutLine: {'line': b'-- Up-to-date: /home/amigo-pi/amigo_ros2_pi/install/ublox_msgs/include/ublox_msgs/ublox_msgs/msg/tim_tm2.hpp\n'}
[14.853694] (ublox_msgs) StdoutLine: {'line': b'-- Up-to-date: /home/amigo-pi/amigo_ros2_pi/install/ublox_msgs/include/ublox_msgs/ublox_msgs/msg/cfg_ant.hpp\n'}
[14.854643] (ublox_msgs) StdoutLine: {'line': b'-- Up-to-date: /home/amigo-pi/amigo_ros2_pi/install/ublox_msgs/include/ublox_msgs/ublox_msgs/msg/mga_gal.hpp\n'}
[14.855756] (ublox_msgs) StdoutLine: {'line': b'-- Up-to-date: /home/amigo-pi/amigo_ros2_pi/install/ublox_msgs/include/ublox_msgs/ublox_msgs/msg/nav_timegps.hpp\n'}
[14.858576] (ublox_msgs) StdoutLine: {'line': b'-- Up-to-date: /home/amigo-pi/amigo_ros2_pi/install/ublox_msgs/include/ublox_msgs/ublox_msgs/msg/nav_clock.hpp\n'}
[14.861117] (ublox_msgs) StdoutLine: {'line': b'-- Up-to-date: /home/amigo-pi/amigo_ros2_pi/install/ublox_msgs/include/ublox_msgs/ublox_msgs/msg/cfg_dgnss.hpp\n'}
[14.861873] (ublox_msgs) StdoutLine: {'line': b'-- Up-to-date: /home/amigo-pi/amigo_ros2_pi/install/ublox_msgs/include/ublox_msgs/ublox_msgs/msg/cfg_sbas.hpp\n'}
[14.862525] (ublox_msgs) StdoutLine: {'line': b'-- Up-to-date: /home/amigo-pi/amigo_ros2_pi/install/ublox_msgs/include/ublox_msgs/ublox_msgs/msg/aid_eph.hpp\n'}
[14.863536] (ublox_msgs) StdoutLine: {'line': b'-- Up-to-date: /home/amigo-pi/amigo_ros2_pi/install/ublox_msgs/include/ublox_msgs/ublox_msgs/msg/esf_raw.hpp\n'}
[14.864343] (ublox_msgs) StdoutLine: {'line': b'-- Up-to-date: /home/amigo-pi/amigo_ros2_pi/install/ublox_msgs/include/ublox_msgs/ublox_msgs/msg/cfg_usb.hpp\n'}
[14.865364] (ublox_msgs) StdoutLine: {'line': b'-- Up-to-date: /home/amigo-pi/amigo_ros2_pi/install/ublox_msgs/include/ublox_msgs/ublox_msgs/msg/inf.hpp\n'}
[14.865990] (ublox_msgs) StdoutLine: {'line': b'-- Up-to-date: /home/amigo-pi/amigo_ros2_pi/install/ublox_msgs/include/ublox_msgs/ublox_msgs/msg/rxm_rawx.hpp\n'}
[14.866601] (ublox_msgs) StdoutLine: {'line': b'-- Up-to-date: /home/amigo-pi/amigo_ros2_pi/install/ublox_msgs/include/ublox_msgs/ublox_msgs/msg/esf_meas.hpp\n'}
[14.867166] (ublox_msgs) StdoutLine: {'line': b'-- Up-to-date: /home/amigo-pi/amigo_ros2_pi/install/ublox_msgs/include/ublox_msgs/ublox_msgs/msg/cfg_nav5.hpp\n'}
[14.867638] (ublox_msgs) StdoutLine: {'line': b'-- Up-to-date: /home/amigo-pi/amigo_ros2_pi/install/ublox_msgs/include/ublox_msgs/ublox_msgs/msg/nav_pvt7.hpp\n'}
[14.869085] (ublox_msgs) StdoutLine: {'line': b'-- Up-to-date: /home/amigo-pi/amigo_ros2_pi/install/ublox_msgs/include/ublox_msgs/ublox_msgs/msg/cfg_prt.hpp\n'}
[14.869992] (ublox_msgs) StdoutLine: {'line': b'-- Up-to-date: /home/amigo-pi/amigo_ros2_pi/install/ublox_msgs/include/ublox_msgs/ublox_msgs/msg/cfg_gnss.hpp\n'}
[14.871502] (ublox_msgs) StdoutLine: {'line': b'-- Up-to-date: /home/amigo-pi/amigo_ros2_pi/install/ublox_msgs/include/ublox_msgs/ublox_msgs/msg/mon_ver_extension.hpp\n'}
[14.872414] (ublox_msgs) StdoutLine: {'line': b'-- Up-to-date: /home/amigo-pi/amigo_ros2_pi/install/ublox_msgs/include/ublox_msgs/ublox_msgs/msg/rxm_svsisv.hpp\n'}
[14.884654] (ublox_msgs) StdoutLine: {'line': b'-- Up-to-date: /home/amigo-pi/amigo_ros2_pi/install/ublox_msgs/include/ublox_msgs/ublox_msgs/msg/upd_sos_ack.hpp\n'}
[14.886741] (ublox_msgs) StdoutLine: {'line': b'-- Up-to-date: /home/amigo-pi/amigo_ros2_pi/install/ublox_msgs/include/ublox_msgs/ublox_msgs/msg/nav_satsv.hpp\n'}
[14.888439] (ublox_msgs) StdoutLine: {'line': b'-- Up-to-date: /home/amigo-pi/amigo_ros2_pi/install/ublox_msgs/include/ublox_msgs/ublox_msgs/msg/rxm_rawsv.hpp\n'}
[14.891091] (ublox_msgs) StdoutLine: {'line': b'-- Up-to-date: /home/amigo-pi/amigo_ros2_pi/install/ublox_msgs/include/ublox_msgs/ublox_msgs/msg/hnr_pvt.hpp\n'}
[14.892735] (ublox_msgs) StdoutLine: {'line': b'-- Up-to-date: /home/amigo-pi/amigo_ros2_pi/install/ublox_msgs/include/ublox_msgs/ublox_msgs/msg/cfg_nmea.hpp\n'}
[14.894413] (ublox_msgs) StdoutLine: {'line': b'-- Up-to-date: /home/amigo-pi/amigo_ros2_pi/install/ublox_msgs/include/ublox_msgs/ublox_msgs/msg/nav_dgps.hpp\n'}
[14.896138] (ublox_msgs) StdoutLine: {'line': b'-- Up-to-date: /home/amigo-pi/amigo_ros2_pi/install/ublox_msgs/include/ublox_msgs/ublox_msgs/msg/cfg_hnr.hpp\n'}
[14.897992] (ublox_msgs) StdoutLine: {'line': b'-- Up-to-date: /home/amigo-pi/amigo_ros2_pi/install/ublox_msgs/include/ublox_msgs/ublox_msgs/msg/nav_relposned.hpp\n'}
[14.901137] (ublox_msgs) StdoutLine: {'line': b'-- Up-to-date: /home/amigo-pi/amigo_ros2_pi/install/ublox_msgs/include/ublox_msgs/ublox_msgs/msg/nav_svin.hpp\n'}
[14.902962] (ublox_msgs) StdoutLine: {'line': b'-- Up-to-date: /home/amigo-pi/amigo_ros2_pi/install/ublox_msgs/include/ublox_msgs/ublox_msgs/msg/cfg_rate.hpp\n'}
[14.904821] (ublox_msgs) StdoutLine: {'line': b'-- Up-to-date: /home/amigo-pi/amigo_ros2_pi/install/ublox_msgs/include/ublox_msgs/ublox_msgs/msg/nav_posecef.hpp\n'}
[14.908071] (ublox_msgs) StdoutLine: {'line': b'-- Up-to-date: /home/amigo-pi/amigo_ros2_pi/install/ublox_msgs/include/ublox_msgs/ublox_msgs/msg/rxm_sfrb.hpp\n'}
[14.911510] (ublox_msgs) StdoutLine: {'line': b'-- Up-to-date: /home/amigo-pi/amigo_ros2_pi/install/ublox_msgs/include/ublox_msgs/ublox_msgs/msg/nav_dop.hpp\n'}
[14.915493] (ublox_msgs) StdoutLine: {'line': b'-- Up-to-date: /home/amigo-pi/amigo_ros2_pi/install/ublox_msgs/include/ublox_msgs/ublox_msgs/msg/esf_ins.hpp\n'}
[14.922888] (ublox_msgs) StdoutLine: {'line': b'-- Up-to-date: /home/amigo-pi/amigo_ros2_pi/install/ublox_msgs/include/ublox_msgs/ublox_msgs/msg/cfg_inf_block.hpp\n'}
[14.927948] (ublox_msgs) StdoutLine: {'line': b'-- Up-to-date: /home/amigo-pi/amigo_ros2_pi/install/ublox_msgs/include/ublox_msgs/ublox_msgs/msg/detail\n'}
[14.931505] (ublox_msgs) StdoutLine: {'line': b'-- Up-to-date: /home/amigo-pi/amigo_ros2_pi/install/ublox_msgs/include/ublox_msgs/ublox_msgs/msg/detail/nav_sbas__struct.hpp\n'}
[14.937723] (ublox_msgs) StdoutLine: {'line': b'-- Up-to-date: /home/amigo-pi/amigo_ros2_pi/install/ublox_msgs/include/ublox_msgs/ublox_msgs/msg/detail/rxm_raw__struct.hpp\n'}
[14.941101] (ublox_msgs) StdoutLine: {'line': b'-- Up-to-date: /home/amigo-pi/amigo_ros2_pi/install/ublox_msgs/include/ublox_msgs/ublox_msgs/msg/detail/mon_hw__struct.hpp\n'}
[14.944021] (ublox_msgs) StdoutLine: {'line': b'-- Up-to-date: /home/amigo-pi/amigo_ros2_pi/install/ublox_msgs/include/ublox_msgs/ublox_msgs/msg/detail/aid_alm__traits.hpp\n'}
[14.946454] (-) TimerEvent: {}
[14.949031] (ublox_msgs) StdoutLine: {'line': b'-- Up-to-date: /home/amigo-pi/amigo_ros2_pi/install/ublox_msgs/include/ublox_msgs/ublox_msgs/msg/detail/rxm_rawx__struct.hpp\n'}
[14.955252] (ublox_msgs) StdoutLine: {'line': b'-- Up-to-date: /home/amigo-pi/amigo_ros2_pi/install/ublox_msgs/include/ublox_msgs/ublox_msgs/msg/detail/upd_sos__struct.hpp\n'}
[14.959638] (ublox_msgs) StdoutLine: {'line': b'-- Up-to-date: /home/amigo-pi/amigo_ros2_pi/install/ublox_msgs/include/ublox_msgs/ublox_msgs/msg/detail/nav_att__type_support.hpp\n'}
[14.960631] (ublox_msgs) StdoutLine: {'line': b'-- Up-to-date: /home/amigo-pi/amigo_ros2_pi/install/ublox_msgs/include/ublox_msgs/ublox_msgs/msg/detail/mon_hw6__traits.hpp\n'}
[14.962735] (ublox_msgs) StdoutLine: {'line': b'-- Up-to-date: /home/amigo-pi/amigo_ros2_pi/install/ublox_msgs/include/ublox_msgs/ublox_msgs/msg/detail/nav_posllh__type_support.hpp\n'}
[14.964794] (ublox_msgs) StdoutLine: {'line': b'-- Up-to-date: /home/amigo-pi/amigo_ros2_pi/install/ublox_msgs/include/ublox_msgs/ublox_msgs/msg/detail/cfg_gnss__builder.hpp\n'}
[14.967338] (ublox_msgs) StdoutLine: {'line': b'-- Up-to-date: /home/amigo-pi/amigo_ros2_pi/install/ublox_msgs/include/ublox_msgs/ublox_msgs/msg/detail/cfg_rate__struct.hpp\n'}
[14.974080] (ublox_msgs) StdoutLine: {'line': b'-- Up-to-date: /home/amigo-pi/amigo_ros2_pi/install/ublox_msgs/include/ublox_msgs/ublox_msgs/msg/detail/nav_relposned9__builder.hpp\n'}
[14.976877] (ublox_msgs) StdoutLine: {'line': b'-- Up-to-date: /home/amigo-pi/amigo_ros2_pi/install/ublox_msgs/include/ublox_msgs/ublox_msgs/msg/detail/esf_raw__builder.hpp\n'}
[14.978570] (ublox_msgs) StdoutLine: {'line': b'-- Up-to-date: /home/amigo-pi/amigo_ros2_pi/install/ublox_msgs/include/ublox_msgs/ublox_msgs/msg/detail/esf_raw_block__type_support.hpp\n'}
[14.979357] (ublox_msgs) StdoutLine: {'line': b'-- Up-to-date: /home/amigo-pi/amigo_ros2_pi/install/ublox_msgs/include/ublox_msgs/ublox_msgs/msg/detail/nav_relposned__builder.hpp\n'}
[14.980183] (ublox_msgs) StdoutLine: {'line': b'-- Up-to-date: /home/amigo-pi/amigo_ros2_pi/install/ublox_msgs/include/ublox_msgs/ublox_msgs/msg/detail/cfg_gnss__traits.hpp\n'}
[14.980999] (ublox_msgs) StdoutLine: {'line': b'-- Up-to-date: /home/amigo-pi/amigo_ros2_pi/install/ublox_msgs/include/ublox_msgs/ublox_msgs/msg/detail/cfg_nmea6__struct.hpp\n'}
[14.981924] (ublox_msgs) StdoutLine: {'line': b'-- Up-to-date: /home/amigo-pi/amigo_ros2_pi/install/ublox_msgs/include/ublox_msgs/ublox_msgs/msg/detail/ack__type_support.hpp\n'}
[14.983232] (ublox_msgs) StdoutLine: {'line': b'-- Up-to-date: /home/amigo-pi/amigo_ros2_pi/install/ublox_msgs/include/ublox_msgs/ublox_msgs/msg/detail/ack__traits.hpp\n'}
[14.984045] (ublox_msgs) StdoutLine: {'line': b'-- Up-to-date: /home/amigo-pi/amigo_ros2_pi/install/ublox_msgs/include/ublox_msgs/ublox_msgs/msg/detail/nav_pvt__builder.hpp\n'}
[14.986479] (ublox_msgs) StdoutLine: {'line': b'-- Up-to-date: /home/amigo-pi/amigo_ros2_pi/install/ublox_msgs/include/ublox_msgs/ublox_msgs/msg/detail/esf_status_sens__type_support.hpp\n'}
[14.991579] (ublox_msgs) StdoutLine: {'line': b'-- Up-to-date: /home/amigo-pi/amigo_ros2_pi/install/ublox_msgs/include/ublox_msgs/ublox_msgs/msg/detail/rxm_svsi__traits.hpp\n'}
[14.995302] (ublox_msgs) StdoutLine: {'line': b'-- Up-to-date: /home/amigo-pi/amigo_ros2_pi/install/ublox_msgs/include/ublox_msgs/ublox_msgs/msg/detail/rxm_alm__builder.hpp\n'}
[14.997322] (ublox_msgs) StdoutLine: {'line': b'-- Up-to-date: /home/amigo-pi/amigo_ros2_pi/install/ublox_msgs/include/ublox_msgs/ublox_msgs/msg/detail/upd_sos_ack__traits.hpp\n'}
[14.998942] (ublox_msgs) StdoutLine: {'line': b'-- Up-to-date: /home/amigo-pi/amigo_ros2_pi/install/ublox_msgs/include/ublox_msgs/ublox_msgs/msg/detail/nav_pvt7__builder.hpp\n'}
[15.001001] (ublox_msgs) StdoutLine: {'line': b'-- Up-to-date: /home/amigo-pi/amigo_ros2_pi/install/ublox_msgs/include/ublox_msgs/ublox_msgs/msg/detail/rxm_rawx__builder.hpp\n'}
[15.002944] (ublox_msgs) StdoutLine: {'line': b'-- Up-to-date: /home/amigo-pi/amigo_ros2_pi/install/ublox_msgs/include/ublox_msgs/ublox_msgs/msg/detail/cfg_hnr__struct.hpp\n'}
[15.005199] (ublox_msgs) StdoutLine: {'line': b'-- Up-to-date: /home/amigo-pi/amigo_ros2_pi/install/ublox_msgs/include/ublox_msgs/ublox_msgs/msg/detail/nav_dgps__builder.hpp\n'}
[15.009517] (ublox_msgs) StdoutLine: {'line': b'-- Up-to-date: /home/amigo-pi/amigo_ros2_pi/install/ublox_msgs/include/ublox_msgs/ublox_msgs/msg/detail/cfg_nmea7__struct.hpp\n'}
[15.011015] (ublox_msgs) StdoutLine: {'line': b'-- Up-to-date: /home/amigo-pi/amigo_ros2_pi/install/ublox_msgs/include/ublox_msgs/ublox_msgs/msg/detail/nav_att__traits.hpp\n'}
[15.011962] (ublox_msgs) StdoutLine: {'line': b'-- Up-to-date: /home/amigo-pi/amigo_ros2_pi/install/ublox_msgs/include/ublox_msgs/ublox_msgs/msg/detail/nav_relposned__traits.hpp\n'}
[15.013277] (ublox_msgs) StdoutLine: {'line': b'-- Up-to-date: /home/amigo-pi/amigo_ros2_pi/install/ublox_msgs/include/ublox_msgs/ublox_msgs/msg/detail/rxm_alm__struct.hpp\n'}
[15.014404] (ublox_msgs) StdoutLine: {'line': b'-- Up-to-date: /home/amigo-pi/amigo_ros2_pi/install/ublox_msgs/include/ublox_msgs/ublox_msgs/msg/detail/rxm_sfrbx__struct.hpp\n'}
[15.015221] (ublox_msgs) StdoutLine: {'line': b'-- Up-to-date: /home/amigo-pi/amigo_ros2_pi/install/ublox_msgs/include/ublox_msgs/ublox_msgs/msg/detail/cfg_prt__traits.hpp\n'}
[15.016178] (ublox_msgs) StdoutLine: {'line': b'-- Up-to-date: /home/amigo-pi/amigo_ros2_pi/install/ublox_msgs/include/ublox_msgs/ublox_msgs/msg/detail/nav_pvt__struct.hpp\n'}
[15.017179] (ublox_msgs) StdoutLine: {'line': b'-- Up-to-date: /home/amigo-pi/amigo_ros2_pi/install/ublox_msgs/include/ublox_msgs/ublox_msgs/msg/detail/esf_meas__builder.hpp\n'}
[15.018242] (ublox_msgs) StdoutLine: {'line': b'-- Up-to-date: /home/amigo-pi/amigo_ros2_pi/install/ublox_msgs/include/ublox_msgs/ublox_msgs/msg/detail/nav_timeutc__type_support.hpp\n'}
[15.022510] (ublox_msgs) StdoutLine: {'line': b'-- Up-to-date: /home/amigo-pi/amigo_ros2_pi/install/ublox_msgs/include/ublox_msgs/ublox_msgs/msg/detail/cfg_rst__builder.hpp\n'}
[15.024387] (ublox_msgs) StdoutLine: {'line': b'-- Up-to-date: /home/amigo-pi/amigo_ros2_pi/install/ublox_msgs/include/ublox_msgs/ublox_msgs/msg/detail/cfg_inf_block__type_support.hpp\n'}
[15.025899] (ublox_msgs) StdoutLine: {'line': b'-- Up-to-date: /home/amigo-pi/amigo_ros2_pi/install/ublox_msgs/include/ublox_msgs/ublox_msgs/msg/detail/nav_timeutc__struct.hpp\n'}
[15.027314] (ublox_msgs) StdoutLine: {'line': b'-- Up-to-date: /home/amigo-pi/amigo_ros2_pi/install/ublox_msgs/include/ublox_msgs/ublox_msgs/msg/detail/mon_gnss__builder.hpp\n'}
[15.028227] (ublox_msgs) StdoutLine: {'line': b'-- Up-to-date: /home/amigo-pi/amigo_ros2_pi/install/ublox_msgs/include/ublox_msgs/ublox_msgs/msg/detail/cfg_usb__traits.hpp\n'}
[15.028990] (ublox_msgs) StdoutLine: {'line': b'-- Up-to-date: /home/amigo-pi/amigo_ros2_pi/install/ublox_msgs/include/ublox_msgs/ublox_msgs/msg/detail/cfg_dgnss__struct.hpp\n'}
[15.029675] (ublox_msgs) StdoutLine: {'line': b'-- Up-to-date: /home/amigo-pi/amigo_ros2_pi/install/ublox_msgs/include/ublox_msgs/ublox_msgs/msg/detail/cfg_nmea7__type_support.hpp\n'}
[15.030290] (ublox_msgs) StdoutLine: {'line': b'-- Up-to-date: /home/amigo-pi/amigo_ros2_pi/install/ublox_msgs/include/ublox_msgs/ublox_msgs/msg/detail/esf_status__traits.hpp\n'}
[15.031006] (ublox_msgs) StdoutLine: {'line': b'-- Up-to-date: /home/amigo-pi/amigo_ros2_pi/install/ublox_msgs/include/ublox_msgs/ublox_msgs/msg/detail/rxm_rawx_meas__type_support.hpp\n'}
[15.031695] (ublox_msgs) StdoutLine: {'line': b'-- Up-to-date: /home/amigo-pi/amigo_ros2_pi/install/ublox_msgs/include/ublox_msgs/ublox_msgs/msg/detail/nav_sat__traits.hpp\n'}
[15.032952] (ublox_msgs) StdoutLine: {'line': b'-- Up-to-date: /home/amigo-pi/amigo_ros2_pi/install/ublox_msgs/include/ublox_msgs/ublox_msgs/msg/detail/cfg_hnr__builder.hpp\n'}
[15.034799] (ublox_msgs) StdoutLine: {'line': b'-- Up-to-date: /home/amigo-pi/amigo_ros2_pi/install/ublox_msgs/include/ublox_msgs/ublox_msgs/msg/detail/esf_meas__type_support.hpp\n'}
[15.038227] (ublox_msgs) StdoutLine: {'line': b'-- Up-to-date: /home/amigo-pi/amigo_ros2_pi/install/ublox_msgs/include/ublox_msgs/ublox_msgs/msg/detail/rxm_eph__struct.hpp\n'}
[15.040931] (ublox_msgs) StdoutLine: {'line': b'-- Up-to-date: /home/amigo-pi/amigo_ros2_pi/install/ublox_msgs/include/ublox_msgs/ublox_msgs/msg/detail/rxm_sfrb__struct.hpp\n'}
[15.043333] (ublox_msgs) StdoutLine: {'line': b'-- Up-to-date: /home/amigo-pi/amigo_ros2_pi/install/ublox_msgs/include/ublox_msgs/ublox_msgs/msg/detail/nav_status__builder.hpp\n'}
[15.045304] (ublox_msgs) StdoutLine: {'line': b'-- Up-to-date: /home/amigo-pi/amigo_ros2_pi/install/ublox_msgs/include/ublox_msgs/ublox_msgs/msg/detail/rxm_eph__builder.hpp\n'}
[15.046361] (ublox_msgs) StdoutLine: {'line': b'-- Up-to-date: /home/amigo-pi/amigo_ros2_pi/install/ublox_msgs/include/ublox_msgs/ublox_msgs/msg/detail/rxm_svsisv__type_support.hpp\n'}
[15.047632] (-) TimerEvent: {}
[15.048956] (ublox_msgs) StdoutLine: {'line': b'-- Up-to-date: /home/amigo-pi/amigo_ros2_pi/install/ublox_msgs/include/ublox_msgs/ublox_msgs/msg/detail/esf_ins__struct.hpp\n'}
[15.050039] (ublox_msgs) StdoutLine: {'line': b'-- Up-to-date: /home/amigo-pi/amigo_ros2_pi/install/ublox_msgs/include/ublox_msgs/ublox_msgs/msg/detail/mon_ver__builder.hpp\n'}
[15.051094] (ublox_msgs) StdoutLine: {'line': b'-- Up-to-date: /home/amigo-pi/amigo_ros2_pi/install/ublox_msgs/include/ublox_msgs/ublox_msgs/msg/detail/cfg_nmea6__traits.hpp\n'}
[15.053422] (ublox_msgs) StdoutLine: {'line': b'-- Up-to-date: /home/amigo-pi/amigo_ros2_pi/install/ublox_msgs/include/ublox_msgs/ublox_msgs/msg/detail/hnr_pvt__type_support.hpp\n'}
[15.056875] (ublox_msgs) StdoutLine: {'line': b'-- Up-to-date: /home/amigo-pi/amigo_ros2_pi/install/ublox_msgs/include/ublox_msgs/ublox_msgs/msg/detail/nav_dgps__struct.hpp\n'}
[15.059698] (ublox_msgs) StdoutLine: {'line': b'-- Up-to-date: /home/amigo-pi/amigo_ros2_pi/install/ublox_msgs/include/ublox_msgs/ublox_msgs/msg/detail/cfg_navx5__builder.hpp\n'}
[15.061235] (ublox_msgs) StdoutLine: {'line': b'-- Up-to-date: /home/amigo-pi/amigo_ros2_pi/install/ublox_msgs/include/ublox_msgs/ublox_msgs/msg/detail/rxm_rawsv__builder.hpp\n'}
[15.062046] (ublox_msgs) StdoutLine: {'line': b'-- Up-to-date: /home/amigo-pi/amigo_ros2_pi/install/ublox_msgs/include/ublox_msgs/ublox_msgs/msg/detail/nav_svin__builder.hpp\n'}
[15.063721] (ublox_msgs) StdoutLine: {'line': b'-- Up-to-date: /home/amigo-pi/amigo_ros2_pi/install/ublox_msgs/include/ublox_msgs/ublox_msgs/msg/detail/cfg_rate__builder.hpp\n'}
[15.064644] (ublox_msgs) StdoutLine: {'line': b'-- Up-to-date: /home/amigo-pi/amigo_ros2_pi/install/ublox_msgs/include/ublox_msgs/ublox_msgs/msg/detail/nav_velecef__type_support.hpp\n'}
[15.066701] (ublox_msgs) StdoutLine: {'line': b'-- Up-to-date: /home/amigo-pi/amigo_ros2_pi/install/ublox_msgs/include/ublox_msgs/ublox_msgs/msg/detail/rxm_sfrbx__builder.hpp\n'}
[15.069055] (ublox_msgs) StdoutLine: {'line': b'-- Up-to-date: /home/amigo-pi/amigo_ros2_pi/install/ublox_msgs/include/ublox_msgs/ublox_msgs/msg/detail/cfg_tmode3__builder.hpp\n'}
[15.071310] (ublox_msgs) StdoutLine: {'line': b'-- Up-to-date: /home/amigo-pi/amigo_ros2_pi/install/ublox_msgs/include/ublox_msgs/ublox_msgs/msg/detail/nav_dgps__type_support.hpp\n'}
[15.073313] (ublox_msgs) StdoutLine: {'line': b'-- Up-to-date: /home/amigo-pi/amigo_ros2_pi/install/ublox_msgs/include/ublox_msgs/ublox_msgs/msg/detail/nav_svinfo__traits.hpp\n'}
[15.075182] (ublox_msgs) StdoutLine: {'line': b'-- Up-to-date: /home/amigo-pi/amigo_ros2_pi/install/ublox_msgs/include/ublox_msgs/ublox_msgs/msg/detail/upd_sos_ack__builder.hpp\n'}
[15.076162] (ublox_msgs) StdoutLine: {'line': b'-- Up-to-date: /home/amigo-pi/amigo_ros2_pi/install/ublox_msgs/include/ublox_msgs/ublox_msgs/msg/detail/cfg_rate__type_support.hpp\n'}
[15.076801] (ublox_msgs) StdoutLine: {'line': b'-- Up-to-date: /home/amigo-pi/amigo_ros2_pi/install/ublox_msgs/include/ublox_msgs/ublox_msgs/msg/detail/esf_raw__struct.hpp\n'}
[15.077555] (ublox_msgs) StdoutLine: {'line': b'-- Up-to-date: /home/amigo-pi/amigo_ros2_pi/install/ublox_msgs/include/ublox_msgs/ublox_msgs/msg/detail/nav_timegps__traits.hpp\n'}
[15.078177] (ublox_msgs) StdoutLine: {'line': b'-- Up-to-date: /home/amigo-pi/amigo_ros2_pi/install/ublox_msgs/include/ublox_msgs/ublox_msgs/msg/detail/esf_status_sens__traits.hpp\n'}
[15.078789] (ublox_msgs) StdoutLine: {'line': b'-- Up-to-date: /home/amigo-pi/amigo_ros2_pi/install/ublox_msgs/include/ublox_msgs/ublox_msgs/msg/detail/nav_timegps__type_support.hpp\n'}
[15.079434] (ublox_msgs) StdoutLine: {'line': b'-- Up-to-date: /home/amigo-pi/amigo_ros2_pi/install/ublox_msgs/include/ublox_msgs/ublox_msgs/msg/detail/aid_alm__builder.hpp\n'}
[15.080252] (ublox_msgs) StdoutLine: {'line': b'-- Up-to-date: /home/amigo-pi/amigo_ros2_pi/install/ublox_msgs/include/ublox_msgs/ublox_msgs/msg/detail/cfg_gnss_block__type_support.hpp\n'}
[15.081092] (ublox_msgs) StdoutLine: {'line': b'-- Up-to-date: /home/amigo-pi/amigo_ros2_pi/install/ublox_msgs/include/ublox_msgs/ublox_msgs/msg/detail/rxm_svsisv__builder.hpp\n'}
[15.081963] (ublox_msgs) StdoutLine: {'line': b'-- Up-to-date: /home/amigo-pi/amigo_ros2_pi/install/ublox_msgs/include/ublox_msgs/ublox_msgs/msg/detail/rxm_sfrb__builder.hpp\n'}
[15.083206] (ublox_msgs) StdoutLine: {'line': b'-- Up-to-date: /home/amigo-pi/amigo_ros2_pi/install/ublox_msgs/include/ublox_msgs/ublox_msgs/msg/detail/mga_gal__type_support.hpp\n'}
[15.084916] (ublox_msgs) StdoutLine: {'line': b'-- Up-to-date: /home/amigo-pi/amigo_ros2_pi/install/ublox_msgs/include/ublox_msgs/ublox_msgs/msg/detail/cfg_rst__type_support.hpp\n'}
[15.086181] (ublox_msgs) StdoutLine: {'line': b'-- Up-to-date: /home/amigo-pi/amigo_ros2_pi/install/ublox_msgs/include/ublox_msgs/ublox_msgs/msg/detail/rxm_rtcm__builder.hpp\n'}
[15.087298] (ublox_msgs) StdoutLine: {'line': b'-- Up-to-date: /home/amigo-pi/amigo_ros2_pi/install/ublox_msgs/include/ublox_msgs/ublox_msgs/msg/detail/mon_gnss__type_support.hpp\n'}
[15.088303] (ublox_msgs) StdoutLine: {'line': b'-- Up-to-date: /home/amigo-pi/amigo_ros2_pi/install/ublox_msgs/include/ublox_msgs/ublox_msgs/msg/detail/cfg_dat__type_support.hpp\n'}
[15.089126] (ublox_msgs) StdoutLine: {'line': b'-- Up-to-date: /home/amigo-pi/amigo_ros2_pi/install/ublox_msgs/include/ublox_msgs/ublox_msgs/msg/detail/nav_dop__struct.hpp\n'}
[15.089848] (ublox_msgs) StdoutLine: {'line': b'-- Up-to-date: /home/amigo-pi/amigo_ros2_pi/install/ublox_msgs/include/ublox_msgs/ublox_msgs/msg/detail/rxm_rawsv__traits.hpp\n'}
[15.091410] (ublox_msgs) StdoutLine: {'line': b'-- Up-to-date: /home/amigo-pi/amigo_ros2_pi/install/ublox_msgs/include/ublox_msgs/ublox_msgs/msg/detail/esf_status_sens__builder.hpp\n'}
[15.092008] (ublox_msgs) StdoutLine: {'line': b'-- Up-to-date: /home/amigo-pi/amigo_ros2_pi/install/ublox_msgs/include/ublox_msgs/ublox_msgs/msg/detail/nav_posecef__type_support.hpp\n'}
[15.093109] (ublox_msgs) StdoutLine: {'line': b'-- Up-to-date: /home/amigo-pi/amigo_ros2_pi/install/ublox_msgs/include/ublox_msgs/ublox_msgs/msg/detail/aid_alm__type_support.hpp\n'}
[15.094700] (ublox_msgs) StdoutLine: {'line': b'-- Up-to-date: /home/amigo-pi/amigo_ros2_pi/install/ublox_msgs/include/ublox_msgs/ublox_msgs/msg/detail/upd_sos__type_support.hpp\n'}
[15.096302] (ublox_msgs) StdoutLine: {'line': b'-- Up-to-date: /home/amigo-pi/amigo_ros2_pi/install/ublox_msgs/include/ublox_msgs/ublox_msgs/msg/detail/nav_timeutc__builder.hpp\n'}
[15.097920] (ublox_msgs) StdoutLine: {'line': b'-- Up-to-date: /home/amigo-pi/amigo_ros2_pi/install/ublox_msgs/include/ublox_msgs/ublox_msgs/msg/detail/nav_posecef__builder.hpp\n'}
[15.098964] (ublox_msgs) StdoutLine: {'line': b'-- Up-to-date: /home/amigo-pi/amigo_ros2_pi/install/ublox_msgs/include/ublox_msgs/ublox_msgs/msg/detail/esf_raw_block__builder.hpp\n'}
[15.099873] (ublox_msgs) StdoutLine: {'line': b'-- Up-to-date: /home/amigo-pi/amigo_ros2_pi/install/ublox_msgs/include/ublox_msgs/ublox_msgs/msg/detail/nav_sbassv__traits.hpp\n'}
[15.101097] (ublox_msgs) StdoutLine: {'line': b'-- Up-to-date: /home/amigo-pi/amigo_ros2_pi/install/ublox_msgs/include/ublox_msgs/ublox_msgs/msg/detail/nav_posecef__struct.hpp\n'}
[15.102262] (ublox_msgs) StdoutLine: {'line': b'-- Up-to-date: /home/amigo-pi/amigo_ros2_pi/install/ublox_msgs/include/ublox_msgs/ublox_msgs/msg/detail/cfg_gnss_block__builder.hpp\n'}
[15.103258] (ublox_msgs) StdoutLine: {'line': b'-- Up-to-date: /home/amigo-pi/amigo_ros2_pi/install/ublox_msgs/include/ublox_msgs/ublox_msgs/msg/detail/mon_ver__traits.hpp\n'}
[15.104459] (ublox_msgs) StdoutLine: {'line': b'-- Up-to-date: /home/amigo-pi/amigo_ros2_pi/install/ublox_msgs/include/ublox_msgs/ublox_msgs/msg/detail/upd_sos__builder.hpp\n'}
[15.106517] (ublox_msgs) StdoutLine: {'line': b'-- Up-to-date: /home/amigo-pi/amigo_ros2_pi/install/ublox_msgs/include/ublox_msgs/ublox_msgs/msg/detail/esf_ins__type_support.hpp\n'}
[15.107688] (ublox_msgs) StdoutLine: {'line': b'-- Up-to-date: /home/amigo-pi/amigo_ros2_pi/install/ublox_msgs/include/ublox_msgs/ublox_msgs/msg/detail/cfg_nav5__builder.hpp\n'}
[15.121312] (ublox_msgs) StdoutLine: {'line': b'-- Up-to-date: /home/amigo-pi/amigo_ros2_pi/install/ublox_msgs/include/ublox_msgs/ublox_msgs/msg/detail/rxm_rtcm__type_support.hpp\n'}
[15.122606] (ublox_msgs) StdoutLine: {'line': b'-- Up-to-date: /home/amigo-pi/amigo_ros2_pi/install/ublox_msgs/include/ublox_msgs/ublox_msgs/msg/detail/cfg_inf_block__builder.hpp\n'}
[15.124374] (ublox_msgs) StdoutLine: {'line': b'-- Up-to-date: /home/amigo-pi/amigo_ros2_pi/install/ublox_msgs/include/ublox_msgs/ublox_msgs/msg/detail/cfg_cfg__type_support.hpp\n'}
[15.130314] (ublox_msgs) StdoutLine: {'line': b'-- Up-to-date: /home/amigo-pi/amigo_ros2_pi/install/ublox_msgs/include/ublox_msgs/ublox_msgs/msg/detail/nav_sbassv__type_support.hpp\n'}
[15.132135] (ublox_msgs) StdoutLine: {'line': b'-- Up-to-date: /home/amigo-pi/amigo_ros2_pi/install/ublox_msgs/include/ublox_msgs/ublox_msgs/msg/detail/cfg_sbas__type_support.hpp\n'}
[15.135332] (ublox_msgs) StdoutLine: {'line': b'-- Up-to-date: /home/amigo-pi/amigo_ros2_pi/install/ublox_msgs/include/ublox_msgs/ublox_msgs/msg/detail/nav_svinfo__type_support.hpp\n'}
[15.136835] (ublox_msgs) StdoutLine: {'line': b'-- Up-to-date: /home/amigo-pi/amigo_ros2_pi/install/ublox_msgs/include/ublox_msgs/ublox_msgs/msg/detail/rxm_svsisv__struct.hpp\n'}
[15.139113] (ublox_msgs) StdoutLine: {'line': b'-- Up-to-date: /home/amigo-pi/amigo_ros2_pi/install/ublox_msgs/include/ublox_msgs/ublox_msgs/msg/detail/nav_att__struct.hpp\n'}
[15.140370] (ublox_msgs) StdoutLine: {'line': b'-- Up-to-date: /home/amigo-pi/amigo_ros2_pi/install/ublox_msgs/include/ublox_msgs/ublox_msgs/msg/detail/rxm_rawx__type_support.hpp\n'}
[15.142846] (ublox_msgs) StdoutLine: {'line': b'-- Up-to-date: /home/amigo-pi/amigo_ros2_pi/install/ublox_msgs/include/ublox_msgs/ublox_msgs/msg/detail/mon_ver_extension__struct.hpp\n'}
[15.152793] (-) TimerEvent: {}
[15.153790] (ublox_msgs) StdoutLine: {'line': b'-- Up-to-date: /home/amigo-pi/amigo_ros2_pi/install/ublox_msgs/include/ublox_msgs/ublox_msgs/msg/detail/inf__builder.hpp\n'}
[15.154820] (ublox_msgs) StdoutLine: {'line': b'-- Up-to-date: /home/amigo-pi/amigo_ros2_pi/install/ublox_msgs/include/ublox_msgs/ublox_msgs/msg/detail/nav_relposned__struct.hpp\n'}
[15.155920] (ublox_msgs) StdoutLine: {'line': b'-- Up-to-date: /home/amigo-pi/amigo_ros2_pi/install/ublox_msgs/include/ublox_msgs/ublox_msgs/msg/detail/hnr_pvt__traits.hpp\n'}
[15.157718] (ublox_msgs) StdoutLine: {'line': b'-- Up-to-date: /home/amigo-pi/amigo_ros2_pi/install/ublox_msgs/include/ublox_msgs/ublox_msgs/msg/detail/rxm_sfrb__traits.hpp\n'}
[15.158913] (ublox_msgs) StdoutLine: {'line': b'-- Up-to-date: /home/amigo-pi/amigo_ros2_pi/install/ublox_msgs/include/ublox_msgs/ublox_msgs/msg/detail/nav_timeutc__traits.hpp\n'}
[15.159791] (ublox_msgs) StdoutLine: {'line': b'-- Up-to-date: /home/amigo-pi/amigo_ros2_pi/install/ublox_msgs/include/ublox_msgs/ublox_msgs/msg/detail/nav_clock__type_support.hpp\n'}
[15.160789] (ublox_msgs) StdoutLine: {'line': b'-- Up-to-date: /home/amigo-pi/amigo_ros2_pi/install/ublox_msgs/include/ublox_msgs/ublox_msgs/msg/detail/nav_pvt7__struct.hpp\n'}
[15.163988] (ublox_msgs) StdoutLine: {'line': b'-- Up-to-date: /home/amigo-pi/amigo_ros2_pi/install/ublox_msgs/include/ublox_msgs/ublox_msgs/msg/detail/cfg_navx5__struct.hpp\n'}
[15.166520] (ublox_msgs) StdoutLine: {'line': b'-- Up-to-date: /home/amigo-pi/amigo_ros2_pi/install/ublox_msgs/include/ublox_msgs/ublox_msgs/msg/detail/nav_velecef__builder.hpp\n'}
[15.167712] (ublox_msgs) StdoutLine: {'line': b'-- Up-to-date: /home/amigo-pi/amigo_ros2_pi/install/ublox_msgs/include/ublox_msgs/ublox_msgs/msg/detail/mon_hw6__builder.hpp\n'}
[15.169099] (ublox_msgs) StdoutLine: {'line': b'-- Up-to-date: /home/amigo-pi/amigo_ros2_pi/install/ublox_msgs/include/ublox_msgs/ublox_msgs/msg/detail/upd_sos__traits.hpp\n'}
[15.170583] (ublox_msgs) StdoutLine: {'line': b'-- Up-to-date: /home/amigo-pi/amigo_ros2_pi/install/ublox_msgs/include/ublox_msgs/ublox_msgs/msg/detail/nav_svinfosv__builder.hpp\n'}
[15.171526] (ublox_msgs) StdoutLine: {'line': b'-- Up-to-date: /home/amigo-pi/amigo_ros2_pi/install/ublox_msgs/include/ublox_msgs/ublox_msgs/msg/detail/nav_svinfo__struct.hpp\n'}
[15.172462] (ublox_msgs) StdoutLine: {'line': b'-- Up-to-date: /home/amigo-pi/amigo_ros2_pi/install/ublox_msgs/include/ublox_msgs/ublox_msgs/msg/detail/nav_sat__builder.hpp\n'}
[15.173585] (ublox_msgs) StdoutLine: {'line': b'-- Up-to-date: /home/amigo-pi/amigo_ros2_pi/install/ublox_msgs/include/ublox_msgs/ublox_msgs/msg/detail/cfg_prt__type_support.hpp\n'}
[15.186971] (ublox_msgs) StdoutLine: {'line': b'-- Up-to-date: /home/amigo-pi/amigo_ros2_pi/install/ublox_msgs/include/ublox_msgs/ublox_msgs/msg/detail/cfg_usb__builder.hpp\n'}
[15.189504] (ublox_msgs) StdoutLine: {'line': b'-- Up-to-date: /home/amigo-pi/amigo_ros2_pi/install/ublox_msgs/include/ublox_msgs/ublox_msgs/msg/detail/nav_att__builder.hpp\n'}
[15.190594] (ublox_msgs) StdoutLine: {'line': b'-- Up-to-date: /home/amigo-pi/amigo_ros2_pi/install/ublox_msgs/include/ublox_msgs/ublox_msgs/msg/detail/rxm_rtcm__struct.hpp\n'}
[15.192043] (ublox_msgs) StdoutLine: {'line': b'-- Up-to-date: /home/amigo-pi/amigo_ros2_pi/install/ublox_msgs/include/ublox_msgs/ublox_msgs/msg/detail/esf_status_sens__struct.hpp\n'}
[15.195914] (ublox_msgs) StdoutLine: {'line': b'-- Up-to-date: /home/amigo-pi/amigo_ros2_pi/install/ublox_msgs/include/ublox_msgs/ublox_msgs/msg/detail/nav_sbas__traits.hpp\n'}
[15.201892] (ublox_msgs) StdoutLine: {'line': b'-- Up-to-date: /home/amigo-pi/amigo_ros2_pi/install/ublox_msgs/include/ublox_msgs/ublox_msgs/msg/detail/cfg_hnr__type_support.hpp\n'}
[15.203651] (ublox_msgs) StdoutLine: {'line': b'-- Up-to-date: /home/amigo-pi/amigo_ros2_pi/install/ublox_msgs/include/ublox_msgs/ublox_msgs/msg/detail/ack__builder.hpp\n'}
[15.214022] (ublox_msgs) StdoutLine: {'line': b'-- Up-to-date: /home/amigo-pi/amigo_ros2_pi/install/ublox_msgs/include/ublox_msgs/ublox_msgs/msg/detail/nav_dgpssv__type_support.hpp\n'}
[15.215320] (ublox_msgs) StdoutLine: {'line': b'-- Up-to-date: /home/amigo-pi/amigo_ros2_pi/install/ublox_msgs/include/ublox_msgs/ublox_msgs/msg/detail/aid_hui__traits.hpp\n'}
[15.221583] (ublox_msgs) StdoutLine: {'line': b'-- Up-to-date: /home/amigo-pi/amigo_ros2_pi/install/ublox_msgs/include/ublox_msgs/ublox_msgs/msg/detail/cfg_tmode3__struct.hpp\n'}
[15.222639] (ublox_msgs) StdoutLine: {'line': b'-- Up-to-date: /home/amigo-pi/amigo_ros2_pi/install/ublox_msgs/include/ublox_msgs/ublox_msgs/msg/detail/mon_hw__traits.hpp\n'}
[15.223595] (ublox_msgs) StdoutLine: {'line': b'-- Up-to-date: /home/amigo-pi/amigo_ros2_pi/install/ublox_msgs/include/ublox_msgs/ublox_msgs/msg/detail/aid_eph__traits.hpp\n'}
[15.225477] (ublox_msgs) StdoutLine: {'line': b'-- Up-to-date: /home/amigo-pi/amigo_ros2_pi/install/ublox_msgs/include/ublox_msgs/ublox_msgs/msg/detail/cfg_gnss_block__traits.hpp\n'}
[15.226254] (ublox_msgs) StdoutLine: {'line': b'-- Up-to-date: /home/amigo-pi/amigo_ros2_pi/install/ublox_msgs/include/ublox_msgs/ublox_msgs/msg/detail/rxm_sfrb__type_support.hpp\n'}
[15.233231] (ublox_msgs) StdoutLine: {'line': b'-- Up-to-date: /home/amigo-pi/amigo_ros2_pi/install/ublox_msgs/include/ublox_msgs/ublox_msgs/msg/detail/cfg_nmea6__type_support.hpp\n'}
[15.238286] (ublox_msgs) StdoutLine: {'line': b'-- Up-to-date: /home/amigo-pi/amigo_ros2_pi/install/ublox_msgs/include/ublox_msgs/ublox_msgs/msg/detail/upd_sos_ack__type_support.hpp\n'}
[15.240103] (ublox_msgs) StdoutLine: {'line': b'-- Up-to-date: /home/amigo-pi/amigo_ros2_pi/install/ublox_msgs/include/ublox_msgs/ublox_msgs/msg/detail/nav_dgpssv__builder.hpp\n'}
[15.244806] (ublox_msgs) StdoutLine: {'line': b'-- Up-to-date: /home/amigo-pi/amigo_ros2_pi/install/ublox_msgs/include/ublox_msgs/ublox_msgs/msg/detail/nav_relposned9__type_support.hpp\n'}
[15.245910] (ublox_msgs) StdoutLine: {'line': b'-- Up-to-date: /home/amigo-pi/amigo_ros2_pi/install/ublox_msgs/include/ublox_msgs/ublox_msgs/msg/detail/nav_pvt7__type_support.hpp\n'}
[15.248682] (ublox_msgs) StdoutLine: {'line': b'-- Up-to-date: /home/amigo-pi/amigo_ros2_pi/install/ublox_msgs/include/ublox_msgs/ublox_msgs/msg/detail/tim_tm2__type_support.hpp\n'}
[15.252082] (ublox_msgs) StdoutLine: {'line': b'-- Up-to-date: /home/amigo-pi/amigo_ros2_pi/install/ublox_msgs/include/ublox_msgs/ublox_msgs/msg/detail/nav_dgps__traits.hpp\n'}
[15.254469] (-) TimerEvent: {}
[15.256398] (ublox_msgs) StdoutLine: {'line': b'-- Up-to-date: /home/amigo-pi/amigo_ros2_pi/install/ublox_msgs/include/ublox_msgs/ublox_msgs/msg/detail/rxm_rawsv__type_support.hpp\n'}
[15.258285] (ublox_msgs) StdoutLine: {'line': b'-- Up-to-date: /home/amigo-pi/amigo_ros2_pi/install/ublox_msgs/include/ublox_msgs/ublox_msgs/msg/detail/cfg_dgnss__type_support.hpp\n'}
[15.259681] (ublox_msgs) StdoutLine: {'line': b'-- Up-to-date: /home/amigo-pi/amigo_ros2_pi/install/ublox_msgs/include/ublox_msgs/ublox_msgs/msg/detail/cfg_navx5__type_support.hpp\n'}
[15.266766] (ublox_msgs) StdoutLine: {'line': b'-- Up-to-date: /home/amigo-pi/amigo_ros2_pi/install/ublox_msgs/include/ublox_msgs/ublox_msgs/msg/detail/nav_satsv__struct.hpp\n'}
[15.268238] (ublox_msgs) StdoutLine: {'line': b'-- Up-to-date: /home/amigo-pi/amigo_ros2_pi/install/ublox_msgs/include/ublox_msgs/ublox_msgs/msg/detail/cfg_ant__traits.hpp\n'}
[15.269494] (ublox_msgs) StdoutLine: {'line': b'-- Up-to-date: /home/amigo-pi/amigo_ros2_pi/install/ublox_msgs/include/ublox_msgs/ublox_msgs/msg/detail/nav_satsv__traits.hpp\n'}
[15.270868] (ublox_msgs) StdoutLine: {'line': b'-- Up-to-date: /home/amigo-pi/amigo_ros2_pi/install/ublox_msgs/include/ublox_msgs/ublox_msgs/msg/detail/mga_gal__builder.hpp\n'}
[15.275293] (ublox_msgs) StdoutLine: {'line': b'-- Up-to-date: /home/amigo-pi/amigo_ros2_pi/install/ublox_msgs/include/ublox_msgs/ublox_msgs/msg/detail/rxm_rawx_meas__struct.hpp\n'}
[15.279061] (ublox_msgs) StdoutLine: {'line': b'-- Up-to-date: /home/amigo-pi/amigo_ros2_pi/install/ublox_msgs/include/ublox_msgs/ublox_msgs/msg/detail/rxm_rawx_meas__builder.hpp\n'}
[15.279956] (ublox_msgs) StdoutLine: {'line': b'-- Up-to-date: /home/amigo-pi/amigo_ros2_pi/install/ublox_msgs/include/ublox_msgs/ublox_msgs/msg/detail/rxm_svsi__builder.hpp\n'}
[15.280910] (ublox_msgs) StdoutLine: {'line': b'-- Up-to-date: /home/amigo-pi/amigo_ros2_pi/install/ublox_msgs/include/ublox_msgs/ublox_msgs/msg/detail/nav_velecef__traits.hpp\n'}
[15.281845] (ublox_msgs) StdoutLine: {'line': b'-- Up-to-date: /home/amigo-pi/amigo_ros2_pi/install/ublox_msgs/include/ublox_msgs/ublox_msgs/msg/detail/mon_hw6__type_support.hpp\n'}
[15.283274] (ublox_msgs) StdoutLine: {'line': b'-- Up-to-date: /home/amigo-pi/amigo_ros2_pi/install/ublox_msgs/include/ublox_msgs/ublox_msgs/msg/detail/cfg_dat__struct.hpp\n'}
[15.284922] (ublox_msgs) StdoutLine: {'line': b'-- Up-to-date: /home/amigo-pi/amigo_ros2_pi/install/ublox_msgs/include/ublox_msgs/ublox_msgs/msg/detail/nav_svin__type_support.hpp\n'}
[15.286194] (ublox_msgs) StdoutLine: {'line': b'-- Up-to-date: /home/amigo-pi/amigo_ros2_pi/install/ublox_msgs/include/ublox_msgs/ublox_msgs/msg/detail/ack__struct.hpp\n'}
[15.287291] (ublox_msgs) StdoutLine: {'line': b'-- Up-to-date: /home/amigo-pi/amigo_ros2_pi/install/ublox_msgs/include/ublox_msgs/ublox_msgs/msg/detail/nav_velned__type_support.hpp\n'}
[15.289977] (ublox_msgs) StdoutLine: {'line': b'-- Up-to-date: /home/amigo-pi/amigo_ros2_pi/install/ublox_msgs/include/ublox_msgs/ublox_msgs/msg/detail/cfg_rst__traits.hpp\n'}
[15.291377] (ublox_msgs) StdoutLine: {'line': b'-- Up-to-date: /home/amigo-pi/amigo_ros2_pi/install/ublox_msgs/include/ublox_msgs/ublox_msgs/msg/detail/cfg_dgnss__traits.hpp\n'}
[15.293192] (ublox_msgs) StdoutLine: {'line': b'-- Up-to-date: /home/amigo-pi/amigo_ros2_pi/install/ublox_msgs/include/ublox_msgs/ublox_msgs/msg/detail/nav_status__type_support.hpp\n'}
[15.299150] (ublox_msgs) StdoutLine: {'line': b'-- Up-to-date: /home/amigo-pi/amigo_ros2_pi/install/ublox_msgs/include/ublox_msgs/ublox_msgs/msg/detail/esf_ins__builder.hpp\n'}
[15.308447] (ublox_msgs) StdoutLine: {'line': b'-- Up-to-date: /home/amigo-pi/amigo_ros2_pi/install/ublox_msgs/include/ublox_msgs/ublox_msgs/msg/detail/esf_meas__traits.hpp\n'}
[15.311262] (ublox_msgs) StdoutLine: {'line': b'-- Up-to-date: /home/amigo-pi/amigo_ros2_pi/install/ublox_msgs/include/ublox_msgs/ublox_msgs/msg/detail/hnr_pvt__struct.hpp\n'}
[15.325004] (ublox_msgs) StdoutLine: {'line': b'-- Up-to-date: /home/amigo-pi/amigo_ros2_pi/install/ublox_msgs/include/ublox_msgs/ublox_msgs/msg/detail/aid_eph__builder.hpp\n'}
[15.326998] (ublox_msgs) StdoutLine: {'line': b'-- Up-to-date: /home/amigo-pi/amigo_ros2_pi/install/ublox_msgs/include/ublox_msgs/ublox_msgs/msg/detail/nav_timegps__builder.hpp\n'}
[15.328125] (ublox_msgs) StdoutLine: {'line': b'-- Up-to-date: /home/amigo-pi/amigo_ros2_pi/install/ublox_msgs/include/ublox_msgs/ublox_msgs/msg/detail/cfg_inf_block__struct.hpp\n'}
[15.329267] (ublox_msgs) StdoutLine: {'line': b'-- Up-to-date: /home/amigo-pi/amigo_ros2_pi/install/ublox_msgs/include/ublox_msgs/ublox_msgs/msg/detail/mga_gal__struct.hpp\n'}
[15.330267] (ublox_msgs) StdoutLine: {'line': b'-- Up-to-date: /home/amigo-pi/amigo_ros2_pi/install/ublox_msgs/include/ublox_msgs/ublox_msgs/msg/detail/cfg_sbas__struct.hpp\n'}
[15.331456] (ublox_msgs) StdoutLine: {'line': b'-- Up-to-date: /home/amigo-pi/amigo_ros2_pi/install/ublox_msgs/include/ublox_msgs/ublox_msgs/msg/detail/nav_status__struct.hpp\n'}
[15.332068] (ublox_msgs) StdoutLine: {'line': b'-- Up-to-date: /home/amigo-pi/amigo_ros2_pi/install/ublox_msgs/include/ublox_msgs/ublox_msgs/msg/detail/nav_pvt7__traits.hpp\n'}
[15.337899] (ublox_msgs) StdoutLine: {'line': b'-- Up-to-date: /home/amigo-pi/amigo_ros2_pi/install/ublox_msgs/include/ublox_msgs/ublox_msgs/msg/detail/nav_svinfo__builder.hpp\n'}
[15.339335] (ublox_msgs) StdoutLine: {'line': b'-- Up-to-date: /home/amigo-pi/amigo_ros2_pi/install/ublox_msgs/include/ublox_msgs/ublox_msgs/msg/detail/esf_ins__traits.hpp\n'}
[15.343164] (ublox_msgs) StdoutLine: {'line': b'-- Up-to-date: /home/amigo-pi/amigo_ros2_pi/install/ublox_msgs/include/ublox_msgs/ublox_msgs/msg/detail/nav_svinfosv__traits.hpp\n'}
[15.345898] (ublox_msgs) StdoutLine: {'line': b'-- Up-to-date: /home/amigo-pi/amigo_ros2_pi/install/ublox_msgs/include/ublox_msgs/ublox_msgs/msg/detail/cfg_tmode3__traits.hpp\n'}
[15.346625] (ublox_msgs) StdoutLine: {'line': b'-- Up-to-date: /home/amigo-pi/amigo_ros2_pi/install/ublox_msgs/include/ublox_msgs/ublox_msgs/msg/detail/mon_hw6__struct.hpp\n'}
[15.347245] (ublox_msgs) StdoutLine: {'line': b'-- Up-to-date: /home/amigo-pi/amigo_ros2_pi/install/ublox_msgs/include/ublox_msgs/ublox_msgs/msg/detail/cfg_nmea6__builder.hpp\n'}
[15.347928] (ublox_msgs) StdoutLine: {'line': b'-- Up-to-date: /home/amigo-pi/amigo_ros2_pi/install/ublox_msgs/include/ublox_msgs/ublox_msgs/msg/detail/mon_ver_extension__type_support.hpp\n'}
[15.348581] (ublox_msgs) StdoutLine: {'line': b'-- Up-to-date: /home/amigo-pi/amigo_ros2_pi/install/ublox_msgs/include/ublox_msgs/ublox_msgs/msg/detail/nav_sbas__type_support.hpp\n'}
[15.349217] (ublox_msgs) StdoutLine: {'line': b'-- Up-to-date: /home/amigo-pi/amigo_ros2_pi/install/ublox_msgs/include/ublox_msgs/ublox_msgs/msg/detail/rxm_alm__traits.hpp\n'}
[15.349807] (ublox_msgs) StdoutLine: {'line': b'-- Up-to-date: /home/amigo-pi/amigo_ros2_pi/install/ublox_msgs/include/ublox_msgs/ublox_msgs/msg/detail/cfg_nmea__builder.hpp\n'}
[15.350750] (ublox_msgs) StdoutLine: {'line': b'-- Up-to-date: /home/amigo-pi/amigo_ros2_pi/install/ublox_msgs/include/ublox_msgs/ublox_msgs/msg/detail/tim_tm2__struct.hpp\n'}
[15.351963] (ublox_msgs) StdoutLine: {'line': b'-- Up-to-date: /home/amigo-pi/amigo_ros2_pi/install/ublox_msgs/include/ublox_msgs/ublox_msgs/msg/detail/mga_gal__traits.hpp\n'}
[15.355320] (-) TimerEvent: {}
[15.357026] (ublox_msgs) StdoutLine: {'line': b'-- Up-to-date: /home/amigo-pi/amigo_ros2_pi/install/ublox_msgs/include/ublox_msgs/ublox_msgs/msg/detail/rxm_alm__type_support.hpp\n'}
[15.359575] (ublox_msgs) StdoutLine: {'line': b'-- Up-to-date: /home/amigo-pi/amigo_ros2_pi/install/ublox_msgs/include/ublox_msgs/ublox_msgs/msg/detail/cfg_nav5__traits.hpp\n'}
[15.360327] (ublox_msgs) StdoutLine: {'line': b'-- Up-to-date: /home/amigo-pi/amigo_ros2_pi/install/ublox_msgs/include/ublox_msgs/ublox_msgs/msg/detail/nav_clock__builder.hpp\n'}
[15.361168] (ublox_msgs) StdoutLine: {'line': b'-- Up-to-date: /home/amigo-pi/amigo_ros2_pi/install/ublox_msgs/include/ublox_msgs/ublox_msgs/msg/detail/nav_dgpssv__traits.hpp\n'}
[15.361797] (ublox_msgs) StdoutLine: {'line': b'-- Up-to-date: /home/amigo-pi/amigo_ros2_pi/install/ublox_msgs/include/ublox_msgs/ublox_msgs/msg/detail/rxm_eph__traits.hpp\n'}
[15.362494] (ublox_msgs) StdoutLine: {'line': b'-- Up-to-date: /home/amigo-pi/amigo_ros2_pi/install/ublox_msgs/include/ublox_msgs/ublox_msgs/msg/detail/cfg_gnss_block__struct.hpp\n'}
[15.386972] (ublox_msgs) StdoutLine: {'line': b'-- Up-to-date: /home/amigo-pi/amigo_ros2_pi/install/ublox_msgs/include/ublox_msgs/ublox_msgs/msg/detail/nav_velecef__struct.hpp\n'}
[15.389393] (ublox_msgs) StdoutLine: {'line': b'-- Up-to-date: /home/amigo-pi/amigo_ros2_pi/install/ublox_msgs/include/ublox_msgs/ublox_msgs/msg/detail/nav_sol__builder.hpp\n'}
[15.392303] (ublox_msgs) StdoutLine: {'line': b'-- Up-to-date: /home/amigo-pi/amigo_ros2_pi/install/ublox_msgs/include/ublox_msgs/ublox_msgs/msg/detail/nav_sol__traits.hpp\n'}
[15.406058] (ublox_msgs) StdoutLine: {'line': b'-- Up-to-date: /home/amigo-pi/amigo_ros2_pi/install/ublox_msgs/include/ublox_msgs/ublox_msgs/msg/detail/cfg_dat__traits.hpp\n'}
[15.407063] (ublox_msgs) StdoutLine: {'line': b'-- Up-to-date: /home/amigo-pi/amigo_ros2_pi/install/ublox_msgs/include/ublox_msgs/ublox_msgs/msg/detail/cfg_nmea7__builder.hpp\n'}
[15.408719] (ublox_msgs) StdoutLine: {'line': b'-- Up-to-date: /home/amigo-pi/amigo_ros2_pi/install/ublox_msgs/include/ublox_msgs/ublox_msgs/msg/detail/cfg_inf_block__traits.hpp\n'}
[15.410313] (ublox_msgs) StdoutLine: {'line': b'-- Up-to-date: /home/amigo-pi/amigo_ros2_pi/install/ublox_msgs/include/ublox_msgs/ublox_msgs/msg/detail/cfg_navx5__traits.hpp\n'}
[15.411436] (ublox_msgs) StdoutLine: {'line': b'-- Up-to-date: /home/amigo-pi/amigo_ros2_pi/install/ublox_msgs/include/ublox_msgs/ublox_msgs/msg/detail/aid_hui__struct.hpp\n'}
[15.413687] (ublox_msgs) StdoutLine: {'line': b'-- Up-to-date: /home/amigo-pi/amigo_ros2_pi/install/ublox_msgs/include/ublox_msgs/ublox_msgs/msg/detail/cfg_gnss__struct.hpp\n'}
[15.414632] (ublox_msgs) StdoutLine: {'line': b'-- Up-to-date: /home/amigo-pi/amigo_ros2_pi/install/ublox_msgs/include/ublox_msgs/ublox_msgs/msg/detail/nav_velned__struct.hpp\n'}
[15.415489] (ublox_msgs) StdoutLine: {'line': b'-- Up-to-date: /home/amigo-pi/amigo_ros2_pi/install/ublox_msgs/include/ublox_msgs/ublox_msgs/msg/detail/nav_dop__type_support.hpp\n'}
[15.416433] (ublox_msgs) StdoutLine: {'line': b'-- Up-to-date: /home/amigo-pi/amigo_ros2_pi/install/ublox_msgs/include/ublox_msgs/ublox_msgs/msg/detail/nav_clock__traits.hpp\n'}
[15.419511] (ublox_msgs) StdoutLine: {'line': b'-- Up-to-date: /home/amigo-pi/amigo_ros2_pi/install/ublox_msgs/include/ublox_msgs/ublox_msgs/msg/detail/inf__type_support.hpp\n'}
[15.429119] (ublox_msgs) StdoutLine: {'line': b'-- Up-to-date: /home/amigo-pi/amigo_ros2_pi/install/ublox_msgs/include/ublox_msgs/ublox_msgs/msg/detail/nav_sbassv__builder.hpp\n'}
[15.430954] (ublox_msgs) StdoutLine: {'line': b'-- Up-to-date: /home/amigo-pi/amigo_ros2_pi/install/ublox_msgs/include/ublox_msgs/ublox_msgs/msg/detail/nav_velned__traits.hpp\n'}
[15.434446] (ublox_msgs) StdoutLine: {'line': b'-- Up-to-date: /home/amigo-pi/amigo_ros2_pi/install/ublox_msgs/include/ublox_msgs/ublox_msgs/msg/detail/cfg_sbas__builder.hpp\n'}
[15.435708] (ublox_msgs) StdoutLine: {'line': b'-- Up-to-date: /home/amigo-pi/amigo_ros2_pi/install/ublox_msgs/include/ublox_msgs/ublox_msgs/msg/detail/cfg_tmode3__type_support.hpp\n'}
[15.449326] (ublox_msgs) StdoutLine: {'line': b'-- Up-to-date: /home/amigo-pi/amigo_ros2_pi/install/ublox_msgs/include/ublox_msgs/ublox_msgs/msg/detail/cfg_hnr__traits.hpp\n'}
[15.451026] (ublox_msgs) StdoutLine: {'line': b'-- Up-to-date: /home/amigo-pi/amigo_ros2_pi/install/ublox_msgs/include/ublox_msgs/ublox_msgs/msg/detail/nav_relposned9__traits.hpp\n'}
[15.452312] (ublox_msgs) StdoutLine: {'line': b'-- Up-to-date: /home/amigo-pi/amigo_ros2_pi/install/ublox_msgs/include/ublox_msgs/ublox_msgs/msg/detail/rxm_sfrbx__type_support.hpp\n'}
[15.456064] (-) TimerEvent: {}
[15.457357] (ublox_msgs) StdoutLine: {'line': b'-- Up-to-date: /home/amigo-pi/amigo_ros2_pi/install/ublox_msgs/include/ublox_msgs/ublox_msgs/msg/detail/nav_posecef__traits.hpp\n'}
[15.458537] (ublox_msgs) StdoutLine: {'line': b'-- Up-to-date: /home/amigo-pi/amigo_ros2_pi/install/ublox_msgs/include/ublox_msgs/ublox_msgs/msg/detail/mon_gnss__traits.hpp\n'}
[15.459546] (ublox_msgs) StdoutLine: {'line': b'-- Up-to-date: /home/amigo-pi/amigo_ros2_pi/install/ublox_msgs/include/ublox_msgs/ublox_msgs/msg/detail/cfg_inf__traits.hpp\n'}
[15.460274] (ublox_msgs) StdoutLine: {'line': b'-- Up-to-date: /home/amigo-pi/amigo_ros2_pi/install/ublox_msgs/include/ublox_msgs/ublox_msgs/msg/detail/nav_pvt__type_support.hpp\n'}
[15.461600] (ublox_msgs) StdoutLine: {'line': b'-- Up-to-date: /home/amigo-pi/amigo_ros2_pi/install/ublox_msgs/include/ublox_msgs/ublox_msgs/msg/detail/cfg_cfg__traits.hpp\n'}
[15.466942] (ublox_msgs) StdoutLine: {'line': b'-- Up-to-date: /home/amigo-pi/amigo_ros2_pi/install/ublox_msgs/include/ublox_msgs/ublox_msgs/msg/detail/esf_status__type_support.hpp\n'}
[15.470970] (ublox_msgs) StdoutLine: {'line': b'-- Up-to-date: /home/amigo-pi/amigo_ros2_pi/install/ublox_msgs/include/ublox_msgs/ublox_msgs/msg/detail/cfg_cfg__builder.hpp\n'}
[15.472471] (ublox_msgs) StdoutLine: {'line': b'-- Up-to-date: /home/amigo-pi/amigo_ros2_pi/install/ublox_msgs/include/ublox_msgs/ublox_msgs/msg/detail/mon_ver__type_support.hpp\n'}
[15.478275] (ublox_msgs) StdoutLine: {'line': b'-- Up-to-date: /home/amigo-pi/amigo_ros2_pi/install/ublox_msgs/include/ublox_msgs/ublox_msgs/msg/detail/nav_dop__traits.hpp\n'}
[15.486940] (ublox_msgs) StdoutLine: {'line': b'-- Up-to-date: /home/amigo-pi/amigo_ros2_pi/install/ublox_msgs/include/ublox_msgs/ublox_msgs/msg/detail/aid_hui__type_support.hpp\n'}
[15.487838] (ublox_msgs) StdoutLine: {'line': b'-- Up-to-date: /home/amigo-pi/amigo_ros2_pi/install/ublox_msgs/include/ublox_msgs/ublox_msgs/msg/detail/rxm_svsi__type_support.hpp\n'}
[15.488653] (ublox_msgs) StdoutLine: {'line': b'-- Up-to-date: /home/amigo-pi/amigo_ros2_pi/install/ublox_msgs/include/ublox_msgs/ublox_msgs/msg/detail/mon_hw__builder.hpp\n'}
[15.489389] (ublox_msgs) StdoutLine: {'line': b'-- Up-to-date: /home/amigo-pi/amigo_ros2_pi/install/ublox_msgs/include/ublox_msgs/ublox_msgs/msg/detail/esf_raw_block__struct.hpp\n'}
[15.489981] (ublox_msgs) StdoutLine: {'line': b'-- Up-to-date: /home/amigo-pi/amigo_ros2_pi/install/ublox_msgs/include/ublox_msgs/ublox_msgs/msg/detail/rxm_raw__traits.hpp\n'}
[15.490658] (ublox_msgs) StdoutLine: {'line': b'-- Up-to-date: /home/amigo-pi/amigo_ros2_pi/install/ublox_msgs/include/ublox_msgs/ublox_msgs/msg/detail/cfg_dat__builder.hpp\n'}
[15.491681] (ublox_msgs) StdoutLine: {'line': b'-- Up-to-date: /home/amigo-pi/amigo_ros2_pi/install/ublox_msgs/include/ublox_msgs/ublox_msgs/msg/detail/aid_hui__builder.hpp\n'}
[15.493362] (ublox_msgs) StdoutLine: {'line': b'-- Up-to-date: /home/amigo-pi/amigo_ros2_pi/install/ublox_msgs/include/ublox_msgs/ublox_msgs/msg/detail/cfg_rst__struct.hpp\n'}
[15.495137] (ublox_msgs) StdoutLine: {'line': b'-- Up-to-date: /home/amigo-pi/amigo_ros2_pi/install/ublox_msgs/include/ublox_msgs/ublox_msgs/msg/detail/nav_satsv__type_support.hpp\n'}
[15.498640] (ublox_msgs) StdoutLine: {'line': b'-- Up-to-date: /home/amigo-pi/amigo_ros2_pi/install/ublox_msgs/include/ublox_msgs/ublox_msgs/msg/detail/rxm_sfrbx__traits.hpp\n'}
[15.507432] (ublox_msgs) StdoutLine: {'line': b'-- Up-to-date: /home/amigo-pi/amigo_ros2_pi/install/ublox_msgs/include/ublox_msgs/ublox_msgs/msg/detail/cfg_nmea7__traits.hpp\n'}
[15.507998] (ublox_msgs) StdoutLine: {'line': b'-- Up-to-date: /home/amigo-pi/amigo_ros2_pi/install/ublox_msgs/include/ublox_msgs/ublox_msgs/msg/detail/rxm_svsi__struct.hpp\n'}
[15.509487] (ublox_msgs) StdoutLine: {'line': b'-- Up-to-date: /home/amigo-pi/amigo_ros2_pi/install/ublox_msgs/include/ublox_msgs/ublox_msgs/msg/detail/hnr_pvt__builder.hpp\n'}
[15.510637] (ublox_msgs) StdoutLine: {'line': b'-- Up-to-date: /home/amigo-pi/amigo_ros2_pi/install/ublox_msgs/include/ublox_msgs/ublox_msgs/msg/detail/mon_hw__type_support.hpp\n'}
[15.514759] (ublox_msgs) StdoutLine: {'line': b'-- Up-to-date: /home/amigo-pi/amigo_ros2_pi/install/ublox_msgs/include/ublox_msgs/ublox_msgs/msg/detail/nav_sol__type_support.hpp\n'}
[15.516702] (ublox_msgs) StdoutLine: {'line': b'-- Up-to-date: /home/amigo-pi/amigo_ros2_pi/install/ublox_msgs/include/ublox_msgs/ublox_msgs/msg/detail/aid_eph__type_support.hpp\n'}
[15.518205] (ublox_msgs) StdoutLine: {'line': b'-- Up-to-date: /home/amigo-pi/amigo_ros2_pi/install/ublox_msgs/include/ublox_msgs/ublox_msgs/msg/detail/mon_gnss__struct.hpp\n'}
[15.520433] (ublox_msgs) StdoutLine: {'line': b'-- Up-to-date: /home/amigo-pi/amigo_ros2_pi/install/ublox_msgs/include/ublox_msgs/ublox_msgs/msg/detail/tim_tm2__traits.hpp\n'}
[15.526280] (ublox_msgs) StdoutLine: {'line': b'-- Up-to-date: /home/amigo-pi/amigo_ros2_pi/install/ublox_msgs/include/ublox_msgs/ublox_msgs/msg/detail/nav_dop__builder.hpp\n'}
[15.533480] (ublox_msgs) StdoutLine: {'line': b'-- Up-to-date: /home/amigo-pi/amigo_ros2_pi/install/ublox_msgs/include/ublox_msgs/ublox_msgs/msg/detail/nav_sat__type_support.hpp\n'}
[15.534616] (ublox_msgs) StdoutLine: {'line': b'-- Up-to-date: /home/amigo-pi/amigo_ros2_pi/install/ublox_msgs/include/ublox_msgs/ublox_msgs/msg/detail/mon_ver_extension__builder.hpp\n'}
[15.535686] (ublox_msgs) StdoutLine: {'line': b'-- Up-to-date: /home/amigo-pi/amigo_ros2_pi/install/ublox_msgs/include/ublox_msgs/ublox_msgs/msg/detail/cfg_msg__type_support.hpp\n'}
[15.537053] (ublox_msgs) StdoutLine: {'line': b'-- Up-to-date: /home/amigo-pi/amigo_ros2_pi/install/ublox_msgs/include/ublox_msgs/ublox_msgs/msg/detail/nav_sbassv__struct.hpp\n'}
[15.538447] (ublox_msgs) StdoutLine: {'line': b'-- Up-to-date: /home/amigo-pi/amigo_ros2_pi/install/ublox_msgs/include/ublox_msgs/ublox_msgs/msg/detail/nav_dgpssv__struct.hpp\n'}
[15.541770] (ublox_msgs) StdoutLine: {'line': b'-- Up-to-date: /home/amigo-pi/amigo_ros2_pi/install/ublox_msgs/include/ublox_msgs/ublox_msgs/msg/detail/nav_posllh__struct.hpp\n'}
[15.542467] (ublox_msgs) StdoutLine: {'line': b'-- Up-to-date: /home/amigo-pi/amigo_ros2_pi/install/ublox_msgs/include/ublox_msgs/ublox_msgs/msg/detail/cfg_ant__type_support.hpp\n'}
[15.543145] (ublox_msgs) StdoutLine: {'line': b'-- Up-to-date: /home/amigo-pi/amigo_ros2_pi/install/ublox_msgs/include/ublox_msgs/ublox_msgs/msg/detail/esf_status__builder.hpp\n'}
[15.543708] (sensor_integration) StdoutLine: {'line': b'running egg_info\n'}
[15.547102] (ublox_msgs) StdoutLine: {'line': b'-- Up-to-date: /home/amigo-pi/amigo_ros2_pi/install/ublox_msgs/include/ublox_msgs/ublox_msgs/msg/detail/nav_sat__struct.hpp\n'}
[15.550516] (ublox_msgs) StdoutLine: {'line': b'-- Up-to-date: /home/amigo-pi/amigo_ros2_pi/install/ublox_msgs/include/ublox_msgs/ublox_msgs/msg/detail/cfg_inf__struct.hpp\n'}
[15.561014] (-) TimerEvent: {}
[15.562265] (ublox_msgs) StdoutLine: {'line': b'-- Up-to-date: /home/amigo-pi/amigo_ros2_pi/install/ublox_msgs/include/ublox_msgs/ublox_msgs/msg/detail/mon_ver_extension__traits.hpp\n'}
[15.564895] (ublox_msgs) StdoutLine: {'line': b'-- Up-to-date: /home/amigo-pi/amigo_ros2_pi/install/ublox_msgs/include/ublox_msgs/ublox_msgs/msg/detail/rxm_rawsv__struct.hpp\n'}
[15.566979] (ublox_msgs) StdoutLine: {'line': b'-- Up-to-date: /home/amigo-pi/amigo_ros2_pi/install/ublox_msgs/include/ublox_msgs/ublox_msgs/msg/detail/cfg_ant__struct.hpp\n'}
[15.567629] (sensor_integration) StdoutLine: {'line': b'creating ../../build/sensor_integration/sensor_integration.egg-info\n'}
[15.568458] (ublox_msgs) StdoutLine: {'line': b'-- Up-to-date: /home/amigo-pi/amigo_ros2_pi/install/ublox_msgs/include/ublox_msgs/ublox_msgs/msg/detail/aid_alm__struct.hpp\n'}
[15.569555] (sensor_integration) StdoutLine: {'line': b'writing ../../build/sensor_integration/sensor_integration.egg-info/PKG-INFO\n'}
[15.570190] (ublox_msgs) StdoutLine: {'line': b'-- Up-to-date: /home/amigo-pi/amigo_ros2_pi/install/ublox_msgs/include/ublox_msgs/ublox_msgs/msg/detail/nav_satsv__builder.hpp\n'}
[15.570821] (ublox_msgs) StdoutLine: {'line': b'-- Up-to-date: /home/amigo-pi/amigo_ros2_pi/install/ublox_msgs/include/ublox_msgs/ublox_msgs/msg/detail/cfg_nav5__type_support.hpp\n'}
[15.571503] (ublox_msgs) StdoutLine: {'line': b'-- Up-to-date: /home/amigo-pi/amigo_ros2_pi/install/ublox_msgs/include/ublox_msgs/ublox_msgs/msg/detail/nav_relposned__type_support.hpp\n'}
[15.572745] (ublox_msgs) StdoutLine: {'line': b'-- Up-to-date: /home/amigo-pi/amigo_ros2_pi/install/ublox_msgs/include/ublox_msgs/ublox_msgs/msg/detail/rxm_rawx_meas__traits.hpp\n'}
[15.575022] (ublox_msgs) StdoutLine: {'line': b'-- Up-to-date: /home/amigo-pi/amigo_ros2_pi/install/ublox_msgs/include/ublox_msgs/ublox_msgs/msg/detail/nav_relposned9__struct.hpp\n'}
[15.575733] (ublox_msgs) StdoutLine: {'line': b'-- Up-to-date: /home/amigo-pi/amigo_ros2_pi/install/ublox_msgs/include/ublox_msgs/ublox_msgs/msg/detail/nav_sol__struct.hpp\n'}
[15.576179] (ublox_msgs) StdoutLine: {'line': b'-- Up-to-date: /home/amigo-pi/amigo_ros2_pi/install/ublox_msgs/include/ublox_msgs/ublox_msgs/msg/detail/rxm_eph__type_support.hpp\n'}
[15.576673] (ublox_msgs) StdoutLine: {'line': b'-- Up-to-date: /home/amigo-pi/amigo_ros2_pi/install/ublox_msgs/include/ublox_msgs/ublox_msgs/msg/detail/rxm_rtcm__traits.hpp\n'}
[15.577377] (ublox_msgs) StdoutLine: {'line': b'-- Up-to-date: /home/amigo-pi/amigo_ros2_pi/install/ublox_msgs/include/ublox_msgs/ublox_msgs/msg/detail/cfg_dgnss__builder.hpp\n'}
[15.578062] (ublox_msgs) StdoutLine: {'line': b'-- Up-to-date: /home/amigo-pi/amigo_ros2_pi/install/ublox_msgs/include/ublox_msgs/ublox_msgs/msg/detail/cfg_nav5__struct.hpp\n'}
[15.578940] (ublox_msgs) StdoutLine: {'line': b'-- Up-to-date: /home/amigo-pi/amigo_ros2_pi/install/ublox_msgs/include/ublox_msgs/ublox_msgs/msg/detail/cfg_msg__builder.hpp\n'}
[15.579920] (ublox_msgs) StdoutLine: {'line': b'-- Up-to-date: /home/amigo-pi/amigo_ros2_pi/install/ublox_msgs/include/ublox_msgs/ublox_msgs/msg/detail/cfg_rate__traits.hpp\n'}
[15.581725] (sensor_integration) StdoutLine: {'line': b'writing dependency_links to ../../build/sensor_integration/sensor_integration.egg-info/dependency_links.txt\n'}
[15.585231] (sensor_integration) StdoutLine: {'line': b'writing entry points to ../../build/sensor_integration/sensor_integration.egg-info/entry_points.txt\n'}
[15.586465] (sensor_integration) StdoutLine: {'line': b'writing requirements to ../../build/sensor_integration/sensor_integration.egg-info/requires.txt\n'}
[15.587149] (ublox_msgs) StdoutLine: {'line': b'-- Up-to-date: /home/amigo-pi/amigo_ros2_pi/install/ublox_msgs/include/ublox_msgs/ublox_msgs/msg/detail/nav_svin__struct.hpp\n'}
[15.587813] (sensor_integration) StdoutLine: {'line': b'writing top-level names to ../../build/sensor_integration/sensor_integration.egg-info/top_level.txt\n'}
[15.588429] (ublox_msgs) StdoutLine: {'line': b'-- Up-to-date: /home/amigo-pi/amigo_ros2_pi/install/ublox_msgs/include/ublox_msgs/ublox_msgs/msg/detail/cfg_prt__struct.hpp\n'}
[15.589491] (ublox_msgs) StdoutLine: {'line': b'-- Up-to-date: /home/amigo-pi/amigo_ros2_pi/install/ublox_msgs/include/ublox_msgs/ublox_msgs/msg/detail/esf_raw_block__traits.hpp\n'}
[15.593132] (ublox_msgs) StdoutLine: {'line': b'-- Up-to-date: /home/amigo-pi/amigo_ros2_pi/install/ublox_msgs/include/ublox_msgs/ublox_msgs/msg/detail/cfg_msg__struct.hpp\n'}
[15.595982] (ublox_msgs) StdoutLine: {'line': b'-- Up-to-date: /home/amigo-pi/amigo_ros2_pi/install/ublox_msgs/include/ublox_msgs/ublox_msgs/msg/detail/tim_tm2__builder.hpp\n'}
[15.597332] (ublox_msgs) StdoutLine: {'line': b'-- Up-to-date: /home/amigo-pi/amigo_ros2_pi/install/ublox_msgs/include/ublox_msgs/ublox_msgs/msg/detail/inf__struct.hpp\n'}
[15.597895] (ublox_msgs) StdoutLine: {'line': b'-- Up-to-date: /home/amigo-pi/amigo_ros2_pi/install/ublox_msgs/include/ublox_msgs/ublox_msgs/msg/detail/cfg_nmea__traits.hpp\n'}
[15.598542] (ublox_msgs) StdoutLine: {'line': b'-- Up-to-date: /home/amigo-pi/amigo_ros2_pi/install/ublox_msgs/include/ublox_msgs/ublox_msgs/msg/detail/cfg_nmea__type_support.hpp\n'}
[15.599209] (sensor_integration) StdoutLine: {'line': b"writing manifest file '../../build/sensor_integration/sensor_integration.egg-info/SOURCES.txt'\n"}
[15.601029] (ublox_msgs) StdoutLine: {'line': b'-- Up-to-date: /home/amigo-pi/amigo_ros2_pi/install/ublox_msgs/include/ublox_msgs/ublox_msgs/msg/detail/esf_status__struct.hpp\n'}
[15.605297] (ublox_msgs) StdoutLine: {'line': b'-- Up-to-date: /home/amigo-pi/amigo_ros2_pi/install/ublox_msgs/include/ublox_msgs/ublox_msgs/msg/detail/rxm_svsisv__traits.hpp\n'}
[15.606704] (ublox_msgs) StdoutLine: {'line': b'-- Up-to-date: /home/amigo-pi/amigo_ros2_pi/install/ublox_msgs/include/ublox_msgs/ublox_msgs/msg/detail/nav_clock__struct.hpp\n'}
[15.610022] (ublox_msgs) StdoutLine: {'line': b'-- Up-to-date: /home/amigo-pi/amigo_ros2_pi/install/ublox_msgs/include/ublox_msgs/ublox_msgs/msg/detail/cfg_msg__traits.hpp\n'}
[15.610931] (ublox_msgs) StdoutLine: {'line': b'-- Up-to-date: /home/amigo-pi/amigo_ros2_pi/install/ublox_msgs/include/ublox_msgs/ublox_msgs/msg/detail/mon_ver__struct.hpp\n'}
[15.611464] (ublox_msgs) StdoutLine: {'line': b'-- Up-to-date: /home/amigo-pi/amigo_ros2_pi/install/ublox_msgs/include/ublox_msgs/ublox_msgs/msg/detail/nav_svinfosv__type_support.hpp\n'}
[15.611980] (ublox_msgs) StdoutLine: {'line': b'-- Up-to-date: /home/amigo-pi/amigo_ros2_pi/install/ublox_msgs/include/ublox_msgs/ublox_msgs/msg/detail/rxm_rawx__traits.hpp\n'}
[15.612873] (ublox_msgs) StdoutLine: {'line': b'-- Up-to-date: /home/amigo-pi/amigo_ros2_pi/install/ublox_msgs/include/ublox_msgs/ublox_msgs/msg/detail/cfg_inf__type_support.hpp\n'}
[15.613505] (ublox_msgs) StdoutLine: {'line': b'-- Up-to-date: /home/amigo-pi/amigo_ros2_pi/install/ublox_msgs/include/ublox_msgs/ublox_msgs/msg/detail/nav_velned__builder.hpp\n'}
[15.615601] (ublox_msgs) StdoutLine: {'line': b'-- Up-to-date: /home/amigo-pi/amigo_ros2_pi/install/ublox_msgs/include/ublox_msgs/ublox_msgs/msg/detail/nav_posllh__traits.hpp\n'}
[15.617177] (ublox_msgs) StdoutLine: {'line': b'-- Up-to-date: /home/amigo-pi/amigo_ros2_pi/install/ublox_msgs/include/ublox_msgs/ublox_msgs/msg/detail/cfg_cfg__struct.hpp\n'}
[15.618244] (ublox_msgs) StdoutLine: {'line': b'-- Up-to-date: /home/amigo-pi/amigo_ros2_pi/install/ublox_msgs/include/ublox_msgs/ublox_msgs/msg/detail/nav_timegps__struct.hpp\n'}
[15.619075] (ublox_msgs) StdoutLine: {'line': b'-- Up-to-date: /home/amigo-pi/amigo_ros2_pi/install/ublox_msgs/include/ublox_msgs/ublox_msgs/msg/detail/nav_status__traits.hpp\n'}
[15.619666] (ublox_msgs) StdoutLine: {'line': b'-- Up-to-date: /home/amigo-pi/amigo_ros2_pi/install/ublox_msgs/include/ublox_msgs/ublox_msgs/msg/detail/cfg_sbas__traits.hpp\n'}
[15.620305] (sensor_integration) StdoutLine: {'line': b"reading manifest file '../../build/sensor_integration/sensor_integration.egg-info/SOURCES.txt'\n"}
[15.622290] (ublox_msgs) StdoutLine: {'line': b'-- Up-to-date: /home/amigo-pi/amigo_ros2_pi/install/ublox_msgs/include/ublox_msgs/ublox_msgs/msg/detail/cfg_usb__type_support.hpp\n'}
[15.623424] (ublox_msgs) StdoutLine: {'line': b'-- Up-to-date: /home/amigo-pi/amigo_ros2_pi/install/ublox_msgs/include/ublox_msgs/ublox_msgs/msg/detail/esf_raw__traits.hpp\n'}
[15.624319] (sensor_integration) StdoutLine: {'line': b"adding license file 'LICENSE'\n"}
[15.625228] (ublox_msgs) StdoutLine: {'line': b'-- Up-to-date: /home/amigo-pi/amigo_ros2_pi/install/ublox_msgs/include/ublox_msgs/ublox_msgs/msg/detail/cfg_gnss__type_support.hpp\n'}
[15.625842] (ublox_msgs) StdoutLine: {'line': b'-- Up-to-date: /home/amigo-pi/amigo_ros2_pi/install/ublox_msgs/include/ublox_msgs/ublox_msgs/msg/detail/nav_svinfosv__struct.hpp\n'}
[15.626742] (ublox_msgs) StdoutLine: {'line': b'-- Up-to-date: /home/amigo-pi/amigo_ros2_pi/install/ublox_msgs/include/ublox_msgs/ublox_msgs/msg/detail/cfg_nmea__struct.hpp\n'}
[15.627459] (ublox_msgs) StdoutLine: {'line': b'-- Up-to-date: /home/amigo-pi/amigo_ros2_pi/install/ublox_msgs/include/ublox_msgs/ublox_msgs/msg/detail/cfg_usb__struct.hpp\n'}
[15.628300] (ublox_msgs) StdoutLine: {'line': b'-- Up-to-date: /home/amigo-pi/amigo_ros2_pi/install/ublox_msgs/include/ublox_msgs/ublox_msgs/msg/detail/esf_raw__type_support.hpp\n'}
[15.631545] (ublox_msgs) StdoutLine: {'line': b'-- Up-to-date: /home/amigo-pi/amigo_ros2_pi/install/ublox_msgs/include/ublox_msgs/ublox_msgs/msg/detail/cfg_ant__builder.hpp\n'}
[15.632220] (ublox_msgs) StdoutLine: {'line': b'-- Up-to-date: /home/amigo-pi/amigo_ros2_pi/install/ublox_msgs/include/ublox_msgs/ublox_msgs/msg/detail/rxm_raw__builder.hpp\n'}
[15.632808] (sensor_integration) StdoutLine: {'line': b"writing manifest file '../../build/sensor_integration/sensor_integration.egg-info/SOURCES.txt'\n"}
[15.633354] (ublox_msgs) StdoutLine: {'line': b'-- Up-to-date: /home/amigo-pi/amigo_ros2_pi/install/ublox_msgs/include/ublox_msgs/ublox_msgs/msg/detail/esf_meas__struct.hpp\n'}
[15.633880] (ublox_msgs) StdoutLine: {'line': b'-- Up-to-date: /home/amigo-pi/amigo_ros2_pi/install/ublox_msgs/include/ublox_msgs/ublox_msgs/msg/detail/nav_svin__traits.hpp\n'}
[15.634458] (ublox_msgs) StdoutLine: {'line': b'-- Up-to-date: /home/amigo-pi/amigo_ros2_pi/install/ublox_msgs/include/ublox_msgs/ublox_msgs/msg/detail/cfg_inf__builder.hpp\n'}
[15.635429] (ublox_msgs) StdoutLine: {'line': b'-- Up-to-date: /home/amigo-pi/amigo_ros2_pi/install/ublox_msgs/include/ublox_msgs/ublox_msgs/msg/detail/inf__traits.hpp\n'}
[15.636354] (ublox_msgs) StdoutLine: {'line': b'-- Up-to-date: /home/amigo-pi/amigo_ros2_pi/install/ublox_msgs/include/ublox_msgs/ublox_msgs/msg/detail/upd_sos_ack__struct.hpp\n'}
[15.637418] (sensor_integration) StdoutLine: {'line': b'running build\n'}
[15.638377] (ublox_msgs) StdoutLine: {'line': b'-- Up-to-date: /home/amigo-pi/amigo_ros2_pi/install/ublox_msgs/include/ublox_msgs/ublox_msgs/msg/detail/nav_pvt__traits.hpp\n'}
[15.640960] (ublox_msgs) StdoutLine: {'line': b'-- Up-to-date: /home/amigo-pi/amigo_ros2_pi/install/ublox_msgs/include/ublox_msgs/ublox_msgs/msg/detail/nav_posllh__builder.hpp\n'}
[15.641835] (ublox_msgs) StdoutLine: {'line': b'-- Up-to-date: /home/amigo-pi/amigo_ros2_pi/install/ublox_msgs/include/ublox_msgs/ublox_msgs/msg/detail/rxm_raw__type_support.hpp\n'}
[15.642494] (ublox_msgs) StdoutLine: {'line': b'-- Up-to-date: /home/amigo-pi/amigo_ros2_pi/install/ublox_msgs/include/ublox_msgs/ublox_msgs/msg/detail/cfg_prt__builder.hpp\n'}
[15.643014] (sensor_integration) StdoutLine: {'line': b'running build_py\n'}
[15.643421] (sensor_integration) StdoutLine: {'line': b'creating /home/amigo-pi/amigo_ros2_pi/build/sensor_integration/build\n'}
[15.644074] (sensor_integration) StdoutLine: {'line': b'creating /home/amigo-pi/amigo_ros2_pi/build/sensor_integration/build/lib\n'}
[15.644880] (sensor_integration) StdoutLine: {'line': b'creating /home/amigo-pi/amigo_ros2_pi/build/sensor_integration/build/lib/sensor_integration\n'}
[15.645569] (ublox_msgs) StdoutLine: {'line': b'-- Up-to-date: /home/amigo-pi/amigo_ros2_pi/install/ublox_msgs/include/ublox_msgs/ublox_msgs/msg/detail/nav_sbas__builder.hpp\n'}
[15.646294] (ublox_msgs) StdoutLine: {'line': b'-- Up-to-date: /home/amigo-pi/amigo_ros2_pi/install/ublox_msgs/include/ublox_msgs/ublox_msgs/msg/detail/aid_eph__struct.hpp\n'}
[15.647373] (sensor_integration) StdoutLine: {'line': b'copying sensor_integration/__init__.py -> /home/amigo-pi/amigo_ros2_pi/build/sensor_integration/build/lib/sensor_integration\n'}
[15.648479] (ublox_msgs) StdoutLine: {'line': b'-- Up-to-date: /home/amigo-pi/amigo_ros2_pi/install/ublox_msgs/include/ublox_msgs/ublox_msgs/msg/nav_sbassv.hpp\n'}
[15.651149] (ublox_msgs) StdoutLine: {'line': b'-- Up-to-date: /home/amigo-pi/amigo_ros2_pi/install/ublox_msgs/include/ublox_msgs/ublox_msgs/msg/cfg_inf.hpp\n'}
[15.651979] (sensor_integration) StdoutLine: {'line': b'copying sensor_integration/gas_sensor_publisher.py -> /home/amigo-pi/amigo_ros2_pi/build/sensor_integration/build/lib/sensor_integration\n'}
[15.652679] (ublox_msgs) StdoutLine: {'line': b'-- Up-to-date: /home/amigo-pi/amigo_ros2_pi/install/ublox_msgs/include/ublox_msgs/ublox_msgs/msg/nav_sat.hpp\n'}
[15.653305] (ublox_msgs) StdoutLine: {'line': b'-- Up-to-date: /home/amigo-pi/amigo_ros2_pi/install/ublox_msgs/include/ublox_msgs/ublox_msgs/msg/nav_svinfo.hpp\n'}
[15.653799] (ublox_msgs) StdoutLine: {'line': b'-- Up-to-date: /home/amigo-pi/amigo_ros2_pi/install/ublox_msgs/include/ublox_msgs/ublox_msgs/msg/rxm_rtcm.hpp\n'}
[15.654266] (ublox_msgs) StdoutLine: {'line': b'-- Up-to-date: /home/amigo-pi/amigo_ros2_pi/install/ublox_msgs/include/ublox_msgs/ublox_msgs/msg/aid_hui.hpp\n'}
[15.654977] (ublox_msgs) StdoutLine: {'line': b'-- Up-to-date: /home/amigo-pi/amigo_ros2_pi/install/ublox_msgs/include/ublox_msgs/ublox_msgs/msg/nav_relposned9.hpp\n'}
[15.655711] (ublox_msgs) StdoutLine: {'line': b'-- Up-to-date: /home/amigo-pi/amigo_ros2_pi/install/ublox_msgs/include/ublox_msgs/ublox_msgs/msg/rxm_alm.hpp\n'}
[15.656233] (ublox_msgs) StdoutLine: {'line': b'-- Up-to-date: /home/amigo-pi/amigo_ros2_pi/install/ublox_msgs/include/ublox_msgs/ublox_msgs/msg/rxm_sfrbx.hpp\n'}
[15.656815] (ublox_msgs) StdoutLine: {'line': b'-- Up-to-date: /home/amigo-pi/amigo_ros2_pi/install/ublox_msgs/include/ublox_msgs/ublox_msgs/msg/nav_sol.hpp\n'}
[15.657347] (ublox_msgs) StdoutLine: {'line': b'-- Up-to-date: /home/amigo-pi/amigo_ros2_pi/install/ublox_msgs/include/ublox_msgs/ublox_msgs/msg/cfg_dat.hpp\n'}
[15.657757] (ublox_msgs) StdoutLine: {'line': b'-- Up-to-date: /home/amigo-pi/amigo_ros2_pi/install/ublox_msgs/include/ublox_msgs/ublox_msgs/msg/nav_status.hpp\n'}
[15.658224] (ublox_msgs) StdoutLine: {'line': b'-- Up-to-date: /home/amigo-pi/amigo_ros2_pi/install/ublox_msgs/include/ublox_msgs/ublox_msgs/msg/cfg_rst.hpp\n'}
[15.658609] (ublox_msgs) StdoutLine: {'line': b'-- Up-to-date: /home/amigo-pi/amigo_ros2_pi/install/ublox_msgs/include/ublox_msgs/ublox_msgs/msg/cfg_msg.hpp\n'}
[15.659179] (ublox_msgs) StdoutLine: {'line': b'-- Up-to-date: /home/amigo-pi/amigo_ros2_pi/install/ublox_msgs/include/ublox_msgs/ublox_msgs/msg/nav_att.hpp\n'}
[15.659844] (ublox_msgs) StdoutLine: {'line': b'-- Up-to-date: /home/amigo-pi/amigo_ros2_pi/install/ublox_msgs/include/ublox_msgs/ublox_msgs/msg/rxm_rawx_meas.hpp\n'}
[15.660747] (ublox_msgs) StdoutLine: {'line': b'-- Up-to-date: /home/amigo-pi/amigo_ros2_pi/install/ublox_msgs/include/ublox_msgs/ublox_msgs/msg/esf_status_sens.hpp\n'}
[15.661368] (-) TimerEvent: {}
[15.663583] (sensor_integration) StdoutLine: {'line': b'running install\n'}
[15.664470] (ublox_msgs) StdoutLine: {'line': b'-- Up-to-date: /home/amigo-pi/amigo_ros2_pi/install/ublox_msgs/include/ublox_msgs/ublox_msgs/msg/cfg_nmea6.hpp\n'}
[15.665264] (ublox_msgs) StdoutLine: {'line': b'-- Up-to-date: /home/amigo-pi/amigo_ros2_pi/install/ublox_msgs/include/ublox_msgs/ublox_msgs/msg/ack.hpp\n'}
[15.666143] (ublox_msgs) StdoutLine: {'line': b'-- Up-to-date: /home/amigo-pi/amigo_ros2_pi/install/ublox_msgs/include/ublox_msgs/ublox_msgs/msg/nav_velned.hpp\n'}
[15.666832] (sensor_integration) StdoutLine: {'line': b'running install_lib\n'}
[15.667726] (ublox_msgs) StdoutLine: {'line': b'-- Up-to-date: /home/amigo-pi/amigo_ros2_pi/install/ublox_msgs/include/ublox_msgs/ublox_msgs/msg/rxm_svsi.hpp\n'}
[15.668396] (ublox_msgs) StdoutLine: {'line': b'-- Up-to-date: /home/amigo-pi/amigo_ros2_pi/install/ublox_msgs/include/ublox_msgs/ublox_msgs/msg/cfg_nmea7.hpp\n'}
[15.669867] (ublox_msgs) StdoutLine: {'line': b'-- Up-to-date: /home/amigo-pi/amigo_ros2_pi/install/ublox_msgs/include/ublox_msgs/ublox_msgs/msg/nav_sbas.hpp\n'}
[15.670957] (ublox_msgs) StdoutLine: {'line': b'-- Up-to-date: /home/amigo-pi/amigo_ros2_pi/install/ublox_msgs/include/ublox_msgs/ublox_msgs/msg/upd_sos.hpp\n'}
[15.671977] (ublox_msgs) StdoutLine: {'line': b'-- Up-to-date: /home/amigo-pi/amigo_ros2_pi/install/ublox_msgs/include/ublox_msgs/ublox_msgs/msg/mon_hw6.hpp\n'}
[15.673237] (ublox_msgs) StdoutLine: {'line': b'-- Up-to-date: /home/amigo-pi/amigo_ros2_pi/install/ublox_msgs/include/ublox_msgs/ublox_msgs\n'}
[15.676754] (ublox_msgs) StdoutLine: {'line': b'-- Up-to-date: /home/amigo-pi/amigo_ros2_pi/install/ublox_msgs/include/ublox_msgs/ublox_msgs/msg\n'}
[15.679448] (ublox_msgs) StdoutLine: {'line': b'-- Up-to-date: /home/amigo-pi/amigo_ros2_pi/install/ublox_msgs/include/ublox_msgs/ublox_msgs/msg/rosidl_typesupport_fastrtps_cpp__visibility_control.h\n'}
[15.680236] (ublox_msgs) StdoutLine: {'line': b'-- Up-to-date: /home/amigo-pi/amigo_ros2_pi/install/ublox_msgs/include/ublox_msgs/ublox_msgs/msg/detail\n'}
[15.682741] (ublox_msgs) StdoutLine: {'line': b'-- Up-to-date: /home/amigo-pi/amigo_ros2_pi/install/ublox_msgs/include/ublox_msgs/ublox_msgs/msg/detail/cfg_inf_block__rosidl_typesupport_fastrtps_cpp.hpp\n'}
[15.684258] (ublox_msgs) StdoutLine: {'line': b'-- Up-to-date: /home/amigo-pi/amigo_ros2_pi/install/ublox_msgs/include/ublox_msgs/ublox_msgs/msg/detail/rxm_svsi__rosidl_typesupport_fastrtps_cpp.hpp\n'}
[15.685183] (ublox_msgs) StdoutLine: {'line': b'-- Up-to-date: /home/amigo-pi/amigo_ros2_pi/install/ublox_msgs/include/ublox_msgs/ublox_msgs/msg/detail/cfg_inf__rosidl_typesupport_fastrtps_cpp.hpp\n'}
[15.685746] (ublox_msgs) StdoutLine: {'line': b'-- Up-to-date: /home/amigo-pi/amigo_ros2_pi/install/ublox_msgs/include/ublox_msgs/ublox_msgs/msg/detail/cfg_nav5__rosidl_typesupport_fastrtps_cpp.hpp\n'}
[15.686062] (ublox_msgs) StdoutLine: {'line': b'-- Up-to-date: /home/amigo-pi/amigo_ros2_pi/install/ublox_msgs/include/ublox_msgs/ublox_msgs/msg/detail/cfg_nmea6__rosidl_typesupport_fastrtps_cpp.hpp\n'}
[15.686418] (ublox_msgs) StdoutLine: {'line': b'-- Up-to-date: /home/amigo-pi/amigo_ros2_pi/install/ublox_msgs/include/ublox_msgs/ublox_msgs/msg/detail/rxm_rawx__rosidl_typesupport_fastrtps_cpp.hpp\n'}
[15.686934] (ublox_msgs) StdoutLine: {'line': b'-- Up-to-date: /home/amigo-pi/amigo_ros2_pi/install/ublox_msgs/include/ublox_msgs/ublox_msgs/msg/detail/hnr_pvt__rosidl_typesupport_fastrtps_cpp.hpp\n'}
[15.687464] (ublox_msgs) StdoutLine: {'line': b'-- Up-to-date: /home/amigo-pi/amigo_ros2_pi/install/ublox_msgs/include/ublox_msgs/ublox_msgs/msg/detail/nav_pvt7__rosidl_typesupport_fastrtps_cpp.hpp\n'}
[15.688048] (ublox_msgs) StdoutLine: {'line': b'-- Up-to-date: /home/amigo-pi/amigo_ros2_pi/install/ublox_msgs/include/ublox_msgs/ublox_msgs/msg/detail/cfg_usb__rosidl_typesupport_fastrtps_cpp.hpp\n'}
[15.688778] (ublox_msgs) StdoutLine: {'line': b'-- Up-to-date: /home/amigo-pi/amigo_ros2_pi/install/ublox_msgs/include/ublox_msgs/ublox_msgs/msg/detail/nav_dgpssv__rosidl_typesupport_fastrtps_cpp.hpp\n'}
[15.689542] (ublox_msgs) StdoutLine: {'line': b'-- Up-to-date: /home/amigo-pi/amigo_ros2_pi/install/ublox_msgs/include/ublox_msgs/ublox_msgs/msg/detail/cfg_cfg__rosidl_typesupport_fastrtps_cpp.hpp\n'}
[15.690395] (ublox_msgs) StdoutLine: {'line': b'-- Up-to-date: /home/amigo-pi/amigo_ros2_pi/install/ublox_msgs/include/ublox_msgs/ublox_msgs/msg/detail/cfg_dat__rosidl_typesupport_fastrtps_cpp.hpp\n'}
[15.690963] (ublox_msgs) StdoutLine: {'line': b'-- Up-to-date: /home/amigo-pi/amigo_ros2_pi/install/ublox_msgs/include/ublox_msgs/ublox_msgs/msg/detail/cfg_prt__rosidl_typesupport_fastrtps_cpp.hpp\n'}
[15.691498] (ublox_msgs) StdoutLine: {'line': b'-- Up-to-date: /home/amigo-pi/amigo_ros2_pi/install/ublox_msgs/include/ublox_msgs/ublox_msgs/msg/detail/esf_raw_block__rosidl_typesupport_fastrtps_cpp.hpp\n'}
[15.691927] (ublox_msgs) StdoutLine: {'line': b'-- Up-to-date: /home/amigo-pi/amigo_ros2_pi/install/ublox_msgs/include/ublox_msgs/ublox_msgs/msg/detail/rxm_rawsv__rosidl_typesupport_fastrtps_cpp.hpp\n'}
[15.692305] (ublox_msgs) StdoutLine: {'line': b'-- Up-to-date: /home/amigo-pi/amigo_ros2_pi/install/ublox_msgs/include/ublox_msgs/ublox_msgs/msg/detail/mga_gal__rosidl_typesupport_fastrtps_cpp.hpp\n'}
[15.693310] (ublox_msgs) StdoutLine: {'line': b'-- Up-to-date: /home/amigo-pi/amigo_ros2_pi/install/ublox_msgs/include/ublox_msgs/ublox_msgs/msg/detail/esf_status_sens__rosidl_typesupport_fastrtps_cpp.hpp\n'}
[15.694273] (ublox_msgs) StdoutLine: {'line': b'-- Up-to-date: /home/amigo-pi/amigo_ros2_pi/install/ublox_msgs/include/ublox_msgs/ublox_msgs/msg/detail/nav_sol__rosidl_typesupport_fastrtps_cpp.hpp\n'}
[15.695334] (ublox_msgs) StdoutLine: {'line': b'-- Up-to-date: /home/amigo-pi/amigo_ros2_pi/install/ublox_msgs/include/ublox_msgs/ublox_msgs/msg/detail/tim_tm2__rosidl_typesupport_fastrtps_cpp.hpp\n'}
[15.696328] (ublox_msgs) StdoutLine: {'line': b'-- Up-to-date: /home/amigo-pi/amigo_ros2_pi/install/ublox_msgs/include/ublox_msgs/ublox_msgs/msg/detail/cfg_gnss__rosidl_typesupport_fastrtps_cpp.hpp\n'}
[15.697246] (ublox_msgs) StdoutLine: {'line': b'-- Up-to-date: /home/amigo-pi/amigo_ros2_pi/install/ublox_msgs/include/ublox_msgs/ublox_msgs/msg/detail/cfg_rst__rosidl_typesupport_fastrtps_cpp.hpp\n'}
[15.701523] (ublox_msgs) StdoutLine: {'line': b'-- Up-to-date: /home/amigo-pi/amigo_ros2_pi/install/ublox_msgs/include/ublox_msgs/ublox_msgs/msg/detail/nav_satsv__rosidl_typesupport_fastrtps_cpp.hpp\n'}
[15.703128] (ublox_msgs) StdoutLine: {'line': b'-- Up-to-date: /home/amigo-pi/amigo_ros2_pi/install/ublox_msgs/include/ublox_msgs/ublox_msgs/msg/detail/nav_dgps__rosidl_typesupport_fastrtps_cpp.hpp\n'}
[15.704311] (ublox_msgs) StdoutLine: {'line': b'-- Up-to-date: /home/amigo-pi/amigo_ros2_pi/install/ublox_msgs/include/ublox_msgs/ublox_msgs/msg/detail/cfg_rate__rosidl_typesupport_fastrtps_cpp.hpp\n'}
[15.719593] (ublox_msgs) StdoutLine: {'line': b'-- Up-to-date: /home/amigo-pi/amigo_ros2_pi/install/ublox_msgs/include/ublox_msgs/ublox_msgs/msg/detail/nav_sbas__rosidl_typesupport_fastrtps_cpp.hpp\n'}
[15.721979] (ublox_msgs) StdoutLine: {'line': b'-- Up-to-date: /home/amigo-pi/amigo_ros2_pi/install/ublox_msgs/include/ublox_msgs/ublox_msgs/msg/detail/nav_sbassv__rosidl_typesupport_fastrtps_cpp.hpp\n'}
[15.723665] (ublox_msgs) StdoutLine: {'line': b'-- Up-to-date: /home/amigo-pi/amigo_ros2_pi/install/ublox_msgs/include/ublox_msgs/ublox_msgs/msg/detail/rxm_rtcm__rosidl_typesupport_fastrtps_cpp.hpp\n'}
[15.728674] (sensor_integration) StdoutLine: {'line': b'creating /home/amigo-pi/amigo_ros2_pi/install/sensor_integration/lib/python3.10/site-packages/sensor_integration\n'}
[15.730755] (ublox_msgs) StdoutLine: {'line': b'-- Up-to-date: /home/amigo-pi/amigo_ros2_pi/install/ublox_msgs/include/ublox_msgs/ublox_msgs/msg/detail/cfg_sbas__rosidl_typesupport_fastrtps_cpp.hpp\n'}
[15.733453] (sensor_integration) StdoutLine: {'line': b'copying /home/amigo-pi/amigo_ros2_pi/build/sensor_integration/build/lib/sensor_integration/__init__.py -> /home/amigo-pi/amigo_ros2_pi/install/sensor_integration/lib/python3.10/site-packages/sensor_integration\n'}
[15.735171] (ublox_msgs) StdoutLine: {'line': b'-- Up-to-date: /home/amigo-pi/amigo_ros2_pi/install/ublox_msgs/include/ublox_msgs/ublox_msgs/msg/detail/cfg_nmea__rosidl_typesupport_fastrtps_cpp.hpp\n'}
[15.737168] (sensor_integration) StdoutLine: {'line': b'copying /home/amigo-pi/amigo_ros2_pi/build/sensor_integration/build/lib/sensor_integration/gas_sensor_publisher.py -> /home/amigo-pi/amigo_ros2_pi/install/sensor_integration/lib/python3.10/site-packages/sensor_integration\n'}
[15.742788] (ublox_msgs) StdoutLine: {'line': b'-- Up-to-date: /home/amigo-pi/amigo_ros2_pi/install/ublox_msgs/include/ublox_msgs/ublox_msgs/msg/detail/mon_hw__rosidl_typesupport_fastrtps_cpp.hpp\n'}
[15.745811] (ublox_msgs) StdoutLine: {'line': b'-- Up-to-date: /home/amigo-pi/amigo_ros2_pi/install/ublox_msgs/include/ublox_msgs/ublox_msgs/msg/detail/mon_ver__rosidl_typesupport_fastrtps_cpp.hpp\n'}
[15.746993] (ublox_msgs) StdoutLine: {'line': b'-- Up-to-date: /home/amigo-pi/amigo_ros2_pi/install/ublox_msgs/include/ublox_msgs/ublox_msgs/msg/detail/nav_posecef__rosidl_typesupport_fastrtps_cpp.hpp\n'}
[15.748920] (ublox_msgs) StdoutLine: {'line': b'-- Up-to-date: /home/amigo-pi/amigo_ros2_pi/install/ublox_msgs/include/ublox_msgs/ublox_msgs/msg/detail/cfg_ant__rosidl_typesupport_fastrtps_cpp.hpp\n'}
[15.750061] (ublox_msgs) StdoutLine: {'line': b'-- Up-to-date: /home/amigo-pi/amigo_ros2_pi/install/ublox_msgs/include/ublox_msgs/ublox_msgs/msg/detail/esf_status__rosidl_typesupport_fastrtps_cpp.hpp\n'}
[15.751624] (ublox_msgs) StdoutLine: {'line': b'-- Up-to-date: /home/amigo-pi/amigo_ros2_pi/install/ublox_msgs/include/ublox_msgs/ublox_msgs/msg/detail/nav_dop__rosidl_typesupport_fastrtps_cpp.hpp\n'}
[15.759291] (sensor_integration) StdoutLine: {'line': b'byte-compiling /home/amigo-pi/amigo_ros2_pi/install/sensor_integration/lib/python3.10/site-packages/sensor_integration/__init__.py to __init__.cpython-310.pyc\n'}
[15.760088] (ublox_msgs) StdoutLine: {'line': b'-- Up-to-date: /home/amigo-pi/amigo_ros2_pi/install/ublox_msgs/include/ublox_msgs/ublox_msgs/msg/detail/esf_ins__rosidl_typesupport_fastrtps_cpp.hpp\n'}
[15.761266] (ublox_msgs) StdoutLine: {'line': b'-- Up-to-date: /home/amigo-pi/amigo_ros2_pi/install/ublox_msgs/include/ublox_msgs/ublox_msgs/msg/detail/nav_svinfo__rosidl_typesupport_fastrtps_cpp.hpp\n'}
[15.762147] (-) TimerEvent: {}
[15.762820] (ublox_msgs) StdoutLine: {'line': b'-- Up-to-date: /home/amigo-pi/amigo_ros2_pi/install/ublox_msgs/include/ublox_msgs/ublox_msgs/msg/detail/cfg_navx5__rosidl_typesupport_fastrtps_cpp.hpp\n'}
[15.763918] (ublox_msgs) StdoutLine: {'line': b'-- Up-to-date: /home/amigo-pi/amigo_ros2_pi/install/ublox_msgs/include/ublox_msgs/ublox_msgs/msg/detail/cfg_tmode3__rosidl_typesupport_fastrtps_cpp.hpp\n'}
[15.765073] (ublox_msgs) StdoutLine: {'line': b'-- Up-to-date: /home/amigo-pi/amigo_ros2_pi/install/ublox_msgs/include/ublox_msgs/ublox_msgs/msg/detail/nav_timeutc__rosidl_typesupport_fastrtps_cpp.hpp\n'}
[15.765939] (ublox_msgs) StdoutLine: {'line': b'-- Up-to-date: /home/amigo-pi/amigo_ros2_pi/install/ublox_msgs/include/ublox_msgs/ublox_msgs/msg/detail/aid_alm__rosidl_typesupport_fastrtps_cpp.hpp\n'}
[15.766784] (ublox_msgs) StdoutLine: {'line': b'-- Up-to-date: /home/amigo-pi/amigo_ros2_pi/install/ublox_msgs/include/ublox_msgs/ublox_msgs/msg/detail/nav_velned__rosidl_typesupport_fastrtps_cpp.hpp\n'}
[15.767662] (ublox_msgs) StdoutLine: {'line': b'-- Up-to-date: /home/amigo-pi/amigo_ros2_pi/install/ublox_msgs/include/ublox_msgs/ublox_msgs/msg/detail/nav_status__rosidl_typesupport_fastrtps_cpp.hpp\n'}
[15.768743] (ublox_msgs) StdoutLine: {'line': b'-- Up-to-date: /home/amigo-pi/amigo_ros2_pi/install/ublox_msgs/include/ublox_msgs/ublox_msgs/msg/detail/cfg_dgnss__rosidl_typesupport_fastrtps_cpp.hpp\n'}
[15.769679] (ublox_msgs) StdoutLine: {'line': b'-- Up-to-date: /home/amigo-pi/amigo_ros2_pi/install/ublox_msgs/include/ublox_msgs/ublox_msgs/msg/detail/dds_fastrtps\n'}
[15.770216] (sensor_integration) StdoutLine: {'line': b'byte-compiling /home/amigo-pi/amigo_ros2_pi/install/sensor_integration/lib/python3.10/site-packages/sensor_integration/gas_sensor_publisher.py to gas_sensor_publisher.cpython-310.pyc\n'}
[15.770786] (ublox_msgs) StdoutLine: {'line': b'-- Up-to-date: /home/amigo-pi/amigo_ros2_pi/install/ublox_msgs/include/ublox_msgs/ublox_msgs/msg/detail/nav_svinfosv__rosidl_typesupport_fastrtps_cpp.hpp\n'}
[15.771418] (ublox_msgs) StdoutLine: {'line': b'-- Up-to-date: /home/amigo-pi/amigo_ros2_pi/install/ublox_msgs/include/ublox_msgs/ublox_msgs/msg/detail/rxm_raw__rosidl_typesupport_fastrtps_cpp.hpp\n'}
[15.772369] (ublox_msgs) StdoutLine: {'line': b'-- Up-to-date: /home/amigo-pi/amigo_ros2_pi/install/ublox_msgs/include/ublox_msgs/ublox_msgs/msg/detail/esf_raw__rosidl_typesupport_fastrtps_cpp.hpp\n'}
[15.773659] (ublox_msgs) StdoutLine: {'line': b'-- Up-to-date: /home/amigo-pi/amigo_ros2_pi/install/ublox_msgs/include/ublox_msgs/ublox_msgs/msg/detail/upd_sos_ack__rosidl_typesupport_fastrtps_cpp.hpp\n'}
[15.774401] (ublox_msgs) StdoutLine: {'line': b'-- Up-to-date: /home/amigo-pi/amigo_ros2_pi/install/ublox_msgs/include/ublox_msgs/ublox_msgs/msg/detail/nav_clock__rosidl_typesupport_fastrtps_cpp.hpp\n'}
[15.774933] (ublox_msgs) StdoutLine: {'line': b'-- Up-to-date: /home/amigo-pi/amigo_ros2_pi/install/ublox_msgs/include/ublox_msgs/ublox_msgs/msg/detail/aid_eph__rosidl_typesupport_fastrtps_cpp.hpp\n'}
[15.775464] (ublox_msgs) StdoutLine: {'line': b'-- Up-to-date: /home/amigo-pi/amigo_ros2_pi/install/ublox_msgs/include/ublox_msgs/ublox_msgs/msg/detail/nav_relposned9__rosidl_typesupport_fastrtps_cpp.hpp\n'}
[15.776085] (ublox_msgs) StdoutLine: {'line': b'-- Up-to-date: /home/amigo-pi/amigo_ros2_pi/install/ublox_msgs/include/ublox_msgs/ublox_msgs/msg/detail/mon_ver_extension__rosidl_typesupport_fastrtps_cpp.hpp\n'}
[15.776670] (ublox_msgs) StdoutLine: {'line': b'-- Up-to-date: /home/amigo-pi/amigo_ros2_pi/install/ublox_msgs/include/ublox_msgs/ublox_msgs/msg/detail/cfg_msg__rosidl_typesupport_fastrtps_cpp.hpp\n'}
[15.777525] (ublox_msgs) StdoutLine: {'line': b'-- Up-to-date: /home/amigo-pi/amigo_ros2_pi/install/ublox_msgs/include/ublox_msgs/ublox_msgs/msg/detail/mon_hw6__rosidl_typesupport_fastrtps_cpp.hpp\n'}
[15.778215] (ublox_msgs) StdoutLine: {'line': b'-- Up-to-date: /home/amigo-pi/amigo_ros2_pi/install/ublox_msgs/include/ublox_msgs/ublox_msgs/msg/detail/cfg_hnr__rosidl_typesupport_fastrtps_cpp.hpp\n'}
[15.778731] (ublox_msgs) StdoutLine: {'line': b'-- Up-to-date: /home/amigo-pi/amigo_ros2_pi/install/ublox_msgs/include/ublox_msgs/ublox_msgs/msg/detail/nav_pvt__rosidl_typesupport_fastrtps_cpp.hpp\n'}
[15.779247] (ublox_msgs) StdoutLine: {'line': b'-- Up-to-date: /home/amigo-pi/amigo_ros2_pi/install/ublox_msgs/include/ublox_msgs/ublox_msgs/msg/detail/cfg_gnss_block__rosidl_typesupport_fastrtps_cpp.hpp\n'}
[15.779810] (sensor_integration) StdoutLine: {'line': b'running install_data\n'}
[15.780450] (sensor_integration) StdoutLine: {'line': b'creating /home/amigo-pi/amigo_ros2_pi/install/sensor_integration/share/ament_index\n'}
[15.781251] (sensor_integration) StdoutLine: {'line': b'creating /home/amigo-pi/amigo_ros2_pi/install/sensor_integration/share/ament_index/resource_index\n'}
[15.781916] (sensor_integration) StdoutLine: {'line': b'creating /home/amigo-pi/amigo_ros2_pi/install/sensor_integration/share/ament_index/resource_index/packages\n'}
[15.782627] (ublox_msgs) StdoutLine: {'line': b'-- Up-to-date: /home/amigo-pi/amigo_ros2_pi/install/ublox_msgs/include/ublox_msgs/ublox_msgs/msg/detail/nav_sat__rosidl_typesupport_fastrtps_cpp.hpp\n'}
[15.783290] (sensor_integration) StdoutLine: {'line': b'copying resource/sensor_integration -> /home/amigo-pi/amigo_ros2_pi/install/sensor_integration/share/ament_index/resource_index/packages\n'}
[15.783893] (ublox_msgs) StdoutLine: {'line': b'-- Up-to-date: /home/amigo-pi/amigo_ros2_pi/install/ublox_msgs/include/ublox_msgs/ublox_msgs/msg/detail/rxm_eph__rosidl_typesupport_fastrtps_cpp.hpp\n'}
[15.784486] (ublox_msgs) StdoutLine: {'line': b'-- Up-to-date: /home/amigo-pi/amigo_ros2_pi/install/ublox_msgs/include/ublox_msgs/ublox_msgs/msg/detail/nav_att__rosidl_typesupport_fastrtps_cpp.hpp\n'}
[15.785513] (ublox_msgs) StdoutLine: {'line': b'-- Up-to-date: /home/amigo-pi/amigo_ros2_pi/install/ublox_msgs/include/ublox_msgs/ublox_msgs/msg/detail/rxm_rawx_meas__rosidl_typesupport_fastrtps_cpp.hpp\n'}
[15.786282] (sensor_integration) StdoutLine: {'line': b'copying package.xml -> /home/amigo-pi/amigo_ros2_pi/install/sensor_integration/share/sensor_integration\n'}
[15.787214] (ublox_msgs) StdoutLine: {'line': b'-- Up-to-date: /home/amigo-pi/amigo_ros2_pi/install/ublox_msgs/include/ublox_msgs/ublox_msgs/msg/detail/esf_meas__rosidl_typesupport_fastrtps_cpp.hpp\n'}
[15.788301] (ublox_msgs) StdoutLine: {'line': b'-- Up-to-date: /home/amigo-pi/amigo_ros2_pi/install/ublox_msgs/include/ublox_msgs/ublox_msgs/msg/detail/cfg_nmea7__rosidl_typesupport_fastrtps_cpp.hpp\n'}
[15.799998] (sensor_integration) StdoutLine: {'line': b'running install_egg_info\n'}
[15.801642] (ublox_msgs) StdoutLine: {'line': b'-- Up-to-date: /home/amigo-pi/amigo_ros2_pi/install/ublox_msgs/include/ublox_msgs/ublox_msgs/msg/detail/inf__rosidl_typesupport_fastrtps_cpp.hpp\n'}
[15.804643] (ublox_msgs) StdoutLine: {'line': b'-- Up-to-date: /home/amigo-pi/amigo_ros2_pi/install/ublox_msgs/include/ublox_msgs/ublox_msgs/msg/detail/nav_posllh__rosidl_typesupport_fastrtps_cpp.hpp\n'}
[15.806562] (ublox_msgs) StdoutLine: {'line': b'-- Up-to-date: /home/amigo-pi/amigo_ros2_pi/install/ublox_msgs/include/ublox_msgs/ublox_msgs/msg/detail/rxm_svsisv__rosidl_typesupport_fastrtps_cpp.hpp\n'}
[15.807824] (ublox_msgs) StdoutLine: {'line': b'-- Up-to-date: /home/amigo-pi/amigo_ros2_pi/install/ublox_msgs/include/ublox_msgs/ublox_msgs/msg/detail/ack__rosidl_typesupport_fastrtps_cpp.hpp\n'}
[15.809435] (ublox_msgs) StdoutLine: {'line': b'-- Up-to-date: /home/amigo-pi/amigo_ros2_pi/install/ublox_msgs/include/ublox_msgs/ublox_msgs/msg/detail/nav_velecef__rosidl_typesupport_fastrtps_cpp.hpp\n'}
[15.810872] (ublox_msgs) StdoutLine: {'line': b'-- Up-to-date: /home/amigo-pi/amigo_ros2_pi/install/ublox_msgs/include/ublox_msgs/ublox_msgs/msg/detail/nav_svin__rosidl_typesupport_fastrtps_cpp.hpp\n'}
[15.811706] (ublox_msgs) StdoutLine: {'line': b'-- Up-to-date: /home/amigo-pi/amigo_ros2_pi/install/ublox_msgs/include/ublox_msgs/ublox_msgs/msg/detail/rxm_sfrb__rosidl_typesupport_fastrtps_cpp.hpp\n'}
[15.814348] (ublox_msgs) StdoutLine: {'line': b'-- Up-to-date: /home/amigo-pi/amigo_ros2_pi/install/ublox_msgs/include/ublox_msgs/ublox_msgs/msg/detail/mon_gnss__rosidl_typesupport_fastrtps_cpp.hpp\n'}
[15.815854] (ublox_msgs) StdoutLine: {'line': b'-- Up-to-date: /home/amigo-pi/amigo_ros2_pi/install/ublox_msgs/include/ublox_msgs/ublox_msgs/msg/detail/aid_hui__rosidl_typesupport_fastrtps_cpp.hpp\n'}
[15.817409] (ublox_msgs) StdoutLine: {'line': b'-- Up-to-date: /home/amigo-pi/amigo_ros2_pi/install/ublox_msgs/include/ublox_msgs/ublox_msgs/msg/detail/rxm_sfrbx__rosidl_typesupport_fastrtps_cpp.hpp\n'}
[15.819194] (ublox_msgs) StdoutLine: {'line': b'-- Up-to-date: /home/amigo-pi/amigo_ros2_pi/install/ublox_msgs/include/ublox_msgs/ublox_msgs/msg/detail/nav_timegps__rosidl_typesupport_fastrtps_cpp.hpp\n'}
[15.821079] (ublox_msgs) StdoutLine: {'line': b'-- Up-to-date: /home/amigo-pi/amigo_ros2_pi/install/ublox_msgs/include/ublox_msgs/ublox_msgs/msg/detail/nav_relposned__rosidl_typesupport_fastrtps_cpp.hpp\n'}
[15.822303] (ublox_msgs) StdoutLine: {'line': b'-- Up-to-date: /home/amigo-pi/amigo_ros2_pi/install/ublox_msgs/include/ublox_msgs/ublox_msgs/msg/detail/upd_sos__rosidl_typesupport_fastrtps_cpp.hpp\n'}
[15.823906] (sensor_integration) StdoutLine: {'line': b'Copying ../../build/sensor_integration/sensor_integration.egg-info to /home/amigo-pi/amigo_ros2_pi/install/sensor_integration/lib/python3.10/site-packages/sensor_integration-0.0.0-py3.10.egg-info\n'}
[15.825909] (ublox_msgs) StdoutLine: {'line': b'-- Up-to-date: /home/amigo-pi/amigo_ros2_pi/install/ublox_msgs/include/ublox_msgs/ublox_msgs/msg/detail/rxm_alm__rosidl_typesupport_fastrtps_cpp.hpp\n'}
[15.826861] (sensor_integration) StdoutLine: {'line': b'running install_scripts\n'}
[15.827533] (ublox_msgs) StdoutLine: {'line': b'-- Up-to-date: /home/amigo-pi/amigo_ros2_pi/install/ublox_msgs/lib/libublox_msgs__rosidl_typesupport_fastrtps_cpp.so\n'}
[15.831304] (ublox_msgs) StdoutLine: {'line': b'-- Up-to-date: /home/amigo-pi/amigo_ros2_pi/install/ublox_msgs/include/ublox_msgs/ublox_msgs\n'}
[15.834049] (ublox_msgs) StdoutLine: {'line': b'-- Up-to-date: /home/amigo-pi/amigo_ros2_pi/install/ublox_msgs/include/ublox_msgs/ublox_msgs/msg\n'}
[15.835924] (ublox_msgs) StdoutLine: {'line': b'-- Up-to-date: /home/amigo-pi/amigo_ros2_pi/install/ublox_msgs/include/ublox_msgs/ublox_msgs/msg/detail\n'}
[15.837862] (ublox_msgs) StdoutLine: {'line': b'-- Up-to-date: /home/amigo-pi/amigo_ros2_pi/install/ublox_msgs/include/ublox_msgs/ublox_msgs/msg/detail/rxm_eph__type_support.cpp\n'}
[15.840076] (ublox_msgs) StdoutLine: {'line': b'-- Up-to-date: /home/amigo-pi/amigo_ros2_pi/install/ublox_msgs/include/ublox_msgs/ublox_msgs/msg/detail/nav_satsv__rosidl_typesupport_introspection_cpp.hpp\n'}
[15.842228] (ublox_msgs) StdoutLine: {'line': b'-- Up-to-date: /home/amigo-pi/amigo_ros2_pi/install/ublox_msgs/include/ublox_msgs/ublox_msgs/msg/detail/cfg_nav5__type_support.cpp\n'}
[15.845268] (ublox_msgs) StdoutLine: {'line': b'-- Up-to-date: /home/amigo-pi/amigo_ros2_pi/install/ublox_msgs/include/ublox_msgs/ublox_msgs/msg/detail/rxm_raw__rosidl_typesupport_introspection_cpp.hpp\n'}
[15.847032] (ublox_msgs) StdoutLine: {'line': b'-- Up-to-date: /home/amigo-pi/amigo_ros2_pi/install/ublox_msgs/include/ublox_msgs/ublox_msgs/msg/detail/cfg_nmea__type_support.cpp\n'}
[15.849047] (ublox_msgs) StdoutLine: {'line': b'-- Up-to-date: /home/amigo-pi/amigo_ros2_pi/install/ublox_msgs/include/ublox_msgs/ublox_msgs/msg/detail/aid_alm__rosidl_typesupport_introspection_cpp.hpp\n'}
[15.851379] (ublox_msgs) StdoutLine: {'line': b'-- Up-to-date: /home/amigo-pi/amigo_ros2_pi/install/ublox_msgs/include/ublox_msgs/ublox_msgs/msg/detail/nav_velecef__rosidl_typesupport_introspection_cpp.hpp\n'}
[15.854632] (ublox_msgs) StdoutLine: {'line': b'-- Up-to-date: /home/amigo-pi/amigo_ros2_pi/install/ublox_msgs/include/ublox_msgs/ublox_msgs/msg/detail/rxm_sfrb__rosidl_typesupport_introspection_cpp.hpp\n'}
[15.858261] (ublox_msgs) StdoutLine: {'line': b'-- Up-to-date: /home/amigo-pi/amigo_ros2_pi/install/ublox_msgs/include/ublox_msgs/ublox_msgs/msg/detail/tim_tm2__type_support.cpp\n'}
[15.860610] (ublox_msgs) StdoutLine: {'line': b'-- Up-to-date: /home/amigo-pi/amigo_ros2_pi/install/ublox_msgs/include/ublox_msgs/ublox_msgs/msg/detail/cfg_ant__type_support.cpp\n'}
[15.863173] (-) TimerEvent: {}
[15.866126] (ublox_msgs) StdoutLine: {'line': b'-- Up-to-date: /home/amigo-pi/amigo_ros2_pi/install/ublox_msgs/include/ublox_msgs/ublox_msgs/msg/detail/nav_timeutc__rosidl_typesupport_introspection_cpp.hpp\n'}
[15.868203] (ublox_msgs) StdoutLine: {'line': b'-- Up-to-date: /home/amigo-pi/amigo_ros2_pi/install/ublox_msgs/include/ublox_msgs/ublox_msgs/msg/detail/cfg_dat__type_support.cpp\n'}
[15.872839] (ublox_msgs) StdoutLine: {'line': b'-- Up-to-date: /home/amigo-pi/amigo_ros2_pi/install/ublox_msgs/include/ublox_msgs/ublox_msgs/msg/detail/nav_sbassv__type_support.cpp\n'}
[15.880135] (ublox_msgs) StdoutLine: {'line': b'-- Up-to-date: /home/amigo-pi/amigo_ros2_pi/install/ublox_msgs/include/ublox_msgs/ublox_msgs/msg/detail/nav_velned__type_support.cpp\n'}
[15.881932] (ublox_msgs) StdoutLine: {'line': b'-- Up-to-date: /home/amigo-pi/amigo_ros2_pi/install/ublox_msgs/include/ublox_msgs/ublox_msgs/msg/detail/esf_meas__rosidl_typesupport_introspection_cpp.hpp\n'}
[15.884042] (ublox_msgs) StdoutLine: {'line': b'-- Up-to-date: /home/amigo-pi/amigo_ros2_pi/install/ublox_msgs/include/ublox_msgs/ublox_msgs/msg/detail/mon_ver__type_support.cpp\n'}
[15.887094] (ublox_msgs) StdoutLine: {'line': b'-- Up-to-date: /home/amigo-pi/amigo_ros2_pi/install/ublox_msgs/include/ublox_msgs/ublox_msgs/msg/detail/cfg_hnr__rosidl_typesupport_introspection_cpp.hpp\n'}
[15.890917] (ublox_msgs) StdoutLine: {'line': b'-- Up-to-date: /home/amigo-pi/amigo_ros2_pi/install/ublox_msgs/include/ublox_msgs/ublox_msgs/msg/detail/cfg_usb__type_support.cpp\n'}
[15.892043] (ublox_msgs) StdoutLine: {'line': b'-- Up-to-date: /home/amigo-pi/amigo_ros2_pi/install/ublox_msgs/include/ublox_msgs/ublox_msgs/msg/detail/nav_relposned9__type_support.cpp\n'}
[15.904230] (ublox_msgs) StdoutLine: {'line': b'-- Up-to-date: /home/amigo-pi/amigo_ros2_pi/install/ublox_msgs/include/ublox_msgs/ublox_msgs/msg/detail/aid_eph__rosidl_typesupport_introspection_cpp.hpp\n'}
[15.906671] (ublox_msgs) StdoutLine: {'line': b'-- Up-to-date: /home/amigo-pi/amigo_ros2_pi/install/ublox_msgs/include/ublox_msgs/ublox_msgs/msg/detail/rxm_rtcm__rosidl_typesupport_introspection_cpp.hpp\n'}
[15.923572] (ublox_msgs) StdoutLine: {'line': b'-- Up-to-date: /home/amigo-pi/amigo_ros2_pi/install/ublox_msgs/include/ublox_msgs/ublox_msgs/msg/detail/mon_ver_extension__type_support.cpp\n'}
[15.937576] (ublox_msgs) StdoutLine: {'line': b'-- Up-to-date: /home/amigo-pi/amigo_ros2_pi/install/ublox_msgs/include/ublox_msgs/ublox_msgs/msg/detail/rxm_eph__rosidl_typesupport_introspection_cpp.hpp\n'}
[15.941575] (ublox_msgs) StdoutLine: {'line': b'-- Up-to-date: /home/amigo-pi/amigo_ros2_pi/install/ublox_msgs/include/ublox_msgs/ublox_msgs/msg/detail/rxm_rawx_meas__rosidl_typesupport_introspection_cpp.hpp\n'}
[15.948923] (ublox_msgs) StdoutLine: {'line': b'-- Up-to-date: /home/amigo-pi/amigo_ros2_pi/install/ublox_msgs/include/ublox_msgs/ublox_msgs/msg/detail/esf_status_sens__type_support.cpp\n'}
[15.955591] (ublox_msgs) StdoutLine: {'line': b'-- Up-to-date: /home/amigo-pi/amigo_ros2_pi/install/ublox_msgs/include/ublox_msgs/ublox_msgs/msg/detail/esf_raw_block__rosidl_typesupport_introspection_cpp.hpp\n'}
[15.959211] (ublox_msgs) StdoutLine: {'line': b'-- Up-to-date: /home/amigo-pi/amigo_ros2_pi/install/ublox_msgs/include/ublox_msgs/ublox_msgs/msg/detail/nav_sat__rosidl_typesupport_introspection_cpp.hpp\n'}
[15.970680] (-) TimerEvent: {}
[15.973276] (ublox_msgs) StdoutLine: {'line': b'-- Up-to-date: /home/amigo-pi/amigo_ros2_pi/install/ublox_msgs/include/ublox_msgs/ublox_msgs/msg/detail/nav_timegps__rosidl_typesupport_introspection_cpp.hpp\n'}
[15.984772] (ublox_msgs) StdoutLine: {'line': b'-- Up-to-date: /home/amigo-pi/amigo_ros2_pi/install/ublox_msgs/include/ublox_msgs/ublox_msgs/msg/detail/nav_timeutc__type_support.cpp\n'}
[15.987041] (ublox_msgs) StdoutLine: {'line': b'-- Up-to-date: /home/amigo-pi/amigo_ros2_pi/install/ublox_msgs/include/ublox_msgs/ublox_msgs/msg/detail/esf_raw__type_support.cpp\n'}
[15.988992] (ublox_msgs) StdoutLine: {'line': b'-- Up-to-date: /home/amigo-pi/amigo_ros2_pi/install/ublox_msgs/include/ublox_msgs/ublox_msgs/msg/detail/nav_posecef__type_support.cpp\n'}
[15.991323] (ublox_msgs) StdoutLine: {'line': b'-- Up-to-date: /home/amigo-pi/amigo_ros2_pi/install/ublox_msgs/include/ublox_msgs/ublox_msgs/msg/detail/upd_sos__rosidl_typesupport_introspection_cpp.hpp\n'}
[15.993331] (ublox_msgs) StdoutLine: {'line': b'-- Up-to-date: /home/amigo-pi/amigo_ros2_pi/install/ublox_msgs/include/ublox_msgs/ublox_msgs/msg/detail/nav_dop__type_support.cpp\n'}
[15.995484] (ublox_msgs) StdoutLine: {'line': b'-- Up-to-date: /home/amigo-pi/amigo_ros2_pi/install/ublox_msgs/include/ublox_msgs/ublox_msgs/msg/detail/nav_velecef__type_support.cpp\n'}
[15.998298] (ublox_msgs) StdoutLine: {'line': b'-- Up-to-date: /home/amigo-pi/amigo_ros2_pi/install/ublox_msgs/include/ublox_msgs/ublox_msgs/msg/detail/cfg_msg__rosidl_typesupport_introspection_cpp.hpp\n'}
[16.000684] (ublox_msgs) StdoutLine: {'line': b'-- Up-to-date: /home/amigo-pi/amigo_ros2_pi/install/ublox_msgs/include/ublox_msgs/ublox_msgs/msg/detail/nav_relposned9__rosidl_typesupport_introspection_cpp.hpp\n'}
[16.002518] (ublox_msgs) StdoutLine: {'line': b'-- Up-to-date: /home/amigo-pi/amigo_ros2_pi/install/ublox_msgs/include/ublox_msgs/ublox_msgs/msg/detail/rxm_alm__type_support.cpp\n'}
[16.003588] (ublox_msgs) StdoutLine: {'line': b'-- Up-to-date: /home/amigo-pi/amigo_ros2_pi/install/ublox_msgs/include/ublox_msgs/ublox_msgs/msg/detail/nav_svinfo__rosidl_typesupport_introspection_cpp.hpp\n'}
[16.005029] (ublox_msgs) StdoutLine: {'line': b'-- Up-to-date: /home/amigo-pi/amigo_ros2_pi/install/ublox_msgs/include/ublox_msgs/ublox_msgs/msg/detail/mon_gnss__type_support.cpp\n'}
[16.006124] (ublox_msgs) StdoutLine: {'line': b'-- Up-to-date: /home/amigo-pi/amigo_ros2_pi/install/ublox_msgs/include/ublox_msgs/ublox_msgs/msg/detail/rxm_svsisv__rosidl_typesupport_introspection_cpp.hpp\n'}
[16.007391] (ublox_msgs) StdoutLine: {'line': b'-- Up-to-date: /home/amigo-pi/amigo_ros2_pi/install/ublox_msgs/include/ublox_msgs/ublox_msgs/msg/detail/nav_dgpssv__type_support.cpp\n'}
[16.012056] (ublox_msgs) StdoutLine: {'line': b'-- Up-to-date: /home/amigo-pi/amigo_ros2_pi/install/ublox_msgs/include/ublox_msgs/ublox_msgs/msg/detail/nav_satsv__type_support.cpp\n'}
[16.017232] (ublox_msgs) StdoutLine: {'line': b'-- Up-to-date: /home/amigo-pi/amigo_ros2_pi/install/ublox_msgs/include/ublox_msgs/ublox_msgs/msg/detail/nav_svinfosv__type_support.cpp\n'}
[16.020110] (ublox_msgs) StdoutLine: {'line': b'-- Up-to-date: /home/amigo-pi/amigo_ros2_pi/install/ublox_msgs/include/ublox_msgs/ublox_msgs/msg/detail/aid_hui__type_support.cpp\n'}
[16.022119] (ublox_msgs) StdoutLine: {'line': b'-- Up-to-date: /home/amigo-pi/amigo_ros2_pi/install/ublox_msgs/include/ublox_msgs/ublox_msgs/msg/detail/nav_sbas__type_support.cpp\n'}
[16.024940] (ublox_msgs) StdoutLine: {'line': b'-- Up-to-date: /home/amigo-pi/amigo_ros2_pi/install/ublox_msgs/include/ublox_msgs/ublox_msgs/msg/detail/cfg_nmea7__type_support.cpp\n'}
[16.027572] (ublox_msgs) StdoutLine: {'line': b'-- Up-to-date: /home/amigo-pi/amigo_ros2_pi/install/ublox_msgs/include/ublox_msgs/ublox_msgs/msg/detail/nav_clock__type_support.cpp\n'}
[16.031871] (ublox_msgs) StdoutLine: {'line': b'-- Up-to-date: /home/amigo-pi/amigo_ros2_pi/install/ublox_msgs/include/ublox_msgs/ublox_msgs/msg/detail/cfg_navx5__type_support.cpp\n'}
[16.057106] (ublox_msgs) StdoutLine: {'line': b'-- Up-to-date: /home/amigo-pi/amigo_ros2_pi/install/ublox_msgs/include/ublox_msgs/ublox_msgs/msg/detail/esf_ins__rosidl_typesupport_introspection_cpp.hpp\n'}
[16.063190] (ublox_msgs) StdoutLine: {'line': b'-- Up-to-date: /home/amigo-pi/amigo_ros2_pi/install/ublox_msgs/include/ublox_msgs/ublox_msgs/msg/detail/cfg_sbas__type_support.cpp\n'}
[16.073584] (-) TimerEvent: {}
[16.077163] (ublox_msgs) StdoutLine: {'line': b'-- Up-to-date: /home/amigo-pi/amigo_ros2_pi/install/ublox_msgs/include/ublox_msgs/ublox_msgs/msg/detail/nav_dgps__rosidl_typesupport_introspection_cpp.hpp\n'}
[16.081998] (ublox_msgs) StdoutLine: {'line': b'-- Up-to-date: /home/amigo-pi/amigo_ros2_pi/install/ublox_msgs/include/ublox_msgs/ublox_msgs/msg/detail/esf_raw_block__type_support.cpp\n'}
[16.089113] (ublox_msgs) StdoutLine: {'line': b'-- Up-to-date: /home/amigo-pi/amigo_ros2_pi/install/ublox_msgs/include/ublox_msgs/ublox_msgs/msg/detail/nav_sol__type_support.cpp\n'}
[16.090676] (ublox_msgs) StdoutLine: {'line': b'-- Up-to-date: /home/amigo-pi/amigo_ros2_pi/install/ublox_msgs/include/ublox_msgs/ublox_msgs/msg/detail/rxm_raw__type_support.cpp\n'}
[16.091957] (ublox_msgs) StdoutLine: {'line': b'-- Up-to-date: /home/amigo-pi/amigo_ros2_pi/install/ublox_msgs/include/ublox_msgs/ublox_msgs/msg/detail/mon_ver__rosidl_typesupport_introspection_cpp.hpp\n'}
[16.093204] (ublox_msgs) StdoutLine: {'line': b'-- Up-to-date: /home/amigo-pi/amigo_ros2_pi/install/ublox_msgs/include/ublox_msgs/ublox_msgs/msg/detail/nav_dgpssv__rosidl_typesupport_introspection_cpp.hpp\n'}
[16.094147] (ublox_msgs) StdoutLine: {'line': b'-- Up-to-date: /home/amigo-pi/amigo_ros2_pi/install/ublox_msgs/include/ublox_msgs/ublox_msgs/msg/detail/nav_status__type_support.cpp\n'}
[16.095673] (ublox_msgs) StdoutLine: {'line': b'-- Up-to-date: /home/amigo-pi/amigo_ros2_pi/install/ublox_msgs/include/ublox_msgs/ublox_msgs/msg/detail/esf_raw__rosidl_typesupport_introspection_cpp.hpp\n'}
[16.097703] (ublox_msgs) StdoutLine: {'line': b'-- Up-to-date: /home/amigo-pi/amigo_ros2_pi/install/ublox_msgs/include/ublox_msgs/ublox_msgs/msg/detail/nav_relposned__rosidl_typesupport_introspection_cpp.hpp\n'}
[16.099637] (ublox_msgs) StdoutLine: {'line': b'-- Up-to-date: /home/amigo-pi/amigo_ros2_pi/install/ublox_msgs/include/ublox_msgs/ublox_msgs/msg/detail/esf_status_sens__rosidl_typesupport_introspection_cpp.hpp\n'}
[16.102128] (ublox_msgs) StdoutLine: {'line': b'-- Up-to-date: /home/amigo-pi/amigo_ros2_pi/install/ublox_msgs/include/ublox_msgs/ublox_msgs/msg/detail/cfg_hnr__type_support.cpp\n'}
[16.115052] (ublox_msgs) StdoutLine: {'line': b'-- Up-to-date: /home/amigo-pi/amigo_ros2_pi/install/ublox_msgs/include/ublox_msgs/ublox_msgs/msg/detail/mon_hw6__type_support.cpp\n'}
[16.121906] (ublox_msgs) StdoutLine: {'line': b'-- Up-to-date: /home/amigo-pi/amigo_ros2_pi/install/ublox_msgs/include/ublox_msgs/ublox_msgs/msg/detail/cfg_nmea6__rosidl_typesupport_introspection_cpp.hpp\n'}
[16.123338] (ublox_msgs) StdoutLine: {'line': b'-- Up-to-date: /home/amigo-pi/amigo_ros2_pi/install/ublox_msgs/include/ublox_msgs/ublox_msgs/msg/detail/cfg_tmode3__type_support.cpp\n'}
[16.126012] (ublox_msgs) StdoutLine: {'line': b'-- Up-to-date: /home/amigo-pi/amigo_ros2_pi/install/ublox_msgs/include/ublox_msgs/ublox_msgs/msg/detail/rxm_rawx__rosidl_typesupport_introspection_cpp.hpp\n'}
[16.128035] (ublox_msgs) StdoutLine: {'line': b'-- Up-to-date: /home/amigo-pi/amigo_ros2_pi/install/ublox_msgs/include/ublox_msgs/ublox_msgs/msg/detail/inf__type_support.cpp\n'}
[16.130185] (ublox_msgs) StdoutLine: {'line': b'-- Up-to-date: /home/amigo-pi/amigo_ros2_pi/install/ublox_msgs/include/ublox_msgs/ublox_msgs/msg/detail/rxm_sfrbx__rosidl_typesupport_introspection_cpp.hpp\n'}
[16.133816] (ublox_msgs) StdoutLine: {'line': b'-- Up-to-date: /home/amigo-pi/amigo_ros2_pi/install/ublox_msgs/include/ublox_msgs/ublox_msgs/msg/detail/cfg_usb__rosidl_typesupport_introspection_cpp.hpp\n'}
[16.135848] (ublox_msgs) StdoutLine: {'line': b'-- Up-to-date: /home/amigo-pi/amigo_ros2_pi/install/ublox_msgs/include/ublox_msgs/ublox_msgs/msg/detail/cfg_nmea7__rosidl_typesupport_introspection_cpp.hpp\n'}
[16.138232] (ublox_msgs) StdoutLine: {'line': b'-- Up-to-date: /home/amigo-pi/amigo_ros2_pi/install/ublox_msgs/include/ublox_msgs/ublox_msgs/msg/detail/nav_pvt7__rosidl_typesupport_introspection_cpp.hpp\n'}
[16.141477] (ublox_msgs) StdoutLine: {'line': b'-- Up-to-date: /home/amigo-pi/amigo_ros2_pi/install/ublox_msgs/include/ublox_msgs/ublox_msgs/msg/detail/nav_pvt__type_support.cpp\n'}
[16.143688] (ublox_msgs) StdoutLine: {'line': b'-- Up-to-date: /home/amigo-pi/amigo_ros2_pi/install/ublox_msgs/include/ublox_msgs/ublox_msgs/msg/detail/mon_hw__rosidl_typesupport_introspection_cpp.hpp\n'}
[16.145161] (ublox_msgs) StdoutLine: {'line': b'-- Up-to-date: /home/amigo-pi/amigo_ros2_pi/install/ublox_msgs/include/ublox_msgs/ublox_msgs/msg/detail/nav_att__type_support.cpp\n'}
[16.146496] (ublox_msgs) StdoutLine: {'line': b'-- Up-to-date: /home/amigo-pi/amigo_ros2_pi/install/ublox_msgs/include/ublox_msgs/ublox_msgs/msg/detail/nav_dgps__type_support.cpp\n'}
[16.147097] (ublox_msgs) StdoutLine: {'line': b'-- Up-to-date: /home/amigo-pi/amigo_ros2_pi/install/ublox_msgs/include/ublox_msgs/ublox_msgs/msg/detail/cfg_msg__type_support.cpp\n'}
[16.148478] (ublox_msgs) StdoutLine: {'line': b'-- Up-to-date: /home/amigo-pi/amigo_ros2_pi/install/ublox_msgs/include/ublox_msgs/ublox_msgs/msg/detail/esf_status__rosidl_typesupport_introspection_cpp.hpp\n'}
[16.151585] (ublox_msgs) StdoutLine: {'line': b'-- Up-to-date: /home/amigo-pi/amigo_ros2_pi/install/ublox_msgs/include/ublox_msgs/ublox_msgs/msg/detail/cfg_rate__rosidl_typesupport_introspection_cpp.hpp\n'}
[16.155342] (ublox_msgs) StdoutLine: {'line': b'-- Up-to-date: /home/amigo-pi/amigo_ros2_pi/install/ublox_msgs/include/ublox_msgs/ublox_msgs/msg/detail/cfg_nmea__rosidl_typesupport_introspection_cpp.hpp\n'}
[16.159050] (ublox_msgs) StdoutLine: {'line': b'-- Up-to-date: /home/amigo-pi/amigo_ros2_pi/install/ublox_msgs/include/ublox_msgs/ublox_msgs/msg/detail/mon_ver_extension__rosidl_typesupport_introspection_cpp.hpp\n'}
[16.164320] (ublox_msgs) StdoutLine: {'line': b'-- Up-to-date: /home/amigo-pi/amigo_ros2_pi/install/ublox_msgs/include/ublox_msgs/ublox_msgs/msg/detail/esf_status__type_support.cpp\n'}
[16.166462] (ublox_msgs) StdoutLine: {'line': b'-- Up-to-date: /home/amigo-pi/amigo_ros2_pi/install/ublox_msgs/include/ublox_msgs/ublox_msgs/msg/detail/tim_tm2__rosidl_typesupport_introspection_cpp.hpp\n'}
[16.169625] (ublox_msgs) StdoutLine: {'line': b'-- Up-to-date: /home/amigo-pi/amigo_ros2_pi/install/ublox_msgs/include/ublox_msgs/ublox_msgs/msg/detail/nav_svinfosv__rosidl_typesupport_introspection_cpp.hpp\n'}
[16.177021] (-) TimerEvent: {}
[16.179305] (ublox_msgs) StdoutLine: {'line': b'-- Up-to-date: /home/amigo-pi/amigo_ros2_pi/install/ublox_msgs/include/ublox_msgs/ublox_msgs/msg/detail/cfg_rate__type_support.cpp\n'}
[16.182218] (ublox_msgs) StdoutLine: {'line': b'-- Up-to-date: /home/amigo-pi/amigo_ros2_pi/install/ublox_msgs/include/ublox_msgs/ublox_msgs/msg/detail/cfg_dgnss__type_support.cpp\n'}
[16.185203] (ublox_msgs) StdoutLine: {'line': b'-- Up-to-date: /home/amigo-pi/amigo_ros2_pi/install/ublox_msgs/include/ublox_msgs/ublox_msgs/msg/detail/rxm_svsi__rosidl_typesupport_introspection_cpp.hpp\n'}
[16.186091] (ublox_msgs) StdoutLine: {'line': b'-- Up-to-date: /home/amigo-pi/amigo_ros2_pi/install/ublox_msgs/include/ublox_msgs/ublox_msgs/msg/detail/nav_dop__rosidl_typesupport_introspection_cpp.hpp\n'}
[16.187138] (ublox_msgs) StdoutLine: {'line': b'-- Up-to-date: /home/amigo-pi/amigo_ros2_pi/install/ublox_msgs/include/ublox_msgs/ublox_msgs/msg/detail/upd_sos_ack__type_support.cpp\n'}
[16.188519] (ublox_msgs) StdoutLine: {'line': b'-- Up-to-date: /home/amigo-pi/amigo_ros2_pi/install/ublox_msgs/include/ublox_msgs/ublox_msgs/msg/detail/nav_timegps__type_support.cpp\n'}
[16.190699] (ublox_msgs) StdoutLine: {'line': b'-- Up-to-date: /home/amigo-pi/amigo_ros2_pi/install/ublox_msgs/include/ublox_msgs/ublox_msgs/msg/detail/aid_eph__type_support.cpp\n'}
[16.196143] (ublox_msgs) StdoutLine: {'line': b'-- Up-to-date: /home/amigo-pi/amigo_ros2_pi/install/ublox_msgs/include/ublox_msgs/ublox_msgs/msg/detail/cfg_inf__type_support.cpp\n'}
[16.198403] (ublox_msgs) StdoutLine: {'line': b'-- Up-to-date: /home/amigo-pi/amigo_ros2_pi/install/ublox_msgs/include/ublox_msgs/ublox_msgs/msg/detail/nav_velned__rosidl_typesupport_introspection_cpp.hpp\n'}
[16.200191] (ublox_msgs) StdoutLine: {'line': b'-- Up-to-date: /home/amigo-pi/amigo_ros2_pi/install/ublox_msgs/include/ublox_msgs/ublox_msgs/msg/detail/cfg_gnss__type_support.cpp\n'}
[16.201961] (ublox_msgs) StdoutLine: {'line': b'-- Up-to-date: /home/amigo-pi/amigo_ros2_pi/install/ublox_msgs/include/ublox_msgs/ublox_msgs/msg/detail/esf_ins__type_support.cpp\n'}
[16.203470] (ublox_msgs) StdoutLine: {'line': b'-- Up-to-date: /home/amigo-pi/amigo_ros2_pi/install/ublox_msgs/include/ublox_msgs/ublox_msgs/msg/detail/cfg_cfg__type_support.cpp\n'}
[16.205668] (ublox_msgs) StdoutLine: {'line': b'-- Up-to-date: /home/amigo-pi/amigo_ros2_pi/install/ublox_msgs/include/ublox_msgs/ublox_msgs/msg/detail/rxm_rawx_meas__type_support.cpp\n'}
[16.207690] (ublox_msgs) StdoutLine: {'line': b'-- Up-to-date: /home/amigo-pi/amigo_ros2_pi/install/ublox_msgs/include/ublox_msgs/ublox_msgs/msg/detail/cfg_inf__rosidl_typesupport_introspection_cpp.hpp\n'}
[16.210461] (ublox_msgs) StdoutLine: {'line': b'-- Up-to-date: /home/amigo-pi/amigo_ros2_pi/install/ublox_msgs/include/ublox_msgs/ublox_msgs/msg/detail/cfg_navx5__rosidl_typesupport_introspection_cpp.hpp\n'}
[16.211760] (ublox_msgs) StdoutLine: {'line': b'-- Up-to-date: /home/amigo-pi/amigo_ros2_pi/install/ublox_msgs/include/ublox_msgs/ublox_msgs/msg/detail/nav_posllh__type_support.cpp\n'}
[16.213049] (ublox_msgs) StdoutLine: {'line': b'-- Up-to-date: /home/amigo-pi/amigo_ros2_pi/install/ublox_msgs/include/ublox_msgs/ublox_msgs/msg/detail/cfg_dgnss__rosidl_typesupport_introspection_cpp.hpp\n'}
[16.214130] (ublox_msgs) StdoutLine: {'line': b'-- Up-to-date: /home/amigo-pi/amigo_ros2_pi/install/ublox_msgs/include/ublox_msgs/ublox_msgs/msg/detail/cfg_nav5__rosidl_typesupport_introspection_cpp.hpp\n'}
[16.214931] (ublox_msgs) StdoutLine: {'line': b'-- Up-to-date: /home/amigo-pi/amigo_ros2_pi/install/ublox_msgs/include/ublox_msgs/ublox_msgs/msg/detail/cfg_inf_block__type_support.cpp\n'}
[16.216049] (ublox_msgs) StdoutLine: {'line': b'-- Up-to-date: /home/amigo-pi/amigo_ros2_pi/install/ublox_msgs/include/ublox_msgs/ublox_msgs/msg/detail/aid_hui__rosidl_typesupport_introspection_cpp.hpp\n'}
[16.217323] (ublox_msgs) StdoutLine: {'line': b'-- Up-to-date: /home/amigo-pi/amigo_ros2_pi/install/ublox_msgs/include/ublox_msgs/ublox_msgs/msg/detail/nav_svin__type_support.cpp\n'}
[16.218990] (ublox_msgs) StdoutLine: {'line': b'-- Up-to-date: /home/amigo-pi/amigo_ros2_pi/install/ublox_msgs/include/ublox_msgs/ublox_msgs/msg/detail/nav_sbas__rosidl_typesupport_introspection_cpp.hpp\n'}
[16.220690] (ublox_msgs) StdoutLine: {'line': b'-- Up-to-date: /home/amigo-pi/amigo_ros2_pi/install/ublox_msgs/include/ublox_msgs/ublox_msgs/msg/detail/nav_sat__type_support.cpp\n'}
[16.223201] (ublox_msgs) StdoutLine: {'line': b'-- Up-to-date: /home/amigo-pi/amigo_ros2_pi/install/ublox_msgs/include/ublox_msgs/ublox_msgs/msg/detail/cfg_gnss_block__rosidl_typesupport_introspection_cpp.hpp\n'}
[16.224301] (ublox_msgs) StdoutLine: {'line': b'-- Up-to-date: /home/amigo-pi/amigo_ros2_pi/install/ublox_msgs/include/ublox_msgs/ublox_msgs/msg/detail/rxm_sfrb__type_support.cpp\n'}
[16.227941] (ublox_msgs) StdoutLine: {'line': b'-- Up-to-date: /home/amigo-pi/amigo_ros2_pi/install/ublox_msgs/include/ublox_msgs/ublox_msgs/msg/detail/ack__type_support.cpp\n'}
[16.229383] (ublox_msgs) StdoutLine: {'line': b'-- Up-to-date: /home/amigo-pi/amigo_ros2_pi/install/ublox_msgs/include/ublox_msgs/ublox_msgs/msg/detail/mon_gnss__rosidl_typesupport_introspection_cpp.hpp\n'}
[16.231406] (ublox_msgs) StdoutLine: {'line': b'-- Up-to-date: /home/amigo-pi/amigo_ros2_pi/install/ublox_msgs/include/ublox_msgs/ublox_msgs/msg/detail/cfg_gnss_block__type_support.cpp\n'}
[16.232921] (ublox_msgs) StdoutLine: {'line': b'-- Up-to-date: /home/amigo-pi/amigo_ros2_pi/install/ublox_msgs/include/ublox_msgs/ublox_msgs/msg/detail/cfg_rst__type_support.cpp\n'}
[16.234079] (ublox_msgs) StdoutLine: {'line': b'-- Up-to-date: /home/amigo-pi/amigo_ros2_pi/install/ublox_msgs/include/ublox_msgs/ublox_msgs/msg/detail/cfg_sbas__rosidl_typesupport_introspection_cpp.hpp\n'}
[16.236356] (ublox_msgs) StdoutLine: {'line': b'-- Up-to-date: /home/amigo-pi/amigo_ros2_pi/install/ublox_msgs/include/ublox_msgs/ublox_msgs/msg/detail/upd_sos__type_support.cpp\n'}
[16.239183] (ublox_msgs) StdoutLine: {'line': b'-- Up-to-date: /home/amigo-pi/amigo_ros2_pi/install/ublox_msgs/include/ublox_msgs/ublox_msgs/msg/detail/rxm_rawx__type_support.cpp\n'}
[16.240307] (ublox_msgs) StdoutLine: {'line': b'-- Up-to-date: /home/amigo-pi/amigo_ros2_pi/install/ublox_msgs/include/ublox_msgs/ublox_msgs/msg/detail/mon_hw__type_support.cpp\n'}
[16.241346] (ublox_msgs) StdoutLine: {'line': b'-- Up-to-date: /home/amigo-pi/amigo_ros2_pi/install/ublox_msgs/include/ublox_msgs/ublox_msgs/msg/detail/nav_sbassv__rosidl_typesupport_introspection_cpp.hpp\n'}
[16.242016] (ublox_msgs) StdoutLine: {'line': b'-- Up-to-date: /home/amigo-pi/amigo_ros2_pi/install/ublox_msgs/include/ublox_msgs/ublox_msgs/msg/detail/rxm_rawsv__rosidl_typesupport_introspection_cpp.hpp\n'}
[16.242751] (ublox_msgs) StdoutLine: {'line': b'-- Up-to-date: /home/amigo-pi/amigo_ros2_pi/install/ublox_msgs/include/ublox_msgs/ublox_msgs/msg/detail/upd_sos_ack__rosidl_typesupport_introspection_cpp.hpp\n'}
[16.243754] (ublox_msgs) StdoutLine: {'line': b'-- Up-to-date: /home/amigo-pi/amigo_ros2_pi/install/ublox_msgs/include/ublox_msgs/ublox_msgs/msg/detail/mga_gal__type_support.cpp\n'}
[16.244414] (ublox_msgs) StdoutLine: {'line': b'-- Up-to-date: /home/amigo-pi/amigo_ros2_pi/install/ublox_msgs/include/ublox_msgs/ublox_msgs/msg/detail/cfg_cfg__rosidl_typesupport_introspection_cpp.hpp\n'}
[16.245834] (ublox_msgs) StdoutLine: {'line': b'-- Up-to-date: /home/amigo-pi/amigo_ros2_pi/install/ublox_msgs/include/ublox_msgs/ublox_msgs/msg/detail/esf_meas__type_support.cpp\n'}
[16.247392] (ublox_msgs) StdoutLine: {'line': b'-- Up-to-date: /home/amigo-pi/amigo_ros2_pi/install/ublox_msgs/include/ublox_msgs/ublox_msgs/msg/detail/nav_pvt__rosidl_typesupport_introspection_cpp.hpp\n'}
[16.248826] (ublox_msgs) StdoutLine: {'line': b'-- Up-to-date: /home/amigo-pi/amigo_ros2_pi/install/ublox_msgs/include/ublox_msgs/ublox_msgs/msg/detail/mon_hw6__rosidl_typesupport_introspection_cpp.hpp\n'}
[16.251235] (ublox_msgs) StdoutLine: {'line': b'-- Up-to-date: /home/amigo-pi/amigo_ros2_pi/install/ublox_msgs/include/ublox_msgs/ublox_msgs/msg/detail/cfg_inf_block__rosidl_typesupport_introspection_cpp.hpp\n'}
[16.253322] (ublox_msgs) StdoutLine: {'line': b'-- Up-to-date: /home/amigo-pi/amigo_ros2_pi/install/ublox_msgs/include/ublox_msgs/ublox_msgs/msg/detail/ack__rosidl_typesupport_introspection_cpp.hpp\n'}
[16.254756] (ublox_msgs) StdoutLine: {'line': b'-- Up-to-date: /home/amigo-pi/amigo_ros2_pi/install/ublox_msgs/include/ublox_msgs/ublox_msgs/msg/detail/nav_posllh__rosidl_typesupport_introspection_cpp.hpp\n'}
[16.256064] (ublox_msgs) StdoutLine: {'line': b'-- Up-to-date: /home/amigo-pi/amigo_ros2_pi/install/ublox_msgs/include/ublox_msgs/ublox_msgs/msg/detail/nav_pvt7__type_support.cpp\n'}
[16.256797] (ublox_msgs) StdoutLine: {'line': b'-- Up-to-date: /home/amigo-pi/amigo_ros2_pi/install/ublox_msgs/include/ublox_msgs/ublox_msgs/msg/detail/aid_alm__type_support.cpp\n'}
[16.258679] (ublox_msgs) StdoutLine: {'line': b'-- Up-to-date: /home/amigo-pi/amigo_ros2_pi/install/ublox_msgs/include/ublox_msgs/ublox_msgs/msg/detail/inf__rosidl_typesupport_introspection_cpp.hpp\n'}
[16.260430] (ublox_msgs) StdoutLine: {'line': b'-- Up-to-date: /home/amigo-pi/amigo_ros2_pi/install/ublox_msgs/include/ublox_msgs/ublox_msgs/msg/detail/nav_svinfo__type_support.cpp\n'}
[16.261548] (ublox_msgs) StdoutLine: {'line': b'-- Up-to-date: /home/amigo-pi/amigo_ros2_pi/install/ublox_msgs/include/ublox_msgs/ublox_msgs/msg/detail/mga_gal__rosidl_typesupport_introspection_cpp.hpp\n'}
[16.264476] (ublox_msgs) StdoutLine: {'line': b'-- Up-to-date: /home/amigo-pi/amigo_ros2_pi/install/ublox_msgs/include/ublox_msgs/ublox_msgs/msg/detail/nav_posecef__rosidl_typesupport_introspection_cpp.hpp\n'}
[16.267379] (ublox_msgs) StdoutLine: {'line': b'-- Up-to-date: /home/amigo-pi/amigo_ros2_pi/install/ublox_msgs/include/ublox_msgs/ublox_msgs/msg/detail/rxm_rawsv__type_support.cpp\n'}
[16.272760] (ublox_msgs) StdoutLine: {'line': b'-- Up-to-date: /home/amigo-pi/amigo_ros2_pi/install/ublox_msgs/include/ublox_msgs/ublox_msgs/msg/detail/rxm_alm__rosidl_typesupport_introspection_cpp.hpp\n'}
[16.277500] (-) TimerEvent: {}
[16.280491] (ublox_msgs) StdoutLine: {'line': b'-- Up-to-date: /home/amigo-pi/amigo_ros2_pi/install/ublox_msgs/include/ublox_msgs/ublox_msgs/msg/detail/cfg_tmode3__rosidl_typesupport_introspection_cpp.hpp\n'}
[16.282606] (ublox_msgs) StdoutLine: {'line': b'-- Up-to-date: /home/amigo-pi/amigo_ros2_pi/install/ublox_msgs/include/ublox_msgs/ublox_msgs/msg/detail/nav_svin__rosidl_typesupport_introspection_cpp.hpp\n'}
[16.283339] (ublox_msgs) StdoutLine: {'line': b'-- Up-to-date: /home/amigo-pi/amigo_ros2_pi/install/ublox_msgs/include/ublox_msgs/ublox_msgs/msg/detail/nav_att__rosidl_typesupport_introspection_cpp.hpp\n'}
[16.283798] (ublox_msgs) StdoutLine: {'line': b'-- Up-to-date: /home/amigo-pi/amigo_ros2_pi/install/ublox_msgs/include/ublox_msgs/ublox_msgs/msg/detail/rxm_sfrbx__type_support.cpp\n'}
[16.284484] (ublox_msgs) StdoutLine: {'line': b'-- Up-to-date: /home/amigo-pi/amigo_ros2_pi/install/ublox_msgs/include/ublox_msgs/ublox_msgs/msg/detail/nav_clock__rosidl_typesupport_introspection_cpp.hpp\n'}
[16.288601] (ublox_msgs) StdoutLine: {'line': b'-- Up-to-date: /home/amigo-pi/amigo_ros2_pi/install/ublox_msgs/include/ublox_msgs/ublox_msgs/msg/detail/cfg_prt__rosidl_typesupport_introspection_cpp.hpp\n'}
[16.291273] (ublox_msgs) StdoutLine: {'line': b'-- Up-to-date: /home/amigo-pi/amigo_ros2_pi/install/ublox_msgs/include/ublox_msgs/ublox_msgs/msg/detail/rxm_svsisv__type_support.cpp\n'}
[16.295190] (ublox_msgs) StdoutLine: {'line': b'-- Up-to-date: /home/amigo-pi/amigo_ros2_pi/install/ublox_msgs/include/ublox_msgs/ublox_msgs/msg/detail/cfg_rst__rosidl_typesupport_introspection_cpp.hpp\n'}
[16.297068] (ublox_msgs) StdoutLine: {'line': b'-- Up-to-date: /home/amigo-pi/amigo_ros2_pi/install/ublox_msgs/include/ublox_msgs/ublox_msgs/msg/detail/nav_relposned__type_support.cpp\n'}
[16.301843] (ublox_msgs) StdoutLine: {'line': b'-- Up-to-date: /home/amigo-pi/amigo_ros2_pi/install/ublox_msgs/include/ublox_msgs/ublox_msgs/msg/detail/nav_status__rosidl_typesupport_introspection_cpp.hpp\n'}
[16.303838] (ublox_msgs) StdoutLine: {'line': b'-- Up-to-date: /home/amigo-pi/amigo_ros2_pi/install/ublox_msgs/include/ublox_msgs/ublox_msgs/msg/detail/hnr_pvt__rosidl_typesupport_introspection_cpp.hpp\n'}
[16.322203] (ublox_msgs) StdoutLine: {'line': b'-- Up-to-date: /home/amigo-pi/amigo_ros2_pi/install/ublox_msgs/include/ublox_msgs/ublox_msgs/msg/detail/rxm_svsi__type_support.cpp\n'}
[16.323744] (ublox_msgs) StdoutLine: {'line': b'-- Up-to-date: /home/amigo-pi/amigo_ros2_pi/install/ublox_msgs/include/ublox_msgs/ublox_msgs/msg/detail/rxm_rtcm__type_support.cpp\n'}
[16.324275] (ublox_msgs) StdoutLine: {'line': b'-- Up-to-date: /home/amigo-pi/amigo_ros2_pi/install/ublox_msgs/include/ublox_msgs/ublox_msgs/msg/detail/hnr_pvt__type_support.cpp\n'}
[16.325354] (ublox_msgs) StdoutLine: {'line': b'-- Up-to-date: /home/amigo-pi/amigo_ros2_pi/install/ublox_msgs/include/ublox_msgs/ublox_msgs/msg/detail/cfg_ant__rosidl_typesupport_introspection_cpp.hpp\n'}
[16.330258] (ublox_msgs) StdoutLine: {'line': b'-- Up-to-date: /home/amigo-pi/amigo_ros2_pi/install/ublox_msgs/include/ublox_msgs/ublox_msgs/msg/detail/nav_sol__rosidl_typesupport_introspection_cpp.hpp\n'}
[16.337183] (ublox_msgs) StdoutLine: {'line': b'-- Up-to-date: /home/amigo-pi/amigo_ros2_pi/install/ublox_msgs/include/ublox_msgs/ublox_msgs/msg/detail/cfg_dat__rosidl_typesupport_introspection_cpp.hpp\n'}
[16.339970] (ublox_msgs) StdoutLine: {'line': b'-- Up-to-date: /home/amigo-pi/amigo_ros2_pi/install/ublox_msgs/include/ublox_msgs/ublox_msgs/msg/detail/cfg_nmea6__type_support.cpp\n'}
[16.340923] (ublox_msgs) StdoutLine: {'line': b'-- Up-to-date: /home/amigo-pi/amigo_ros2_pi/install/ublox_msgs/include/ublox_msgs/ublox_msgs/msg/detail/cfg_gnss__rosidl_typesupport_introspection_cpp.hpp\n'}
[16.341823] (ublox_msgs) StdoutLine: {'line': b'-- Up-to-date: /home/amigo-pi/amigo_ros2_pi/install/ublox_msgs/include/ublox_msgs/ublox_msgs/msg/detail/cfg_prt__type_support.cpp\n'}
[16.345584] (ublox_msgs) StdoutLine: {'line': b'-- Up-to-date: /home/amigo-pi/amigo_ros2_pi/install/ublox_msgs/lib/libublox_msgs__rosidl_typesupport_introspection_cpp.so\n'}
[16.350832] (ublox_msgs) StdoutLine: {'line': b'-- Up-to-date: /home/amigo-pi/amigo_ros2_pi/install/ublox_msgs/lib/libublox_msgs__rosidl_typesupport_cpp.so\n'}
[16.353561] (ublox_msgs) StdoutLine: {'line': b'-- Up-to-date: /home/amigo-pi/amigo_ros2_pi/install/ublox_msgs/share/ublox_msgs/environment/pythonpath.sh\n'}
[16.355243] (ublox_msgs) StdoutLine: {'line': b'-- Up-to-date: /home/amigo-pi/amigo_ros2_pi/install/ublox_msgs/share/ublox_msgs/environment/pythonpath.dsv\n'}
[16.356135] (ublox_msgs) StdoutLine: {'line': b'-- Up-to-date: /home/amigo-pi/amigo_ros2_pi/install/ublox_msgs/local/lib/python3.10/dist-packages/ublox_msgs-2.2.0-py3.10.egg-info\n'}
[16.357128] (ublox_msgs) StdoutLine: {'line': b'-- Installing: /home/amigo-pi/amigo_ros2_pi/install/ublox_msgs/local/lib/python3.10/dist-packages/ublox_msgs-2.2.0-py3.10.egg-info/PKG-INFO\n'}
[16.358152] (ublox_msgs) StdoutLine: {'line': b'-- Installing: /home/amigo-pi/amigo_ros2_pi/install/ublox_msgs/local/lib/python3.10/dist-packages/ublox_msgs-2.2.0-py3.10.egg-info/top_level.txt\n'}
[16.367601] (ublox_msgs) StdoutLine: {'line': b'-- Installing: /home/amigo-pi/amigo_ros2_pi/install/ublox_msgs/local/lib/python3.10/dist-packages/ublox_msgs-2.2.0-py3.10.egg-info/dependency_links.txt\n'}
[16.369491] (ublox_msgs) StdoutLine: {'line': b'-- Installing: /home/amigo-pi/amigo_ros2_pi/install/ublox_msgs/local/lib/python3.10/dist-packages/ublox_msgs-2.2.0-py3.10.egg-info/SOURCES.txt\n'}
[16.371852] (ublox_msgs) StdoutLine: {'line': b'-- Up-to-date: /home/amigo-pi/amigo_ros2_pi/install/ublox_msgs/local/lib/python3.10/dist-packages/ublox_msgs\n'}
[16.372931] (ublox_msgs) StdoutLine: {'line': b'-- Up-to-date: /home/amigo-pi/amigo_ros2_pi/install/ublox_msgs/local/lib/python3.10/dist-packages/ublox_msgs/_ublox_msgs_s.ep.rosidl_typesupport_introspection_c.c\n'}
[16.376467] (ublox_msgs) StdoutLine: {'line': b'-- Up-to-date: /home/amigo-pi/amigo_ros2_pi/install/ublox_msgs/local/lib/python3.10/dist-packages/ublox_msgs/msg\n'}
[16.379001] (-) TimerEvent: {}
[16.384133] (ublox_msgs) StdoutLine: {'line': b'-- Up-to-date: /home/amigo-pi/amigo_ros2_pi/install/ublox_msgs/local/lib/python3.10/dist-packages/ublox_msgs/msg/_cfg_msg_s.c\n'}
[16.387283] (ublox_msgs) StdoutLine: {'line': b'-- Up-to-date: /home/amigo-pi/amigo_ros2_pi/install/ublox_msgs/local/lib/python3.10/dist-packages/ublox_msgs/msg/_cfg_inf.py\n'}
[16.389291] (ublox_msgs) StdoutLine: {'line': b'-- Up-to-date: /home/amigo-pi/amigo_ros2_pi/install/ublox_msgs/local/lib/python3.10/dist-packages/ublox_msgs/msg/_cfg_gnss.py\n'}
[16.390035] (ublox_msgs) StdoutLine: {'line': b'-- Up-to-date: /home/amigo-pi/amigo_ros2_pi/install/ublox_msgs/local/lib/python3.10/dist-packages/ublox_msgs/msg/_cfg_tmode3.py\n'}
[16.390648] (ublox_msgs) StdoutLine: {'line': b'-- Up-to-date: /home/amigo-pi/amigo_ros2_pi/install/ublox_msgs/local/lib/python3.10/dist-packages/ublox_msgs/msg/_rxm_alm_s.c\n'}
[16.391001] (ublox_msgs) StdoutLine: {'line': b'-- Up-to-date: /home/amigo-pi/amigo_ros2_pi/install/ublox_msgs/local/lib/python3.10/dist-packages/ublox_msgs/msg/_cfg_rst.py\n'}
[16.391443] (ublox_msgs) StdoutLine: {'line': b'-- Up-to-date: /home/amigo-pi/amigo_ros2_pi/install/ublox_msgs/local/lib/python3.10/dist-packages/ublox_msgs/msg/_rxm_rawsv.py\n'}
[16.394698] (ublox_msgs) StdoutLine: {'line': b'-- Up-to-date: /home/amigo-pi/amigo_ros2_pi/install/ublox_msgs/local/lib/python3.10/dist-packages/ublox_msgs/msg/_nav_clock.py\n'}
[16.397428] (ublox_msgs) StdoutLine: {'line': b'-- Up-to-date: /home/amigo-pi/amigo_ros2_pi/install/ublox_msgs/local/lib/python3.10/dist-packages/ublox_msgs/msg/_rxm_rawx_meas_s.c\n'}
[16.400000] (ublox_msgs) StdoutLine: {'line': b'-- Up-to-date: /home/amigo-pi/amigo_ros2_pi/install/ublox_msgs/local/lib/python3.10/dist-packages/ublox_msgs/msg/_mga_gal_s.c\n'}
[16.402929] (ublox_msgs) StdoutLine: {'line': b'-- Up-to-date: /home/amigo-pi/amigo_ros2_pi/install/ublox_msgs/local/lib/python3.10/dist-packages/ublox_msgs/msg/_nav_relposned9.py\n'}
[16.403941] (ublox_msgs) StdoutLine: {'line': b'-- Up-to-date: /home/amigo-pi/amigo_ros2_pi/install/ublox_msgs/local/lib/python3.10/dist-packages/ublox_msgs/msg/_cfg_prt.py\n'}
[16.405456] (ublox_msgs) StdoutLine: {'line': b'-- Up-to-date: /home/amigo-pi/amigo_ros2_pi/install/ublox_msgs/local/lib/python3.10/dist-packages/ublox_msgs/msg/_esf_status.py\n'}
[16.406582] (ublox_msgs) StdoutLine: {'line': b'-- Up-to-date: /home/amigo-pi/amigo_ros2_pi/install/ublox_msgs/local/lib/python3.10/dist-packages/ublox_msgs/msg/_nav_dop_s.c\n'}
[16.417511] (ublox_msgs) StdoutLine: {'line': b'-- Up-to-date: /home/amigo-pi/amigo_ros2_pi/install/ublox_msgs/local/lib/python3.10/dist-packages/ublox_msgs/msg/_cfg_gnss_block.py\n'}
[16.420886] (ublox_msgs) StdoutLine: {'line': b'-- Up-to-date: /home/amigo-pi/amigo_ros2_pi/install/ublox_msgs/local/lib/python3.10/dist-packages/ublox_msgs/msg/_rxm_rawx_s.c\n'}
[16.422222] (ublox_msgs) StdoutLine: {'line': b'-- Up-to-date: /home/amigo-pi/amigo_ros2_pi/install/ublox_msgs/local/lib/python3.10/dist-packages/ublox_msgs/msg/_rxm_rtcm_s.c\n'}
[16.424061] (ublox_msgs) StdoutLine: {'line': b'-- Up-to-date: /home/amigo-pi/amigo_ros2_pi/install/ublox_msgs/local/lib/python3.10/dist-packages/ublox_msgs/msg/_rxm_sfrb_s.c\n'}
[16.427284] (ublox_msgs) StdoutLine: {'line': b'-- Up-to-date: /home/amigo-pi/amigo_ros2_pi/install/ublox_msgs/local/lib/python3.10/dist-packages/ublox_msgs/msg/_cfg_cfg.py\n'}
[16.429957] (ublox_msgs) StdoutLine: {'line': b'-- Up-to-date: /home/amigo-pi/amigo_ros2_pi/install/ublox_msgs/local/lib/python3.10/dist-packages/ublox_msgs/msg/_nav_att_s.c\n'}
[16.430741] (ublox_msgs) StdoutLine: {'line': b'-- Up-to-date: /home/amigo-pi/amigo_ros2_pi/install/ublox_msgs/local/lib/python3.10/dist-packages/ublox_msgs/msg/_cfg_inf_block.py\n'}
[16.431542] (ublox_msgs) StdoutLine: {'line': b'-- Up-to-date: /home/amigo-pi/amigo_ros2_pi/install/ublox_msgs/local/lib/python3.10/dist-packages/ublox_msgs/msg/_cfg_nmea_s.c\n'}
[16.432100] (ublox_msgs) StdoutLine: {'line': b'-- Up-to-date: /home/amigo-pi/amigo_ros2_pi/install/ublox_msgs/local/lib/python3.10/dist-packages/ublox_msgs/msg/_cfg_inf_block_s.c\n'}
[16.433130] (ublox_msgs) StdoutLine: {'line': b'-- Up-to-date: /home/amigo-pi/amigo_ros2_pi/install/ublox_msgs/local/lib/python3.10/dist-packages/ublox_msgs/msg/_cfg_rate.py\n'}
[16.433843] (ublox_msgs) StdoutLine: {'line': b'-- Up-to-date: /home/amigo-pi/amigo_ros2_pi/install/ublox_msgs/local/lib/python3.10/dist-packages/ublox_msgs/msg/_nav_sbassv_s.c\n'}
[16.434394] (ublox_msgs) StdoutLine: {'line': b'-- Up-to-date: /home/amigo-pi/amigo_ros2_pi/install/ublox_msgs/local/lib/python3.10/dist-packages/ublox_msgs/msg/_rxm_raw_s.c\n'}
[16.435337] (ublox_msgs) StdoutLine: {'line': b'-- Up-to-date: /home/amigo-pi/amigo_ros2_pi/install/ublox_msgs/local/lib/python3.10/dist-packages/ublox_msgs/msg/_cfg_rate_s.c\n'}
[16.436611] (ublox_msgs) StdoutLine: {'line': b'-- Up-to-date: /home/amigo-pi/amigo_ros2_pi/install/ublox_msgs/local/lib/python3.10/dist-packages/ublox_msgs/msg/_cfg_ant.py\n'}
[16.439885] (ublox_msgs) StdoutLine: {'line': b'-- Up-to-date: /home/amigo-pi/amigo_ros2_pi/install/ublox_msgs/local/lib/python3.10/dist-packages/ublox_msgs/msg/_nav_pvt.py\n'}
[16.441150] (ublox_msgs) StdoutLine: {'line': b'-- Up-to-date: /home/amigo-pi/amigo_ros2_pi/install/ublox_msgs/local/lib/python3.10/dist-packages/ublox_msgs/msg/_mon_gnss.py\n'}
[16.442563] (ublox_msgs) StdoutLine: {'line': b'-- Up-to-date: /home/amigo-pi/amigo_ros2_pi/install/ublox_msgs/local/lib/python3.10/dist-packages/ublox_msgs/msg/_nav_velned.py\n'}
[16.444410] (ublox_msgs) StdoutLine: {'line': b'-- Up-to-date: /home/amigo-pi/amigo_ros2_pi/install/ublox_msgs/local/lib/python3.10/dist-packages/ublox_msgs/msg/_mon_hw6_s.c\n'}
[16.447037] (sensor_integration) StdoutLine: {'line': b"writing list of installed files to '/home/amigo-pi/amigo_ros2_pi/build/sensor_integration/install.log'\n"}
[16.450989] (ublox_msgs) StdoutLine: {'line': b'-- Up-to-date: /home/amigo-pi/amigo_ros2_pi/install/ublox_msgs/local/lib/python3.10/dist-packages/ublox_msgs/msg/_esf_raw_block.py\n'}
[16.452433] (ublox_msgs) StdoutLine: {'line': b'-- Up-to-date: /home/amigo-pi/amigo_ros2_pi/install/ublox_msgs/local/lib/python3.10/dist-packages/ublox_msgs/msg/_nav_sbas.py\n'}
[16.453164] (ublox_msgs) StdoutLine: {'line': b'-- Up-to-date: /home/amigo-pi/amigo_ros2_pi/install/ublox_msgs/local/lib/python3.10/dist-packages/ublox_msgs/msg/_rxm_svsi_s.c\n'}
[16.453703] (ublox_msgs) StdoutLine: {'line': b'-- Up-to-date: /home/amigo-pi/amigo_ros2_pi/install/ublox_msgs/local/lib/python3.10/dist-packages/ublox_msgs/msg/_nav_dgpssv_s.c\n'}
[16.454056] (ublox_msgs) StdoutLine: {'line': b'-- Up-to-date: /home/amigo-pi/amigo_ros2_pi/install/ublox_msgs/local/lib/python3.10/dist-packages/ublox_msgs/msg/_upd_sos_ack_s.c\n'}
[16.454402] (ublox_msgs) StdoutLine: {'line': b'-- Up-to-date: /home/amigo-pi/amigo_ros2_pi/install/ublox_msgs/local/lib/python3.10/dist-packages/ublox_msgs/msg/_ack.py\n'}
[16.454844] (ublox_msgs) StdoutLine: {'line': b'-- Up-to-date: /home/amigo-pi/amigo_ros2_pi/install/ublox_msgs/local/lib/python3.10/dist-packages/ublox_msgs/msg/_nav_satsv_s.c\n'}
[16.455376] (ublox_msgs) StdoutLine: {'line': b'-- Up-to-date: /home/amigo-pi/amigo_ros2_pi/install/ublox_msgs/local/lib/python3.10/dist-packages/ublox_msgs/msg/_nav_clock_s.c\n'}
[16.455945] (ublox_msgs) StdoutLine: {'line': b'-- Up-to-date: /home/amigo-pi/amigo_ros2_pi/install/ublox_msgs/local/lib/python3.10/dist-packages/ublox_msgs/msg/_nav_pvt7_s.c\n'}
[16.456930] (ublox_msgs) StdoutLine: {'line': b'-- Up-to-date: /home/amigo-pi/amigo_ros2_pi/install/ublox_msgs/local/lib/python3.10/dist-packages/ublox_msgs/msg/_nav_relposned.py\n'}
[16.457677] (ublox_msgs) StdoutLine: {'line': b'-- Up-to-date: /home/amigo-pi/amigo_ros2_pi/install/ublox_msgs/local/lib/python3.10/dist-packages/ublox_msgs/msg/_mon_ver_extension.py\n'}
[16.458334] (ublox_msgs) StdoutLine: {'line': b'-- Up-to-date: /home/amigo-pi/amigo_ros2_pi/install/ublox_msgs/local/lib/python3.10/dist-packages/ublox_msgs/msg/_rxm_sfrb.py\n'}
[16.458863] (ublox_msgs) StdoutLine: {'line': b'-- Up-to-date: /home/amigo-pi/amigo_ros2_pi/install/ublox_msgs/local/lib/python3.10/dist-packages/ublox_msgs/msg/_rxm_sfrbx.py\n'}
[16.459345] (ublox_msgs) StdoutLine: {'line': b'-- Up-to-date: /home/amigo-pi/amigo_ros2_pi/install/ublox_msgs/local/lib/python3.10/dist-packages/ublox_msgs/msg/_tim_tm2.py\n'}
[16.459667] (ublox_msgs) StdoutLine: {'line': b'-- Up-to-date: /home/amigo-pi/amigo_ros2_pi/install/ublox_msgs/local/lib/python3.10/dist-packages/ublox_msgs/msg/_cfg_inf_s.c\n'}
[16.460006] (ublox_msgs) StdoutLine: {'line': b'-- Up-to-date: /home/amigo-pi/amigo_ros2_pi/install/ublox_msgs/local/lib/python3.10/dist-packages/ublox_msgs/msg/_nav_svin_s.c\n'}
[16.460332] (ublox_msgs) StdoutLine: {'line': b'-- Up-to-date: /home/amigo-pi/amigo_ros2_pi/install/ublox_msgs/local/lib/python3.10/dist-packages/ublox_msgs/msg/_rxm_svsisv_s.c\n'}
[16.460780] (ublox_msgs) StdoutLine: {'line': b'-- Up-to-date: /home/amigo-pi/amigo_ros2_pi/install/ublox_msgs/local/lib/python3.10/dist-packages/ublox_msgs/msg/_nav_timegps.py\n'}
[16.461718] (ublox_msgs) StdoutLine: {'line': b'-- Up-to-date: /home/amigo-pi/amigo_ros2_pi/install/ublox_msgs/local/lib/python3.10/dist-packages/ublox_msgs/msg/_cfg_hnr.py\n'}
[16.462921] (ublox_msgs) StdoutLine: {'line': b'-- Up-to-date: /home/amigo-pi/amigo_ros2_pi/install/ublox_msgs/local/lib/python3.10/dist-packages/ublox_msgs/msg/_cfg_nmea7.py\n'}
[16.464349] (ublox_msgs) StdoutLine: {'line': b'-- Up-to-date: /home/amigo-pi/amigo_ros2_pi/install/ublox_msgs/local/lib/python3.10/dist-packages/ublox_msgs/msg/_aid_eph_s.c\n'}
[16.466499] (ublox_msgs) StdoutLine: {'line': b'-- Up-to-date: /home/amigo-pi/amigo_ros2_pi/install/ublox_msgs/local/lib/python3.10/dist-packages/ublox_msgs/msg/_cfg_usb.py\n'}
[16.467734] (ublox_msgs) StdoutLine: {'line': b'-- Up-to-date: /home/amigo-pi/amigo_ros2_pi/install/ublox_msgs/local/lib/python3.10/dist-packages/ublox_msgs/msg/_rxm_sfrbx_s.c\n'}
[16.468520] (ublox_msgs) StdoutLine: {'line': b'-- Up-to-date: /home/amigo-pi/amigo_ros2_pi/install/ublox_msgs/local/lib/python3.10/dist-packages/ublox_msgs/msg/_nav_pvt_s.c\n'}
[16.470439] (ublox_msgs) StdoutLine: {'line': b'-- Up-to-date: /home/amigo-pi/amigo_ros2_pi/install/ublox_msgs/local/lib/python3.10/dist-packages/ublox_msgs/msg/_nav_svinfo_s.c\n'}
[16.471708] (ublox_msgs) StdoutLine: {'line': b'-- Up-to-date: /home/amigo-pi/amigo_ros2_pi/install/ublox_msgs/local/lib/python3.10/dist-packages/ublox_msgs/msg/_esf_raw_s.c\n'}
[16.472714] (ublox_msgs) StdoutLine: {'line': b'-- Up-to-date: /home/amigo-pi/amigo_ros2_pi/install/ublox_msgs/local/lib/python3.10/dist-packages/ublox_msgs/msg/_upd_sos.py\n'}
[16.474094] (ublox_msgs) StdoutLine: {'line': b'-- Up-to-date: /home/amigo-pi/amigo_ros2_pi/install/ublox_msgs/local/lib/python3.10/dist-packages/ublox_msgs/msg/_esf_status_sens.py\n'}
[16.475054] (ublox_msgs) StdoutLine: {'line': b'-- Up-to-date: /home/amigo-pi/amigo_ros2_pi/install/ublox_msgs/local/lib/python3.10/dist-packages/ublox_msgs/msg/_hnr_pvt.py\n'}
[16.475751] (ublox_msgs) StdoutLine: {'line': b'-- Up-to-date: /home/amigo-pi/amigo_ros2_pi/install/ublox_msgs/local/lib/python3.10/dist-packages/ublox_msgs/msg/_cfg_cfg_s.c\n'}
[16.477120] (ublox_msgs) StdoutLine: {'line': b'-- Up-to-date: /home/amigo-pi/amigo_ros2_pi/install/ublox_msgs/local/lib/python3.10/dist-packages/ublox_msgs/msg/_nav_dop.py\n'}
[16.478723] (ublox_msgs) StdoutLine: {'line': b'-- Up-to-date: /home/amigo-pi/amigo_ros2_pi/install/ublox_msgs/local/lib/python3.10/dist-packages/ublox_msgs/msg/_esf_raw.py\n'}
[16.479700] (-) TimerEvent: {}
[16.480775] (ublox_msgs) StdoutLine: {'line': b'-- Up-to-date: /home/amigo-pi/amigo_ros2_pi/install/ublox_msgs/local/lib/python3.10/dist-packages/ublox_msgs/msg/_cfg_prt_s.c\n'}
[16.481839] (ublox_msgs) StdoutLine: {'line': b'-- Up-to-date: /home/amigo-pi/amigo_ros2_pi/install/ublox_msgs/local/lib/python3.10/dist-packages/ublox_msgs/msg/_nav_status_s.c\n'}
[16.482427] (ublox_msgs) StdoutLine: {'line': b'-- Up-to-date: /home/amigo-pi/amigo_ros2_pi/install/ublox_msgs/local/lib/python3.10/dist-packages/ublox_msgs/msg/_rxm_svsi.py\n'}
[16.482888] (ublox_msgs) StdoutLine: {'line': b'-- Up-to-date: /home/amigo-pi/amigo_ros2_pi/install/ublox_msgs/local/lib/python3.10/dist-packages/ublox_msgs/msg/__init__.py\n'}
[16.483419] (ublox_msgs) StdoutLine: {'line': b'-- Up-to-date: /home/amigo-pi/amigo_ros2_pi/install/ublox_msgs/local/lib/python3.10/dist-packages/ublox_msgs/msg/_cfg_nmea.py\n'}
[16.483896] (ublox_msgs) StdoutLine: {'line': b'-- Up-to-date: /home/amigo-pi/amigo_ros2_pi/install/ublox_msgs/local/lib/python3.10/dist-packages/ublox_msgs/msg/_aid_eph.py\n'}
[16.484211] (ublox_msgs) StdoutLine: {'line': b'-- Up-to-date: /home/amigo-pi/amigo_ros2_pi/install/ublox_msgs/local/lib/python3.10/dist-packages/ublox_msgs/msg/_cfg_ant_s.c\n'}
[16.484563] (ublox_msgs) StdoutLine: {'line': b'-- Up-to-date: /home/amigo-pi/amigo_ros2_pi/install/ublox_msgs/local/lib/python3.10/dist-packages/ublox_msgs/msg/_nav_posllh_s.c\n'}
[16.484883] (ublox_msgs) StdoutLine: {'line': b'-- Up-to-date: /home/amigo-pi/amigo_ros2_pi/install/ublox_msgs/local/lib/python3.10/dist-packages/ublox_msgs/msg/_nav_dgps.py\n'}
[16.485142] (ublox_msgs) StdoutLine: {'line': b'-- Up-to-date: /home/amigo-pi/amigo_ros2_pi/install/ublox_msgs/local/lib/python3.10/dist-packages/ublox_msgs/msg/_nav_timeutc_s.c\n'}
[16.485395] (ublox_msgs) StdoutLine: {'line': b'-- Up-to-date: /home/amigo-pi/amigo_ros2_pi/install/ublox_msgs/local/lib/python3.10/dist-packages/ublox_msgs/msg/_rxm_eph_s.c\n'}
[16.485682] (ublox_msgs) StdoutLine: {'line': b'-- Up-to-date: /home/amigo-pi/amigo_ros2_pi/install/ublox_msgs/local/lib/python3.10/dist-packages/ublox_msgs/msg/_nav_timeutc.py\n'}
[16.486082] (ublox_msgs) StdoutLine: {'line': b'-- Up-to-date: /home/amigo-pi/amigo_ros2_pi/install/ublox_msgs/local/lib/python3.10/dist-packages/ublox_msgs/msg/_nav_velecef.py\n'}
[16.486377] (ublox_msgs) StdoutLine: {'line': b'-- Up-to-date: /home/amigo-pi/amigo_ros2_pi/install/ublox_msgs/local/lib/python3.10/dist-packages/ublox_msgs/msg/_nav_sbassv.py\n'}
[16.486753] (ublox_msgs) StdoutLine: {'line': b'-- Up-to-date: /home/amigo-pi/amigo_ros2_pi/install/ublox_msgs/local/lib/python3.10/dist-packages/ublox_msgs/msg/_nav_svinfosv_s.c\n'}
[16.487063] (ublox_msgs) StdoutLine: {'line': b'-- Up-to-date: /home/amigo-pi/amigo_ros2_pi/install/ublox_msgs/local/lib/python3.10/dist-packages/ublox_msgs/msg/_esf_ins.py\n'}
[16.487352] (ublox_msgs) StdoutLine: {'line': b'-- Up-to-date: /home/amigo-pi/amigo_ros2_pi/install/ublox_msgs/local/lib/python3.10/dist-packages/ublox_msgs/msg/_inf.py\n'}
[16.487700] (ublox_msgs) StdoutLine: {'line': b'-- Up-to-date: /home/amigo-pi/amigo_ros2_pi/install/ublox_msgs/local/lib/python3.10/dist-packages/ublox_msgs/msg/_nav_svin.py\n'}
[16.487980] (ublox_msgs) StdoutLine: {'line': b'-- Up-to-date: /home/amigo-pi/amigo_ros2_pi/install/ublox_msgs/local/lib/python3.10/dist-packages/ublox_msgs/msg/_mon_hw6.py\n'}
[16.488455] (ublox_msgs) StdoutLine: {'line': b'-- Up-to-date: /home/amigo-pi/amigo_ros2_pi/install/ublox_msgs/local/lib/python3.10/dist-packages/ublox_msgs/msg/_rxm_raw.py\n'}
[16.488987] (ublox_msgs) StdoutLine: {'line': b'-- Up-to-date: /home/amigo-pi/amigo_ros2_pi/install/ublox_msgs/local/lib/python3.10/dist-packages/ublox_msgs/msg/_nav_sat.py\n'}
[16.489484] (ublox_msgs) StdoutLine: {'line': b'-- Up-to-date: /home/amigo-pi/amigo_ros2_pi/install/ublox_msgs/local/lib/python3.10/dist-packages/ublox_msgs/msg/_nav_posllh.py\n'}
[16.490179] (ublox_msgs) StdoutLine: {'line': b'-- Up-to-date: /home/amigo-pi/amigo_ros2_pi/install/ublox_msgs/local/lib/python3.10/dist-packages/ublox_msgs/msg/_mga_gal.py\n'}
[16.490633] (ublox_msgs) StdoutLine: {'line': b'-- Up-to-date: /home/amigo-pi/amigo_ros2_pi/install/ublox_msgs/local/lib/python3.10/dist-packages/ublox_msgs/msg/_mon_ver_extension_s.c\n'}
[16.491308] (ublox_msgs) StdoutLine: {'line': b'-- Up-to-date: /home/amigo-pi/amigo_ros2_pi/install/ublox_msgs/local/lib/python3.10/dist-packages/ublox_msgs/msg/_nav_sat_s.c\n'}
[16.491909] (ublox_msgs) StdoutLine: {'line': b'-- Up-to-date: /home/amigo-pi/amigo_ros2_pi/install/ublox_msgs/local/lib/python3.10/dist-packages/ublox_msgs/msg/_cfg_nmea7_s.c\n'}
[16.492763] (ublox_msgs) StdoutLine: {'line': b'-- Up-to-date: /home/amigo-pi/amigo_ros2_pi/install/ublox_msgs/local/lib/python3.10/dist-packages/ublox_msgs/msg/_nav_sol_s.c\n'}
[16.493225] (ublox_msgs) StdoutLine: {'line': b'-- Up-to-date: /home/amigo-pi/amigo_ros2_pi/install/ublox_msgs/local/lib/python3.10/dist-packages/ublox_msgs/msg/_cfg_usb_s.c\n'}
[16.493833] (ublox_msgs) StdoutLine: {'line': b'-- Up-to-date: /home/amigo-pi/amigo_ros2_pi/install/ublox_msgs/local/lib/python3.10/dist-packages/ublox_msgs/msg/_esf_meas_s.c\n'}
[16.494616] (ublox_msgs) StdoutLine: {'line': b'-- Up-to-date: /home/amigo-pi/amigo_ros2_pi/install/ublox_msgs/local/lib/python3.10/dist-packages/ublox_msgs/msg/_rxm_rawx.py\n'}
[16.495394] (ublox_msgs) StdoutLine: {'line': b'-- Up-to-date: /home/amigo-pi/amigo_ros2_pi/install/ublox_msgs/local/lib/python3.10/dist-packages/ublox_msgs/msg/_cfg_nmea6_s.c\n'}
[16.496670] (ublox_msgs) StdoutLine: {'line': b'-- Up-to-date: /home/amigo-pi/amigo_ros2_pi/install/ublox_msgs/local/lib/python3.10/dist-packages/ublox_msgs/msg/_nav_posecef.py\n'}
[16.497757] (ublox_msgs) StdoutLine: {'line': b'-- Up-to-date: /home/amigo-pi/amigo_ros2_pi/install/ublox_msgs/local/lib/python3.10/dist-packages/ublox_msgs/msg/_nav_dgpssv.py\n'}
[16.498723] (ublox_msgs) StdoutLine: {'line': b'-- Up-to-date: /home/amigo-pi/amigo_ros2_pi/install/ublox_msgs/local/lib/python3.10/dist-packages/ublox_msgs/msg/_nav_sbas_s.c\n'}
[16.499543] (ublox_msgs) StdoutLine: {'line': b'-- Up-to-date: /home/amigo-pi/amigo_ros2_pi/install/ublox_msgs/local/lib/python3.10/dist-packages/ublox_msgs/msg/_esf_status_sens_s.c\n'}
[16.500408] (ublox_msgs) StdoutLine: {'line': b'-- Up-to-date: /home/amigo-pi/amigo_ros2_pi/install/ublox_msgs/local/lib/python3.10/dist-packages/ublox_msgs/msg/_cfg_navx5_s.c\n'}
[16.501620] (ublox_msgs) StdoutLine: {'line': b'-- Up-to-date: /home/amigo-pi/amigo_ros2_pi/install/ublox_msgs/local/lib/python3.10/dist-packages/ublox_msgs/msg/_mon_gnss_s.c\n'}
[16.502521] (ublox_msgs) StdoutLine: {'line': b'-- Up-to-date: /home/amigo-pi/amigo_ros2_pi/install/ublox_msgs/local/lib/python3.10/dist-packages/ublox_msgs/msg/_esf_ins_s.c\n'}
[16.503047] (ublox_msgs) StdoutLine: {'line': b'-- Up-to-date: /home/amigo-pi/amigo_ros2_pi/install/ublox_msgs/local/lib/python3.10/dist-packages/ublox_msgs/msg/_mon_hw.py\n'}
[16.503758] (ublox_msgs) StdoutLine: {'line': b'-- Up-to-date: /home/amigo-pi/amigo_ros2_pi/install/ublox_msgs/local/lib/python3.10/dist-packages/ublox_msgs/msg/_nav_satsv.py\n'}
[16.504129] (ublox_msgs) StdoutLine: {'line': b'-- Up-to-date: /home/amigo-pi/amigo_ros2_pi/install/ublox_msgs/local/lib/python3.10/dist-packages/ublox_msgs/msg/_nav_att.py\n'}
[16.504471] (ublox_msgs) StdoutLine: {'line': b'-- Up-to-date: /home/amigo-pi/amigo_ros2_pi/install/ublox_msgs/local/lib/python3.10/dist-packages/ublox_msgs/msg/_cfg_sbas_s.c\n'}
[16.505339] (ublox_msgs) StdoutLine: {'line': b'-- Up-to-date: /home/amigo-pi/amigo_ros2_pi/install/ublox_msgs/local/lib/python3.10/dist-packages/ublox_msgs/msg/_cfg_hnr_s.c\n'}
[16.506071] (ublox_msgs) StdoutLine: {'line': b'-- Up-to-date: /home/amigo-pi/amigo_ros2_pi/install/ublox_msgs/local/lib/python3.10/dist-packages/ublox_msgs/msg/_nav_sol.py\n'}
[16.506711] (ublox_msgs) StdoutLine: {'line': b'-- Up-to-date: /home/amigo-pi/amigo_ros2_pi/install/ublox_msgs/local/lib/python3.10/dist-packages/ublox_msgs/msg/_upd_sos_s.c\n'}
[16.508104] (ublox_msgs) StdoutLine: {'line': b'-- Up-to-date: /home/amigo-pi/amigo_ros2_pi/install/ublox_msgs/local/lib/python3.10/dist-packages/ublox_msgs/msg/_cfg_rst_s.c\n'}
[16.509643] (ublox_msgs) StdoutLine: {'line': b'-- Up-to-date: /home/amigo-pi/amigo_ros2_pi/install/ublox_msgs/local/lib/python3.10/dist-packages/ublox_msgs/msg/_inf_s.c\n'}
[16.510589] (ublox_msgs) StdoutLine: {'line': b'-- Up-to-date: /home/amigo-pi/amigo_ros2_pi/install/ublox_msgs/local/lib/python3.10/dist-packages/ublox_msgs/msg/_hnr_pvt_s.c\n'}
[16.511187] (ublox_msgs) StdoutLine: {'line': b'-- Up-to-date: /home/amigo-pi/amigo_ros2_pi/install/ublox_msgs/local/lib/python3.10/dist-packages/ublox_msgs/msg/_esf_status_s.c\n'}
[16.511648] (ublox_msgs) StdoutLine: {'line': b'-- Up-to-date: /home/amigo-pi/amigo_ros2_pi/install/ublox_msgs/local/lib/python3.10/dist-packages/ublox_msgs/msg/_rxm_rawsv_s.c\n'}
[16.512485] (ublox_msgs) StdoutLine: {'line': b'-- Up-to-date: /home/amigo-pi/amigo_ros2_pi/install/ublox_msgs/local/lib/python3.10/dist-packages/ublox_msgs/msg/_nav_svinfo.py\n'}
[16.513087] (ublox_msgs) StdoutLine: {'line': b'-- Up-to-date: /home/amigo-pi/amigo_ros2_pi/install/ublox_msgs/local/lib/python3.10/dist-packages/ublox_msgs/msg/_rxm_svsisv.py\n'}
[16.513680] (ublox_msgs) StdoutLine: {'line': b'-- Up-to-date: /home/amigo-pi/amigo_ros2_pi/install/ublox_msgs/local/lib/python3.10/dist-packages/ublox_msgs/msg/_nav_posecef_s.c\n'}
[16.514190] (ublox_msgs) StdoutLine: {'line': b'-- Up-to-date: /home/amigo-pi/amigo_ros2_pi/install/ublox_msgs/local/lib/python3.10/dist-packages/ublox_msgs/msg/_aid_alm.py\n'}
[16.514949] (ublox_msgs) StdoutLine: {'line': b'-- Up-to-date: /home/amigo-pi/amigo_ros2_pi/install/ublox_msgs/local/lib/python3.10/dist-packages/ublox_msgs/msg/_cfg_nmea6.py\n'}
[16.516028] (ublox_msgs) StdoutLine: {'line': b'-- Up-to-date: /home/amigo-pi/amigo_ros2_pi/install/ublox_msgs/local/lib/python3.10/dist-packages/ublox_msgs/msg/_nav_pvt7.py\n'}
[16.516629] (ublox_msgs) StdoutLine: {'line': b'-- Up-to-date: /home/amigo-pi/amigo_ros2_pi/install/ublox_msgs/local/lib/python3.10/dist-packages/ublox_msgs/msg/_cfg_gnss_block_s.c\n'}
[16.517896] (ublox_msgs) StdoutLine: {'line': b'-- Up-to-date: /home/amigo-pi/amigo_ros2_pi/install/ublox_msgs/local/lib/python3.10/dist-packages/ublox_msgs/msg/_upd_sos_ack.py\n'}
[16.518571] (ublox_msgs) StdoutLine: {'line': b'-- Up-to-date: /home/amigo-pi/amigo_ros2_pi/install/ublox_msgs/local/lib/python3.10/dist-packages/ublox_msgs/msg/_mon_ver.py\n'}
[16.518944] (ublox_msgs) StdoutLine: {'line': b'-- Up-to-date: /home/amigo-pi/amigo_ros2_pi/install/ublox_msgs/local/lib/python3.10/dist-packages/ublox_msgs/msg/_aid_hui_s.c\n'}
[16.519330] (ublox_msgs) StdoutLine: {'line': b'-- Up-to-date: /home/amigo-pi/amigo_ros2_pi/install/ublox_msgs/local/lib/python3.10/dist-packages/ublox_msgs/msg/_nav_velned_s.c\n'}
[16.519635] (ublox_msgs) StdoutLine: {'line': b'-- Up-to-date: /home/amigo-pi/amigo_ros2_pi/install/ublox_msgs/local/lib/python3.10/dist-packages/ublox_msgs/msg/_tim_tm2_s.c\n'}
[16.519999] (ublox_msgs) StdoutLine: {'line': b'-- Up-to-date: /home/amigo-pi/amigo_ros2_pi/install/ublox_msgs/local/lib/python3.10/dist-packages/ublox_msgs/msg/_nav_status.py\n'}
[16.520302] (ublox_msgs) StdoutLine: {'line': b'-- Up-to-date: /home/amigo-pi/amigo_ros2_pi/install/ublox_msgs/local/lib/python3.10/dist-packages/ublox_msgs/msg/_ack_s.c\n'}
[16.520822] (ublox_msgs) StdoutLine: {'line': b'-- Up-to-date: /home/amigo-pi/amigo_ros2_pi/install/ublox_msgs/local/lib/python3.10/dist-packages/ublox_msgs/msg/_cfg_dgnss_s.c\n'}
[16.521171] (ublox_msgs) StdoutLine: {'line': b'-- Up-to-date: /home/amigo-pi/amigo_ros2_pi/install/ublox_msgs/local/lib/python3.10/dist-packages/ublox_msgs/msg/_cfg_tmode3_s.c\n'}
[16.521461] (ublox_msgs) StdoutLine: {'line': b'-- Up-to-date: /home/amigo-pi/amigo_ros2_pi/install/ublox_msgs/local/lib/python3.10/dist-packages/ublox_msgs/msg/_cfg_gnss_s.c\n'}
[16.521842] (ublox_msgs) StdoutLine: {'line': b'-- Up-to-date: /home/amigo-pi/amigo_ros2_pi/install/ublox_msgs/local/lib/python3.10/dist-packages/ublox_msgs/msg/_cfg_navx5.py\n'}
[16.522272] (ublox_msgs) StdoutLine: {'line': b'-- Up-to-date: /home/amigo-pi/amigo_ros2_pi/install/ublox_msgs/local/lib/python3.10/dist-packages/ublox_msgs/msg/_esf_meas.py\n'}
[16.522583] (ublox_msgs) StdoutLine: {'line': b'-- Up-to-date: /home/amigo-pi/amigo_ros2_pi/install/ublox_msgs/local/lib/python3.10/dist-packages/ublox_msgs/msg/_cfg_dgnss.py\n'}
[16.522916] (ublox_msgs) StdoutLine: {'line': b'-- Up-to-date: /home/amigo-pi/amigo_ros2_pi/install/ublox_msgs/local/lib/python3.10/dist-packages/ublox_msgs/msg/_cfg_sbas.py\n'}
[16.523345] (ublox_msgs) StdoutLine: {'line': b'-- Up-to-date: /home/amigo-pi/amigo_ros2_pi/install/ublox_msgs/local/lib/python3.10/dist-packages/ublox_msgs/msg/_mon_ver_s.c\n'}
[16.523819] (ublox_msgs) StdoutLine: {'line': b'-- Up-to-date: /home/amigo-pi/amigo_ros2_pi/install/ublox_msgs/local/lib/python3.10/dist-packages/ublox_msgs/msg/_nav_relposned_s.c\n'}
[16.524379] (ublox_msgs) StdoutLine: {'line': b'-- Up-to-date: /home/amigo-pi/amigo_ros2_pi/install/ublox_msgs/local/lib/python3.10/dist-packages/ublox_msgs/msg/_rxm_alm.py\n'}
[16.524890] (ublox_msgs) StdoutLine: {'line': b'-- Up-to-date: /home/amigo-pi/amigo_ros2_pi/install/ublox_msgs/local/lib/python3.10/dist-packages/ublox_msgs/msg/_nav_svinfosv.py\n'}
[16.525405] (ublox_msgs) StdoutLine: {'line': b'-- Up-to-date: /home/amigo-pi/amigo_ros2_pi/install/ublox_msgs/local/lib/python3.10/dist-packages/ublox_msgs/msg/_aid_alm_s.c\n'}
[16.525856] (ublox_msgs) StdoutLine: {'line': b'-- Up-to-date: /home/amigo-pi/amigo_ros2_pi/install/ublox_msgs/local/lib/python3.10/dist-packages/ublox_msgs/msg/_aid_hui.py\n'}
[16.526200] (ublox_msgs) StdoutLine: {'line': b'-- Up-to-date: /home/amigo-pi/amigo_ros2_pi/install/ublox_msgs/local/lib/python3.10/dist-packages/ublox_msgs/msg/_nav_dgps_s.c\n'}
[16.526558] (ublox_msgs) StdoutLine: {'line': b'-- Up-to-date: /home/amigo-pi/amigo_ros2_pi/install/ublox_msgs/local/lib/python3.10/dist-packages/ublox_msgs/msg/_rxm_rtcm.py\n'}
[16.526868] (ublox_msgs) StdoutLine: {'line': b'-- Up-to-date: /home/amigo-pi/amigo_ros2_pi/install/ublox_msgs/local/lib/python3.10/dist-packages/ublox_msgs/msg/_cfg_dat.py\n'}
[16.527198] (ublox_msgs) StdoutLine: {'line': b'-- Up-to-date: /home/amigo-pi/amigo_ros2_pi/install/ublox_msgs/local/lib/python3.10/dist-packages/ublox_msgs/msg/_cfg_msg.py\n'}
[16.527531] (ublox_msgs) StdoutLine: {'line': b'-- Up-to-date: /home/amigo-pi/amigo_ros2_pi/install/ublox_msgs/local/lib/python3.10/dist-packages/ublox_msgs/msg/_rxm_rawx_meas.py\n'}
[16.527805] (ublox_msgs) StdoutLine: {'line': b'-- Up-to-date: /home/amigo-pi/amigo_ros2_pi/install/ublox_msgs/local/lib/python3.10/dist-packages/ublox_msgs/msg/_cfg_dat_s.c\n'}
[16.528134] (ublox_msgs) StdoutLine: {'line': b'-- Up-to-date: /home/amigo-pi/amigo_ros2_pi/install/ublox_msgs/local/lib/python3.10/dist-packages/ublox_msgs/msg/_mon_hw_s.c\n'}
[16.528418] (ublox_msgs) StdoutLine: {'line': b'-- Up-to-date: /home/amigo-pi/amigo_ros2_pi/install/ublox_msgs/local/lib/python3.10/dist-packages/ublox_msgs/msg/_nav_velecef_s.c\n'}
[16.528784] (ublox_msgs) StdoutLine: {'line': b'-- Up-to-date: /home/amigo-pi/amigo_ros2_pi/install/ublox_msgs/local/lib/python3.10/dist-packages/ublox_msgs/msg/_cfg_nav5_s.c\n'}
[16.529282] (ublox_msgs) StdoutLine: {'line': b'-- Up-to-date: /home/amigo-pi/amigo_ros2_pi/install/ublox_msgs/local/lib/python3.10/dist-packages/ublox_msgs/msg/_esf_raw_block_s.c\n'}
[16.529825] (ublox_msgs) StdoutLine: {'line': b'-- Up-to-date: /home/amigo-pi/amigo_ros2_pi/install/ublox_msgs/local/lib/python3.10/dist-packages/ublox_msgs/msg/_nav_relposned9_s.c\n'}
[16.531024] (ublox_msgs) StdoutLine: {'line': b'-- Up-to-date: /home/amigo-pi/amigo_ros2_pi/install/ublox_msgs/local/lib/python3.10/dist-packages/ublox_msgs/msg/_nav_timegps_s.c\n'}
[16.531588] (ublox_msgs) StdoutLine: {'line': b'-- Up-to-date: /home/amigo-pi/amigo_ros2_pi/install/ublox_msgs/local/lib/python3.10/dist-packages/ublox_msgs/msg/_rxm_eph.py\n'}
[16.532082] (ublox_msgs) StdoutLine: {'line': b'-- Up-to-date: /home/amigo-pi/amigo_ros2_pi/install/ublox_msgs/local/lib/python3.10/dist-packages/ublox_msgs/msg/_cfg_nav5.py\n'}
[16.532766] (ublox_msgs) StdoutLine: {'line': b'-- Up-to-date: /home/amigo-pi/amigo_ros2_pi/install/ublox_msgs/local/lib/python3.10/dist-packages/ublox_msgs/ublox_msgs_s__rosidl_typesupport_fastrtps_c.cpython-310-aarch64-linux-gnu.so\n'}
[16.533599] (ublox_msgs) StdoutLine: {'line': b'-- Up-to-date: /home/amigo-pi/amigo_ros2_pi/install/ublox_msgs/local/lib/python3.10/dist-packages/ublox_msgs/_ublox_msgs_s.ep.rosidl_typesupport_c.c\n'}
[16.534349] (ublox_msgs) StdoutLine: {'line': b'-- Up-to-date: /home/amigo-pi/amigo_ros2_pi/install/ublox_msgs/local/lib/python3.10/dist-packages/ublox_msgs/_ublox_msgs_s.ep.rosidl_typesupport_fastrtps_c.c\n'}
[16.534842] (ublox_msgs) StdoutLine: {'line': b'-- Up-to-date: /home/amigo-pi/amigo_ros2_pi/install/ublox_msgs/local/lib/python3.10/dist-packages/ublox_msgs/__init__.py\n'}
[16.535371] (ublox_msgs) StdoutLine: {'line': b'-- Up-to-date: /home/amigo-pi/amigo_ros2_pi/install/ublox_msgs/local/lib/python3.10/dist-packages/ublox_msgs/libublox_msgs__rosidl_generator_py.so\n'}
[16.535932] (ublox_msgs) StdoutLine: {'line': b'-- Up-to-date: /home/amigo-pi/amigo_ros2_pi/install/ublox_msgs/local/lib/python3.10/dist-packages/ublox_msgs/ublox_msgs_s__rosidl_typesupport_introspection_c.cpython-310-aarch64-linux-gnu.so\n'}
[16.536439] (ublox_msgs) StdoutLine: {'line': b'-- Up-to-date: /home/amigo-pi/amigo_ros2_pi/install/ublox_msgs/local/lib/python3.10/dist-packages/ublox_msgs/ublox_msgs_s__rosidl_typesupport_c.cpython-310-aarch64-linux-gnu.so\n'}
[16.537256] (sensor_integration) CommandEnded: {'returncode': 0}
[16.538973] (camera_control) StdoutLine: {'line': b'running egg_info\n'}
[16.540052] (camera_control) StdoutLine: {'line': b'creating ../../build/camera_control/camera_control.egg-info\n'}
[16.541230] (camera_control) StdoutLine: {'line': b'writing ../../build/camera_control/camera_control.egg-info/PKG-INFO\n'}
[16.542367] (camera_control) StdoutLine: {'line': b'writing dependency_links to ../../build/camera_control/camera_control.egg-info/dependency_links.txt\n'}
[16.543250] (camera_control) StdoutLine: {'line': b'writing entry points to ../../build/camera_control/camera_control.egg-info/entry_points.txt\n'}
[16.544306] (camera_control) StdoutLine: {'line': b'writing requirements to ../../build/camera_control/camera_control.egg-info/requires.txt\n'}
[16.545578] (camera_control) StdoutLine: {'line': b'writing top-level names to ../../build/camera_control/camera_control.egg-info/top_level.txt\n'}
[16.546877] (camera_control) StdoutLine: {'line': b"writing manifest file '../../build/camera_control/camera_control.egg-info/SOURCES.txt'\n"}
[16.548032] (camera_control) StdoutLine: {'line': b"reading manifest file '../../build/camera_control/camera_control.egg-info/SOURCES.txt'\n"}
[16.548451] (camera_control) StdoutLine: {'line': b"adding license file 'LICENSE'\n"}
[16.548878] (camera_control) StdoutLine: {'line': b"writing manifest file '../../build/camera_control/camera_control.egg-info/SOURCES.txt'\n"}
[16.549166] (camera_control) StdoutLine: {'line': b'running build\n'}
[16.549446] (camera_control) StdoutLine: {'line': b'running build_py\n'}
[16.549733] (camera_control) StdoutLine: {'line': b'creating /home/amigo-pi/amigo_ros2_pi/build/camera_control/build\n'}
[16.549991] (camera_control) StdoutLine: {'line': b'creating /home/amigo-pi/amigo_ros2_pi/build/camera_control/build/lib\n'}
[16.550250] (camera_control) StdoutLine: {'line': b'creating /home/amigo-pi/amigo_ros2_pi/build/camera_control/build/lib/camera_control\n'}
[16.550510] (camera_control) StdoutLine: {'line': b'copying camera_control/Camera_Client_example.py -> /home/amigo-pi/amigo_ros2_pi/build/camera_control/build/lib/camera_control\n'}
[16.550772] (camera_control) StdoutLine: {'line': b'copying camera_control/service_example.py -> /home/amigo-pi/amigo_ros2_pi/build/camera_control/build/lib/camera_control\n'}
[16.551057] (camera_control) StdoutLine: {'line': b'copying camera_control/__init__.py -> /home/amigo-pi/amigo_ros2_pi/build/camera_control/build/lib/camera_control\n'}
[16.551406] (camera_control) StdoutLine: {'line': b'copying camera_control/controller_test_node.py -> /home/amigo-pi/amigo_ros2_pi/build/camera_control/build/lib/camera_control\n'}
[16.551668] (camera_control) StdoutLine: {'line': b'copying camera_control/scan_controller_node.py -> /home/amigo-pi/amigo_ros2_pi/build/camera_control/build/lib/camera_control\n'}
[16.551926] (camera_control) StdoutLine: {'line': b'copying camera_control/scan_controller_service.py -> /home/amigo-pi/amigo_ros2_pi/build/camera_control/build/lib/camera_control\n'}
[16.552186] (camera_control) StdoutLine: {'line': b'running install\n'}
[16.552444] (camera_control) StdoutLine: {'line': b'running install_lib\n'}
[16.553036] (sensor_integration) JobEnded: {'identifier': 'sensor_integration', 'rc': 0}
[16.555911] (camera_control) StdoutLine: {'line': b'creating /home/amigo-pi/amigo_ros2_pi/install/camera_control/lib/python3.10/site-packages/camera_control\n'}
[16.557240] (camera_control) StdoutLine: {'line': b'copying /home/amigo-pi/amigo_ros2_pi/build/camera_control/build/lib/camera_control/Camera_Client_example.py -> /home/amigo-pi/amigo_ros2_pi/install/camera_control/lib/python3.10/site-packages/camera_control\n'}
[16.558311] (camera_control) StdoutLine: {'line': b'copying /home/amigo-pi/amigo_ros2_pi/build/camera_control/build/lib/camera_control/service_example.py -> /home/amigo-pi/amigo_ros2_pi/install/camera_control/lib/python3.10/site-packages/camera_control\n'}
[16.558975] (camera_control) StdoutLine: {'line': b'copying /home/amigo-pi/amigo_ros2_pi/build/camera_control/build/lib/camera_control/__init__.py -> /home/amigo-pi/amigo_ros2_pi/install/camera_control/lib/python3.10/site-packages/camera_control\n'}
[16.559553] (camera_control) StdoutLine: {'line': b'copying /home/amigo-pi/amigo_ros2_pi/build/camera_control/build/lib/camera_control/controller_test_node.py -> /home/amigo-pi/amigo_ros2_pi/install/camera_control/lib/python3.10/site-packages/camera_control\n'}
[16.560023] (camera_control) StdoutLine: {'line': b'copying /home/amigo-pi/amigo_ros2_pi/build/camera_control/build/lib/camera_control/scan_controller_node.py -> /home/amigo-pi/amigo_ros2_pi/install/camera_control/lib/python3.10/site-packages/camera_control\n'}
[16.561103] (camera_control) StdoutLine: {'line': b'copying /home/amigo-pi/amigo_ros2_pi/build/camera_control/build/lib/camera_control/scan_controller_service.py -> /home/amigo-pi/amigo_ros2_pi/install/camera_control/lib/python3.10/site-packages/camera_control\n'}
[16.561745] (camera_control) StdoutLine: {'line': b'byte-compiling /home/amigo-pi/amigo_ros2_pi/install/camera_control/lib/python3.10/site-packages/camera_control/Camera_Client_example.py to Camera_Client_example.cpython-310.pyc\n'}
[16.562137] (camera_control) StdoutLine: {'line': b'byte-compiling /home/amigo-pi/amigo_ros2_pi/install/camera_control/lib/python3.10/site-packages/camera_control/service_example.py to service_example.cpython-310.pyc\n'}
[16.562537] (camera_control) StdoutLine: {'line': b'byte-compiling /home/amigo-pi/amigo_ros2_pi/install/camera_control/lib/python3.10/site-packages/camera_control/__init__.py to __init__.cpython-310.pyc\n'}
[16.563744] (camera_control) StdoutLine: {'line': b'byte-compiling /home/amigo-pi/amigo_ros2_pi/install/camera_control/lib/python3.10/site-packages/camera_control/controller_test_node.py to controller_test_node.cpython-310.pyc\n'}
[16.564998] (camera_control) StdoutLine: {'line': b'byte-compiling /home/amigo-pi/amigo_ros2_pi/install/camera_control/lib/python3.10/site-packages/camera_control/scan_controller_node.py to scan_controller_node.cpython-310.pyc\n'}
[16.566426] (camera_control) StdoutLine: {'line': b'byte-compiling /home/amigo-pi/amigo_ros2_pi/install/camera_control/lib/python3.10/site-packages/camera_control/scan_controller_service.py to scan_controller_service.cpython-310.pyc\n'}
[16.567787] (camera_control) StdoutLine: {'line': b'running install_data\n'}
[16.569223] (camera_control) StdoutLine: {'line': b'creating /home/amigo-pi/amigo_ros2_pi/install/camera_control/share/ament_index\n'}
[16.570016] (camera_control) StdoutLine: {'line': b'creating /home/amigo-pi/amigo_ros2_pi/install/camera_control/share/ament_index/resource_index\n'}
[16.570470] (camera_control) StdoutLine: {'line': b'creating /home/amigo-pi/amigo_ros2_pi/install/camera_control/share/ament_index/resource_index/packages\n'}
[16.570914] (camera_control) StdoutLine: {'line': b'copying resource/camera_control -> /home/amigo-pi/amigo_ros2_pi/install/camera_control/share/ament_index/resource_index/packages\n'}
[16.572475] (camera_control) StdoutLine: {'line': b'copying package.xml -> /home/amigo-pi/amigo_ros2_pi/install/camera_control/share/camera_control\n'}
[16.573299] (camera_control) StdoutLine: {'line': b'running install_egg_info\n'}
[16.574516] (camera_control) StdoutLine: {'line': b'Copying ../../build/camera_control/camera_control.egg-info to /home/amigo-pi/amigo_ros2_pi/install/camera_control/lib/python3.10/site-packages/camera_control-0.0.1-py3.10.egg-info\n'}
[16.574963] (camera_control) StdoutLine: {'line': b'running install_scripts\n'}
[16.575577] (ublox_msgs) StdoutLine: {'line': b"Listing '/home/amigo-pi/amigo_ros2_pi/install/ublox_msgs/local/lib/python3.10/dist-packages/ublox_msgs'...\n"}
[16.576569] (ublox_msgs) StdoutLine: {'line': b"Listing '/home/amigo-pi/amigo_ros2_pi/install/ublox_msgs/local/lib/python3.10/dist-packages/ublox_msgs/msg'...\n"}
[16.577048] (ublox_msgs) StdoutLine: {'line': b'-- Up-to-date: /home/amigo-pi/amigo_ros2_pi/install/ublox_msgs/local/lib/python3.10/dist-packages/ublox_msgs/ublox_msgs_s__rosidl_typesupport_fastrtps_c.cpython-310-aarch64-linux-gnu.so\n'}
[16.578641] (ublox_msgs) StdoutLine: {'line': b'-- Up-to-date: /home/amigo-pi/amigo_ros2_pi/install/ublox_msgs/local/lib/python3.10/dist-packages/ublox_msgs/ublox_msgs_s__rosidl_typesupport_introspection_c.cpython-310-aarch64-linux-gnu.so\n'}
[16.579445] (ublox_msgs) StdoutLine: {'line': b'-- Up-to-date: /home/amigo-pi/amigo_ros2_pi/install/ublox_msgs/local/lib/python3.10/dist-packages/ublox_msgs/ublox_msgs_s__rosidl_typesupport_c.cpython-310-aarch64-linux-gnu.so\n'}
[16.580870] (-) TimerEvent: {}
[16.588192] (ublox_msgs) StdoutLine: {'line': b'-- Up-to-date: /home/amigo-pi/amigo_ros2_pi/install/ublox_msgs/lib/libublox_msgs__rosidl_generator_py.so\n'}
[16.589186] (ublox_msgs) StdoutLine: {'line': b'-- Up-to-date: /home/amigo-pi/amigo_ros2_pi/install/ublox_msgs/share/ublox_msgs/msg/Ack.idl\n'}
[16.591211] (ublox_msgs) StdoutLine: {'line': b'-- Up-to-date: /home/amigo-pi/amigo_ros2_pi/install/ublox_msgs/share/ublox_msgs/msg/AidALM.idl\n'}
[16.592046] (ublox_msgs) StdoutLine: {'line': b'-- Up-to-date: /home/amigo-pi/amigo_ros2_pi/install/ublox_msgs/share/ublox_msgs/msg/AidEPH.idl\n'}
[16.596701] (ublox_msgs) StdoutLine: {'line': b'-- Up-to-date: /home/amigo-pi/amigo_ros2_pi/install/ublox_msgs/share/ublox_msgs/msg/AidHUI.idl\n'}
[16.600462] (ublox_msgs) StdoutLine: {'line': b'-- Up-to-date: /home/amigo-pi/amigo_ros2_pi/install/ublox_msgs/share/ublox_msgs/msg/CfgANT.idl\n'}
[16.601540] (ublox_msgs) StdoutLine: {'line': b'-- Up-to-date: /home/amigo-pi/amigo_ros2_pi/install/ublox_msgs/share/ublox_msgs/msg/CfgCFG.idl\n'}
[16.602349] (ublox_msgs) StdoutLine: {'line': b'-- Up-to-date: /home/amigo-pi/amigo_ros2_pi/install/ublox_msgs/share/ublox_msgs/msg/CfgDAT.idl\n'}
[16.603275] (camera_control) StdoutLine: {'line': b'Installing controller_test_node script to /home/amigo-pi/amigo_ros2_pi/install/camera_control/lib/camera_control\n'}
[16.604197] (ublox_msgs) StdoutLine: {'line': b'-- Up-to-date: /home/amigo-pi/amigo_ros2_pi/install/ublox_msgs/share/ublox_msgs/msg/CfgDGNSS.idl\n'}
[16.605290] (camera_control) StdoutLine: {'line': b'Installing scan_controller_node script to /home/amigo-pi/amigo_ros2_pi/install/camera_control/lib/camera_control\n'}
[16.605850] (ublox_msgs) StdoutLine: {'line': b'-- Up-to-date: /home/amigo-pi/amigo_ros2_pi/install/ublox_msgs/share/ublox_msgs/msg/CfgGNSSBlock.idl\n'}
[16.606356] (camera_control) StdoutLine: {'line': b'Installing scan_controller_service script to /home/amigo-pi/amigo_ros2_pi/install/camera_control/lib/camera_control\n'}
[16.607500] (ublox_msgs) StdoutLine: {'line': b'-- Up-to-date: /home/amigo-pi/amigo_ros2_pi/install/ublox_msgs/share/ublox_msgs/msg/CfgGNSS.idl\n'}
[16.608208] (camera_control) StdoutLine: {'line': b"writing list of installed files to '/home/amigo-pi/amigo_ros2_pi/build/camera_control/install.log'\n"}
[16.610237] (ublox_msgs) StdoutLine: {'line': b'-- Up-to-date: /home/amigo-pi/amigo_ros2_pi/install/ublox_msgs/share/ublox_msgs/msg/CfgHNR.idl\n'}
[16.611523] (ublox_msgs) StdoutLine: {'line': b'-- Up-to-date: /home/amigo-pi/amigo_ros2_pi/install/ublox_msgs/share/ublox_msgs/msg/CfgINFBlock.idl\n'}
[16.613627] (ublox_msgs) StdoutLine: {'line': b'-- Up-to-date: /home/amigo-pi/amigo_ros2_pi/install/ublox_msgs/share/ublox_msgs/msg/CfgINF.idl\n'}
[16.621616] (ublox_msgs) StdoutLine: {'line': b'-- Up-to-date: /home/amigo-pi/amigo_ros2_pi/install/ublox_msgs/share/ublox_msgs/msg/CfgMSG.idl\n'}
[16.625306] (ublox_msgs) StdoutLine: {'line': b'-- Up-to-date: /home/amigo-pi/amigo_ros2_pi/install/ublox_msgs/share/ublox_msgs/msg/CfgNAV5.idl\n'}
[16.636083] (ublox_msgs) StdoutLine: {'line': b'-- Up-to-date: /home/amigo-pi/amigo_ros2_pi/install/ublox_msgs/share/ublox_msgs/msg/CfgNAVX5.idl\n'}
[16.637924] (ublox_msgs) StdoutLine: {'line': b'-- Up-to-date: /home/amigo-pi/amigo_ros2_pi/install/ublox_msgs/share/ublox_msgs/msg/CfgNMEA6.idl\n'}
[16.638654] (ublox_msgs) StdoutLine: {'line': b'-- Up-to-date: /home/amigo-pi/amigo_ros2_pi/install/ublox_msgs/share/ublox_msgs/msg/CfgNMEA7.idl\n'}
[16.639848] (ublox_msgs) StdoutLine: {'line': b'-- Up-to-date: /home/amigo-pi/amigo_ros2_pi/install/ublox_msgs/share/ublox_msgs/msg/CfgNMEA.idl\n'}
[16.642659] (ublox_msgs) StdoutLine: {'line': b'-- Up-to-date: /home/amigo-pi/amigo_ros2_pi/install/ublox_msgs/share/ublox_msgs/msg/CfgPRT.idl\n'}
[16.646064] (ublox_msgs) StdoutLine: {'line': b'-- Up-to-date: /home/amigo-pi/amigo_ros2_pi/install/ublox_msgs/share/ublox_msgs/msg/CfgRATE.idl\n'}
[16.647228] (ublox_msgs) StdoutLine: {'line': b'-- Up-to-date: /home/amigo-pi/amigo_ros2_pi/install/ublox_msgs/share/ublox_msgs/msg/CfgRST.idl\n'}
[16.648593] (ublox_msgs) StdoutLine: {'line': b'-- Up-to-date: /home/amigo-pi/amigo_ros2_pi/install/ublox_msgs/share/ublox_msgs/msg/CfgSBAS.idl\n'}
[16.653094] (ublox_msgs) StdoutLine: {'line': b'-- Up-to-date: /home/amigo-pi/amigo_ros2_pi/install/ublox_msgs/share/ublox_msgs/msg/CfgTMODE3.idl\n'}
[16.653780] (ublox_msgs) StdoutLine: {'line': b'-- Up-to-date: /home/amigo-pi/amigo_ros2_pi/install/ublox_msgs/share/ublox_msgs/msg/CfgUSB.idl\n'}
[16.654645] (ublox_msgs) StdoutLine: {'line': b'-- Up-to-date: /home/amigo-pi/amigo_ros2_pi/install/ublox_msgs/share/ublox_msgs/msg/EsfINS.idl\n'}
[16.655792] (ublox_msgs) StdoutLine: {'line': b'-- Up-to-date: /home/amigo-pi/amigo_ros2_pi/install/ublox_msgs/share/ublox_msgs/msg/EsfMEAS.idl\n'}
[16.656955] (ublox_msgs) StdoutLine: {'line': b'-- Up-to-date: /home/amigo-pi/amigo_ros2_pi/install/ublox_msgs/share/ublox_msgs/msg/EsfRAWBlock.idl\n'}
[16.657841] (ublox_msgs) StdoutLine: {'line': b'-- Up-to-date: /home/amigo-pi/amigo_ros2_pi/install/ublox_msgs/share/ublox_msgs/msg/EsfRAW.idl\n'}
[16.659718] (ublox_msgs) StdoutLine: {'line': b'-- Up-to-date: /home/amigo-pi/amigo_ros2_pi/install/ublox_msgs/share/ublox_msgs/msg/EsfSTATUS.idl\n'}
[16.660427] (ublox_msgs) StdoutLine: {'line': b'-- Up-to-date: /home/amigo-pi/amigo_ros2_pi/install/ublox_msgs/share/ublox_msgs/msg/EsfSTATUSSens.idl\n'}
[16.661866] (ublox_msgs) StdoutLine: {'line': b'-- Up-to-date: /home/amigo-pi/amigo_ros2_pi/install/ublox_msgs/share/ublox_msgs/msg/HnrPVT.idl\n'}
[16.663771] (ublox_msgs) StdoutLine: {'line': b'-- Up-to-date: /home/amigo-pi/amigo_ros2_pi/install/ublox_msgs/share/ublox_msgs/msg/Inf.idl\n'}
[16.664369] (ublox_msgs) StdoutLine: {'line': b'-- Up-to-date: /home/amigo-pi/amigo_ros2_pi/install/ublox_msgs/share/ublox_msgs/msg/MgaGAL.idl\n'}
[16.667157] (ublox_msgs) StdoutLine: {'line': b'-- Up-to-date: /home/amigo-pi/amigo_ros2_pi/install/ublox_msgs/share/ublox_msgs/msg/MonGNSS.idl\n'}
[16.667914] (ublox_msgs) StdoutLine: {'line': b'-- Up-to-date: /home/amigo-pi/amigo_ros2_pi/install/ublox_msgs/share/ublox_msgs/msg/MonHW6.idl\n'}
[16.668479] (ublox_msgs) StdoutLine: {'line': b'-- Up-to-date: /home/amigo-pi/amigo_ros2_pi/install/ublox_msgs/share/ublox_msgs/msg/MonHW.idl\n'}
[16.669997] (ublox_msgs) StdoutLine: {'line': b'-- Up-to-date: /home/amigo-pi/amigo_ros2_pi/install/ublox_msgs/share/ublox_msgs/msg/MonVERExtension.idl\n'}
[16.670481] (ublox_msgs) StdoutLine: {'line': b'-- Up-to-date: /home/amigo-pi/amigo_ros2_pi/install/ublox_msgs/share/ublox_msgs/msg/MonVER.idl\n'}
[16.670828] (ublox_msgs) StdoutLine: {'line': b'-- Up-to-date: /home/amigo-pi/amigo_ros2_pi/install/ublox_msgs/share/ublox_msgs/msg/NavATT.idl\n'}
[16.671537] (ublox_msgs) StdoutLine: {'line': b'-- Up-to-date: /home/amigo-pi/amigo_ros2_pi/install/ublox_msgs/share/ublox_msgs/msg/NavCLOCK.idl\n'}
[16.671998] (ublox_msgs) StdoutLine: {'line': b'-- Up-to-date: /home/amigo-pi/amigo_ros2_pi/install/ublox_msgs/share/ublox_msgs/msg/NavDGPS.idl\n'}
[16.672415] (ublox_msgs) StdoutLine: {'line': b'-- Up-to-date: /home/amigo-pi/amigo_ros2_pi/install/ublox_msgs/share/ublox_msgs/msg/NavDGPSSV.idl\n'}
[16.673246] (ublox_msgs) StdoutLine: {'line': b'-- Up-to-date: /home/amigo-pi/amigo_ros2_pi/install/ublox_msgs/share/ublox_msgs/msg/NavDOP.idl\n'}
[16.674254] (ublox_msgs) StdoutLine: {'line': b'-- Up-to-date: /home/amigo-pi/amigo_ros2_pi/install/ublox_msgs/share/ublox_msgs/msg/NavPOSECEF.idl\n'}
[16.674889] (ublox_msgs) StdoutLine: {'line': b'-- Up-to-date: /home/amigo-pi/amigo_ros2_pi/install/ublox_msgs/share/ublox_msgs/msg/NavPOSLLH.idl\n'}
[16.675321] (ublox_msgs) StdoutLine: {'line': b'-- Up-to-date: /home/amigo-pi/amigo_ros2_pi/install/ublox_msgs/share/ublox_msgs/msg/NavPVT7.idl\n'}
[16.675679] (ublox_msgs) StdoutLine: {'line': b'-- Up-to-date: /home/amigo-pi/amigo_ros2_pi/install/ublox_msgs/share/ublox_msgs/msg/NavPVT.idl\n'}
[16.676020] (ublox_msgs) StdoutLine: {'line': b'-- Up-to-date: /home/amigo-pi/amigo_ros2_pi/install/ublox_msgs/share/ublox_msgs/msg/NavRELPOSNED9.idl\n'}
[16.676382] (ublox_msgs) StdoutLine: {'line': b'-- Up-to-date: /home/amigo-pi/amigo_ros2_pi/install/ublox_msgs/share/ublox_msgs/msg/NavRELPOSNED.idl\n'}
[16.677238] (ublox_msgs) StdoutLine: {'line': b'-- Up-to-date: /home/amigo-pi/amigo_ros2_pi/install/ublox_msgs/share/ublox_msgs/msg/NavSAT.idl\n'}
[16.678298] (ublox_msgs) StdoutLine: {'line': b'-- Up-to-date: /home/amigo-pi/amigo_ros2_pi/install/ublox_msgs/share/ublox_msgs/msg/NavSATSV.idl\n'}
[16.680840] (ublox_msgs) StdoutLine: {'line': b'-- Up-to-date: /home/amigo-pi/amigo_ros2_pi/install/ublox_msgs/share/ublox_msgs/msg/NavSBAS.idl\n'}
[16.684756] (-) TimerEvent: {}
[16.686925] (ublox_msgs) StdoutLine: {'line': b'-- Up-to-date: /home/amigo-pi/amigo_ros2_pi/install/ublox_msgs/share/ublox_msgs/msg/NavSBASSV.idl\n'}
[16.688251] (ublox_msgs) StdoutLine: {'line': b'-- Up-to-date: /home/amigo-pi/amigo_ros2_pi/install/ublox_msgs/share/ublox_msgs/msg/NavSOL.idl\n'}
[16.689510] (ublox_msgs) StdoutLine: {'line': b'-- Up-to-date: /home/amigo-pi/amigo_ros2_pi/install/ublox_msgs/share/ublox_msgs/msg/NavSTATUS.idl\n'}
[16.690207] (ublox_msgs) StdoutLine: {'line': b'-- Up-to-date: /home/amigo-pi/amigo_ros2_pi/install/ublox_msgs/share/ublox_msgs/msg/NavSVINFO.idl\n'}
[16.690990] (ublox_msgs) StdoutLine: {'line': b'-- Up-to-date: /home/amigo-pi/amigo_ros2_pi/install/ublox_msgs/share/ublox_msgs/msg/NavSVINFOSV.idl\n'}
[16.691872] (ublox_msgs) StdoutLine: {'line': b'-- Up-to-date: /home/amigo-pi/amigo_ros2_pi/install/ublox_msgs/share/ublox_msgs/msg/NavSVIN.idl\n'}
[16.692444] (ublox_msgs) StdoutLine: {'line': b'-- Up-to-date: /home/amigo-pi/amigo_ros2_pi/install/ublox_msgs/share/ublox_msgs/msg/NavTIMEGPS.idl\n'}
[16.693088] (ublox_msgs) StdoutLine: {'line': b'-- Up-to-date: /home/amigo-pi/amigo_ros2_pi/install/ublox_msgs/share/ublox_msgs/msg/NavTIMEUTC.idl\n'}
[16.693507] (ublox_msgs) StdoutLine: {'line': b'-- Up-to-date: /home/amigo-pi/amigo_ros2_pi/install/ublox_msgs/share/ublox_msgs/msg/NavVELECEF.idl\n'}
[16.693870] (ublox_msgs) StdoutLine: {'line': b'-- Up-to-date: /home/amigo-pi/amigo_ros2_pi/install/ublox_msgs/share/ublox_msgs/msg/NavVELNED.idl\n'}
[16.694442] (ublox_msgs) StdoutLine: {'line': b'-- Up-to-date: /home/amigo-pi/amigo_ros2_pi/install/ublox_msgs/share/ublox_msgs/msg/RxmALM.idl\n'}
[16.695262] (ublox_msgs) StdoutLine: {'line': b'-- Up-to-date: /home/amigo-pi/amigo_ros2_pi/install/ublox_msgs/share/ublox_msgs/msg/RxmEPH.idl\n'}
[16.695962] (ublox_msgs) StdoutLine: {'line': b'-- Up-to-date: /home/amigo-pi/amigo_ros2_pi/install/ublox_msgs/share/ublox_msgs/msg/RxmRAW.idl\n'}
[16.696502] (ublox_msgs) StdoutLine: {'line': b'-- Up-to-date: /home/amigo-pi/amigo_ros2_pi/install/ublox_msgs/share/ublox_msgs/msg/RxmRAWSV.idl\n'}
[16.697604] (ublox_msgs) StdoutLine: {'line': b'-- Up-to-date: /home/amigo-pi/amigo_ros2_pi/install/ublox_msgs/share/ublox_msgs/msg/RxmRAWXMeas.idl\n'}
[16.698586] (ublox_msgs) StdoutLine: {'line': b'-- Up-to-date: /home/amigo-pi/amigo_ros2_pi/install/ublox_msgs/share/ublox_msgs/msg/RxmRAWX.idl\n'}
[16.699790] (ublox_msgs) StdoutLine: {'line': b'-- Up-to-date: /home/amigo-pi/amigo_ros2_pi/install/ublox_msgs/share/ublox_msgs/msg/RxmRTCM.idl\n'}
[16.701068] (ublox_msgs) StdoutLine: {'line': b'-- Up-to-date: /home/amigo-pi/amigo_ros2_pi/install/ublox_msgs/share/ublox_msgs/msg/RxmSFRB.idl\n'}
[16.701700] (ublox_msgs) StdoutLine: {'line': b'-- Up-to-date: /home/amigo-pi/amigo_ros2_pi/install/ublox_msgs/share/ublox_msgs/msg/RxmSFRBX.idl\n'}
[16.702205] (ublox_msgs) StdoutLine: {'line': b'-- Up-to-date: /home/amigo-pi/amigo_ros2_pi/install/ublox_msgs/share/ublox_msgs/msg/RxmSVSI.idl\n'}
[16.702703] (ublox_msgs) StdoutLine: {'line': b'-- Up-to-date: /home/amigo-pi/amigo_ros2_pi/install/ublox_msgs/share/ublox_msgs/msg/RxmSVSISV.idl\n'}
[16.703132] (ublox_msgs) StdoutLine: {'line': b'-- Up-to-date: /home/amigo-pi/amigo_ros2_pi/install/ublox_msgs/share/ublox_msgs/msg/TimTM2.idl\n'}
[16.703602] (ublox_msgs) StdoutLine: {'line': b'-- Up-to-date: /home/amigo-pi/amigo_ros2_pi/install/ublox_msgs/share/ublox_msgs/msg/UpdSOSAck.idl\n'}
[16.704228] (ublox_msgs) StdoutLine: {'line': b'-- Up-to-date: /home/amigo-pi/amigo_ros2_pi/install/ublox_msgs/share/ublox_msgs/msg/UpdSOS.idl\n'}
[16.704902] (ublox_msgs) StdoutLine: {'line': b'-- Up-to-date: /home/amigo-pi/amigo_ros2_pi/install/ublox_msgs/share/ublox_msgs/msg/Ack.msg\n'}
[16.706043] (ublox_msgs) StdoutLine: {'line': b'-- Up-to-date: /home/amigo-pi/amigo_ros2_pi/install/ublox_msgs/share/ublox_msgs/msg/AidALM.msg\n'}
[16.706733] (ublox_msgs) StdoutLine: {'line': b'-- Up-to-date: /home/amigo-pi/amigo_ros2_pi/install/ublox_msgs/share/ublox_msgs/msg/AidEPH.msg\n'}
[16.707115] (ublox_msgs) StdoutLine: {'line': b'-- Up-to-date: /home/amigo-pi/amigo_ros2_pi/install/ublox_msgs/share/ublox_msgs/msg/AidHUI.msg\n'}
[16.707500] (ublox_msgs) StdoutLine: {'line': b'-- Up-to-date: /home/amigo-pi/amigo_ros2_pi/install/ublox_msgs/share/ublox_msgs/msg/CfgANT.msg\n'}
[16.707890] (ublox_msgs) StdoutLine: {'line': b'-- Up-to-date: /home/amigo-pi/amigo_ros2_pi/install/ublox_msgs/share/ublox_msgs/msg/CfgCFG.msg\n'}
[16.708311] (ublox_msgs) StdoutLine: {'line': b'-- Up-to-date: /home/amigo-pi/amigo_ros2_pi/install/ublox_msgs/share/ublox_msgs/msg/CfgDAT.msg\n'}
[16.708856] (ublox_msgs) StdoutLine: {'line': b'-- Up-to-date: /home/amigo-pi/amigo_ros2_pi/install/ublox_msgs/share/ublox_msgs/msg/CfgDGNSS.msg\n'}
[16.709311] (ublox_msgs) StdoutLine: {'line': b'-- Up-to-date: /home/amigo-pi/amigo_ros2_pi/install/ublox_msgs/share/ublox_msgs/msg/CfgGNSSBlock.msg\n'}
[16.709676] (ublox_msgs) StdoutLine: {'line': b'-- Up-to-date: /home/amigo-pi/amigo_ros2_pi/install/ublox_msgs/share/ublox_msgs/msg/CfgGNSS.msg\n'}
[16.710106] (ublox_msgs) StdoutLine: {'line': b'-- Up-to-date: /home/amigo-pi/amigo_ros2_pi/install/ublox_msgs/share/ublox_msgs/msg/CfgHNR.msg\n'}
[16.710503] (ublox_msgs) StdoutLine: {'line': b'-- Up-to-date: /home/amigo-pi/amigo_ros2_pi/install/ublox_msgs/share/ublox_msgs/msg/CfgINFBlock.msg\n'}
[16.710995] (ublox_msgs) StdoutLine: {'line': b'-- Up-to-date: /home/amigo-pi/amigo_ros2_pi/install/ublox_msgs/share/ublox_msgs/msg/CfgINF.msg\n'}
[16.711588] (ublox_msgs) StdoutLine: {'line': b'-- Up-to-date: /home/amigo-pi/amigo_ros2_pi/install/ublox_msgs/share/ublox_msgs/msg/CfgMSG.msg\n'}
[16.712218] (ublox_msgs) StdoutLine: {'line': b'-- Up-to-date: /home/amigo-pi/amigo_ros2_pi/install/ublox_msgs/share/ublox_msgs/msg/CfgNAV5.msg\n'}
[16.712781] (ublox_msgs) StdoutLine: {'line': b'-- Up-to-date: /home/amigo-pi/amigo_ros2_pi/install/ublox_msgs/share/ublox_msgs/msg/CfgNAVX5.msg\n'}
[16.713245] (ublox_msgs) StdoutLine: {'line': b'-- Up-to-date: /home/amigo-pi/amigo_ros2_pi/install/ublox_msgs/share/ublox_msgs/msg/CfgNMEA6.msg\n'}
[16.713831] (ublox_msgs) StdoutLine: {'line': b'-- Up-to-date: /home/amigo-pi/amigo_ros2_pi/install/ublox_msgs/share/ublox_msgs/msg/CfgNMEA7.msg\n'}
[16.714636] (ublox_msgs) StdoutLine: {'line': b'-- Up-to-date: /home/amigo-pi/amigo_ros2_pi/install/ublox_msgs/share/ublox_msgs/msg/CfgNMEA.msg\n'}
[16.715505] (ublox_msgs) StdoutLine: {'line': b'-- Up-to-date: /home/amigo-pi/amigo_ros2_pi/install/ublox_msgs/share/ublox_msgs/msg/CfgPRT.msg\n'}
[16.716412] (ublox_msgs) StdoutLine: {'line': b'-- Up-to-date: /home/amigo-pi/amigo_ros2_pi/install/ublox_msgs/share/ublox_msgs/msg/CfgRATE.msg\n'}
[16.717958] (ublox_msgs) StdoutLine: {'line': b'-- Up-to-date: /home/amigo-pi/amigo_ros2_pi/install/ublox_msgs/share/ublox_msgs/msg/CfgRST.msg\n'}
[16.719115] (ublox_msgs) StdoutLine: {'line': b'-- Up-to-date: /home/amigo-pi/amigo_ros2_pi/install/ublox_msgs/share/ublox_msgs/msg/CfgSBAS.msg\n'}
[16.719847] (ublox_msgs) StdoutLine: {'line': b'-- Up-to-date: /home/amigo-pi/amigo_ros2_pi/install/ublox_msgs/share/ublox_msgs/msg/CfgTMODE3.msg\n'}
[16.720305] (ublox_msgs) StdoutLine: {'line': b'-- Up-to-date: /home/amigo-pi/amigo_ros2_pi/install/ublox_msgs/share/ublox_msgs/msg/CfgUSB.msg\n'}
[16.721173] (ublox_msgs) StdoutLine: {'line': b'-- Up-to-date: /home/amigo-pi/amigo_ros2_pi/install/ublox_msgs/share/ublox_msgs/msg/EsfINS.msg\n'}
[16.722631] (ublox_msgs) StdoutLine: {'line': b'-- Up-to-date: /home/amigo-pi/amigo_ros2_pi/install/ublox_msgs/share/ublox_msgs/msg/EsfMEAS.msg\n'}
[16.724132] (ublox_msgs) StdoutLine: {'line': b'-- Up-to-date: /home/amigo-pi/amigo_ros2_pi/install/ublox_msgs/share/ublox_msgs/msg/EsfRAWBlock.msg\n'}
[16.725450] (ublox_msgs) StdoutLine: {'line': b'-- Up-to-date: /home/amigo-pi/amigo_ros2_pi/install/ublox_msgs/share/ublox_msgs/msg/EsfRAW.msg\n'}
[16.726007] (ublox_msgs) StdoutLine: {'line': b'-- Up-to-date: /home/amigo-pi/amigo_ros2_pi/install/ublox_msgs/share/ublox_msgs/msg/EsfSTATUS.msg\n'}
[16.726468] (ublox_msgs) StdoutLine: {'line': b'-- Up-to-date: /home/amigo-pi/amigo_ros2_pi/install/ublox_msgs/share/ublox_msgs/msg/EsfSTATUSSens.msg\n'}
[16.726823] (ublox_msgs) StdoutLine: {'line': b'-- Up-to-date: /home/amigo-pi/amigo_ros2_pi/install/ublox_msgs/share/ublox_msgs/msg/HnrPVT.msg\n'}
[16.727335] (ublox_msgs) StdoutLine: {'line': b'-- Up-to-date: /home/amigo-pi/amigo_ros2_pi/install/ublox_msgs/share/ublox_msgs/msg/Inf.msg\n'}
[16.727914] (ublox_msgs) StdoutLine: {'line': b'-- Up-to-date: /home/amigo-pi/amigo_ros2_pi/install/ublox_msgs/share/ublox_msgs/msg/MgaGAL.msg\n'}
[16.728413] (ublox_msgs) StdoutLine: {'line': b'-- Up-to-date: /home/amigo-pi/amigo_ros2_pi/install/ublox_msgs/share/ublox_msgs/msg/MonGNSS.msg\n'}
[16.729589] (camera_control) CommandEnded: {'returncode': 0}
[16.732394] (ublox_msgs) StdoutLine: {'line': b'-- Up-to-date: /home/amigo-pi/amigo_ros2_pi/install/ublox_msgs/share/ublox_msgs/msg/MonHW6.msg\n'}
[16.733417] (ublox_msgs) StdoutLine: {'line': b'-- Up-to-date: /home/amigo-pi/amigo_ros2_pi/install/ublox_msgs/share/ublox_msgs/msg/MonHW.msg\n'}
[16.734094] (ublox_msgs) StdoutLine: {'line': b'-- Up-to-date: /home/amigo-pi/amigo_ros2_pi/install/ublox_msgs/share/ublox_msgs/msg/MonVERExtension.msg\n'}
[16.734491] (ublox_msgs) StdoutLine: {'line': b'-- Up-to-date: /home/amigo-pi/amigo_ros2_pi/install/ublox_msgs/share/ublox_msgs/msg/MonVER.msg\n'}
[16.734781] (ublox_msgs) StdoutLine: {'line': b'-- Up-to-date: /home/amigo-pi/amigo_ros2_pi/install/ublox_msgs/share/ublox_msgs/msg/NavATT.msg\n'}
[16.735196] (ublox_msgs) StdoutLine: {'line': b'-- Up-to-date: /home/amigo-pi/amigo_ros2_pi/install/ublox_msgs/share/ublox_msgs/msg/NavCLOCK.msg\n'}
[16.735796] (ublox_msgs) StdoutLine: {'line': b'-- Up-to-date: /home/amigo-pi/amigo_ros2_pi/install/ublox_msgs/share/ublox_msgs/msg/NavDGPS.msg\n'}
[16.736342] (ublox_msgs) StdoutLine: {'line': b'-- Up-to-date: /home/amigo-pi/amigo_ros2_pi/install/ublox_msgs/share/ublox_msgs/msg/NavDGPSSV.msg\n'}
[16.736867] (ublox_msgs) StdoutLine: {'line': b'-- Up-to-date: /home/amigo-pi/amigo_ros2_pi/install/ublox_msgs/share/ublox_msgs/msg/NavDOP.msg\n'}
[16.737155] (ublox_msgs) StdoutLine: {'line': b'-- Up-to-date: /home/amigo-pi/amigo_ros2_pi/install/ublox_msgs/share/ublox_msgs/msg/NavPOSECEF.msg\n'}
[16.737408] (ublox_msgs) StdoutLine: {'line': b'-- Up-to-date: /home/amigo-pi/amigo_ros2_pi/install/ublox_msgs/share/ublox_msgs/msg/NavPOSLLH.msg\n'}
[16.737655] (ublox_msgs) StdoutLine: {'line': b'-- Up-to-date: /home/amigo-pi/amigo_ros2_pi/install/ublox_msgs/share/ublox_msgs/msg/NavPVT7.msg\n'}
[16.737982] (ublox_msgs) StdoutLine: {'line': b'-- Up-to-date: /home/amigo-pi/amigo_ros2_pi/install/ublox_msgs/share/ublox_msgs/msg/NavPVT.msg\n'}
[16.738364] (ublox_msgs) StdoutLine: {'line': b'-- Up-to-date: /home/amigo-pi/amigo_ros2_pi/install/ublox_msgs/share/ublox_msgs/msg/NavRELPOSNED9.msg\n'}
[16.738659] (ublox_msgs) StdoutLine: {'line': b'-- Up-to-date: /home/amigo-pi/amigo_ros2_pi/install/ublox_msgs/share/ublox_msgs/msg/NavRELPOSNED.msg\n'}
[16.738923] (ublox_msgs) StdoutLine: {'line': b'-- Up-to-date: /home/amigo-pi/amigo_ros2_pi/install/ublox_msgs/share/ublox_msgs/msg/NavSAT.msg\n'}
[16.739198] (ublox_msgs) StdoutLine: {'line': b'-- Up-to-date: /home/amigo-pi/amigo_ros2_pi/install/ublox_msgs/share/ublox_msgs/msg/NavSATSV.msg\n'}
[16.739487] (ublox_msgs) StdoutLine: {'line': b'-- Up-to-date: /home/amigo-pi/amigo_ros2_pi/install/ublox_msgs/share/ublox_msgs/msg/NavSBAS.msg\n'}
[16.739780] (ublox_msgs) StdoutLine: {'line': b'-- Up-to-date: /home/amigo-pi/amigo_ros2_pi/install/ublox_msgs/share/ublox_msgs/msg/NavSBASSV.msg\n'}
[16.740069] (ublox_msgs) StdoutLine: {'line': b'-- Up-to-date: /home/amigo-pi/amigo_ros2_pi/install/ublox_msgs/share/ublox_msgs/msg/NavSOL.msg\n'}
[16.740444] (ublox_msgs) StdoutLine: {'line': b'-- Up-to-date: /home/amigo-pi/amigo_ros2_pi/install/ublox_msgs/share/ublox_msgs/msg/NavSTATUS.msg\n'}
[16.740935] (ublox_msgs) StdoutLine: {'line': b'-- Up-to-date: /home/amigo-pi/amigo_ros2_pi/install/ublox_msgs/share/ublox_msgs/msg/NavSVINFO.msg\n'}
[16.741279] (ublox_msgs) StdoutLine: {'line': b'-- Up-to-date: /home/amigo-pi/amigo_ros2_pi/install/ublox_msgs/share/ublox_msgs/msg/NavSVINFOSV.msg\n'}
[16.741561] (ublox_msgs) StdoutLine: {'line': b'-- Up-to-date: /home/amigo-pi/amigo_ros2_pi/install/ublox_msgs/share/ublox_msgs/msg/NavSVIN.msg\n'}
[16.741922] (ublox_msgs) StdoutLine: {'line': b'-- Up-to-date: /home/amigo-pi/amigo_ros2_pi/install/ublox_msgs/share/ublox_msgs/msg/NavTIMEGPS.msg\n'}
[16.742308] (ublox_msgs) StdoutLine: {'line': b'-- Up-to-date: /home/amigo-pi/amigo_ros2_pi/install/ublox_msgs/share/ublox_msgs/msg/NavTIMEUTC.msg\n'}
[16.742647] (ublox_msgs) StdoutLine: {'line': b'-- Up-to-date: /home/amigo-pi/amigo_ros2_pi/install/ublox_msgs/share/ublox_msgs/msg/NavVELECEF.msg\n'}
[16.742949] (ublox_msgs) StdoutLine: {'line': b'-- Up-to-date: /home/amigo-pi/amigo_ros2_pi/install/ublox_msgs/share/ublox_msgs/msg/NavVELNED.msg\n'}
[16.743266] (ublox_msgs) StdoutLine: {'line': b'-- Up-to-date: /home/amigo-pi/amigo_ros2_pi/install/ublox_msgs/share/ublox_msgs/msg/RxmALM.msg\n'}
[16.743552] (ublox_msgs) StdoutLine: {'line': b'-- Up-to-date: /home/amigo-pi/amigo_ros2_pi/install/ublox_msgs/share/ublox_msgs/msg/RxmEPH.msg\n'}
[16.743979] (ublox_msgs) StdoutLine: {'line': b'-- Up-to-date: /home/amigo-pi/amigo_ros2_pi/install/ublox_msgs/share/ublox_msgs/msg/RxmRAW.msg\n'}
[16.744763] (ublox_msgs) StdoutLine: {'line': b'-- Up-to-date: /home/amigo-pi/amigo_ros2_pi/install/ublox_msgs/share/ublox_msgs/msg/RxmRAWSV.msg\n'}
[16.745377] (ublox_msgs) StdoutLine: {'line': b'-- Up-to-date: /home/amigo-pi/amigo_ros2_pi/install/ublox_msgs/share/ublox_msgs/msg/RxmRAWXMeas.msg\n'}
[16.746019] (ublox_msgs) StdoutLine: {'line': b'-- Up-to-date: /home/amigo-pi/amigo_ros2_pi/install/ublox_msgs/share/ublox_msgs/msg/RxmRAWX.msg\n'}
[16.746470] (ublox_msgs) StdoutLine: {'line': b'-- Up-to-date: /home/amigo-pi/amigo_ros2_pi/install/ublox_msgs/share/ublox_msgs/msg/RxmRTCM.msg\n'}
[16.746844] (ublox_msgs) StdoutLine: {'line': b'-- Up-to-date: /home/amigo-pi/amigo_ros2_pi/install/ublox_msgs/share/ublox_msgs/msg/RxmSFRB.msg\n'}
[16.747192] (ublox_msgs) StdoutLine: {'line': b'-- Up-to-date: /home/amigo-pi/amigo_ros2_pi/install/ublox_msgs/share/ublox_msgs/msg/RxmSFRBX.msg\n'}
[16.747740] (ublox_msgs) StdoutLine: {'line': b'-- Up-to-date: /home/amigo-pi/amigo_ros2_pi/install/ublox_msgs/share/ublox_msgs/msg/RxmSVSI.msg\n'}
[16.748135] (ublox_msgs) StdoutLine: {'line': b'-- Up-to-date: /home/amigo-pi/amigo_ros2_pi/install/ublox_msgs/share/ublox_msgs/msg/RxmSVSISV.msg\n'}
[16.748760] (ublox_msgs) StdoutLine: {'line': b'-- Up-to-date: /home/amigo-pi/amigo_ros2_pi/install/ublox_msgs/share/ublox_msgs/msg/TimTM2.msg\n'}
[16.749128] (ublox_msgs) StdoutLine: {'line': b'-- Up-to-date: /home/amigo-pi/amigo_ros2_pi/install/ublox_msgs/share/ublox_msgs/msg/UpdSOSAck.msg\n'}
[16.749671] (ublox_msgs) StdoutLine: {'line': b'-- Up-to-date: /home/amigo-pi/amigo_ros2_pi/install/ublox_msgs/share/ublox_msgs/msg/UpdSOS.msg\n'}
[16.750153] (ublox_msgs) StdoutLine: {'line': b'-- Up-to-date: /home/amigo-pi/amigo_ros2_pi/install/ublox_msgs/lib/libublox_msgs_lib.so\n'}
[16.750617] (ublox_msgs) StdoutLine: {'line': b'-- Up-to-date: /home/amigo-pi/amigo_ros2_pi/install/ublox_msgs/include\n'}
[16.751008] (ublox_msgs) StdoutLine: {'line': b'-- Up-to-date: /home/amigo-pi/amigo_ros2_pi/install/ublox_msgs/include/ublox_msgs\n'}
[16.751404] (ublox_msgs) StdoutLine: {'line': b'-- Up-to-date: /home/amigo-pi/amigo_ros2_pi/install/ublox_msgs/include/ublox_msgs/ublox_msgs.hpp\n'}
[16.752220] (ublox_msgs) StdoutLine: {'line': b'-- Up-to-date: /home/amigo-pi/amigo_ros2_pi/install/ublox_msgs/include/ublox_msgs/serialization.hpp\n'}
[16.753301] (ublox_msgs) StdoutLine: {'line': b'-- Up-to-date: /home/amigo-pi/amigo_ros2_pi/install/ublox_msgs/share/ament_index/resource_index/package_run_dependencies/ublox_msgs\n'}
[16.754074] (ublox_msgs) StdoutLine: {'line': b'-- Up-to-date: /home/amigo-pi/amigo_ros2_pi/install/ublox_msgs/share/ament_index/resource_index/parent_prefix_path/ublox_msgs\n'}
[16.754594] (ublox_msgs) StdoutLine: {'line': b'-- Up-to-date: /home/amigo-pi/amigo_ros2_pi/install/ublox_msgs/share/ublox_msgs/environment/ament_prefix_path.sh\n'}
[16.754955] (ublox_msgs) StdoutLine: {'line': b'-- Up-to-date: /home/amigo-pi/amigo_ros2_pi/install/ublox_msgs/share/ublox_msgs/environment/ament_prefix_path.dsv\n'}
[16.755374] (ublox_msgs) StdoutLine: {'line': b'-- Up-to-date: /home/amigo-pi/amigo_ros2_pi/install/ublox_msgs/share/ublox_msgs/environment/path.sh\n'}
[16.755647] (ublox_msgs) StdoutLine: {'line': b'-- Up-to-date: /home/amigo-pi/amigo_ros2_pi/install/ublox_msgs/share/ublox_msgs/environment/path.dsv\n'}
[16.756162] (ublox_msgs) StdoutLine: {'line': b'-- Up-to-date: /home/amigo-pi/amigo_ros2_pi/install/ublox_msgs/share/ublox_msgs/local_setup.bash\n'}
[16.756555] (ublox_msgs) StdoutLine: {'line': b'-- Up-to-date: /home/amigo-pi/amigo_ros2_pi/install/ublox_msgs/share/ublox_msgs/local_setup.sh\n'}
[16.756922] (ublox_msgs) StdoutLine: {'line': b'-- Up-to-date: /home/amigo-pi/amigo_ros2_pi/install/ublox_msgs/share/ublox_msgs/local_setup.zsh\n'}
[16.757316] (ublox_msgs) StdoutLine: {'line': b'-- Up-to-date: /home/amigo-pi/amigo_ros2_pi/install/ublox_msgs/share/ublox_msgs/local_setup.dsv\n'}
[16.757776] (ublox_msgs) StdoutLine: {'line': b'-- Installing: /home/amigo-pi/amigo_ros2_pi/install/ublox_msgs/share/ublox_msgs/package.dsv\n'}
[16.758149] (ublox_msgs) StdoutLine: {'line': b'-- Up-to-date: /home/amigo-pi/amigo_ros2_pi/install/ublox_msgs/share/ament_index/resource_index/packages/ublox_msgs\n'}
[16.758508] (ublox_msgs) StdoutLine: {'line': b'-- Up-to-date: /home/amigo-pi/amigo_ros2_pi/install/ublox_msgs/share/ublox_msgs/cmake/export_ublox_msgs__rosidl_generator_cExport.cmake\n'}
[16.758948] (ublox_msgs) StdoutLine: {'line': b'-- Up-to-date: /home/amigo-pi/amigo_ros2_pi/install/ublox_msgs/share/ublox_msgs/cmake/export_ublox_msgs__rosidl_generator_cExport-noconfig.cmake\n'}
[16.759279] (ublox_msgs) StdoutLine: {'line': b'-- Up-to-date: /home/amigo-pi/amigo_ros2_pi/install/ublox_msgs/share/ublox_msgs/cmake/export_ublox_msgs__rosidl_typesupport_fastrtps_cExport.cmake\n'}
[16.759608] (ublox_msgs) StdoutLine: {'line': b'-- Up-to-date: /home/amigo-pi/amigo_ros2_pi/install/ublox_msgs/share/ublox_msgs/cmake/export_ublox_msgs__rosidl_typesupport_fastrtps_cExport-noconfig.cmake\n'}
[16.759925] (ublox_msgs) StdoutLine: {'line': b'-- Up-to-date: /home/amigo-pi/amigo_ros2_pi/install/ublox_msgs/share/ublox_msgs/cmake/ublox_msgs__rosidl_typesupport_introspection_cExport.cmake\n'}
[16.760360] (ublox_msgs) StdoutLine: {'line': b'-- Up-to-date: /home/amigo-pi/amigo_ros2_pi/install/ublox_msgs/share/ublox_msgs/cmake/ublox_msgs__rosidl_typesupport_introspection_cExport-noconfig.cmake\n'}
[16.760912] (ublox_msgs) StdoutLine: {'line': b'-- Up-to-date: /home/amigo-pi/amigo_ros2_pi/install/ublox_msgs/share/ublox_msgs/cmake/ublox_msgs__rosidl_typesupport_cExport.cmake\n'}
[16.761659] (ublox_msgs) StdoutLine: {'line': b'-- Up-to-date: /home/amigo-pi/amigo_ros2_pi/install/ublox_msgs/share/ublox_msgs/cmake/ublox_msgs__rosidl_typesupport_cExport-noconfig.cmake\n'}
[16.762505] (ublox_msgs) StdoutLine: {'line': b'-- Up-to-date: /home/amigo-pi/amigo_ros2_pi/install/ublox_msgs/share/ublox_msgs/cmake/export_ublox_msgs__rosidl_generator_cppExport.cmake\n'}
[16.763147] (ublox_msgs) StdoutLine: {'line': b'-- Up-to-date: /home/amigo-pi/amigo_ros2_pi/install/ublox_msgs/share/ublox_msgs/cmake/export_ublox_msgs__rosidl_typesupport_fastrtps_cppExport.cmake\n'}
[16.763761] (ublox_msgs) StdoutLine: {'line': b'-- Up-to-date: /home/amigo-pi/amigo_ros2_pi/install/ublox_msgs/share/ublox_msgs/cmake/export_ublox_msgs__rosidl_typesupport_fastrtps_cppExport-noconfig.cmake\n'}
[16.764357] (ublox_msgs) StdoutLine: {'line': b'-- Up-to-date: /home/amigo-pi/amigo_ros2_pi/install/ublox_msgs/share/ublox_msgs/cmake/ublox_msgs__rosidl_typesupport_introspection_cppExport.cmake\n'}
[16.765155] (ublox_msgs) StdoutLine: {'line': b'-- Up-to-date: /home/amigo-pi/amigo_ros2_pi/install/ublox_msgs/share/ublox_msgs/cmake/ublox_msgs__rosidl_typesupport_introspection_cppExport-noconfig.cmake\n'}
[16.765930] (ublox_msgs) StdoutLine: {'line': b'-- Up-to-date: /home/amigo-pi/amigo_ros2_pi/install/ublox_msgs/share/ublox_msgs/cmake/ublox_msgs__rosidl_typesupport_cppExport.cmake\n'}
[16.767079] (ublox_msgs) StdoutLine: {'line': b'-- Up-to-date: /home/amigo-pi/amigo_ros2_pi/install/ublox_msgs/share/ublox_msgs/cmake/ublox_msgs__rosidl_typesupport_cppExport-noconfig.cmake\n'}
[16.767840] (ublox_msgs) StdoutLine: {'line': b'-- Up-to-date: /home/amigo-pi/amigo_ros2_pi/install/ublox_msgs/share/ublox_msgs/cmake/export_ublox_msgs__rosidl_generator_pyExport.cmake\n'}
[16.768308] (ublox_msgs) StdoutLine: {'line': b'-- Up-to-date: /home/amigo-pi/amigo_ros2_pi/install/ublox_msgs/share/ublox_msgs/cmake/export_ublox_msgs__rosidl_generator_pyExport-noconfig.cmake\n'}
[16.768844] (ublox_msgs) StdoutLine: {'line': b'-- Up-to-date: /home/amigo-pi/amigo_ros2_pi/install/ublox_msgs/share/ublox_msgs/cmake/ublox_msgs_libExport.cmake\n'}
[16.769181] (ublox_msgs) StdoutLine: {'line': b'-- Up-to-date: /home/amigo-pi/amigo_ros2_pi/install/ublox_msgs/share/ublox_msgs/cmake/ublox_msgs_libExport-noconfig.cmake\n'}
[16.769559] (ublox_msgs) StdoutLine: {'line': b'-- Up-to-date: /home/amigo-pi/amigo_ros2_pi/install/ublox_msgs/share/ublox_msgs/cmake/rosidl_cmake-extras.cmake\n'}
[16.769960] (camera_control) JobEnded: {'identifier': 'camera_control', 'rc': 0}
[16.771550] (ublox_msgs) StdoutLine: {'line': b'-- Up-to-date: /home/amigo-pi/amigo_ros2_pi/install/ublox_msgs/share/ublox_msgs/cmake/ament_cmake_export_dependencies-extras.cmake\n'}
[16.771972] (ublox_msgs) StdoutLine: {'line': b'-- Up-to-date: /home/amigo-pi/amigo_ros2_pi/install/ublox_msgs/share/ublox_msgs/cmake/ament_cmake_export_include_directories-extras.cmake\n'}
[16.772305] (ublox_msgs) StdoutLine: {'line': b'-- Up-to-date: /home/amigo-pi/amigo_ros2_pi/install/ublox_msgs/share/ublox_msgs/cmake/ament_cmake_export_libraries-extras.cmake\n'}
[16.772683] (ublox_msgs) StdoutLine: {'line': b'-- Up-to-date: /home/amigo-pi/amigo_ros2_pi/install/ublox_msgs/share/ublox_msgs/cmake/ament_cmake_export_targets-extras.cmake\n'}
[16.773018] (ublox_msgs) StdoutLine: {'line': b'-- Up-to-date: /home/amigo-pi/amigo_ros2_pi/install/ublox_msgs/share/ublox_msgs/cmake/rosidl_cmake_export_typesupport_targets-extras.cmake\n'}
[16.773283] (ublox_msgs) StdoutLine: {'line': b'-- Up-to-date: /home/amigo-pi/amigo_ros2_pi/install/ublox_msgs/share/ublox_msgs/cmake/rosidl_cmake_export_typesupport_libraries-extras.cmake\n'}
[16.773539] (ublox_msgs) StdoutLine: {'line': b'-- Up-to-date: /home/amigo-pi/amigo_ros2_pi/install/ublox_msgs/share/ublox_msgs/cmake/ublox_msgsConfig.cmake\n'}
[16.773795] (ublox_msgs) StdoutLine: {'line': b'-- Up-to-date: /home/amigo-pi/amigo_ros2_pi/install/ublox_msgs/share/ublox_msgs/cmake/ublox_msgsConfig-version.cmake\n'}
[16.774130] (ublox_msgs) StdoutLine: {'line': b'-- Up-to-date: /home/amigo-pi/amigo_ros2_pi/install/ublox_msgs/share/ublox_msgs/package.xml\n'}
[16.774377] (ublox_msgs) CommandEnded: {'returncode': 0}
[16.786418] (-) TimerEvent: {}
[16.840499] (ublox_msgs) JobEnded: {'identifier': 'ublox_msgs', 'rc': 0}
[16.846912] (ublox_gps) JobStarted: {'identifier': 'ublox_gps'}
[16.886418] (-) TimerEvent: {}
[16.909475] (ublox_gps) JobProgress: {'identifier': 'ublox_gps', 'progress': 'cmake'}
[16.921181] (ublox_gps) JobProgress: {'identifier': 'ublox_gps', 'progress': 'build'}
[16.923007] (ublox_gps) Command: {'cmd': ['/usr/bin/cmake', '--build', '/home/amigo-pi/amigo_ros2_pi/build/ublox_gps', '--', '-j4', '-l4'], 'cwd': '/home/amigo-pi/amigo_ros2_pi/build/ublox_gps', 'env': OrderedDict([('LESSOPEN', '| /usr/bin/lesspipe %s'), ('USER', 'amigo-pi'), ('XDG_SESSION_TYPE', 'wayland'), ('SHLVL', '1'), ('LD_LIBRARY_PATH', '/home/amigo-pi/amigo_ros2_pi/install/ublox_msgs/lib:/opt/ros/humble/opt/rviz_ogre_vendor/lib:/opt/ros/humble/lib/aarch64-linux-gnu:/opt/ros/humble/lib'), ('HOME', '/home/amigo-pi'), ('OLDPWD', '/home/amigo-pi/amigo_ros2_pi/src'), ('DESKTOP_SESSION', 'ubuntu'), ('ROS_PYTHON_VERSION', '3'), ('GNOME_SHELL_SESSION_MODE', 'ubuntu'), ('GTK_MODULES', 'gail:atk-bridge'), ('SYSTEMD_EXEC_PID', '1681'), ('DBUS_SESSION_BUS_ADDRESS', 'unix:path=/run/user/1000/bus'), ('COLORTERM', 'truecolor'), ('IM_CONFIG_PHASE', '1'), ('WAYLAND_DISPLAY', 'wayland-0'), ('ROS_DISTRO', 'humble'), ('LOGNAME', 'amigo-pi'), ('_', '/usr/bin/colcon'), ('ROS_VERSION', '2'), ('XDG_SESSION_CLASS', 'user'), ('USERNAME', 'amigo-pi'), ('TERM', 'xterm-256color'), ('GNOME_DESKTOP_SESSION_ID', 'this-is-deprecated'), ('ROS_LOCALHOST_ONLY', '0'), ('PATH', '/opt/ros/humble/bin:/home/amigo-pi/.local/bin:/usr/local/sbin:/usr/local/bin:/usr/sbin:/usr/bin:/sbin:/bin:/usr/games:/usr/local/games:/snap/bin:/snap/bin'), ('SESSION_MANAGER', 'local/amigopi-desktop:@/tmp/.ICE-unix/1650,unix/amigopi-desktop:/tmp/.ICE-unix/1650'), ('XDG_MENU_PREFIX', 'gnome-'), ('GNOME_TERMINAL_SCREEN', '/org/gnome/Terminal/screen/42db41e4_e572_4be7_8dfd_5cc5c4b7a37c'), ('GNOME_SETUP_DISPLAY', ':1'), ('XDG_RUNTIME_DIR', '/run/user/1000'), ('DISPLAY', ':0'), ('LANG', 'en_US.UTF-8'), ('XDG_CURRENT_DESKTOP', 'ubuntu:GNOME'), ('XMODIFIERS', '@im=ibus'), ('XDG_SESSION_DESKTOP', 'ubuntu'), ('XAUTHORITY', '/run/user/1000/.mutter-Xwaylandauth.UB4922'), ('LS_COLORS', 'rs=0:di=01;34:ln=01;36:mh=00:pi=40;33:so=01;35:do=01;35:bd=40;33;01:cd=40;33;01:or=40;31;01:mi=00:su=37;41:sg=30;43:ca=30;41:tw=30;42:ow=34;42:st=37;44:ex=01;32:*.tar=01;31:*.tgz=01;31:*.arc=01;31:*.arj=01;31:*.taz=01;31:*.lha=01;31:*.lz4=01;31:*.lzh=01;31:*.lzma=01;31:*.tlz=01;31:*.txz=01;31:*.tzo=01;31:*.t7z=01;31:*.zip=01;31:*.z=01;31:*.dz=01;31:*.gz=01;31:*.lrz=01;31:*.lz=01;31:*.lzo=01;31:*.xz=01;31:*.zst=01;31:*.tzst=01;31:*.bz2=01;31:*.bz=01;31:*.tbz=01;31:*.tbz2=01;31:*.tz=01;31:*.deb=01;31:*.rpm=01;31:*.jar=01;31:*.war=01;31:*.ear=01;31:*.sar=01;31:*.rar=01;31:*.alz=01;31:*.ace=01;31:*.zoo=01;31:*.cpio=01;31:*.7z=01;31:*.rz=01;31:*.cab=01;31:*.wim=01;31:*.swm=01;31:*.dwm=01;31:*.esd=01;31:*.jpg=01;35:*.jpeg=01;35:*.mjpg=01;35:*.mjpeg=01;35:*.gif=01;35:*.bmp=01;35:*.pbm=01;35:*.pgm=01;35:*.ppm=01;35:*.tga=01;35:*.xbm=01;35:*.xpm=01;35:*.tif=01;35:*.tiff=01;35:*.png=01;35:*.svg=01;35:*.svgz=01;35:*.mng=01;35:*.pcx=01;35:*.mov=01;35:*.mpg=01;35:*.mpeg=01;35:*.m2v=01;35:*.mkv=01;35:*.webm=01;35:*.webp=01;35:*.ogm=01;35:*.mp4=01;35:*.m4v=01;35:*.mp4v=01;35:*.vob=01;35:*.qt=01;35:*.nuv=01;35:*.wmv=01;35:*.asf=01;35:*.rm=01;35:*.rmvb=01;35:*.flc=01;35:*.avi=01;35:*.fli=01;35:*.flv=01;35:*.gl=01;35:*.dl=01;35:*.xcf=01;35:*.xwd=01;35:*.yuv=01;35:*.cgm=01;35:*.emf=01;35:*.ogv=01;35:*.ogx=01;35:*.aac=00;36:*.au=00;36:*.flac=00;36:*.m4a=00;36:*.mid=00;36:*.midi=00;36:*.mka=00;36:*.mp3=00;36:*.mpc=00;36:*.ogg=00;36:*.ra=00;36:*.wav=00;36:*.oga=00;36:*.opus=00;36:*.spx=00;36:*.xspf=00;36:'), ('GNOME_TERMINAL_SERVICE', ':1.104'), ('SSH_AGENT_LAUNCHER', 'gnome-keyring'), ('SSH_AUTH_SOCK', '/run/user/1000/keyring/ssh'), ('AMENT_PREFIX_PATH', '/home/amigo-pi/amigo_ros2_pi/install/ublox_msgs:/home/amigo-pi/amigo_ros2_pi/install/ublox_serialization:/opt/ros/humble'), ('SHELL', '/bin/bash'), ('QT_ACCESSIBILITY', '1'), ('GDMSESSION', 'ubuntu'), ('LESSCLOSE', '/usr/bin/lesspipe %s %s'), ('QT_IM_MODULE', 'ibus'), ('PWD', '/home/amigo-pi/amigo_ros2_pi/build/ublox_gps'), ('LC_ALL', 'en_US.UTF-8'), ('XDG_CONFIG_DIRS', '/etc/xdg/xdg-ubuntu:/etc/xdg'), ('XDG_DATA_DIRS', '/usr/share/ubuntu:/usr/local/share/:/usr/share/:/var/lib/snapd/desktop'), ('PYTHONPATH', '/home/amigo-pi/amigo_ros2_pi/install/ublox_msgs/local/lib/python3.10/dist-packages:/opt/ros/humble/lib/python3.10/site-packages:/opt/ros/humble/local/lib/python3.10/dist-packages'), ('COLCON', '1'), ('VTE_VERSION', '6800'), ('CMAKE_PREFIX_PATH', '/home/amigo-pi/amigo_ros2_pi/install/ublox_msgs:/home/amigo-pi/amigo_ros2_pi/install/ublox_serialization:/opt/ros/humble')]), 'shell': False}
[16.986780] (-) TimerEvent: {}
[17.088221] (-) TimerEvent: {}
[17.189356] (-) TimerEvent: {}
[17.237331] (ublox_gps) StdoutLine: {'line': b'\x1b[35m\x1b[1mConsolidate compiler generated dependencies of target ublox_gps\x1b[0m\n'}
[17.245475] (ublox_gps) StdoutLine: {'line': b'\x1b[35m\x1b[1mConsolidate compiler generated dependencies of target ublox_logger_node\x1b[0m\n'}
[17.289644] (-) TimerEvent: {}
[17.334468] (ublox_gps) StdoutLine: {'line': b'[  9%] \x1b[32mBuilding CXX object CMakeFiles/ublox_gps.dir/src/adr_udr_product.cpp.o\x1b[0m\n'}
[17.338410] (ublox_gps) StdoutLine: {'line': b'[  9%] \x1b[32mBuilding CXX object CMakeFiles/ublox_gps.dir/src/hp_pos_rec_product.cpp.o\x1b[0m\n'}
[17.342236] (ublox_gps) StdoutLine: {'line': b'[ 13%] \x1b[32mBuilding CXX object CMakeFiles/ublox_gps.dir/src/gps.cpp.o\x1b[0m\n'}
[17.391327] (-) TimerEvent: {}
[17.493272] (-) TimerEvent: {}
[17.543073] (ublox_gps) StdoutLine: {'line': b'[ 18%] \x1b[32mBuilding CXX object CMakeFiles/ublox_logger_node.dir/src/raw_data_pa.cpp.o\x1b[0m\n'}
[17.593488] (-) TimerEvent: {}
[17.694674] (-) TimerEvent: {}
[17.795816] (-) TimerEvent: {}
[17.897520] (-) TimerEvent: {}
[17.998874] (-) TimerEvent: {}
[18.100679] (-) TimerEvent: {}
[18.203257] (-) TimerEvent: {}
[18.306789] (-) TimerEvent: {}
[18.408085] (-) TimerEvent: {}
[18.510011] (-) TimerEvent: {}
[18.616252] (-) TimerEvent: {}
[18.721003] (-) TimerEvent: {}
[18.822277] (-) TimerEvent: {}
[18.923550] (-) TimerEvent: {}
[19.024775] (-) TimerEvent: {}
[19.125668] (-) TimerEvent: {}
[19.226427] (-) TimerEvent: {}
[19.327604] (-) TimerEvent: {}
[19.428932] (-) TimerEvent: {}
[19.530517] (-) TimerEvent: {}
[19.632257] (-) TimerEvent: {}
[19.734284] (-) TimerEvent: {}
[19.835984] (-) TimerEvent: {}
[19.937807] (-) TimerEvent: {}
[20.039171] (-) TimerEvent: {}
[20.140395] (-) TimerEvent: {}
[20.241670] (-) TimerEvent: {}
[20.344969] (-) TimerEvent: {}
[20.446470] (-) TimerEvent: {}
[20.547483] (-) TimerEvent: {}
[20.649269] (-) TimerEvent: {}
[20.750637] (-) TimerEvent: {}
[20.852177] (-) TimerEvent: {}
[20.954115] (-) TimerEvent: {}
[21.056280] (-) TimerEvent: {}
[21.158217] (-) TimerEvent: {}
[21.259984] (-) TimerEvent: {}
[21.360884] (-) TimerEvent: {}
[21.461753] (-) TimerEvent: {}
[21.567893] (-) TimerEvent: {}
[21.669650] (-) TimerEvent: {}
[21.771613] (-) TimerEvent: {}
[21.873447] (-) TimerEvent: {}
[21.975591] (-) TimerEvent: {}
[22.077406] (-) TimerEvent: {}
[22.179795] (-) TimerEvent: {}
[22.281232] (-) TimerEvent: {}
[22.382392] (-) TimerEvent: {}
[22.484323] (-) TimerEvent: {}
[22.585629] (-) TimerEvent: {}
[22.687247] (-) TimerEvent: {}
[22.789001] (-) TimerEvent: {}
[22.890930] (-) TimerEvent: {}
[22.997202] (-) TimerEvent: {}
[23.099274] (-) TimerEvent: {}
[23.200305] (-) TimerEvent: {}
[23.301527] (-) TimerEvent: {}
[23.402731] (-) TimerEvent: {}
[23.504788] (-) TimerEvent: {}
[23.607043] (-) TimerEvent: {}
[23.708824] (-) TimerEvent: {}
[23.817485] (-) TimerEvent: {}
[23.918311] (-) TimerEvent: {}
[24.019678] (-) TimerEvent: {}
[24.122343] (-) TimerEvent: {}
[24.224893] (-) TimerEvent: {}
[24.331601] (-) TimerEvent: {}
[24.433553] (-) TimerEvent: {}
[24.534813] (-) TimerEvent: {}
[24.636826] (-) TimerEvent: {}
[24.740614] (-) TimerEvent: {}
[24.841971] (-) TimerEvent: {}
[24.943943] (-) TimerEvent: {}
[25.045747] (-) TimerEvent: {}
[25.147346] (-) TimerEvent: {}
[25.248891] (-) TimerEvent: {}
[25.350483] (-) TimerEvent: {}
[25.456215] (-) TimerEvent: {}
[25.557517] (-) TimerEvent: {}
[25.663818] (-) TimerEvent: {}
[25.769356] (-) TimerEvent: {}
[25.870501] (-) TimerEvent: {}
[25.972609] (-) TimerEvent: {}
[26.074427] (-) TimerEvent: {}
[26.175732] (-) TimerEvent: {}
[26.277039] (-) TimerEvent: {}
[26.379420] (-) TimerEvent: {}
[26.481120] (-) TimerEvent: {}
[26.585672] (-) TimerEvent: {}
[26.687345] (-) TimerEvent: {}
[26.788762] (-) TimerEvent: {}
[26.891324] (-) TimerEvent: {}
[26.992501] (-) TimerEvent: {}
[27.094158] (-) TimerEvent: {}
[27.201351] (-) TimerEvent: {}
[27.304076] (-) TimerEvent: {}
[27.406421] (-) TimerEvent: {}
[27.508145] (-) TimerEvent: {}
[27.610605] (-) TimerEvent: {}
[27.712720] (-) TimerEvent: {}
[27.814958] (-) TimerEvent: {}
[27.916937] (-) TimerEvent: {}
[28.023855] (-) TimerEvent: {}
[28.125865] (-) TimerEvent: {}
[28.227831] (-) TimerEvent: {}
[28.329928] (-) TimerEvent: {}
[28.432003] (-) TimerEvent: {}
[28.534102] (-) TimerEvent: {}
[28.635275] (-) TimerEvent: {}
[28.737245] (-) TimerEvent: {}
[28.839586] (-) TimerEvent: {}
[28.943535] (-) TimerEvent: {}
[29.046621] (-) TimerEvent: {}
[29.152251] (-) TimerEvent: {}
[29.254356] (-) TimerEvent: {}
[29.356245] (-) TimerEvent: {}
[29.459828] (-) TimerEvent: {}
[29.562731] (-) TimerEvent: {}
[29.665065] (-) TimerEvent: {}
[29.766921] (-) TimerEvent: {}
[29.870198] (-) TimerEvent: {}
[29.973437] (-) TimerEvent: {}
[30.076803] (-) TimerEvent: {}
[30.179300] (-) TimerEvent: {}
[30.281932] (-) TimerEvent: {}
[30.384360] (-) TimerEvent: {}
[30.488375] (-) TimerEvent: {}
[30.591408] (-) TimerEvent: {}
[30.694357] (-) TimerEvent: {}
[30.797560] (-) TimerEvent: {}
[30.899452] (-) TimerEvent: {}
[31.002847] (-) TimerEvent: {}
[31.105742] (-) TimerEvent: {}
[31.208853] (-) TimerEvent: {}
[31.314334] (-) TimerEvent: {}
[31.417337] (-) TimerEvent: {}
[31.520715] (-) TimerEvent: {}
[31.624403] (-) TimerEvent: {}
[31.726728] (-) TimerEvent: {}
[31.829660] (-) TimerEvent: {}
[31.931863] (-) TimerEvent: {}
[32.033966] (-) TimerEvent: {}
[32.137389] (-) TimerEvent: {}
[32.241517] (-) TimerEvent: {}
[32.345654] (-) TimerEvent: {}
[32.449722] (-) TimerEvent: {}
[32.552892] (-) TimerEvent: {}
[32.656780] (-) TimerEvent: {}
[32.760330] (-) TimerEvent: {}
[32.862483] (-) TimerEvent: {}
[32.964741] (-) TimerEvent: {}
[33.068105] (-) TimerEvent: {}
[33.171861] (-) TimerEvent: {}
[33.276821] (-) TimerEvent: {}
[33.383920] (-) TimerEvent: {}
[33.485904] (-) TimerEvent: {}
[33.587353] (-) TimerEvent: {}
[33.689324] (-) TimerEvent: {}
[33.791222] (-) TimerEvent: {}
[33.893546] (-) TimerEvent: {}
[33.995996] (-) TimerEvent: {}
[34.098313] (-) TimerEvent: {}
[34.201021] (-) TimerEvent: {}
[34.303027] (-) TimerEvent: {}
[34.407235] (-) TimerEvent: {}
[34.509614] (-) TimerEvent: {}
[34.612957] (-) TimerEvent: {}
[34.715069] (-) TimerEvent: {}
[34.832319] (-) TimerEvent: {}
[34.934113] (-) TimerEvent: {}
[35.040920] (-) TimerEvent: {}
[35.142585] (-) TimerEvent: {}
[35.249778] (-) TimerEvent: {}
[35.358699] (-) TimerEvent: {}
[35.460886] (-) TimerEvent: {}
[35.569594] (-) TimerEvent: {}
[35.671858] (-) TimerEvent: {}
[35.773980] (-) TimerEvent: {}
[35.875815] (-) TimerEvent: {}
[35.977841] (-) TimerEvent: {}
[36.081093] (-) TimerEvent: {}
[36.183062] (-) TimerEvent: {}
[36.285470] (-) TimerEvent: {}
[36.389269] (-) TimerEvent: {}
[36.496154] (-) TimerEvent: {}
[36.597779] (-) TimerEvent: {}
[36.699223] (-) TimerEvent: {}
[36.800606] (-) TimerEvent: {}
[36.902349] (-) TimerEvent: {}
[37.004059] (-) TimerEvent: {}
[37.105461] (-) TimerEvent: {}
[37.221863] (-) TimerEvent: {}
[37.325552] (-) TimerEvent: {}
[37.430972] (-) TimerEvent: {}
[37.533641] (-) TimerEvent: {}
[37.636795] (-) TimerEvent: {}
[37.738989] (-) TimerEvent: {}
[37.841010] (-) TimerEvent: {}
[37.945010] (-) TimerEvent: {}
[38.047123] (-) TimerEvent: {}
[38.153103] (-) TimerEvent: {}
[38.255754] (-) TimerEvent: {}
[38.359537] (-) TimerEvent: {}
[38.465540] (-) TimerEvent: {}
[38.567424] (-) TimerEvent: {}
[38.669399] (-) TimerEvent: {}
[38.772375] (-) TimerEvent: {}
[38.886733] (-) TimerEvent: {}
[38.989366] (-) TimerEvent: {}
[39.090591] (-) TimerEvent: {}
[39.195896] (-) TimerEvent: {}
[39.300475] (-) TimerEvent: {}
[39.402804] (-) TimerEvent: {}
[39.505357] (-) TimerEvent: {}
[39.607468] (-) TimerEvent: {}
[39.709898] (-) TimerEvent: {}
[39.813674] (-) TimerEvent: {}
[39.916503] (-) TimerEvent: {}
[40.018653] (-) TimerEvent: {}
[40.120433] (-) TimerEvent: {}
[40.222315] (-) TimerEvent: {}
[40.323516] (-) TimerEvent: {}
[40.424762] (-) TimerEvent: {}
[40.526086] (-) TimerEvent: {}
[40.628105] (-) TimerEvent: {}
[40.731347] (-) TimerEvent: {}
[40.833912] (-) TimerEvent: {}
[40.937574] (-) TimerEvent: {}
[41.040922] (-) TimerEvent: {}
[41.143917] (-) TimerEvent: {}
[41.255470] (-) TimerEvent: {}
[41.358161] (-) TimerEvent: {}
[41.460310] (-) TimerEvent: {}
[41.563999] (-) TimerEvent: {}
[41.666491] (-) TimerEvent: {}
[41.769747] (-) TimerEvent: {}
[41.872487] (-) TimerEvent: {}
[41.975381] (-) TimerEvent: {}
[42.078413] (-) TimerEvent: {}
[42.180362] (-) TimerEvent: {}
[42.283677] (-) TimerEvent: {}
[42.385652] (-) TimerEvent: {}
[42.488995] (-) TimerEvent: {}
[42.592055] (-) TimerEvent: {}
[42.702584] (-) TimerEvent: {}
[42.803762] (-) TimerEvent: {}
[42.906195] (-) TimerEvent: {}
[43.007631] (-) TimerEvent: {}
[43.109543] (-) TimerEvent: {}
[43.211607] (-) TimerEvent: {}
[43.314133] (-) TimerEvent: {}
[43.416925] (-) TimerEvent: {}
[43.520698] (-) TimerEvent: {}
[43.624085] (-) TimerEvent: {}
[43.727371] (-) TimerEvent: {}
[43.829360] (-) TimerEvent: {}
[43.931270] (-) TimerEvent: {}
[44.033727] (-) TimerEvent: {}
[44.136210] (-) TimerEvent: {}
[44.238741] (-) TimerEvent: {}
[44.340814] (-) TimerEvent: {}
[44.443928] (-) TimerEvent: {}
[44.552285] (-) TimerEvent: {}
[44.654152] (-) TimerEvent: {}
[44.765408] (-) TimerEvent: {}
[44.881159] (-) TimerEvent: {}
[44.983750] (-) TimerEvent: {}
[45.086596] (-) TimerEvent: {}
[45.188797] (-) TimerEvent: {}
[45.291084] (-) TimerEvent: {}
[45.394572] (-) TimerEvent: {}
[45.497789] (-) TimerEvent: {}
[45.599727] (-) TimerEvent: {}
[45.704618] (-) TimerEvent: {}
[45.806701] (-) TimerEvent: {}
[45.918522] (-) TimerEvent: {}
[46.024196] (-) TimerEvent: {}
[46.125624] (-) TimerEvent: {}
[46.233220] (-) TimerEvent: {}
[46.337315] (-) TimerEvent: {}
[46.439718] (-) TimerEvent: {}
[46.541812] (-) TimerEvent: {}
[46.643452] (-) TimerEvent: {}
[46.749446] (-) TimerEvent: {}
[46.851401] (-) TimerEvent: {}
[46.955573] (-) TimerEvent: {}
[47.058162] (-) TimerEvent: {}
[47.160510] (-) TimerEvent: {}
[47.263710] (-) TimerEvent: {}
[47.365956] (-) TimerEvent: {}
[47.468922] (-) TimerEvent: {}
[47.570921] (-) TimerEvent: {}
[47.673322] (-) TimerEvent: {}
[47.775560] (-) TimerEvent: {}
[47.878880] (-) TimerEvent: {}
[47.981813] (-) TimerEvent: {}
[48.084621] (-) TimerEvent: {}
[48.186877] (-) TimerEvent: {}
[48.290180] (-) TimerEvent: {}
[48.393368] (-) TimerEvent: {}
[48.497249] (-) TimerEvent: {}
[48.600877] (-) TimerEvent: {}
[48.703436] (-) TimerEvent: {}
[48.806308] (-) TimerEvent: {}
[48.908997] (-) TimerEvent: {}
[49.010193] (-) TimerEvent: {}
[49.111928] (-) TimerEvent: {}
[49.214931] (-) TimerEvent: {}
[49.316869] (-) TimerEvent: {}
[49.419089] (-) TimerEvent: {}
[49.520799] (-) TimerEvent: {}
[49.622363] (-) TimerEvent: {}
[49.724884] (-) TimerEvent: {}
[49.828027] (-) TimerEvent: {}
[49.931799] (-) TimerEvent: {}
[50.034433] (-) TimerEvent: {}
[50.137064] (-) TimerEvent: {}
[50.240336] (-) TimerEvent: {}
[50.343043] (-) TimerEvent: {}
[50.445446] (-) TimerEvent: {}
[50.547986] (-) TimerEvent: {}
[50.650782] (-) TimerEvent: {}
[50.752995] (-) TimerEvent: {}
[50.854892] (-) TimerEvent: {}
[50.958345] (-) TimerEvent: {}
[51.062178] (-) TimerEvent: {}
[51.163408] (-) TimerEvent: {}
[51.265818] (-) TimerEvent: {}
[51.371662] (-) TimerEvent: {}
[51.476925] (-) TimerEvent: {}
[51.579338] (-) TimerEvent: {}
[51.681326] (-) TimerEvent: {}
[51.787013] (-) TimerEvent: {}
[51.888932] (-) TimerEvent: {}
[51.990808] (-) TimerEvent: {}
[52.093076] (-) TimerEvent: {}
[52.194979] (-) TimerEvent: {}
[52.296389] (-) TimerEvent: {}
[52.397813] (-) TimerEvent: {}
[52.499753] (-) TimerEvent: {}
[52.601599] (-) TimerEvent: {}
[52.706701] (-) TimerEvent: {}
[52.807926] (-) TimerEvent: {}
[52.909335] (-) TimerEvent: {}
[53.014650] (-) TimerEvent: {}
[53.116421] (-) TimerEvent: {}
[53.221298] (-) TimerEvent: {}
[53.325291] (-) TimerEvent: {}
[53.427484] (-) TimerEvent: {}
[53.529083] (-) TimerEvent: {}
[53.647444] (-) TimerEvent: {}
[53.756684] (-) TimerEvent: {}
[53.857789] (-) TimerEvent: {}
[53.959582] (-) TimerEvent: {}
[54.062025] (-) TimerEvent: {}
[54.163259] (-) TimerEvent: {}
[54.265229] (-) TimerEvent: {}
[54.368185] (-) TimerEvent: {}
[54.470446] (-) TimerEvent: {}
[54.572256] (-) TimerEvent: {}
[54.677294] (-) TimerEvent: {}
[54.781604] (-) TimerEvent: {}
[54.883829] (-) TimerEvent: {}
[54.986141] (-) TimerEvent: {}
[55.088283] (-) TimerEvent: {}
[55.190420] (-) TimerEvent: {}
[55.292482] (-) TimerEvent: {}
[55.395531] (-) TimerEvent: {}
[55.497357] (-) TimerEvent: {}
[55.604009] (-) TimerEvent: {}
[55.706175] (-) TimerEvent: {}
[55.808399] (-) TimerEvent: {}
[55.911534] (-) TimerEvent: {}
[56.013622] (-) TimerEvent: {}
[56.115079] (-) TimerEvent: {}
[56.216392] (-) TimerEvent: {}
[56.318090] (-) TimerEvent: {}
[56.421252] (-) TimerEvent: {}
[56.523415] (-) TimerEvent: {}
[56.624690] (-) TimerEvent: {}
[56.726819] (-) TimerEvent: {}
[56.832487] (-) TimerEvent: {}
[56.934037] (-) TimerEvent: {}
[57.036004] (-) TimerEvent: {}
[57.138649] (-) TimerEvent: {}
[57.241525] (-) TimerEvent: {}
[57.344086] (-) TimerEvent: {}
[57.446086] (-) TimerEvent: {}
[57.548049] (-) TimerEvent: {}
[57.651130] (-) TimerEvent: {}
[57.754267] (-) TimerEvent: {}
[57.857008] (-) TimerEvent: {}
[57.958686] (-) TimerEvent: {}
[58.062168] (-) TimerEvent: {}
[58.164166] (-) TimerEvent: {}
[58.266799] (-) TimerEvent: {}
[58.369298] (-) TimerEvent: {}
[58.472872] (-) TimerEvent: {}
[58.574166] (-) TimerEvent: {}
[58.678055] (-) TimerEvent: {}
[58.781419] (-) TimerEvent: {}
[58.889225] (-) TimerEvent: {}
[58.990817] (-) TimerEvent: {}
[59.094155] (-) TimerEvent: {}
[59.196771] (-) TimerEvent: {}
[59.298156] (-) TimerEvent: {}
[59.403311] (-) TimerEvent: {}
[59.506370] (-) TimerEvent: {}
[59.609099] (-) TimerEvent: {}
[59.712976] (-) TimerEvent: {}
[59.830537] (-) TimerEvent: {}
[59.934666] (-) TimerEvent: {}
[60.036817] (-) TimerEvent: {}
[60.142227] (-) TimerEvent: {}
[60.252700] (-) TimerEvent: {}
[60.355377] (-) TimerEvent: {}
[60.458004] (-) TimerEvent: {}
[60.559610] (-) TimerEvent: {}
[60.669798] (-) TimerEvent: {}
[60.771186] (-) TimerEvent: {}
[60.876960] (-) TimerEvent: {}
[60.979931] (-) TimerEvent: {}
[61.082149] (-) TimerEvent: {}
[61.185445] (-) TimerEvent: {}
[61.288445] (-) TimerEvent: {}
[61.391006] (-) TimerEvent: {}
[61.494061] (-) TimerEvent: {}
[61.598836] (-) TimerEvent: {}
[61.700688] (-) TimerEvent: {}
[61.803760] (-) TimerEvent: {}
[61.910603] (-) TimerEvent: {}
[62.012618] (-) TimerEvent: {}
[62.115153] (-) TimerEvent: {}
[62.216402] (-) TimerEvent: {}
[62.320344] (-) TimerEvent: {}
[62.422203] (-) TimerEvent: {}
[62.524115] (-) TimerEvent: {}
[62.638350] (-) TimerEvent: {}
[62.739951] (-) TimerEvent: {}
[62.842167] (-) TimerEvent: {}
[62.944676] (-) TimerEvent: {}
[63.047823] (-) TimerEvent: {}
[63.150818] (-) TimerEvent: {}
[63.253221] (-) TimerEvent: {}
[63.355752] (-) TimerEvent: {}
[63.458532] (-) TimerEvent: {}
[63.560169] (-) TimerEvent: {}
[63.661678] (-) TimerEvent: {}
[63.763497] (-) TimerEvent: {}
[63.866506] (-) TimerEvent: {}
[63.968939] (-) TimerEvent: {}
[64.071362] (-) TimerEvent: {}
[64.175523] (-) TimerEvent: {}
[64.279618] (-) TimerEvent: {}
[64.381477] (-) TimerEvent: {}
[64.484338] (-) TimerEvent: {}
[64.596726] (-) TimerEvent: {}
[64.698254] (-) TimerEvent: {}
[64.800841] (-) TimerEvent: {}
[64.902953] (-) TimerEvent: {}
[65.005449] (-) TimerEvent: {}
[65.113881] (-) TimerEvent: {}
[65.223116] (-) TimerEvent: {}
[65.325696] (-) TimerEvent: {}
[65.432281] (-) TimerEvent: {}
[65.536851] (-) TimerEvent: {}
[65.644371] (-) TimerEvent: {}
[65.749999] (-) TimerEvent: {}
[65.867777] (-) TimerEvent: {}
[65.973576] (-) TimerEvent: {}
[66.076094] (-) TimerEvent: {}
[66.201021] (-) TimerEvent: {}
[66.303214] (-) TimerEvent: {}
[66.405450] (-) TimerEvent: {}
[66.508833] (-) TimerEvent: {}
[66.616277] (-) TimerEvent: {}
[66.717827] (-) TimerEvent: {}
[66.819376] (-) TimerEvent: {}
[66.925867] (-) TimerEvent: {}
[67.028864] (-) TimerEvent: {}
[67.144720] (-) TimerEvent: {}
[67.246534] (-) TimerEvent: {}
[67.356475] (-) TimerEvent: {}
[67.460513] (-) TimerEvent: {}
[67.566373] (-) TimerEvent: {}
[67.667663] (-) TimerEvent: {}
[67.773880] (-) TimerEvent: {}
[67.885056] (-) TimerEvent: {}
[67.992586] (-) TimerEvent: {}
[68.093999] (-) TimerEvent: {}
[68.196848] (-) TimerEvent: {}
[68.298597] (-) TimerEvent: {}
[68.400449] (-) TimerEvent: {}
[68.513395] (-) TimerEvent: {}
[68.626517] (-) TimerEvent: {}
[68.733698] (-) TimerEvent: {}
[68.835721] (-) TimerEvent: {}
[68.937813] (-) TimerEvent: {}
[69.039967] (-) TimerEvent: {}
[69.141949] (-) TimerEvent: {}
[69.255033] (-) TimerEvent: {}
[69.357353] (-) TimerEvent: {}
[69.459610] (-) TimerEvent: {}
[69.561999] (-) TimerEvent: {}
[69.663996] (-) TimerEvent: {}
[69.766435] (-) TimerEvent: {}
[69.868824] (-) TimerEvent: {}
[69.971094] (-) TimerEvent: {}
[70.073412] (-) TimerEvent: {}
[70.175809] (-) TimerEvent: {}
[70.277955] (-) TimerEvent: {}
[70.379314] (-) TimerEvent: {}
[70.481135] (-) TimerEvent: {}
[70.583447] (-) TimerEvent: {}
[70.685390] (-) TimerEvent: {}
[70.786700] (-) TimerEvent: {}
[70.888936] (-) TimerEvent: {}
[70.991378] (-) TimerEvent: {}
[71.094589] (-) TimerEvent: {}
[71.196893] (-) TimerEvent: {}
[71.301643] (-) TimerEvent: {}
[71.407502] (-) TimerEvent: {}
[71.513648] (-) TimerEvent: {}
[71.615812] (-) TimerEvent: {}
[71.719878] (-) TimerEvent: {}
[71.824245] (-) TimerEvent: {}
[71.925932] (-) TimerEvent: {}
[72.028861] (-) TimerEvent: {}
[72.132680] (-) TimerEvent: {}
[72.235069] (-) TimerEvent: {}
[72.336873] (-) TimerEvent: {}
[72.444382] (-) TimerEvent: {}
[72.545775] (-) TimerEvent: {}
[72.647266] (-) TimerEvent: {}
[72.749605] (-) TimerEvent: {}
[72.859289] (-) TimerEvent: {}
[72.965055] (-) TimerEvent: {}
[73.067199] (-) TimerEvent: {}
[73.169376] (-) TimerEvent: {}
[73.272787] (-) TimerEvent: {}
[73.376476] (-) TimerEvent: {}
[73.482025] (-) TimerEvent: {}
[73.591920] (-) TimerEvent: {}
[73.698033] (-) TimerEvent: {}
[73.801005] (-) TimerEvent: {}
[73.903749] (-) TimerEvent: {}
[74.008973] (-) TimerEvent: {}
[74.110927] (-) TimerEvent: {}
[74.212738] (-) TimerEvent: {}
[74.315579] (-) TimerEvent: {}
[74.418035] (-) TimerEvent: {}
[74.520416] (-) TimerEvent: {}
[74.624342] (-) TimerEvent: {}
[74.726780] (-) TimerEvent: {}
[74.828259] (-) TimerEvent: {}
[74.930079] (-) TimerEvent: {}
[75.032646] (-) TimerEvent: {}
[75.135661] (-) TimerEvent: {}
[75.238771] (-) TimerEvent: {}
[75.341565] (-) TimerEvent: {}
[75.449701] (-) TimerEvent: {}
[75.555325] (-) TimerEvent: {}
[75.671377] (-) TimerEvent: {}
[75.772955] (-) TimerEvent: {}
[75.874558] (-) TimerEvent: {}
[75.976085] (-) TimerEvent: {}
[76.078546] (-) TimerEvent: {}
[76.181153] (-) TimerEvent: {}
[76.284373] (-) TimerEvent: {}
[76.385773] (-) TimerEvent: {}
[76.487441] (-) TimerEvent: {}
[76.591685] (-) TimerEvent: {}
[76.695289] (-) TimerEvent: {}
[76.800123] (-) TimerEvent: {}
[76.901917] (-) TimerEvent: {}
[77.002941] (-) TimerEvent: {}
[77.119893] (-) TimerEvent: {}
[77.222327] (-) TimerEvent: {}
[77.323715] (-) TimerEvent: {}
[77.426188] (-) TimerEvent: {}
[77.533057] (-) TimerEvent: {}
[77.635125] (-) TimerEvent: {}
[77.742074] (-) TimerEvent: {}
[77.844866] (-) TimerEvent: {}
[77.947147] (-) TimerEvent: {}
[78.048648] (-) TimerEvent: {}
[78.150422] (-) TimerEvent: {}
[78.252124] (-) TimerEvent: {}
[78.353300] (-) TimerEvent: {}
[78.454602] (-) TimerEvent: {}
[78.556325] (-) TimerEvent: {}
[78.657710] (-) TimerEvent: {}
[78.762087] (-) TimerEvent: {}
[78.864260] (-) TimerEvent: {}
[78.970885] (-) TimerEvent: {}
[79.072733] (-) TimerEvent: {}
[79.183251] (-) TimerEvent: {}
[79.285584] (-) TimerEvent: {}
[79.391561] (-) TimerEvent: {}
[79.497108] (-) TimerEvent: {}
[79.598841] (-) TimerEvent: {}
[79.702907] (-) TimerEvent: {}
[79.804704] (-) TimerEvent: {}
[79.915443] (-) TimerEvent: {}
[80.017450] (-) TimerEvent: {}
[80.128057] (-) TimerEvent: {}
[80.230395] (-) TimerEvent: {}
[80.331871] (-) TimerEvent: {}
[80.437568] (-) TimerEvent: {}
[80.540654] (-) TimerEvent: {}
[80.642906] (-) TimerEvent: {}
[80.745950] (-) TimerEvent: {}
[80.848808] (-) TimerEvent: {}
[80.951741] (-) TimerEvent: {}
[81.054028] (-) TimerEvent: {}
[81.156945] (-) TimerEvent: {}
[81.259923] (-) TimerEvent: {}
[81.363106] (-) TimerEvent: {}
[81.465198] (-) TimerEvent: {}
[81.566809] (-) TimerEvent: {}
[81.669438] (-) TimerEvent: {}
[81.772279] (-) TimerEvent: {}
[81.875967] (-) TimerEvent: {}
[81.979600] (-) TimerEvent: {}
[82.082975] (-) TimerEvent: {}
[82.189249] (-) TimerEvent: {}
[82.291928] (-) TimerEvent: {}
[82.395231] (-) TimerEvent: {}
[82.498221] (-) TimerEvent: {}
[82.600792] (-) TimerEvent: {}
[82.703946] (-) TimerEvent: {}
[82.807161] (-) TimerEvent: {}
[82.910159] (-) TimerEvent: {}
[83.011880] (-) TimerEvent: {}
[83.115174] (-) TimerEvent: {}
[83.218579] (-) TimerEvent: {}
[83.321438] (-) TimerEvent: {}
[83.423672] (-) TimerEvent: {}
[83.526280] (-) TimerEvent: {}
[83.628356] (-) TimerEvent: {}
[83.730089] (-) TimerEvent: {}
[83.833383] (-) TimerEvent: {}
[83.938816] (-) TimerEvent: {}
[84.041672] (-) TimerEvent: {}
[84.143626] (-) TimerEvent: {}
[84.258012] (-) TimerEvent: {}
[84.359802] (-) TimerEvent: {}
[84.463893] (-) TimerEvent: {}
[84.570246] (-) TimerEvent: {}
[84.671836] (-) TimerEvent: {}
[84.774132] (-) TimerEvent: {}
[84.881072] (-) TimerEvent: {}
[84.983978] (-) TimerEvent: {}
[85.085400] (-) TimerEvent: {}
[85.189365] (-) TimerEvent: {}
[85.290710] (-) TimerEvent: {}
[85.405224] (-) TimerEvent: {}
[85.507245] (-) TimerEvent: {}
[85.609078] (-) TimerEvent: {}
[85.710696] (-) TimerEvent: {}
[85.812121] (-) TimerEvent: {}
[85.924956] (-) TimerEvent: {}
[86.027141] (-) TimerEvent: {}
[86.129057] (-) TimerEvent: {}
[86.236954] (-) TimerEvent: {}
[86.338892] (-) TimerEvent: {}
[86.440422] (-) TimerEvent: {}
[86.553279] (-) TimerEvent: {}
[86.656688] (-) TimerEvent: {}
[86.762938] (-) TimerEvent: {}
[86.864457] (-) TimerEvent: {}
[86.966671] (-) TimerEvent: {}
[87.067951] (-) TimerEvent: {}
[87.177663] (-) TimerEvent: {}
[87.279410] (-) TimerEvent: {}
[87.380471] (-) TimerEvent: {}
[87.482888] (-) TimerEvent: {}
[87.586675] (-) TimerEvent: {}
[87.688586] (-) TimerEvent: {}
[87.790168] (-) TimerEvent: {}
[87.895500] (-) TimerEvent: {}
[88.005039] (-) TimerEvent: {}
[88.106480] (-) TimerEvent: {}
[88.210519] (-) TimerEvent: {}
[88.317563] (-) TimerEvent: {}
[88.419371] (-) TimerEvent: {}
[88.529702] (-) TimerEvent: {}
[88.641056] (-) TimerEvent: {}
[88.749104] (-) TimerEvent: {}
[88.850495] (-) TimerEvent: {}
[88.956941] (-) TimerEvent: {}
[89.059826] (-) TimerEvent: {}
[89.164619] (-) TimerEvent: {}
[89.265637] (-) TimerEvent: {}
[89.367009] (-) TimerEvent: {}
[89.468362] (-) TimerEvent: {}
[89.570769] (-) TimerEvent: {}
[89.673407] (-) TimerEvent: {}
[89.774928] (-) TimerEvent: {}
[89.876515] (-) TimerEvent: {}
[89.978230] (-) TimerEvent: {}
[90.080121] (-) TimerEvent: {}
[90.182351] (-) TimerEvent: {}
[90.284144] (-) TimerEvent: {}
[90.386467] (-) TimerEvent: {}
[90.488766] (-) TimerEvent: {}
[90.589999] (-) TimerEvent: {}
[90.692650] (-) TimerEvent: {}
[90.800744] (-) TimerEvent: {}
[90.903922] (-) TimerEvent: {}
[91.006745] (-) TimerEvent: {}
[91.120379] (-) TimerEvent: {}
[91.221486] (-) TimerEvent: {}
[91.322971] (-) TimerEvent: {}
[91.432762] (-) TimerEvent: {}
[91.534258] (-) TimerEvent: {}
[91.635987] (-) TimerEvent: {}
[91.737662] (-) TimerEvent: {}
[91.845084] (-) TimerEvent: {}
[91.954781] (-) TimerEvent: {}
[92.063353] (-) TimerEvent: {}
[92.171567] (-) TimerEvent: {}
[92.278175] (-) TimerEvent: {}
[92.389466] (-) TimerEvent: {}
[92.495732] (-) TimerEvent: {}
[92.597759] (-) TimerEvent: {}
[92.699115] (-) TimerEvent: {}
[92.806985] (-) TimerEvent: {}
[92.910740] (-) TimerEvent: {}
[93.012183] (-) TimerEvent: {}
[93.114307] (-) TimerEvent: {}
[93.216849] (-) TimerEvent: {}
[93.319334] (-) TimerEvent: {}
[93.421395] (-) TimerEvent: {}
[93.525117] (-) TimerEvent: {}
[93.627908] (-) TimerEvent: {}
[93.730302] (-) TimerEvent: {}
[93.833421] (-) TimerEvent: {}
[93.935906] (-) TimerEvent: {}
[94.037470] (-) TimerEvent: {}
[94.139021] (-) TimerEvent: {}
[94.240957] (-) TimerEvent: {}
[94.343387] (-) TimerEvent: {}
[94.445383] (-) TimerEvent: {}
[94.552293] (-) TimerEvent: {}
[94.667962] (-) TimerEvent: {}
[94.774598] (-) TimerEvent: {}
[94.877150] (-) TimerEvent: {}
[94.980311] (-) TimerEvent: {}
[95.083732] (-) TimerEvent: {}
[95.185781] (-) TimerEvent: {}
[95.287616] (-) TimerEvent: {}
[95.389272] (-) TimerEvent: {}
[95.490700] (-) TimerEvent: {}
[95.593741] (-) TimerEvent: {}
[95.695825] (-) TimerEvent: {}
[95.797745] (-) TimerEvent: {}
[95.900959] (-) TimerEvent: {}
[96.004098] (-) TimerEvent: {}
[96.107271] (-) TimerEvent: {}
[96.209328] (-) TimerEvent: {}
[96.312213] (-) TimerEvent: {}
[96.418717] (-) TimerEvent: {}
[96.523933] (-) TimerEvent: {}
[96.641036] (-) TimerEvent: {}
[96.745162] (-) TimerEvent: {}
[96.849851] (-) TimerEvent: {}
[96.951610] (-) TimerEvent: {}
[97.054185] (-) TimerEvent: {}
[97.156050] (-) TimerEvent: {}
[97.257830] (-) TimerEvent: {}
[97.359306] (-) TimerEvent: {}
[97.461938] (-) TimerEvent: {}
[97.564066] (-) TimerEvent: {}
[97.666734] (-) TimerEvent: {}
[97.770025] (-) TimerEvent: {}
[97.872230] (-) TimerEvent: {}
[97.973997] (-) TimerEvent: {}
[98.075935] (-) TimerEvent: {}
[98.178649] (-) TimerEvent: {}
[98.281395] (-) TimerEvent: {}
[98.387371] (-) TimerEvent: {}
[98.489386] (-) TimerEvent: {}
[98.591126] (-) TimerEvent: {}
[98.692709] (-) TimerEvent: {}
[98.794983] (-) TimerEvent: {}
[98.896996] (-) TimerEvent: {}
[98.998573] (-) TimerEvent: {}
[99.100297] (-) TimerEvent: {}
[99.203253] (-) TimerEvent: {}
[99.306191] (-) TimerEvent: {}
[99.409116] (-) TimerEvent: {}
[99.517711] (-) TimerEvent: {}
[99.619711] (-) TimerEvent: {}
[99.722168] (-) TimerEvent: {}
[99.823443] (-) TimerEvent: {}
[99.928959] (-) TimerEvent: {}
[100.030647] (-) TimerEvent: {}
[100.131831] (-) TimerEvent: {}
[100.233434] (-) TimerEvent: {}
[100.335850] (-) TimerEvent: {}
[100.437511] (-) TimerEvent: {}
[100.539405] (-) TimerEvent: {}
[100.641395] (-) TimerEvent: {}
[100.743952] (-) TimerEvent: {}
[100.845749] (-) TimerEvent: {}
[100.946927] (-) TimerEvent: {}
[101.047970] (-) TimerEvent: {}
[101.149404] (-) TimerEvent: {}
[101.250682] (-) TimerEvent: {}
[101.351939] (-) TimerEvent: {}
[101.453314] (-) TimerEvent: {}
[101.554429] (-) TimerEvent: {}
[101.655640] (-) TimerEvent: {}
[101.757000] (-) TimerEvent: {}
[101.858274] (-) TimerEvent: {}
[101.959252] (-) TimerEvent: {}
[102.060282] (-) TimerEvent: {}
[102.161644] (-) TimerEvent: {}
[102.262834] (-) TimerEvent: {}
[102.363756] (-) TimerEvent: {}
[102.464746] (-) TimerEvent: {}
[103.401985] (-) TimerEvent: {}
[103.503093] (-) TimerEvent: {}
[103.604207] (-) TimerEvent: {}
[103.705567] (-) TimerEvent: {}
[103.806905] (-) TimerEvent: {}
[103.910433] (-) TimerEvent: {}
[104.012148] (-) TimerEvent: {}
[104.113080] (-) TimerEvent: {}
[104.214109] (-) TimerEvent: {}
[104.384322] (-) TimerEvent: {}
[105.107009] (-) TimerEvent: {}
[105.207973] (-) TimerEvent: {}
[105.309007] (-) TimerEvent: {}
[105.410427] (-) TimerEvent: {}
[105.512557] (-) TimerEvent: {}
[105.614191] (-) TimerEvent: {}
[105.719710] (-) TimerEvent: {}
[105.824744] (-) TimerEvent: {}
[105.925856] (-) TimerEvent: {}
[106.027340] (-) TimerEvent: {}
[106.129512] (-) TimerEvent: {}
[106.231409] (-) TimerEvent: {}
[106.333365] (-) TimerEvent: {}
[106.435974] (-) TimerEvent: {}
[106.538197] (-) TimerEvent: {}
[106.640612] (-) TimerEvent: {}
[106.743882] (-) TimerEvent: {}
[106.846874] (-) TimerEvent: {}
[106.961319] (-) TimerEvent: {}
[107.064064] (-) TimerEvent: {}
[107.165861] (-) TimerEvent: {}
[107.270905] (-) TimerEvent: {}
[107.373691] (-) TimerEvent: {}
[107.475655] (-) TimerEvent: {}
[107.582952] (-) TimerEvent: {}
[107.685306] (-) TimerEvent: {}
[107.786618] (-) TimerEvent: {}
[107.888086] (-) TimerEvent: {}
[107.990122] (-) TimerEvent: {}
[108.094615] (-) TimerEvent: {}
[108.196522] (-) TimerEvent: {}
[108.298993] (-) TimerEvent: {}
[108.401436] (-) TimerEvent: {}
[108.502956] (-) TimerEvent: {}
[108.603979] (-) TimerEvent: {}
[108.706268] (-) TimerEvent: {}
[108.811902] (-) TimerEvent: {}
[108.915030] (-) TimerEvent: {}
[109.016229] (-) TimerEvent: {}
[109.118169] (-) TimerEvent: {}
[109.220179] (-) TimerEvent: {}
[109.322716] (-) TimerEvent: {}
[109.425364] (-) TimerEvent: {}
[109.530168] (-) TimerEvent: {}
[109.632483] (-) TimerEvent: {}
[109.734579] (-) TimerEvent: {}
[109.842783] (-) TimerEvent: {}
[109.952395] (-) TimerEvent: {}
[110.056225] (-) TimerEvent: {}
[110.162060] (-) TimerEvent: {}
[110.263458] (-) TimerEvent: {}
[110.365745] (-) TimerEvent: {}
[110.467869] (-) TimerEvent: {}
[110.570954] (-) TimerEvent: {}
[110.672977] (-) TimerEvent: {}
[110.775771] (-) TimerEvent: {}
[110.880187] (-) TimerEvent: {}
[110.983413] (-) TimerEvent: {}
[111.090558] (-) TimerEvent: {}
[111.200227] (-) TimerEvent: {}
[111.304038] (-) TimerEvent: {}
[111.406323] (-) TimerEvent: {}
[111.508872] (-) TimerEvent: {}
[111.611750] (-) TimerEvent: {}
[111.720359] (-) TimerEvent: {}
[111.822407] (-) TimerEvent: {}
[111.924501] (-) TimerEvent: {}
[112.025691] (-) TimerEvent: {}
[112.130456] (-) TimerEvent: {}
[112.232408] (-) TimerEvent: {}
[112.342060] (-) TimerEvent: {}
[112.448897] (-) TimerEvent: {}
[112.550285] (-) TimerEvent: {}
[112.656111] (-) TimerEvent: {}
[112.758002] (-) TimerEvent: {}
[112.865582] (-) TimerEvent: {}
[112.968510] (-) TimerEvent: {}
[113.070354] (-) TimerEvent: {}
[113.178361] (-) TimerEvent: {}
[113.283512] (-) TimerEvent: {}
[113.391946] (-) TimerEvent: {}
[113.494241] (-) TimerEvent: {}
[113.602017] (-) TimerEvent: {}
[113.709057] (-) TimerEvent: {}
[113.814513] (-) TimerEvent: {}
[113.917933] (-) TimerEvent: {}
[114.021925] (-) TimerEvent: {}
[114.124927] (-) TimerEvent: {}
[114.228619] (-) TimerEvent: {}
[114.332021] (-) TimerEvent: {}
[114.434908] (-) TimerEvent: {}
[114.538258] (-) TimerEvent: {}
[114.641628] (-) TimerEvent: {}
[114.744736] (-) TimerEvent: {}
[114.847876] (-) TimerEvent: {}
[114.952761] (-) TimerEvent: {}
[115.055561] (-) TimerEvent: {}
[115.158851] (-) TimerEvent: {}
[115.261420] (-) TimerEvent: {}
[115.363631] (-) TimerEvent: {}
[115.466665] (-) TimerEvent: {}
[115.569822] (-) TimerEvent: {}
[115.671652] (-) TimerEvent: {}
[115.774746] (-) TimerEvent: {}
[115.878886] (-) TimerEvent: {}
[115.982133] (-) TimerEvent: {}
[116.085107] (-) TimerEvent: {}
[116.187476] (-) TimerEvent: {}
[116.290285] (-) TimerEvent: {}
[116.393019] (-) TimerEvent: {}
[116.495505] (-) TimerEvent: {}
[116.597192] (-) TimerEvent: {}
[116.698958] (-) TimerEvent: {}
[116.801101] (-) TimerEvent: {}
[116.909517] (-) TimerEvent: {}
[117.018384] (-) TimerEvent: {}
[117.122271] (-) TimerEvent: {}
[117.224435] (-) TimerEvent: {}
[117.328319] (-) TimerEvent: {}
[117.436464] (-) TimerEvent: {}
[117.540341] (-) TimerEvent: {}
[117.642213] (-) TimerEvent: {}
[117.748740] (-) TimerEvent: {}
[117.851153] (-) TimerEvent: {}
[117.953101] (-) TimerEvent: {}
[118.063361] (-) TimerEvent: {}
[118.170156] (-) TimerEvent: {}
[118.273835] (-) TimerEvent: {}
[118.382071] (-) TimerEvent: {}
[118.485202] (-) TimerEvent: {}
[118.587551] (-) TimerEvent: {}
[118.690958] (-) TimerEvent: {}
[118.794281] (-) TimerEvent: {}
[118.895706] (-) TimerEvent: {}
[118.998185] (-) TimerEvent: {}
[119.100975] (-) TimerEvent: {}
[119.203317] (-) TimerEvent: {}
[119.305042] (-) TimerEvent: {}
[119.407874] (-) TimerEvent: {}
[119.512115] (-) TimerEvent: {}
[119.615519] (-) TimerEvent: {}
[119.719240] (-) TimerEvent: {}
[119.821746] (-) TimerEvent: {}
[119.925430] (-) TimerEvent: {}
[120.028444] (-) TimerEvent: {}
[120.131155] (-) TimerEvent: {}
[120.234028] (-) TimerEvent: {}
[120.335869] (-) TimerEvent: {}
[120.437139] (-) TimerEvent: {}
[120.540579] (-) TimerEvent: {}
[120.644228] (-) TimerEvent: {}
[120.746386] (-) TimerEvent: {}
[120.849593] (-) TimerEvent: {}
[120.952336] (-) TimerEvent: {}
[121.055583] (-) TimerEvent: {}
[121.159887] (-) TimerEvent: {}
[121.263287] (-) TimerEvent: {}
[121.365631] (-) TimerEvent: {}
[121.468771] (-) TimerEvent: {}
[121.571548] (-) TimerEvent: {}
[121.674257] (-) TimerEvent: {}
[121.775412] (-) TimerEvent: {}
[121.877270] (-) TimerEvent: {}
[121.978985] (-) TimerEvent: {}
[122.086965] (-) TimerEvent: {}
[122.188439] (-) TimerEvent: {}
[122.290669] (-) TimerEvent: {}
[122.392490] (-) TimerEvent: {}
[122.499339] (-) TimerEvent: {}
[122.602629] (-) TimerEvent: {}
[122.706937] (-) TimerEvent: {}
[122.808994] (-) TimerEvent: {}
[122.910869] (-) TimerEvent: {}
[123.012709] (-) TimerEvent: {}
[123.114005] (-) TimerEvent: {}
[123.216266] (-) TimerEvent: {}
[123.318401] (-) TimerEvent: {}
[123.420064] (-) TimerEvent: {}
[123.523017] (-) TimerEvent: {}
[123.625419] (-) TimerEvent: {}
[123.727131] (-) TimerEvent: {}
[123.835999] (-) TimerEvent: {}
[123.940515] (-) TimerEvent: {}
[124.045455] (-) TimerEvent: {}
[124.147119] (-) TimerEvent: {}
[124.248937] (-) TimerEvent: {}
[124.351297] (-) TimerEvent: {}
[124.452886] (-) TimerEvent: {}
[124.561617] (-) TimerEvent: {}
[124.670228] (-) TimerEvent: {}
[124.776223] (-) TimerEvent: {}
[124.878357] (-) TimerEvent: {}
[124.979512] (-) TimerEvent: {}
[125.081513] (-) TimerEvent: {}
[125.182966] (-) TimerEvent: {}
[125.284965] (-) TimerEvent: {}
[125.387718] (-) TimerEvent: {}
[125.491160] (-) TimerEvent: {}
[125.593348] (-) TimerEvent: {}
[125.701950] (-) TimerEvent: {}
[125.804821] (-) TimerEvent: {}
[125.906381] (-) TimerEvent: {}
[126.009286] (-) TimerEvent: {}
[126.114722] (-) TimerEvent: {}
[126.220683] (-) TimerEvent: {}
[126.321737] (-) TimerEvent: {}
[126.423373] (-) TimerEvent: {}
[126.524698] (-) TimerEvent: {}
[126.625956] (-) TimerEvent: {}
[126.732354] (-) TimerEvent: {}
[126.833399] (-) TimerEvent: {}
[126.934691] (-) TimerEvent: {}
[127.036982] (-) TimerEvent: {}
[127.141080] (-) TimerEvent: {}
[127.245603] (-) TimerEvent: {}
[127.347215] (-) TimerEvent: {}
[127.449383] (-) TimerEvent: {}
[127.552401] (-) TimerEvent: {}
[127.657987] (-) TimerEvent: {}
[127.760105] (-) TimerEvent: {}
[127.861775] (-) TimerEvent: {}
[127.965074] (-) TimerEvent: {}
[128.066780] (-) TimerEvent: {}
[128.168042] (-) TimerEvent: {}
[128.269814] (-) TimerEvent: {}
[128.373456] (-) TimerEvent: {}
[128.475848] (-) TimerEvent: {}
[128.578024] (-) TimerEvent: {}
[128.680009] (-) TimerEvent: {}
[128.784594] (-) TimerEvent: {}
[128.886904] (-) TimerEvent: {}
[128.988172] (-) TimerEvent: {}
[129.089604] (-) TimerEvent: {}
[129.191607] (-) TimerEvent: {}
[129.293584] (-) TimerEvent: {}
[129.395228] (-) TimerEvent: {}
[129.497133] (-) TimerEvent: {}
[129.598789] (-) TimerEvent: {}
[129.702811] (-) TimerEvent: {}
[129.806478] (-) TimerEvent: {}
[129.909283] (-) TimerEvent: {}
[130.011394] (-) TimerEvent: {}
[130.115837] (-) TimerEvent: {}
[130.220637] (-) TimerEvent: {}
[130.325210] (-) TimerEvent: {}
[130.427802] (-) TimerEvent: {}
[130.531453] (-) TimerEvent: {}
[130.634428] (-) TimerEvent: {}
[130.736769] (-) TimerEvent: {}
[130.839366] (-) TimerEvent: {}
[130.942747] (-) TimerEvent: {}
[131.045214] (-) TimerEvent: {}
[131.147477] (-) TimerEvent: {}
[131.248726] (-) TimerEvent: {}
[131.350413] (-) TimerEvent: {}
[131.451513] (-) TimerEvent: {}
[131.553063] (-) TimerEvent: {}
[131.655369] (-) TimerEvent: {}
[131.758146] (-) TimerEvent: {}
[131.860133] (-) TimerEvent: {}
[131.962398] (-) TimerEvent: {}
[132.064841] (-) TimerEvent: {}
[132.167276] (-) TimerEvent: {}
[132.272188] (-) TimerEvent: {}
[132.376323] (-) TimerEvent: {}
[132.481750] (-) TimerEvent: {}
[132.587736] (-) TimerEvent: {}
[132.691052] (-) TimerEvent: {}
[132.792908] (-) TimerEvent: {}
[132.894940] (-) TimerEvent: {}
[132.997803] (-) TimerEvent: {}
[133.100147] (-) TimerEvent: {}
[133.202870] (-) TimerEvent: {}
[133.306232] (-) TimerEvent: {}
[133.409404] (-) TimerEvent: {}
[133.513863] (-) TimerEvent: {}
[133.616480] (-) TimerEvent: {}
[134.105143] (-) TimerEvent: {}
[134.206739] (-) TimerEvent: {}
[134.308459] (-) TimerEvent: {}
[134.409577] (-) TimerEvent: {}
[134.510584] (-) TimerEvent: {}
[134.614251] (-) TimerEvent: {}
[134.716117] (-) TimerEvent: {}
[134.818441] (-) TimerEvent: {}
[134.920238] (-) TimerEvent: {}
[135.021778] (-) TimerEvent: {}
[135.124958] (-) TimerEvent: {}
[135.226292] (-) TimerEvent: {}
[135.327916] (-) TimerEvent: {}
[135.430587] (-) TimerEvent: {}
[135.533543] (-) TimerEvent: {}
[135.635722] (-) TimerEvent: {}
[135.739106] (-) TimerEvent: {}
[135.840417] (-) TimerEvent: {}
[135.943409] (-) TimerEvent: {}
[136.045254] (-) TimerEvent: {}
[136.147230] (-) TimerEvent: {}
[136.249390] (-) TimerEvent: {}
[136.351094] (-) TimerEvent: {}
[136.452514] (-) TimerEvent: {}
[136.555509] (-) TimerEvent: {}
[136.657752] (-) TimerEvent: {}
[136.760084] (-) TimerEvent: {}
[136.861181] (-) TimerEvent: {}
[136.962652] (-) TimerEvent: {}
[137.064062] (-) TimerEvent: {}
[137.165788] (-) TimerEvent: {}
[137.266992] (-) TimerEvent: {}
[137.369787] (-) TimerEvent: {}
[137.471725] (-) TimerEvent: {}
[137.575540] (-) TimerEvent: {}
[137.676436] (-) TimerEvent: {}
[137.777720] (-) TimerEvent: {}
[137.879494] (-) TimerEvent: {}
[137.981037] (-) TimerEvent: {}
[138.084148] (-) TimerEvent: {}
[138.186435] (-) TimerEvent: {}
[138.287561] (-) TimerEvent: {}
[138.388876] (-) TimerEvent: {}
[138.489740] (-) TimerEvent: {}
[138.590699] (-) TimerEvent: {}
[138.691605] (-) TimerEvent: {}
[138.792458] (-) TimerEvent: {}
[138.893248] (-) TimerEvent: {}
[138.994102] (-) TimerEvent: {}
[139.690242] (-) TimerEvent: {}
[139.792447] (-) TimerEvent: {}
[139.893715] (-) TimerEvent: {}
[139.995819] (-) TimerEvent: {}
[140.097951] (-) TimerEvent: {}
[140.202147] (-) TimerEvent: {}
[140.304950] (-) TimerEvent: {}
[140.407884] (-) TimerEvent: {}
[140.510925] (-) TimerEvent: {}
[140.613249] (-) TimerEvent: {}
[140.716280] (-) TimerEvent: {}
[140.818623] (-) TimerEvent: {}
[140.919893] (-) TimerEvent: {}
[141.022059] (-) TimerEvent: {}
[141.123862] (-) TimerEvent: {}
[141.225851] (-) TimerEvent: {}
[141.328892] (-) TimerEvent: {}
[141.430153] (-) TimerEvent: {}
[141.531894] (-) TimerEvent: {}
[141.633063] (-) TimerEvent: {}
[141.735018] (-) TimerEvent: {}
[141.837354] (-) TimerEvent: {}
[141.938388] (-) TimerEvent: {}
[142.040784] (-) TimerEvent: {}
[142.143071] (-) TimerEvent: {}
[142.244762] (-) TimerEvent: {}
[142.346464] (-) TimerEvent: {}
[142.447677] (-) TimerEvent: {}
[142.550310] (-) TimerEvent: {}
[142.652956] (-) TimerEvent: {}
[142.755742] (-) TimerEvent: {}
[142.858361] (-) TimerEvent: {}
[142.959382] (-) TimerEvent: {}
[143.060359] (-) TimerEvent: {}
[143.162051] (-) TimerEvent: {}
[143.264149] (-) TimerEvent: {}
[143.367654] (-) TimerEvent: {}
[143.474969] (-) TimerEvent: {}
[143.576984] (-) TimerEvent: {}
[143.680805] (-) TimerEvent: {}
[143.784800] (-) TimerEvent: {}
[143.889139] (-) TimerEvent: {}
[143.991696] (-) TimerEvent: {}
[144.093918] (-) TimerEvent: {}
[144.196775] (-) TimerEvent: {}
[144.299686] (-) TimerEvent: {}
[144.401983] (-) TimerEvent: {}
[144.506518] (-) TimerEvent: {}
[144.609158] (-) TimerEvent: {}
[144.711591] (-) TimerEvent: {}
[144.812789] (-) TimerEvent: {}
[144.914097] (-) TimerEvent: {}
[145.015310] (-) TimerEvent: {}
[145.116420] (-) TimerEvent: {}
[145.237132] (ublox_gps) StdoutLine: {'line': b'[ 22%] \x1b[32m\x1b[1mLinking CXX executable ublox_logger\x1b[0m\n'}
[145.287105] (-) TimerEvent: {}
[145.388755] (-) TimerEvent: {}
[145.490442] (-) TimerEvent: {}
[145.591406] (-) TimerEvent: {}
[145.692386] (-) TimerEvent: {}
[145.794140] (-) TimerEvent: {}
[145.897138] (-) TimerEvent: {}
[145.998774] (-) TimerEvent: {}
[146.100907] (-) TimerEvent: {}
[146.203143] (-) TimerEvent: {}
[146.309181] (-) TimerEvent: {}
[146.410458] (-) TimerEvent: {}
[146.512885] (-) TimerEvent: {}
[146.616076] (-) TimerEvent: {}
[146.719947] (-) TimerEvent: {}
[146.824197] (-) TimerEvent: {}
[146.926324] (-) TimerEvent: {}
[147.031052] (-) TimerEvent: {}
[147.133468] (-) TimerEvent: {}
[147.236066] (-) TimerEvent: {}
[147.337136] (-) TimerEvent: {}
[147.438059] (-) TimerEvent: {}
[147.539798] (-) TimerEvent: {}
[147.641813] (-) TimerEvent: {}
[147.743652] (-) TimerEvent: {}
[147.845491] (-) TimerEvent: {}
[147.947728] (-) TimerEvent: {}
[148.049655] (-) TimerEvent: {}
[148.152393] (-) TimerEvent: {}
[148.254809] (-) TimerEvent: {}
[148.361200] (-) TimerEvent: {}
[148.466751] (-) TimerEvent: {}
[148.569311] (-) TimerEvent: {}
[148.672489] (-) TimerEvent: {}
[148.775615] (-) TimerEvent: {}
[148.791212] (ublox_gps) StdoutLine: {'line': b'[ 27%] Built target ublox_logger_node\n'}
[148.875804] (-) TimerEvent: {}
[148.976789] (-) TimerEvent: {}
[149.078204] (-) TimerEvent: {}
[149.179071] (-) TimerEvent: {}
[149.280378] (-) TimerEvent: {}
[149.381847] (-) TimerEvent: {}
[149.483447] (-) TimerEvent: {}
[149.584983] (-) TimerEvent: {}
[149.686624] (-) TimerEvent: {}
[149.788281] (-) TimerEvent: {}
[149.890575] (-) TimerEvent: {}
[149.991414] (-) TimerEvent: {}
[150.092227] (-) TimerEvent: {}
[150.193020] (-) TimerEvent: {}
[150.293934] (-) TimerEvent: {}
[150.394835] (-) TimerEvent: {}
[150.496035] (-) TimerEvent: {}
[150.598480] (-) TimerEvent: {}
[150.700078] (-) TimerEvent: {}
[150.802067] (-) TimerEvent: {}
[150.903716] (-) TimerEvent: {}
[151.004979] (-) TimerEvent: {}
[151.105856] (-) TimerEvent: {}
[151.207088] (-) TimerEvent: {}
[151.307834] (-) TimerEvent: {}
[151.408645] (-) TimerEvent: {}
[151.509539] (-) TimerEvent: {}
[151.611040] (-) TimerEvent: {}
[151.712297] (-) TimerEvent: {}
[151.814275] (-) TimerEvent: {}
[151.915879] (-) TimerEvent: {}
[152.017284] (-) TimerEvent: {}
[152.118372] (-) TimerEvent: {}
[152.220149] (-) TimerEvent: {}
[152.321448] (-) TimerEvent: {}
[152.422579] (-) TimerEvent: {}
[152.523461] (-) TimerEvent: {}
[152.624316] (-) TimerEvent: {}
[152.725147] (-) TimerEvent: {}
[152.825956] (-) TimerEvent: {}
[152.929092] (-) TimerEvent: {}
[153.030152] (-) TimerEvent: {}
[153.131275] (-) TimerEvent: {}
[153.233018] (-) TimerEvent: {}
[153.334703] (-) TimerEvent: {}
[153.435918] (-) TimerEvent: {}
[153.537290] (-) TimerEvent: {}
[153.638882] (-) TimerEvent: {}
[153.739760] (-) TimerEvent: {}
[153.840678] (-) TimerEvent: {}
[153.941427] (-) TimerEvent: {}
[154.042276] (-) TimerEvent: {}
[154.143056] (-) TimerEvent: {}
[154.244352] (-) TimerEvent: {}
[154.345681] (-) TimerEvent: {}
[154.447937] (-) TimerEvent: {}
[154.552444] (-) TimerEvent: {}
[154.653665] (-) TimerEvent: {}
[154.754994] (-) TimerEvent: {}
[154.856371] (-) TimerEvent: {}
[154.957549] (-) TimerEvent: {}
[155.059352] (-) TimerEvent: {}
[155.160666] (-) TimerEvent: {}
[155.261529] (-) TimerEvent: {}
[155.294843] (ublox_gps) StdoutLine: {'line': b'[ 31%] \x1b[32mBuilding C object CMakeFiles/ublox_gps.dir/src/mkgmtime.c.o\x1b[0m\n'}
[155.361906] (-) TimerEvent: {}
[155.463418] (-) TimerEvent: {}
[155.564416] (-) TimerEvent: {}
[155.665374] (-) TimerEvent: {}
[155.766402] (-) TimerEvent: {}
[155.867902] (-) TimerEvent: {}
[155.969705] (-) TimerEvent: {}
[156.071083] (-) TimerEvent: {}
[156.172585] (-) TimerEvent: {}
[156.173824] (ublox_gps) StdoutLine: {'line': b'[ 36%] \x1b[32mBuilding CXX object CMakeFiles/ublox_gps.dir/src/node.cpp.o\x1b[0m\n'}
[156.272975] (-) TimerEvent: {}
[156.374344] (-) TimerEvent: {}
[156.475435] (-) TimerEvent: {}
[156.576339] (-) TimerEvent: {}
[156.677615] (-) TimerEvent: {}
[156.778446] (-) TimerEvent: {}
[156.879297] (-) TimerEvent: {}
[156.980298] (-) TimerEvent: {}
[157.082309] (-) TimerEvent: {}
[157.183806] (-) TimerEvent: {}
[157.285173] (-) TimerEvent: {}
[157.386591] (-) TimerEvent: {}
[157.487851] (-) TimerEvent: {}
[157.589049] (-) TimerEvent: {}
[157.689833] (-) TimerEvent: {}
[157.790941] (-) TimerEvent: {}
[157.891688] (-) TimerEvent: {}
[157.992460] (-) TimerEvent: {}
[158.093577] (-) TimerEvent: {}
[158.195391] (-) TimerEvent: {}
[158.297140] (-) TimerEvent: {}
[158.398389] (-) TimerEvent: {}
[158.499770] (-) TimerEvent: {}
[158.601748] (-) TimerEvent: {}
[158.702814] (-) TimerEvent: {}
[158.803618] (-) TimerEvent: {}
[158.904663] (-) TimerEvent: {}
[159.005583] (-) TimerEvent: {}
[159.106792] (-) TimerEvent: {}
[159.207642] (-) TimerEvent: {}
[159.308482] (-) TimerEvent: {}
[159.409280] (-) TimerEvent: {}
[159.510026] (-) TimerEvent: {}
[159.610831] (-) TimerEvent: {}
[159.711850] (-) TimerEvent: {}
[159.813017] (-) TimerEvent: {}
[159.914615] (-) TimerEvent: {}
[160.017071] (-) TimerEvent: {}
[160.118693] (-) TimerEvent: {}
[160.220176] (-) TimerEvent: {}
[160.321405] (-) TimerEvent: {}
[160.422832] (-) TimerEvent: {}
[160.523788] (-) TimerEvent: {}
[160.625148] (-) TimerEvent: {}
[160.725865] (-) TimerEvent: {}
[160.826748] (-) TimerEvent: {}
[160.929869] (-) TimerEvent: {}
[161.031329] (-) TimerEvent: {}
[161.133400] (-) TimerEvent: {}
[161.235344] (-) TimerEvent: {}
[161.337031] (-) TimerEvent: {}
[161.438282] (-) TimerEvent: {}
[161.539499] (-) TimerEvent: {}
[161.640326] (-) TimerEvent: {}
[161.741084] (-) TimerEvent: {}
[161.841833] (-) TimerEvent: {}
[161.942806] (-) TimerEvent: {}
[162.044311] (-) TimerEvent: {}
[162.145866] (-) TimerEvent: {}
[162.247219] (-) TimerEvent: {}
[162.348426] (-) TimerEvent: {}
[162.449806] (-) TimerEvent: {}
[162.551117] (-) TimerEvent: {}
[162.652697] (-) TimerEvent: {}
[162.753973] (-) TimerEvent: {}
[162.855087] (-) TimerEvent: {}
[162.956123] (-) TimerEvent: {}
[163.056989] (-) TimerEvent: {}
[163.158005] (-) TimerEvent: {}
[163.259339] (-) TimerEvent: {}
[163.360129] (-) TimerEvent: {}
[163.461096] (-) TimerEvent: {}
[163.562039] (-) TimerEvent: {}
[163.663580] (-) TimerEvent: {}
[163.765258] (-) TimerEvent: {}
[163.866919] (-) TimerEvent: {}
[163.968310] (-) TimerEvent: {}
[164.070034] (-) TimerEvent: {}
[164.171557] (-) TimerEvent: {}
[164.272920] (-) TimerEvent: {}
[164.373878] (-) TimerEvent: {}
[164.475034] (-) TimerEvent: {}
[164.575838] (-) TimerEvent: {}
[164.676721] (-) TimerEvent: {}
[164.777880] (-) TimerEvent: {}
[164.879600] (-) TimerEvent: {}
[164.981437] (-) TimerEvent: {}
[165.082748] (-) TimerEvent: {}
[165.184357] (-) TimerEvent: {}
[165.286618] (-) TimerEvent: {}
[165.389377] (-) TimerEvent: {}
[165.490631] (-) TimerEvent: {}
[165.591555] (-) TimerEvent: {}
[165.692331] (-) TimerEvent: {}
[165.793247] (-) TimerEvent: {}
[165.894545] (-) TimerEvent: {}
[165.996406] (-) TimerEvent: {}
[166.098357] (-) TimerEvent: {}
[166.200099] (-) TimerEvent: {}
[166.301893] (-) TimerEvent: {}
[166.403640] (-) TimerEvent: {}
[166.504832] (-) TimerEvent: {}
[166.605889] (-) TimerEvent: {}
[166.707046] (-) TimerEvent: {}
[166.807941] (-) TimerEvent: {}
[166.908954] (-) TimerEvent: {}
[167.010644] (-) TimerEvent: {}
[167.111748] (-) TimerEvent: {}
[167.212726] (-) TimerEvent: {}
[167.313739] (-) TimerEvent: {}
[167.414688] (-) TimerEvent: {}
[167.515910] (-) TimerEvent: {}
[167.617560] (-) TimerEvent: {}
[167.719324] (-) TimerEvent: {}
[167.821090] (-) TimerEvent: {}
[167.922437] (-) TimerEvent: {}
[168.023580] (-) TimerEvent: {}
[168.124629] (-) TimerEvent: {}
[168.225516] (-) TimerEvent: {}
[168.326365] (-) TimerEvent: {}
[168.427702] (-) TimerEvent: {}
[168.528954] (-) TimerEvent: {}
[168.630546] (-) TimerEvent: {}
[168.732239] (-) TimerEvent: {}
[168.833971] (-) TimerEvent: {}
[168.935680] (-) TimerEvent: {}
[169.037401] (-) TimerEvent: {}
[169.138934] (-) TimerEvent: {}
[169.239962] (-) TimerEvent: {}
[169.340932] (-) TimerEvent: {}
[169.442025] (-) TimerEvent: {}
[169.543309] (-) TimerEvent: {}
[169.644342] (-) TimerEvent: {}
[169.746052] (-) TimerEvent: {}
[169.847612] (-) TimerEvent: {}
[169.949341] (-) TimerEvent: {}
[170.050996] (-) TimerEvent: {}
[170.152602] (-) TimerEvent: {}
[170.254047] (-) TimerEvent: {}
[170.355120] (-) TimerEvent: {}
[170.456428] (-) TimerEvent: {}
[170.557715] (-) TimerEvent: {}
[170.658486] (-) TimerEvent: {}
[170.759346] (-) TimerEvent: {}
[170.860381] (-) TimerEvent: {}
[170.962040] (-) TimerEvent: {}
[171.063032] (-) TimerEvent: {}
[171.164045] (-) TimerEvent: {}
[171.265629] (-) TimerEvent: {}
[171.367284] (-) TimerEvent: {}
[171.468470] (-) TimerEvent: {}
[171.569694] (-) TimerEvent: {}
[171.671172] (-) TimerEvent: {}
[171.773809] (-) TimerEvent: {}
[171.874682] (-) TimerEvent: {}
[171.975597] (-) TimerEvent: {}
[172.076445] (-) TimerEvent: {}
[172.177567] (-) TimerEvent: {}
[172.278769] (-) TimerEvent: {}
[172.379869] (-) TimerEvent: {}
[172.482024] (-) TimerEvent: {}
[172.583977] (-) TimerEvent: {}
[172.685517] (-) TimerEvent: {}
[172.787135] (-) TimerEvent: {}
[172.890302] (-) TimerEvent: {}
[172.991214] (-) TimerEvent: {}
[173.092125] (-) TimerEvent: {}
[173.193072] (-) TimerEvent: {}
[173.293934] (-) TimerEvent: {}
[173.395022] (-) TimerEvent: {}
[173.496782] (-) TimerEvent: {}
[173.598729] (-) TimerEvent: {}
[173.700231] (-) TimerEvent: {}
[173.801728] (-) TimerEvent: {}
[173.903256] (-) TimerEvent: {}
[174.004625] (-) TimerEvent: {}
[174.105786] (-) TimerEvent: {}
[174.206542] (-) TimerEvent: {}
[174.307417] (-) TimerEvent: {}
[174.408204] (-) TimerEvent: {}
[174.509099] (-) TimerEvent: {}
[174.610044] (-) TimerEvent: {}
[174.711595] (-) TimerEvent: {}
[174.813315] (-) TimerEvent: {}
[174.914398] (-) TimerEvent: {}
[175.016104] (-) TimerEvent: {}
[175.117880] (-) TimerEvent: {}
[175.219529] (-) TimerEvent: {}
[175.320743] (-) TimerEvent: {}
[175.421954] (-) TimerEvent: {}
[175.523094] (-) TimerEvent: {}
[175.624650] (-) TimerEvent: {}
[175.725527] (-) TimerEvent: {}
[175.826454] (-) TimerEvent: {}
[175.928000] (-) TimerEvent: {}
[176.028746] (-) TimerEvent: {}
[176.129692] (-) TimerEvent: {}
[176.230777] (-) TimerEvent: {}
[176.332624] (-) TimerEvent: {}
[176.433821] (-) TimerEvent: {}
[176.535227] (-) TimerEvent: {}
[176.636704] (-) TimerEvent: {}
[176.738226] (-) TimerEvent: {}
[176.839086] (-) TimerEvent: {}
[176.939996] (-) TimerEvent: {}
[177.041171] (-) TimerEvent: {}
[177.142444] (-) TimerEvent: {}
[177.243517] (-) TimerEvent: {}
[177.344742] (-) TimerEvent: {}
[177.448373] (-) TimerEvent: {}
[177.551212] (-) TimerEvent: {}
[177.652938] (-) TimerEvent: {}
[177.755375] (-) TimerEvent: {}
[177.856345] (-) TimerEvent: {}
[177.957300] (-) TimerEvent: {}
[178.058085] (-) TimerEvent: {}
[178.158822] (-) TimerEvent: {}
[178.259577] (-) TimerEvent: {}
[178.360603] (-) TimerEvent: {}
[178.462001] (-) TimerEvent: {}
[178.563688] (-) TimerEvent: {}
[178.665146] (-) TimerEvent: {}
[178.766554] (-) TimerEvent: {}
[178.869594] (-) TimerEvent: {}
[178.971103] (-) TimerEvent: {}
[179.072679] (-) TimerEvent: {}
[179.173900] (-) TimerEvent: {}
[179.275049] (-) TimerEvent: {}
[179.376033] (-) TimerEvent: {}
[179.477414] (-) TimerEvent: {}
[179.579174] (-) TimerEvent: {}
[179.681182] (-) TimerEvent: {}
[179.782142] (-) TimerEvent: {}
[179.883900] (-) TimerEvent: {}
[179.986233] (-) TimerEvent: {}
[180.087564] (-) TimerEvent: {}
[180.188778] (-) TimerEvent: {}
[180.290028] (-) TimerEvent: {}
[180.391206] (-) TimerEvent: {}
[180.492110] (-) TimerEvent: {}
[180.593152] (-) TimerEvent: {}
[180.695007] (-) TimerEvent: {}
[180.796708] (-) TimerEvent: {}
[180.897672] (-) TimerEvent: {}
[180.998476] (-) TimerEvent: {}
[181.099852] (-) TimerEvent: {}
[181.201158] (-) TimerEvent: {}
[181.302359] (-) TimerEvent: {}
[181.403896] (-) TimerEvent: {}
[181.505231] (-) TimerEvent: {}
[181.606609] (-) TimerEvent: {}
[181.707598] (-) TimerEvent: {}
[181.808700] (-) TimerEvent: {}
[181.909455] (-) TimerEvent: {}
[182.010404] (-) TimerEvent: {}
[182.111298] (-) TimerEvent: {}
[182.212446] (-) TimerEvent: {}
[182.314684] (-) TimerEvent: {}
[182.417437] (-) TimerEvent: {}
[182.519140] (-) TimerEvent: {}
[182.620678] (-) TimerEvent: {}
[182.722319] (-) TimerEvent: {}
[182.823374] (-) TimerEvent: {}
[182.924264] (-) TimerEvent: {}
[183.025070] (-) TimerEvent: {}
[183.125817] (-) TimerEvent: {}
[183.226693] (-) TimerEvent: {}
[183.327870] (-) TimerEvent: {}
[183.429663] (-) TimerEvent: {}
[183.531176] (-) TimerEvent: {}
[183.632171] (-) TimerEvent: {}
[183.733934] (-) TimerEvent: {}
[183.835581] (-) TimerEvent: {}
[183.937209] (-) TimerEvent: {}
[184.038301] (-) TimerEvent: {}
[184.139663] (-) TimerEvent: {}
[184.240675] (-) TimerEvent: {}
[184.341558] (-) TimerEvent: {}
[184.442637] (-) TimerEvent: {}
[184.543752] (-) TimerEvent: {}
[184.644743] (-) TimerEvent: {}
[184.745621] (-) TimerEvent: {}
[184.846472] (-) TimerEvent: {}
[184.947548] (-) TimerEvent: {}
[185.049360] (-) TimerEvent: {}
[185.150877] (-) TimerEvent: {}
[185.252296] (-) TimerEvent: {}
[185.353791] (-) TimerEvent: {}
[185.455256] (-) TimerEvent: {}
[185.556149] (-) TimerEvent: {}
[185.657064] (-) TimerEvent: {}
[185.757881] (-) TimerEvent: {}
[185.858960] (-) TimerEvent: {}
[185.959776] (-) TimerEvent: {}
[186.060767] (-) TimerEvent: {}
[186.162359] (-) TimerEvent: {}
[186.263980] (-) TimerEvent: {}
[186.365639] (-) TimerEvent: {}
[186.467280] (-) TimerEvent: {}
[186.569515] (-) TimerEvent: {}
[186.670830] (-) TimerEvent: {}
[186.772030] (-) TimerEvent: {}
[186.873361] (-) TimerEvent: {}
[186.974307] (-) TimerEvent: {}
[187.075464] (-) TimerEvent: {}
[187.176424] (-) TimerEvent: {}
[187.278187] (-) TimerEvent: {}
[187.379579] (-) TimerEvent: {}
[187.480497] (-) TimerEvent: {}
[187.581467] (-) TimerEvent: {}
[187.682334] (-) TimerEvent: {}
[187.783576] (-) TimerEvent: {}
[187.884932] (-) TimerEvent: {}
[187.986211] (-) TimerEvent: {}
[188.087351] (-) TimerEvent: {}
[188.188832] (-) TimerEvent: {}
[188.289847] (-) TimerEvent: {}
[188.390739] (-) TimerEvent: {}
[188.491650] (-) TimerEvent: {}
[188.592413] (-) TimerEvent: {}
[188.693498] (-) TimerEvent: {}
[188.794580] (-) TimerEvent: {}
[188.896018] (-) TimerEvent: {}
[188.997750] (-) TimerEvent: {}
[189.099347] (-) TimerEvent: {}
[189.201253] (-) TimerEvent: {}
[189.303339] (-) TimerEvent: {}
[189.404861] (-) TimerEvent: {}
[189.506182] (-) TimerEvent: {}
[189.607149] (-) TimerEvent: {}
[189.707934] (-) TimerEvent: {}
[189.808717] (-) TimerEvent: {}
[189.909587] (-) TimerEvent: {}
[190.011195] (-) TimerEvent: {}
[190.112806] (-) TimerEvent: {}
[190.214214] (-) TimerEvent: {}
[190.315370] (-) TimerEvent: {}
[190.417033] (-) TimerEvent: {}
[190.518736] (-) TimerEvent: {}
[190.620257] (-) TimerEvent: {}
[190.721339] (-) TimerEvent: {}
[190.822645] (-) TimerEvent: {}
[190.923633] (-) TimerEvent: {}
[191.024583] (-) TimerEvent: {}
[191.125515] (-) TimerEvent: {}
[191.226399] (-) TimerEvent: {}
[191.328010] (-) TimerEvent: {}
[191.429022] (-) TimerEvent: {}
[191.529979] (-) TimerEvent: {}
[191.631188] (-) TimerEvent: {}
[191.733215] (-) TimerEvent: {}
[191.834681] (-) TimerEvent: {}
[191.935940] (-) TimerEvent: {}
[192.037603] (-) TimerEvent: {}
[192.138912] (-) TimerEvent: {}
[192.240052] (-) TimerEvent: {}
[192.340981] (-) TimerEvent: {}
[192.441736] (-) TimerEvent: {}
[192.542503] (-) TimerEvent: {}
[192.643320] (-) TimerEvent: {}
[192.744641] (-) TimerEvent: {}
[192.846278] (-) TimerEvent: {}
[192.947999] (-) TimerEvent: {}
[193.049675] (-) TimerEvent: {}
[193.151409] (-) TimerEvent: {}
[193.253077] (-) TimerEvent: {}
[193.354430] (-) TimerEvent: {}
[193.455430] (-) TimerEvent: {}
[193.556773] (-) TimerEvent: {}
[193.657754] (-) TimerEvent: {}
[193.758537] (-) TimerEvent: {}
[193.859434] (-) TimerEvent: {}
[193.960452] (-) TimerEvent: {}
[194.061868] (-) TimerEvent: {}
[194.162780] (-) TimerEvent: {}
[194.263816] (-) TimerEvent: {}
[194.364696] (-) TimerEvent: {}
[194.466518] (-) TimerEvent: {}
[194.567686] (-) TimerEvent: {}
[194.669239] (-) TimerEvent: {}
[194.770319] (-) TimerEvent: {}
[194.871909] (-) TimerEvent: {}
[194.973020] (-) TimerEvent: {}
[195.073979] (-) TimerEvent: {}
[195.174836] (-) TimerEvent: {}
[195.275604] (-) TimerEvent: {}
[195.376468] (-) TimerEvent: {}
[195.478081] (-) TimerEvent: {}
[195.579716] (-) TimerEvent: {}
[195.681403] (-) TimerEvent: {}
[195.783070] (-) TimerEvent: {}
[195.884732] (-) TimerEvent: {}
[195.986216] (-) TimerEvent: {}
[196.087412] (-) TimerEvent: {}
[196.189113] (-) TimerEvent: {}
[196.290122] (-) TimerEvent: {}
[196.391302] (-) TimerEvent: {}
[196.492488] (-) TimerEvent: {}
[196.593361] (-) TimerEvent: {}
[196.694545] (-) TimerEvent: {}
[196.796338] (-) TimerEvent: {}
[196.898203] (-) TimerEvent: {}
[196.999885] (-) TimerEvent: {}
[197.101497] (-) TimerEvent: {}
[197.207964] (-) TimerEvent: {}
[197.308731] (-) TimerEvent: {}
[197.409491] (-) TimerEvent: {}
[197.510351] (-) TimerEvent: {}
[197.611435] (-) TimerEvent: {}
[197.713193] (-) TimerEvent: {}
[197.815040] (-) TimerEvent: {}
[197.916741] (-) TimerEvent: {}
[198.018390] (-) TimerEvent: {}
[198.120061] (-) TimerEvent: {}
[198.221426] (-) TimerEvent: {}
[198.322619] (-) TimerEvent: {}
[198.423516] (-) TimerEvent: {}
[198.524246] (-) TimerEvent: {}
[198.625075] (-) TimerEvent: {}
[198.726021] (-) TimerEvent: {}
[198.826950] (-) TimerEvent: {}
[198.927952] (-) TimerEvent: {}
[199.028839] (-) TimerEvent: {}
[199.129829] (-) TimerEvent: {}
[199.230782] (-) TimerEvent: {}
[199.331877] (-) TimerEvent: {}
[199.434619] (-) TimerEvent: {}
[199.536096] (-) TimerEvent: {}
[199.637319] (-) TimerEvent: {}
[199.738620] (-) TimerEvent: {}
[199.839503] (-) TimerEvent: {}
[199.940583] (-) TimerEvent: {}
[200.041502] (-) TimerEvent: {}
[200.142262] (-) TimerEvent: {}
[200.243070] (-) TimerEvent: {}
[200.344055] (-) TimerEvent: {}
[200.445968] (-) TimerEvent: {}
[200.547869] (-) TimerEvent: {}
[200.650863] (-) TimerEvent: {}
[200.752369] (-) TimerEvent: {}
[200.854647] (-) TimerEvent: {}
[200.956237] (-) TimerEvent: {}
[201.057291] (-) TimerEvent: {}
[201.158333] (-) TimerEvent: {}
[201.259599] (-) TimerEvent: {}
[201.360499] (-) TimerEvent: {}
[201.461552] (-) TimerEvent: {}
[201.563615] (-) TimerEvent: {}
[201.665542] (-) TimerEvent: {}
[201.767355] (-) TimerEvent: {}
[201.869207] (-) TimerEvent: {}
[201.970867] (-) TimerEvent: {}
[202.072392] (-) TimerEvent: {}
[202.173353] (-) TimerEvent: {}
[202.274235] (-) TimerEvent: {}
[202.374983] (-) TimerEvent: {}
[202.475789] (-) TimerEvent: {}
[202.576724] (-) TimerEvent: {}
[202.677904] (-) TimerEvent: {}
[202.779331] (-) TimerEvent: {}
[202.880383] (-) TimerEvent: {}
[202.981253] (-) TimerEvent: {}
[203.082343] (-) TimerEvent: {}
[203.183882] (-) TimerEvent: {}
[203.285291] (-) TimerEvent: {}
[203.386690] (-) TimerEvent: {}
[203.487919] (-) TimerEvent: {}
[203.589237] (-) TimerEvent: {}
[203.690268] (-) TimerEvent: {}
[203.791624] (-) TimerEvent: {}
[203.892520] (-) TimerEvent: {}
[203.993382] (-) TimerEvent: {}
[204.094300] (-) TimerEvent: {}
[204.195079] (-) TimerEvent: {}
[204.296125] (-) TimerEvent: {}
[204.398079] (-) TimerEvent: {}
[204.499708] (-) TimerEvent: {}
[204.601351] (-) TimerEvent: {}
[204.702999] (-) TimerEvent: {}
[204.804476] (-) TimerEvent: {}
[204.905905] (-) TimerEvent: {}
[205.006922] (-) TimerEvent: {}
[205.108928] (-) TimerEvent: {}
[205.209707] (-) TimerEvent: {}
[205.310892] (-) TimerEvent: {}
[205.412905] (-) TimerEvent: {}
[205.515086] (-) TimerEvent: {}
[205.616922] (-) TimerEvent: {}
[205.718509] (-) TimerEvent: {}
[205.820096] (-) TimerEvent: {}
[205.921563] (-) TimerEvent: {}
[206.022677] (-) TimerEvent: {}
[206.123747] (-) TimerEvent: {}
[206.224638] (-) TimerEvent: {}
[206.325865] (-) TimerEvent: {}
[206.427029] (-) TimerEvent: {}
[206.528901] (-) TimerEvent: {}
[206.630929] (-) TimerEvent: {}
[206.731929] (-) TimerEvent: {}
[206.833617] (-) TimerEvent: {}
[206.935234] (-) TimerEvent: {}
[207.036660] (-) TimerEvent: {}
[207.137707] (-) TimerEvent: {}
[207.239018] (-) TimerEvent: {}
[207.340182] (-) TimerEvent: {}
[207.441173] (-) TimerEvent: {}
[207.542080] (-) TimerEvent: {}
[207.642982] (-) TimerEvent: {}
[207.744107] (-) TimerEvent: {}
[207.845117] (-) TimerEvent: {}
[207.945987] (-) TimerEvent: {}
[208.046879] (-) TimerEvent: {}
[208.147854] (-) TimerEvent: {}
[208.250324] (-) TimerEvent: {}
[208.352456] (-) TimerEvent: {}
[208.453681] (-) TimerEvent: {}
[208.555349] (-) TimerEvent: {}
[208.656353] (-) TimerEvent: {}
[208.757348] (-) TimerEvent: {}
[208.858095] (-) TimerEvent: {}
[208.958842] (-) TimerEvent: {}
[209.059596] (-) TimerEvent: {}
[209.160641] (-) TimerEvent: {}
[209.262282] (-) TimerEvent: {}
[209.363658] (-) TimerEvent: {}
[209.464674] (-) TimerEvent: {}
[209.565603] (-) TimerEvent: {}
[209.666830] (-) TimerEvent: {}
[209.769356] (-) TimerEvent: {}
[209.870101] (-) TimerEvent: {}
[209.971154] (-) TimerEvent: {}
[210.072390] (-) TimerEvent: {}
[210.173147] (-) TimerEvent: {}
[210.273984] (-) TimerEvent: {}
[210.374967] (-) TimerEvent: {}
[210.475974] (-) TimerEvent: {}
[210.576901] (-) TimerEvent: {}
[210.677749] (-) TimerEvent: {}
[210.778719] (-) TimerEvent: {}
[210.879897] (-) TimerEvent: {}
[210.981580] (-) TimerEvent: {}
[211.083205] (-) TimerEvent: {}
[211.184696] (-) TimerEvent: {}
[211.286292] (-) TimerEvent: {}
[211.387760] (-) TimerEvent: {}
[211.488749] (-) TimerEvent: {}
[211.589731] (-) TimerEvent: {}
[211.690847] (-) TimerEvent: {}
[211.791680] (-) TimerEvent: {}
[211.892499] (-) TimerEvent: {}
[211.993646] (-) TimerEvent: {}
[212.095360] (-) TimerEvent: {}
[212.197246] (-) TimerEvent: {}
[212.299794] (-) TimerEvent: {}
[212.401932] (-) TimerEvent: {}
[212.504733] (-) TimerEvent: {}
[212.606610] (-) TimerEvent: {}
[212.708321] (-) TimerEvent: {}
[212.809225] (-) TimerEvent: {}
[212.910343] (-) TimerEvent: {}
[213.011450] (-) TimerEvent: {}
[213.113223] (-) TimerEvent: {}
[213.215600] (-) TimerEvent: {}
[213.317700] (-) TimerEvent: {}
[213.419736] (-) TimerEvent: {}
[213.522879] (-) TimerEvent: {}
[213.626454] (-) TimerEvent: {}
[213.727593] (-) TimerEvent: {}
[213.828626] (-) TimerEvent: {}
[213.929566] (-) TimerEvent: {}
[214.031475] (-) TimerEvent: {}
[214.134966] (-) TimerEvent: {}
[214.237444] (-) TimerEvent: {}
[214.338911] (-) TimerEvent: {}
[214.441216] (-) TimerEvent: {}
[214.542530] (-) TimerEvent: {}
[214.644927] (-) TimerEvent: {}
[214.746908] (-) TimerEvent: {}
[214.850231] (-) TimerEvent: {}
[214.953882] (-) TimerEvent: {}
[215.055311] (-) TimerEvent: {}
[215.156604] (-) TimerEvent: {}
[215.257759] (-) TimerEvent: {}
[215.358671] (-) TimerEvent: {}
[215.459512] (-) TimerEvent: {}
[215.561097] (-) TimerEvent: {}
[215.662746] (-) TimerEvent: {}
[215.764355] (-) TimerEvent: {}
[215.865594] (-) TimerEvent: {}
[215.967075] (-) TimerEvent: {}
[216.068751] (-) TimerEvent: {}
[216.170658] (-) TimerEvent: {}
[216.271578] (-) TimerEvent: {}
[216.372797] (-) TimerEvent: {}
[216.473923] (-) TimerEvent: {}
[216.574810] (-) TimerEvent: {}
[216.675915] (-) TimerEvent: {}
[216.777256] (-) TimerEvent: {}
[216.878265] (-) TimerEvent: {}
[216.979143] (-) TimerEvent: {}
[217.080519] (-) TimerEvent: {}
[217.181685] (-) TimerEvent: {}
[217.283637] (-) TimerEvent: {}
[217.385576] (-) TimerEvent: {}
[217.487329] (-) TimerEvent: {}
[217.588960] (-) TimerEvent: {}
[217.690420] (-) TimerEvent: {}
[217.791336] (-) TimerEvent: {}
[217.892161] (-) TimerEvent: {}
[217.992907] (-) TimerEvent: {}
[218.093827] (-) TimerEvent: {}
[218.194689] (-) TimerEvent: {}
[218.295731] (-) TimerEvent: {}
[218.397470] (-) TimerEvent: {}
[218.499109] (-) TimerEvent: {}
[218.600842] (-) TimerEvent: {}
[218.702511] (-) TimerEvent: {}
[218.804051] (-) TimerEvent: {}
[218.905307] (-) TimerEvent: {}
[219.006160] (-) TimerEvent: {}
[219.106941] (-) TimerEvent: {}
[219.207710] (-) TimerEvent: {}
[219.308504] (-) TimerEvent: {}
[219.409399] (-) TimerEvent: {}
[219.510887] (-) TimerEvent: {}
[219.612288] (-) TimerEvent: {}
[219.713378] (-) TimerEvent: {}
[219.814384] (-) TimerEvent: {}
[219.915408] (-) TimerEvent: {}
[220.017085] (-) TimerEvent: {}
[220.118496] (-) TimerEvent: {}
[220.219634] (-) TimerEvent: {}
[220.320819] (-) TimerEvent: {}
[220.422202] (-) TimerEvent: {}
[220.523167] (-) TimerEvent: {}
[220.624142] (-) TimerEvent: {}
[220.725052] (-) TimerEvent: {}
[220.825863] (-) TimerEvent: {}
[220.926694] (-) TimerEvent: {}
[221.027972] (-) TimerEvent: {}
[221.131129] (-) TimerEvent: {}
[221.233512] (-) TimerEvent: {}
[221.335129] (-) TimerEvent: {}
[221.437064] (-) TimerEvent: {}
[221.538271] (-) TimerEvent: {}
[221.639319] (-) TimerEvent: {}
[221.740194] (-) TimerEvent: {}
[221.840972] (-) TimerEvent: {}
[221.941721] (-) TimerEvent: {}
[222.042531] (-) TimerEvent: {}
[222.143558] (-) TimerEvent: {}
[222.245559] (-) TimerEvent: {}
[222.347216] (-) TimerEvent: {}
[222.448683] (-) TimerEvent: {}
[222.549915] (-) TimerEvent: {}
[222.651565] (-) TimerEvent: {}
[222.753135] (-) TimerEvent: {}
[222.854159] (-) TimerEvent: {}
[222.955186] (-) TimerEvent: {}
[223.056433] (-) TimerEvent: {}
[223.157568] (-) TimerEvent: {}
[223.258459] (-) TimerEvent: {}
[223.359408] (-) TimerEvent: {}
[223.460274] (-) TimerEvent: {}
[223.561242] (-) TimerEvent: {}
[223.662192] (-) TimerEvent: {}
[223.763048] (-) TimerEvent: {}
[223.864241] (-) TimerEvent: {}
[223.965953] (-) TimerEvent: {}
[224.067501] (-) TimerEvent: {}
[224.169082] (-) TimerEvent: {}
[224.270622] (-) TimerEvent: {}
[224.372498] (-) TimerEvent: {}
[224.473450] (-) TimerEvent: {}
[224.574180] (-) TimerEvent: {}
[224.674914] (-) TimerEvent: {}
[224.775731] (-) TimerEvent: {}
[224.876650] (-) TimerEvent: {}
[224.978004] (-) TimerEvent: {}
[225.079919] (-) TimerEvent: {}
[225.181423] (-) TimerEvent: {}
[225.282467] (-) TimerEvent: {}
[225.384100] (-) TimerEvent: {}
[225.485794] (-) TimerEvent: {}
[225.587013] (-) TimerEvent: {}
[225.688049] (-) TimerEvent: {}
[225.789296] (-) TimerEvent: {}
[225.890430] (-) TimerEvent: {}
[225.991349] (-) TimerEvent: {}
[226.092234] (-) TimerEvent: {}
[226.193391] (-) TimerEvent: {}
[226.294908] (-) TimerEvent: {}
[226.395839] (-) TimerEvent: {}
[226.496705] (-) TimerEvent: {}
[226.597524] (-) TimerEvent: {}
[226.698508] (-) TimerEvent: {}
[226.800048] (-) TimerEvent: {}
[226.901347] (-) TimerEvent: {}
[227.002636] (-) TimerEvent: {}
[227.104179] (-) TimerEvent: {}
[227.205559] (-) TimerEvent: {}
[227.306376] (-) TimerEvent: {}
[227.407125] (-) TimerEvent: {}
[227.507850] (-) TimerEvent: {}
[227.608612] (-) TimerEvent: {}
[227.709446] (-) TimerEvent: {}
[227.810790] (-) TimerEvent: {}
[227.912495] (-) TimerEvent: {}
[228.014677] (-) TimerEvent: {}
[228.115710] (-) TimerEvent: {}
[228.217381] (-) TimerEvent: {}
[228.318989] (-) TimerEvent: {}
[228.420512] (-) TimerEvent: {}
[228.521763] (-) TimerEvent: {}
[228.623241] (-) TimerEvent: {}
[228.724195] (-) TimerEvent: {}
[228.825119] (-) TimerEvent: {}
[228.925993] (-) TimerEvent: {}
[229.027265] (-) TimerEvent: {}
[229.128768] (-) TimerEvent: {}
[229.229713] (-) TimerEvent: {}
[229.307205] (ublox_gps) StdoutLine: {'line': b'[ 40%] \x1b[32mBuilding CXX object CMakeFiles/ublox_gps.dir/src/raw_data_pa.cpp.o\x1b[0m\n'}
[229.333073] (-) TimerEvent: {}
[229.435022] (-) TimerEvent: {}
[229.536314] (-) TimerEvent: {}
[229.638117] (-) TimerEvent: {}
[229.739626] (-) TimerEvent: {}
[229.841102] (-) TimerEvent: {}
[229.942670] (-) TimerEvent: {}
[230.044344] (-) TimerEvent: {}
[230.145236] (-) TimerEvent: {}
[230.247082] (-) TimerEvent: {}
[230.347943] (-) TimerEvent: {}
[230.368179] (ublox_gps) StdoutLine: {'line': b'[ 45%] \x1b[32mBuilding CXX object CMakeFiles/ublox_gps.dir/src/hpg_rov_product.cpp.o\x1b[0m\n'}
[230.448353] (-) TimerEvent: {}
[230.549532] (-) TimerEvent: {}
[230.653122] (-) TimerEvent: {}
[230.760667] (-) TimerEvent: {}
[230.862020] (-) TimerEvent: {}
[230.963800] (-) TimerEvent: {}
[231.065874] (-) TimerEvent: {}
[231.166829] (-) TimerEvent: {}
[231.272038] (-) TimerEvent: {}
[231.373883] (-) TimerEvent: {}
[231.475447] (ublox_gps) StdoutLine: {'line': b'[ 50%] \x1b[32mBuilding CXX object CMakeFiles/ublox_gps.dir/src/hpg_ref_product.cpp.o\x1b[0m\n'}
[231.476243] (-) TimerEvent: {}
[231.577913] (-) TimerEvent: {}
[231.678939] (-) TimerEvent: {}
[231.780137] (-) TimerEvent: {}
[231.887576] (-) TimerEvent: {}
[231.989393] (-) TimerEvent: {}
[232.090783] (-) TimerEvent: {}
[232.191905] (-) TimerEvent: {}
[232.298979] (-) TimerEvent: {}
[232.400462] (-) TimerEvent: {}
[232.502493] (-) TimerEvent: {}
[232.604439] (-) TimerEvent: {}
[232.707863] (-) TimerEvent: {}
[232.808966] (-) TimerEvent: {}
[232.913742] (-) TimerEvent: {}
[233.017145] (-) TimerEvent: {}
[233.118783] (-) TimerEvent: {}
[233.229019] (-) TimerEvent: {}
[233.333646] (-) TimerEvent: {}
[233.436379] (-) TimerEvent: {}
[233.538010] (-) TimerEvent: {}
[233.638824] (-) TimerEvent: {}
[233.740247] (-) TimerEvent: {}
[233.842244] (-) TimerEvent: {}
[233.943794] (-) TimerEvent: {}
[234.046646] (-) TimerEvent: {}
[234.148072] (-) TimerEvent: {}
[234.249762] (-) TimerEvent: {}
[234.352322] (-) TimerEvent: {}
[234.457112] (-) TimerEvent: {}
[234.560189] (-) TimerEvent: {}
[234.661437] (-) TimerEvent: {}
[234.762844] (-) TimerEvent: {}
[234.865559] (-) TimerEvent: {}
[234.967776] (-) TimerEvent: {}
[235.070096] (-) TimerEvent: {}
[235.172179] (-) TimerEvent: {}
[235.274357] (-) TimerEvent: {}
[235.383877] (-) TimerEvent: {}
[235.484979] (-) TimerEvent: {}
[235.586432] (-) TimerEvent: {}
[235.688178] (-) TimerEvent: {}
[235.789162] (-) TimerEvent: {}
[235.890591] (-) TimerEvent: {}
[235.991943] (-) TimerEvent: {}
[236.094855] (-) TimerEvent: {}
[236.203342] (-) TimerEvent: {}
[236.305107] (-) TimerEvent: {}
[236.406137] (-) TimerEvent: {}
[236.508446] (-) TimerEvent: {}
[236.614971] (-) TimerEvent: {}
[236.716732] (-) TimerEvent: {}
[236.818485] (-) TimerEvent: {}
[236.920677] (-) TimerEvent: {}
[237.024985] (-) TimerEvent: {}
[237.135408] (-) TimerEvent: {}
[237.241268] (-) TimerEvent: {}
[237.346396] (-) TimerEvent: {}
[237.448196] (-) TimerEvent: {}
[237.550885] (-) TimerEvent: {}
[237.652962] (-) TimerEvent: {}
[237.754790] (-) TimerEvent: {}
[237.857034] (-) TimerEvent: {}
[237.958806] (-) TimerEvent: {}
[238.060893] (-) TimerEvent: {}
[238.162700] (-) TimerEvent: {}
[238.267779] (-) TimerEvent: {}
[238.371106] (-) TimerEvent: {}
[238.473275] (-) TimerEvent: {}
[238.575630] (-) TimerEvent: {}
[238.681038] (-) TimerEvent: {}
[238.783482] (-) TimerEvent: {}
[238.885705] (-) TimerEvent: {}
[238.987692] (-) TimerEvent: {}
[239.089656] (-) TimerEvent: {}
[239.193291] (-) TimerEvent: {}
[239.295053] (-) TimerEvent: {}
[239.396667] (-) TimerEvent: {}
[239.499054] (-) TimerEvent: {}
[239.602129] (-) TimerEvent: {}
[239.704089] (-) TimerEvent: {}
[239.806290] (-) TimerEvent: {}
[239.909186] (-) TimerEvent: {}
[240.011068] (-) TimerEvent: {}
[240.114103] (-) TimerEvent: {}
[240.218571] (-) TimerEvent: {}
[240.320617] (-) TimerEvent: {}
[240.424972] (-) TimerEvent: {}
[240.526873] (-) TimerEvent: {}
[240.628847] (-) TimerEvent: {}
[240.736057] (-) TimerEvent: {}
[240.838125] (-) TimerEvent: {}
[240.939858] (-) TimerEvent: {}
[241.041415] (-) TimerEvent: {}
[241.142987] (-) TimerEvent: {}
[241.244073] (-) TimerEvent: {}
[241.347840] (-) TimerEvent: {}
[241.449202] (-) TimerEvent: {}
[241.551221] (-) TimerEvent: {}
[241.653380] (-) TimerEvent: {}
[241.754927] (-) TimerEvent: {}
[241.857281] (-) TimerEvent: {}
[241.959313] (-) TimerEvent: {}
[242.060734] (-) TimerEvent: {}
[242.163143] (-) TimerEvent: {}
[242.273896] (-) TimerEvent: {}
[242.391424] (-) TimerEvent: {}
[242.495653] (-) TimerEvent: {}
[242.597606] (-) TimerEvent: {}
[242.699568] (-) TimerEvent: {}
[242.801704] (-) TimerEvent: {}
[242.904249] (-) TimerEvent: {}
[243.006526] (-) TimerEvent: {}
[243.116813] (-) TimerEvent: {}
[243.219509] (-) TimerEvent: {}
[243.323331] (-) TimerEvent: {}
[243.437511] (-) TimerEvent: {}
[243.540686] (-) TimerEvent: {}
[243.652745] (-) TimerEvent: {}
[243.755175] (-) TimerEvent: {}
[243.857098] (-) TimerEvent: {}
[243.958333] (-) TimerEvent: {}
[244.060202] (-) TimerEvent: {}
[244.161809] (-) TimerEvent: {}
[244.276334] (-) TimerEvent: {}
[244.379298] (-) TimerEvent: {}
[244.481624] (-) TimerEvent: {}
[244.584720] (-) TimerEvent: {}
[244.687126] (-) TimerEvent: {}
[244.790088] (-) TimerEvent: {}
[244.892773] (-) TimerEvent: {}
[244.994844] (-) TimerEvent: {}
[245.097038] (-) TimerEvent: {}
[245.200309] (-) TimerEvent: {}
[245.302434] (-) TimerEvent: {}
[245.404971] (-) TimerEvent: {}
[245.508397] (-) TimerEvent: {}
[245.616362] (-) TimerEvent: {}
[245.718472] (-) TimerEvent: {}
[245.819992] (-) TimerEvent: {}
[245.932793] (-) TimerEvent: {}
[246.034709] (-) TimerEvent: {}
[246.136799] (-) TimerEvent: {}
[246.240230] (-) TimerEvent: {}
[246.342288] (-) TimerEvent: {}
[246.450384] (-) TimerEvent: {}
[246.557342] (-) TimerEvent: {}
[246.666799] (-) TimerEvent: {}
[246.769507] (-) TimerEvent: {}
[246.872653] (-) TimerEvent: {}
[246.973875] (-) TimerEvent: {}
[247.080183] (-) TimerEvent: {}
[247.190748] (-) TimerEvent: {}
[247.293064] (-) TimerEvent: {}
[247.400786] (-) TimerEvent: {}
[247.502677] (-) TimerEvent: {}
[247.603801] (-) TimerEvent: {}
[247.705829] (-) TimerEvent: {}
[247.807911] (-) TimerEvent: {}
[247.916399] (-) TimerEvent: {}
[248.019753] (-) TimerEvent: {}
[248.120986] (-) TimerEvent: {}
[248.223074] (-) TimerEvent: {}
[248.324795] (-) TimerEvent: {}
[248.429018] (-) TimerEvent: {}
[248.533421] (-) TimerEvent: {}
[248.635723] (-) TimerEvent: {}
[248.747037] (-) TimerEvent: {}
[248.850370] (-) TimerEvent: {}
[248.952799] (-) TimerEvent: {}
[249.058420] (-) TimerEvent: {}
[249.161711] (-) TimerEvent: {}
[249.263595] (-) TimerEvent: {}
[249.364977] (-) TimerEvent: {}
[249.467666] (-) TimerEvent: {}
[249.570540] (-) TimerEvent: {}
[249.675569] (-) TimerEvent: {}
[249.780930] (-) TimerEvent: {}
[249.882306] (-) TimerEvent: {}
[249.984611] (-) TimerEvent: {}
[250.086168] (-) TimerEvent: {}
[250.187941] (-) TimerEvent: {}
[250.290930] (-) TimerEvent: {}
[250.392427] (-) TimerEvent: {}
[250.494381] (-) TimerEvent: {}
[250.595592] (-) TimerEvent: {}
[250.697144] (-) TimerEvent: {}
[250.812730] (-) TimerEvent: {}
[250.916855] (-) TimerEvent: {}
[251.018235] (-) TimerEvent: {}
[251.121145] (-) TimerEvent: {}
[251.229940] (-) TimerEvent: {}
[251.336975] (-) TimerEvent: {}
[251.438668] (-) TimerEvent: {}
[251.540707] (-) TimerEvent: {}
[251.642231] (-) TimerEvent: {}
[251.752014] (-) TimerEvent: {}
[251.854027] (-) TimerEvent: {}
[251.957193] (-) TimerEvent: {}
[252.061969] (-) TimerEvent: {}
[252.163763] (-) TimerEvent: {}
[252.266132] (-) TimerEvent: {}
[252.368238] (-) TimerEvent: {}
[252.473546] (-) TimerEvent: {}
[252.575577] (-) TimerEvent: {}
[252.682210] (-) TimerEvent: {}
[252.787887] (-) TimerEvent: {}
[252.889662] (-) TimerEvent: {}
[252.992399] (-) TimerEvent: {}
[253.101684] (-) TimerEvent: {}
[253.203579] (-) TimerEvent: {}
[253.309849] (-) TimerEvent: {}
[253.412586] (-) TimerEvent: {}
[253.515321] (-) TimerEvent: {}
[253.617072] (-) TimerEvent: {}
[253.718742] (-) TimerEvent: {}
[253.821749] (-) TimerEvent: {}
[253.925394] (-) TimerEvent: {}
[254.035177] (-) TimerEvent: {}
[254.138047] (-) TimerEvent: {}
[254.240118] (-) TimerEvent: {}
[254.342142] (-) TimerEvent: {}
[254.445654] (-) TimerEvent: {}
[254.547974] (-) TimerEvent: {}
[254.650878] (-) TimerEvent: {}
[254.753483] (-) TimerEvent: {}
[254.856656] (-) TimerEvent: {}
[254.959549] (-) TimerEvent: {}
[255.062628] (-) TimerEvent: {}
[255.164919] (-) TimerEvent: {}
[255.271793] (-) TimerEvent: {}
[255.374392] (-) TimerEvent: {}
[255.477439] (-) TimerEvent: {}
[255.580202] (-) TimerEvent: {}
[255.683121] (-) TimerEvent: {}
[255.786006] (-) TimerEvent: {}
[255.888262] (-) TimerEvent: {}
[255.990957] (-) TimerEvent: {}
[256.093619] (-) TimerEvent: {}
[256.195718] (-) TimerEvent: {}
[256.297274] (-) TimerEvent: {}
[256.399213] (-) TimerEvent: {}
[256.501586] (-) TimerEvent: {}
[256.603640] (-) TimerEvent: {}
[256.705622] (-) TimerEvent: {}
[256.807546] (-) TimerEvent: {}
[256.909134] (-) TimerEvent: {}
[257.010352] (-) TimerEvent: {}
[257.112166] (-) TimerEvent: {}
[257.214590] (-) TimerEvent: {}
[257.318180] (-) TimerEvent: {}
[257.421644] (-) TimerEvent: {}
[257.523616] (-) TimerEvent: {}
[257.625739] (-) TimerEvent: {}
[257.727334] (-) TimerEvent: {}
[257.828472] (-) TimerEvent: {}
[257.930260] (-) TimerEvent: {}
[258.036517] (-) TimerEvent: {}
[258.140820] (-) TimerEvent: {}
[258.242862] (-) TimerEvent: {}
[258.344669] (-) TimerEvent: {}
[258.446170] (-) TimerEvent: {}
[258.553727] (-) TimerEvent: {}
[258.657556] (-) TimerEvent: {}
[258.761127] (-) TimerEvent: {}
[258.863420] (-) TimerEvent: {}
[258.965329] (-) TimerEvent: {}
[259.067595] (-) TimerEvent: {}
[259.169665] (-) TimerEvent: {}
[259.271895] (-) TimerEvent: {}
[259.374233] (-) TimerEvent: {}
[259.481567] (-) TimerEvent: {}
[259.583897] (-) TimerEvent: {}
[259.685367] (-) TimerEvent: {}
[259.787743] (-) TimerEvent: {}
[259.889847] (-) TimerEvent: {}
[259.991761] (-) TimerEvent: {}
[260.093847] (-) TimerEvent: {}
[260.199806] (-) TimerEvent: {}
[260.300959] (-) TimerEvent: {}
[260.402189] (-) TimerEvent: {}
[260.503652] (-) TimerEvent: {}
[260.605024] (-) TimerEvent: {}
[260.706822] (-) TimerEvent: {}
[260.810260] (-) TimerEvent: {}
[260.913279] (-) TimerEvent: {}
[261.019109] (-) TimerEvent: {}
[261.122551] (-) TimerEvent: {}
[261.224689] (-) TimerEvent: {}
[261.329026] (-) TimerEvent: {}
[261.431599] (-) TimerEvent: {}
[261.533151] (-) TimerEvent: {}
[261.634699] (-) TimerEvent: {}
[261.736921] (-) TimerEvent: {}
[261.838645] (-) TimerEvent: {}
[261.940643] (-) TimerEvent: {}
[262.042594] (-) TimerEvent: {}
[262.146982] (-) TimerEvent: {}
[262.249125] (-) TimerEvent: {}
[262.354572] (-) TimerEvent: {}
[262.456643] (-) TimerEvent: {}
[262.558188] (-) TimerEvent: {}
[262.661871] (-) TimerEvent: {}
[262.764417] (-) TimerEvent: {}
[262.866544] (-) TimerEvent: {}
[262.968324] (-) TimerEvent: {}
[263.070452] (-) TimerEvent: {}
[263.178623] (-) TimerEvent: {}
[263.287858] (-) TimerEvent: {}
[263.389425] (-) TimerEvent: {}
[263.491335] (-) TimerEvent: {}
[263.597569] (-) TimerEvent: {}
[263.699792] (-) TimerEvent: {}
[263.805273] (-) TimerEvent: {}
[263.911182] (-) TimerEvent: {}
[264.012385] (-) TimerEvent: {}
[264.113477] (-) TimerEvent: {}
[264.214817] (-) TimerEvent: {}
[264.317464] (-) TimerEvent: {}
[264.420870] (-) TimerEvent: {}
[264.522252] (-) TimerEvent: {}
[264.625077] (-) TimerEvent: {}
[264.727730] (-) TimerEvent: {}
[264.832436] (-) TimerEvent: {}
[264.933966] (-) TimerEvent: {}
[265.036363] (-) TimerEvent: {}
[265.138795] (-) TimerEvent: {}
[265.241716] (-) TimerEvent: {}
[265.343905] (-) TimerEvent: {}
[265.445982] (-) TimerEvent: {}
[265.548153] (-) TimerEvent: {}
[265.650737] (-) TimerEvent: {}
[265.752811] (-) TimerEvent: {}
[265.854744] (-) TimerEvent: {}
[265.956587] (-) TimerEvent: {}
[266.059221] (-) TimerEvent: {}
[266.167713] (-) TimerEvent: {}
[266.271151] (-) TimerEvent: {}
[266.373775] (-) TimerEvent: {}
[266.478747] (-) TimerEvent: {}
[266.580608] (-) TimerEvent: {}
[266.682137] (-) TimerEvent: {}
[266.784380] (-) TimerEvent: {}
[266.888923] (-) TimerEvent: {}
[266.994722] (-) TimerEvent: {}
[267.101551] (-) TimerEvent: {}
[267.207206] (-) TimerEvent: {}
[267.309108] (-) TimerEvent: {}
[267.413172] (-) TimerEvent: {}
[267.519709] (-) TimerEvent: {}
[267.629073] (-) TimerEvent: {}
[267.731212] (-) TimerEvent: {}
[267.834068] (-) TimerEvent: {}
[267.937209] (-) TimerEvent: {}
[268.038727] (-) TimerEvent: {}
[268.140045] (-) TimerEvent: {}
[268.241796] (-) TimerEvent: {}
[268.348513] (-) TimerEvent: {}
[268.450858] (-) TimerEvent: {}
[268.552457] (-) TimerEvent: {}
[268.655133] (-) TimerEvent: {}
[268.762737] (-) TimerEvent: {}
[268.864088] (-) TimerEvent: {}
[268.966245] (-) TimerEvent: {}
[269.067727] (-) TimerEvent: {}
[269.173714] (-) TimerEvent: {}
[269.276134] (-) TimerEvent: {}
[269.384975] (-) TimerEvent: {}
[269.486569] (-) TimerEvent: {}
[269.589197] (-) TimerEvent: {}
[269.691588] (-) TimerEvent: {}
[269.793869] (-) TimerEvent: {}
[269.895322] (-) TimerEvent: {}
[269.999110] (-) TimerEvent: {}
[270.100975] (-) TimerEvent: {}
[270.204447] (-) TimerEvent: {}
[270.307477] (-) TimerEvent: {}
[270.409542] (-) TimerEvent: {}
[270.511581] (-) TimerEvent: {}
[270.614229] (-) TimerEvent: {}
[270.717379] (-) TimerEvent: {}
[270.820136] (-) TimerEvent: {}
[270.923004] (-) TimerEvent: {}
[271.025404] (-) TimerEvent: {}
[271.127330] (-) TimerEvent: {}
[271.229247] (-) TimerEvent: {}
[271.331937] (-) TimerEvent: {}
[271.434739] (-) TimerEvent: {}
[271.536908] (-) TimerEvent: {}
[271.639060] (-) TimerEvent: {}
[271.741141] (-) TimerEvent: {}
[271.843243] (-) TimerEvent: {}
[271.944471] (-) TimerEvent: {}
[272.045468] (-) TimerEvent: {}
[272.146795] (-) TimerEvent: {}
[272.249007] (-) TimerEvent: {}
[272.351179] (-) TimerEvent: {}
[272.453280] (-) TimerEvent: {}
[272.554571] (-) TimerEvent: {}
[272.656631] (-) TimerEvent: {}
[272.758641] (-) TimerEvent: {}
[272.860776] (-) TimerEvent: {}
[272.963012] (-) TimerEvent: {}
[273.064732] (-) TimerEvent: {}
[273.166178] (-) TimerEvent: {}
[273.268021] (-) TimerEvent: {}
[273.370550] (-) TimerEvent: {}
[273.472250] (-) TimerEvent: {}
[273.574170] (-) TimerEvent: {}
[273.675819] (-) TimerEvent: {}
[273.781439] (-) TimerEvent: {}
[273.883724] (-) TimerEvent: {}
[273.985589] (-) TimerEvent: {}
[274.087883] (-) TimerEvent: {}
[274.189059] (-) TimerEvent: {}
[274.290502] (-) TimerEvent: {}
[274.391938] (-) TimerEvent: {}
[274.493988] (-) TimerEvent: {}
[274.595497] (-) TimerEvent: {}
[274.697702] (-) TimerEvent: {}
[274.800433] (-) TimerEvent: {}
[274.902918] (-) TimerEvent: {}
[275.005417] (-) TimerEvent: {}
[275.107699] (-) TimerEvent: {}
[275.216767] (-) TimerEvent: {}
[275.320129] (-) TimerEvent: {}
[275.424620] (-) TimerEvent: {}
[275.532936] (-) TimerEvent: {}
[275.641050] (-) TimerEvent: {}
[275.750298] (-) TimerEvent: {}
[275.854900] (-) TimerEvent: {}
[275.958795] (-) TimerEvent: {}
[276.061464] (-) TimerEvent: {}
[276.168813] (-) TimerEvent: {}
[276.270114] (-) TimerEvent: {}
[276.372116] (-) TimerEvent: {}
[276.475129] (-) TimerEvent: {}
[276.579062] (-) TimerEvent: {}
[276.680965] (-) TimerEvent: {}
[276.782748] (-) TimerEvent: {}
[276.886577] (-) TimerEvent: {}
[276.991401] (-) TimerEvent: {}
[277.102190] (-) TimerEvent: {}
[277.207298] (-) TimerEvent: {}
[277.324891] (-) TimerEvent: {}
[277.438012] (-) TimerEvent: {}
[277.551306] (-) TimerEvent: {}
[277.655046] (-) TimerEvent: {}
[277.759784] (-) TimerEvent: {}
[277.868947] (-) TimerEvent: {}
[277.972799] (-) TimerEvent: {}
[278.076175] (-) TimerEvent: {}
[278.181373] (-) TimerEvent: {}
[278.283992] (-) TimerEvent: {}
[278.386998] (-) TimerEvent: {}
[278.490996] (-) TimerEvent: {}
[278.593096] (-) TimerEvent: {}
[278.694619] (-) TimerEvent: {}
[278.801767] (-) TimerEvent: {}
[278.903469] (-) TimerEvent: {}
[279.005081] (-) TimerEvent: {}
[279.107247] (-) TimerEvent: {}
[279.208344] (-) TimerEvent: {}
[279.315355] (-) TimerEvent: {}
[279.416946] (-) TimerEvent: {}
[279.520209] (-) TimerEvent: {}
[279.624135] (-) TimerEvent: {}
[279.726385] (-) TimerEvent: {}
[279.827937] (-) TimerEvent: {}
[279.929221] (-) TimerEvent: {}
[280.030513] (-) TimerEvent: {}
[280.133019] (-) TimerEvent: {}
[280.234659] (-) TimerEvent: {}
[280.335946] (-) TimerEvent: {}
[280.437848] (-) TimerEvent: {}
[280.541013] (-) TimerEvent: {}
[280.646272] (-) TimerEvent: {}
[280.748999] (-) TimerEvent: {}
[280.851921] (-) TimerEvent: {}
[280.954891] (-) TimerEvent: {}
[281.057765] (-) TimerEvent: {}
[281.160508] (-) TimerEvent: {}
[281.263588] (-) TimerEvent: {}
[281.365795] (-) TimerEvent: {}
[281.469423] (-) TimerEvent: {}
[281.573010] (-) TimerEvent: {}
[281.676492] (-) TimerEvent: {}
[281.778992] (-) TimerEvent: {}
[281.880481] (-) TimerEvent: {}
[281.987834] (-) TimerEvent: {}
[282.090470] (-) TimerEvent: {}
[282.193286] (-) TimerEvent: {}
[282.295819] (-) TimerEvent: {}
[282.398756] (-) TimerEvent: {}
[282.500678] (-) TimerEvent: {}
[282.602545] (-) TimerEvent: {}
[282.704741] (-) TimerEvent: {}
[282.807002] (-) TimerEvent: {}
[282.909070] (-) TimerEvent: {}
[283.011065] (-) TimerEvent: {}
[283.112962] (-) TimerEvent: {}
[283.215208] (-) TimerEvent: {}
[283.317008] (-) TimerEvent: {}
[283.418783] (-) TimerEvent: {}
[283.521247] (-) TimerEvent: {}
[283.623688] (-) TimerEvent: {}
[283.726762] (-) TimerEvent: {}
[283.832111] (-) TimerEvent: {}
[283.934209] (-) TimerEvent: {}
[284.036249] (-) TimerEvent: {}
[284.139648] (-) TimerEvent: {}
[284.242709] (-) TimerEvent: {}
[284.345429] (-) TimerEvent: {}
[284.447394] (-) TimerEvent: {}
[284.552731] (-) TimerEvent: {}
[284.655167] (-) TimerEvent: {}
[284.757460] (-) TimerEvent: {}
[284.863089] (-) TimerEvent: {}
[284.966040] (-) TimerEvent: {}
[285.068776] (-) TimerEvent: {}
[285.171432] (-) TimerEvent: {}
[285.274029] (-) TimerEvent: {}
[285.375934] (-) TimerEvent: {}
[285.477867] (-) TimerEvent: {}
[285.581979] (-) TimerEvent: {}
[285.684424] (-) TimerEvent: {}
[285.786214] (-) TimerEvent: {}
[285.888280] (-) TimerEvent: {}
[285.992394] (-) TimerEvent: {}
[286.095530] (-) TimerEvent: {}
[286.197813] (-) TimerEvent: {}
[286.301283] (-) TimerEvent: {}
[286.402711] (-) TimerEvent: {}
[286.505209] (-) TimerEvent: {}
[286.608598] (-) TimerEvent: {}
[286.710382] (-) TimerEvent: {}
[286.814017] (-) TimerEvent: {}
[286.916748] (-) TimerEvent: {}
[287.019513] (-) TimerEvent: {}
[287.127063] (-) TimerEvent: {}
[287.229229] (-) TimerEvent: {}
[287.331921] (-) TimerEvent: {}
[287.436012] (-) TimerEvent: {}
[287.538414] (-) TimerEvent: {}
[287.642369] (-) TimerEvent: {}
[287.745096] (-) TimerEvent: {}
[287.848156] (-) TimerEvent: {}
[287.957266] (-) TimerEvent: {}
[288.062095] (-) TimerEvent: {}
[288.165949] (-) TimerEvent: {}
[288.269517] (-) TimerEvent: {}
[288.371542] (-) TimerEvent: {}
[288.473386] (-) TimerEvent: {}
[288.583504] (-) TimerEvent: {}
[288.687074] (-) TimerEvent: {}
[288.788641] (-) TimerEvent: {}
[288.896046] (-) TimerEvent: {}
[288.999343] (-) TimerEvent: {}
[289.109072] (-) TimerEvent: {}
[289.214928] (-) TimerEvent: {}
[289.316978] (-) TimerEvent: {}
[289.418689] (-) TimerEvent: {}
[289.520770] (-) TimerEvent: {}
[289.627825] (-) TimerEvent: {}
[289.730121] (-) TimerEvent: {}
[289.832255] (-) TimerEvent: {}
[289.936700] (-) TimerEvent: {}
[290.037943] (-) TimerEvent: {}
[290.140021] (-) TimerEvent: {}
[290.243218] (-) TimerEvent: {}
[290.344932] (-) TimerEvent: {}
[290.446950] (-) TimerEvent: {}
[290.550478] (-) TimerEvent: {}
[290.653771] (-) TimerEvent: {}
[290.756061] (-) TimerEvent: {}
[290.858886] (-) TimerEvent: {}
[290.962147] (-) TimerEvent: {}
[291.064720] (-) TimerEvent: {}
[291.167607] (-) TimerEvent: {}
[291.270630] (-) TimerEvent: {}
[291.372766] (-) TimerEvent: {}
[291.475471] (-) TimerEvent: {}
[291.579181] (-) TimerEvent: {}
[291.681314] (-) TimerEvent: {}
[291.782526] (-) TimerEvent: {}
[291.885192] (-) TimerEvent: {}
[291.987398] (-) TimerEvent: {}
[292.089690] (-) TimerEvent: {}
[292.192144] (-) TimerEvent: {}
[292.294779] (-) TimerEvent: {}
[292.396618] (-) TimerEvent: {}
[292.498581] (-) TimerEvent: {}
[292.600593] (-) TimerEvent: {}
[292.703595] (-) TimerEvent: {}
[292.813157] (-) TimerEvent: {}
[292.916520] (-) TimerEvent: {}
[293.019748] (-) TimerEvent: {}
[293.122683] (-) TimerEvent: {}
[293.225581] (-) TimerEvent: {}
[293.328269] (-) TimerEvent: {}
[293.430167] (-) TimerEvent: {}
[293.531381] (-) TimerEvent: {}
[293.633060] (-) TimerEvent: {}
[293.734869] (-) TimerEvent: {}
[293.836697] (-) TimerEvent: {}
[293.938798] (-) TimerEvent: {}
[294.042814] (-) TimerEvent: {}
[294.145133] (-) TimerEvent: {}
[294.249898] (-) TimerEvent: {}
[294.351216] (-) TimerEvent: {}
[294.452861] (-) TimerEvent: {}
[294.554571] (-) TimerEvent: {}
[294.656228] (-) TimerEvent: {}
[294.758832] (-) TimerEvent: {}
[294.861879] (-) TimerEvent: {}
[294.963841] (-) TimerEvent: {}
[295.066246] (-) TimerEvent: {}
[295.169133] (-) TimerEvent: {}
[295.271639] (-) TimerEvent: {}
[295.416049] (-) TimerEvent: {}
[295.517225] (-) TimerEvent: {}
[295.619083] (-) TimerEvent: {}
[295.721506] (-) TimerEvent: {}
[295.824879] (-) TimerEvent: {}
[295.926924] (-) TimerEvent: {}
[296.027811] (-) TimerEvent: {}
[296.129076] (-) TimerEvent: {}
[296.230109] (-) TimerEvent: {}
[296.331888] (-) TimerEvent: {}
[296.433883] (-) TimerEvent: {}
[296.535772] (-) TimerEvent: {}
[296.638958] (-) TimerEvent: {}
[296.741312] (-) TimerEvent: {}
[296.845067] (-) TimerEvent: {}
[296.946800] (-) TimerEvent: {}
[297.048147] (-) TimerEvent: {}
[297.149564] (-) TimerEvent: {}
[297.251723] (-) TimerEvent: {}
[297.354962] (-) TimerEvent: {}
[297.459505] (-) TimerEvent: {}
[297.563379] (-) TimerEvent: {}
[297.668233] (-) TimerEvent: {}
[297.773091] (-) TimerEvent: {}
[297.878465] (-) TimerEvent: {}
[297.980653] (-) TimerEvent: {}
[298.082967] (-) TimerEvent: {}
[298.186043] (-) TimerEvent: {}
[298.288908] (-) TimerEvent: {}
[298.391617] (-) TimerEvent: {}
[298.501015] (-) TimerEvent: {}
[298.604389] (-) TimerEvent: {}
[298.705960] (-) TimerEvent: {}
[298.807532] (-) TimerEvent: {}
[298.908929] (-) TimerEvent: {}
[299.011347] (-) TimerEvent: {}
[299.114422] (-) TimerEvent: {}
[299.216213] (-) TimerEvent: {}
[299.319172] (-) TimerEvent: {}
[299.421273] (-) TimerEvent: {}
[299.523394] (-) TimerEvent: {}
[299.625482] (-) TimerEvent: {}
[299.728109] (-) TimerEvent: {}
[299.829313] (-) TimerEvent: {}
[299.930539] (-) TimerEvent: {}
[300.032264] (-) TimerEvent: {}
[300.133981] (-) TimerEvent: {}
[300.236101] (-) TimerEvent: {}
[300.337723] (-) TimerEvent: {}
[300.439579] (-) TimerEvent: {}
[300.541529] (-) TimerEvent: {}
[300.644779] (-) TimerEvent: {}
[300.746763] (-) TimerEvent: {}
[300.847780] (-) TimerEvent: {}
[300.951251] (-) TimerEvent: {}
[301.054377] (-) TimerEvent: {}
[301.161023] (-) TimerEvent: {}
[301.267548] (-) TimerEvent: {}
[301.371514] (-) TimerEvent: {}
[301.472737] (-) TimerEvent: {}
[301.574526] (-) TimerEvent: {}
[301.677336] (-) TimerEvent: {}
[301.779529] (-) TimerEvent: {}
[301.881085] (-) TimerEvent: {}
[301.982822] (-) TimerEvent: {}
[302.085594] (-) TimerEvent: {}
[302.188168] (-) TimerEvent: {}
[302.290749] (-) TimerEvent: {}
[302.393178] (-) TimerEvent: {}
[302.494897] (-) TimerEvent: {}
[302.596809] (-) TimerEvent: {}
[302.699394] (-) TimerEvent: {}
[302.801921] (-) TimerEvent: {}
[302.904732] (-) TimerEvent: {}
[303.007418] (-) TimerEvent: {}
[303.109370] (-) TimerEvent: {}
[303.213452] (-) TimerEvent: {}
[303.317274] (-) TimerEvent: {}
[303.424822] (-) TimerEvent: {}
[303.530096] (-) TimerEvent: {}
[303.632225] (-) TimerEvent: {}
[303.734449] (-) TimerEvent: {}
[303.836814] (-) TimerEvent: {}
[303.938452] (-) TimerEvent: {}
[304.040061] (-) TimerEvent: {}
[304.142500] (-) TimerEvent: {}
[304.247032] (-) TimerEvent: {}
[304.348921] (-) TimerEvent: {}
[304.450729] (-) TimerEvent: {}
[304.553030] (-) TimerEvent: {}
[304.654724] (-) TimerEvent: {}
[304.756352] (-) TimerEvent: {}
[304.860097] (-) TimerEvent: {}
[304.962033] (-) TimerEvent: {}
[305.064295] (-) TimerEvent: {}
[305.167313] (-) TimerEvent: {}
[305.269186] (-) TimerEvent: {}
[305.371513] (-) TimerEvent: {}
[305.473444] (-) TimerEvent: {}
[305.577434] (-) TimerEvent: {}
[305.678653] (-) TimerEvent: {}
[305.781205] (-) TimerEvent: {}
[305.883214] (-) TimerEvent: {}
[305.985198] (-) TimerEvent: {}
[306.087288] (-) TimerEvent: {}
[306.190063] (-) TimerEvent: {}
[306.292816] (-) TimerEvent: {}
[306.394831] (-) TimerEvent: {}
[306.497154] (-) TimerEvent: {}
[306.600020] (-) TimerEvent: {}
[306.701567] (-) TimerEvent: {}
[306.802824] (-) TimerEvent: {}
[306.904003] (-) TimerEvent: {}
[307.006003] (-) TimerEvent: {}
[307.108614] (-) TimerEvent: {}
[307.219446] (-) TimerEvent: {}
[307.323715] (-) TimerEvent: {}
[307.425305] (-) TimerEvent: {}
[307.527303] (-) TimerEvent: {}
[307.628823] (-) TimerEvent: {}
[307.730894] (-) TimerEvent: {}
[307.832811] (-) TimerEvent: {}
[307.934171] (-) TimerEvent: {}
[308.036113] (-) TimerEvent: {}
[308.137550] (-) TimerEvent: {}
[308.239264] (-) TimerEvent: {}
[308.341479] (-) TimerEvent: {}
[308.447254] (-) TimerEvent: {}
[308.549044] (-) TimerEvent: {}
[308.652414] (-) TimerEvent: {}
[308.761872] (-) TimerEvent: {}
[308.864850] (-) TimerEvent: {}
[308.967195] (-) TimerEvent: {}
[309.070014] (-) TimerEvent: {}
[309.172425] (-) TimerEvent: {}
[309.274934] (-) TimerEvent: {}
[309.377191] (-) TimerEvent: {}
[309.479990] (-) TimerEvent: {}
[309.582956] (-) TimerEvent: {}
[309.685314] (-) TimerEvent: {}
[309.787977] (-) TimerEvent: {}
[309.890738] (-) TimerEvent: {}
[309.999597] (-) TimerEvent: {}
[310.102134] (-) TimerEvent: {}
[310.203998] (-) TimerEvent: {}
[310.306025] (-) TimerEvent: {}
[310.409274] (-) TimerEvent: {}
[310.520807] (-) TimerEvent: {}
[310.623185] (-) TimerEvent: {}
[310.726514] (-) TimerEvent: {}
[310.829838] (-) TimerEvent: {}
[310.936267] (-) TimerEvent: {}
[311.039519] (-) TimerEvent: {}
[311.142058] (-) TimerEvent: {}
[311.243926] (-) TimerEvent: {}
[311.347861] (-) TimerEvent: {}
[311.452500] (-) TimerEvent: {}
[311.557284] (-) TimerEvent: {}
[311.663610] (-) TimerEvent: {}
[311.766172] (-) TimerEvent: {}
[311.867937] (-) TimerEvent: {}
[311.969890] (-) TimerEvent: {}
[312.073013] (-) TimerEvent: {}
[312.176173] (-) TimerEvent: {}
[312.278914] (-) TimerEvent: {}
[312.380862] (-) TimerEvent: {}
[312.483554] (-) TimerEvent: {}
[312.586094] (-) TimerEvent: {}
[312.688785] (-) TimerEvent: {}
[312.790109] (-) TimerEvent: {}
[312.891126] (-) TimerEvent: {}
[312.992993] (-) TimerEvent: {}
[313.095218] (-) TimerEvent: {}
[313.198090] (-) TimerEvent: {}
[313.300215] (-) TimerEvent: {}
[313.402451] (-) TimerEvent: {}
[313.504197] (-) TimerEvent: {}
[313.605581] (-) TimerEvent: {}
[313.707420] (-) TimerEvent: {}
[313.809311] (-) TimerEvent: {}
[313.911639] (-) TimerEvent: {}
[314.014881] (-) TimerEvent: {}
[314.116705] (-) TimerEvent: {}
[314.218543] (-) TimerEvent: {}
[314.320978] (-) TimerEvent: {}
[314.422253] (-) TimerEvent: {}
[314.523867] (-) TimerEvent: {}
[314.625059] (-) TimerEvent: {}
[314.727788] (-) TimerEvent: {}
[314.829669] (-) TimerEvent: {}
[314.930849] (-) TimerEvent: {}
[315.036354] (-) TimerEvent: {}
[315.138036] (-) TimerEvent: {}
[315.241089] (-) TimerEvent: {}
[315.348994] (-) TimerEvent: {}
[315.457170] (-) TimerEvent: {}
[315.559858] (-) TimerEvent: {}
[315.661972] (-) TimerEvent: {}
[315.764063] (-) TimerEvent: {}
[315.866212] (-) TimerEvent: {}
[315.968161] (-) TimerEvent: {}
[316.071533] (-) TimerEvent: {}
[316.174441] (-) TimerEvent: {}
[316.276277] (-) TimerEvent: {}
[316.381114] (-) TimerEvent: {}
[316.483109] (-) TimerEvent: {}
[316.586868] (-) TimerEvent: {}
[316.688502] (-) TimerEvent: {}
[316.791231] (-) TimerEvent: {}
[316.901658] (-) TimerEvent: {}
[317.003907] (-) TimerEvent: {}
[317.105451] (-) TimerEvent: {}
[317.207199] (-) TimerEvent: {}
[317.308505] (-) TimerEvent: {}
[317.414349] (-) TimerEvent: {}
[317.517533] (-) TimerEvent: {}
[317.621273] (-) TimerEvent: {}
[317.724065] (-) TimerEvent: {}
[317.826598] (-) TimerEvent: {}
[317.930180] (-) TimerEvent: {}
[318.031808] (-) TimerEvent: {}
[318.133454] (-) TimerEvent: {}
[318.235017] (-) TimerEvent: {}
[318.338121] (-) TimerEvent: {}
[318.440173] (-) TimerEvent: {}
[318.543395] (-) TimerEvent: {}
[318.645315] (-) TimerEvent: {}
[318.747268] (-) TimerEvent: {}
[318.849317] (-) TimerEvent: {}
[318.950947] (-) TimerEvent: {}
[319.053014] (-) TimerEvent: {}
[319.154673] (-) TimerEvent: {}
[319.256825] (-) TimerEvent: {}
[319.358451] (-) TimerEvent: {}
[319.460816] (-) TimerEvent: {}
[319.566320] (-) TimerEvent: {}
[319.667755] (-) TimerEvent: {}
[319.774299] (-) TimerEvent: {}
[319.876149] (-) TimerEvent: {}
[319.978980] (-) TimerEvent: {}
[320.080383] (-) TimerEvent: {}
[320.182848] (-) TimerEvent: {}
[320.284809] (-) TimerEvent: {}
[320.386962] (-) TimerEvent: {}
[320.488772] (-) TimerEvent: {}
[320.591111] (-) TimerEvent: {}
[320.694134] (-) TimerEvent: {}
[320.795984] (-) TimerEvent: {}
[320.898402] (-) TimerEvent: {}
[321.000194] (-) TimerEvent: {}
[321.101726] (-) TimerEvent: {}
[321.203140] (-) TimerEvent: {}
[321.304262] (-) TimerEvent: {}
[321.405845] (-) TimerEvent: {}
[321.508893] (-) TimerEvent: {}
[321.611428] (-) TimerEvent: {}
[321.713878] (-) TimerEvent: {}
[321.815734] (-) TimerEvent: {}
[321.917414] (-) TimerEvent: {}
[322.019594] (-) TimerEvent: {}
[322.121392] (-) TimerEvent: {}
[322.223283] (-) TimerEvent: {}
[322.325462] (-) TimerEvent: {}
[322.427525] (-) TimerEvent: {}
[322.528908] (-) TimerEvent: {}
[322.630489] (-) TimerEvent: {}
[322.732471] (-) TimerEvent: {}
[322.834448] (-) TimerEvent: {}
[322.935675] (-) TimerEvent: {}
[323.038363] (-) TimerEvent: {}
[323.141167] (-) TimerEvent: {}
[323.244304] (-) TimerEvent: {}
[323.346377] (-) TimerEvent: {}
[323.448493] (-) TimerEvent: {}
[323.551315] (-) TimerEvent: {}
[323.653963] (-) TimerEvent: {}
[323.757509] (-) TimerEvent: {}
[323.862335] (-) TimerEvent: {}
[323.963982] (-) TimerEvent: {}
[324.065447] (-) TimerEvent: {}
[324.168060] (-) TimerEvent: {}
[324.269420] (-) TimerEvent: {}
[324.372353] (-) TimerEvent: {}
[324.475234] (-) TimerEvent: {}
[324.578107] (-) TimerEvent: {}
[324.679181] (-) TimerEvent: {}
[324.780346] (-) TimerEvent: {}
[324.882142] (-) TimerEvent: {}
[324.984037] (-) TimerEvent: {}
[325.086165] (-) TimerEvent: {}
[325.187429] (-) TimerEvent: {}
[325.289953] (-) TimerEvent: {}
[325.390936] (-) TimerEvent: {}
[325.491989] (-) TimerEvent: {}
[325.596972] (-) TimerEvent: {}
[325.700907] (-) TimerEvent: {}
[325.802700] (-) TimerEvent: {}
[325.904923] (-) TimerEvent: {}
[326.006787] (-) TimerEvent: {}
[326.108314] (-) TimerEvent: {}
[326.210096] (-) TimerEvent: {}
[326.312079] (-) TimerEvent: {}
[326.413789] (-) TimerEvent: {}
[326.515286] (-) TimerEvent: {}
[326.618550] (-) TimerEvent: {}
[326.721328] (-) TimerEvent: {}
[326.828815] (-) TimerEvent: {}
[326.931329] (-) TimerEvent: {}
[327.032621] (-) TimerEvent: {}
[327.133622] (-) TimerEvent: {}
[327.235610] (-) TimerEvent: {}
[327.336438] (-) TimerEvent: {}
[327.437691] (-) TimerEvent: {}
[327.539118] (-) TimerEvent: {}
[327.640159] (-) TimerEvent: {}
[327.740973] (-) TimerEvent: {}
[327.841847] (-) TimerEvent: {}
[327.943065] (-) TimerEvent: {}
[328.044504] (-) TimerEvent: {}
[328.145704] (-) TimerEvent: {}
[328.246556] (-) TimerEvent: {}
[328.347384] (-) TimerEvent: {}
[328.448328] (-) TimerEvent: {}
[328.549652] (-) TimerEvent: {}
[328.650807] (-) TimerEvent: {}
[328.752014] (-) TimerEvent: {}
[328.853311] (-) TimerEvent: {}
[328.954540] (-) TimerEvent: {}
[329.055517] (-) TimerEvent: {}
[329.156507] (-) TimerEvent: {}
[329.257319] (-) TimerEvent: {}
[329.358485] (-) TimerEvent: {}
[329.461274] (-) TimerEvent: {}
[329.564159] (-) TimerEvent: {}
[329.665724] (-) TimerEvent: {}
[329.767176] (-) TimerEvent: {}
[329.868724] (-) TimerEvent: {}
[329.970638] (-) TimerEvent: {}
[330.073623] (-) TimerEvent: {}
[330.175460] (-) TimerEvent: {}
[330.279006] (-) TimerEvent: {}
[330.379860] (-) TimerEvent: {}
[330.481077] (-) TimerEvent: {}
[330.582956] (-) TimerEvent: {}
[330.684325] (-) TimerEvent: {}
[330.785822] (-) TimerEvent: {}
[330.887243] (-) TimerEvent: {}
[330.930536] (ublox_gps) StdoutLine: {'line': b'[ 54%] \x1b[32mBuilding CXX object CMakeFiles/ublox_gps.dir/src/ublox_firmware.cpp.o\x1b[0m\n'}
[330.987588] (-) TimerEvent: {}
[331.089314] (-) TimerEvent: {}
[331.190638] (-) TimerEvent: {}
[331.291494] (-) TimerEvent: {}
[331.392228] (-) TimerEvent: {}
[331.493141] (-) TimerEvent: {}
[331.594234] (-) TimerEvent: {}
[331.695610] (-) TimerEvent: {}
[331.797351] (-) TimerEvent: {}
[331.898956] (-) TimerEvent: {}
[332.000366] (-) TimerEvent: {}
[332.101832] (-) TimerEvent: {}
[332.202996] (-) TimerEvent: {}
[332.304031] (-) TimerEvent: {}
[332.405142] (-) TimerEvent: {}
[332.506531] (-) TimerEvent: {}
[332.607665] (-) TimerEvent: {}
[332.708502] (-) TimerEvent: {}
[332.809554] (-) TimerEvent: {}
[332.911082] (-) TimerEvent: {}
[333.012558] (-) TimerEvent: {}
[333.113563] (-) TimerEvent: {}
[333.214350] (-) TimerEvent: {}
[333.315399] (-) TimerEvent: {}
[333.416276] (-) TimerEvent: {}
[333.517862] (-) TimerEvent: {}
[333.618837] (-) TimerEvent: {}
[333.719847] (-) TimerEvent: {}
[333.821239] (-) TimerEvent: {}
[333.922017] (-) TimerEvent: {}
[334.022977] (-) TimerEvent: {}
[334.123697] (-) TimerEvent: {}
[334.224575] (-) TimerEvent: {}
[334.325464] (-) TimerEvent: {}
[334.426396] (-) TimerEvent: {}
[334.527865] (-) TimerEvent: {}
[334.629560] (-) TimerEvent: {}
[334.731196] (-) TimerEvent: {}
[334.832925] (-) TimerEvent: {}
[334.934848] (-) TimerEvent: {}
[335.036032] (-) TimerEvent: {}
[335.137130] (-) TimerEvent: {}
[335.238154] (-) TimerEvent: {}
[335.339262] (-) TimerEvent: {}
[335.439970] (-) TimerEvent: {}
[335.540846] (-) TimerEvent: {}
[335.641721] (-) TimerEvent: {}
[335.742737] (-) TimerEvent: {}
[335.844436] (-) TimerEvent: {}
[335.945355] (-) TimerEvent: {}
[336.046129] (-) TimerEvent: {}
[336.147416] (-) TimerEvent: {}
[336.249567] (-) TimerEvent: {}
[336.350710] (-) TimerEvent: {}
[336.452151] (-) TimerEvent: {}
[336.553510] (-) TimerEvent: {}
[336.654425] (-) TimerEvent: {}
[336.755194] (-) TimerEvent: {}
[336.855914] (-) TimerEvent: {}
[336.956824] (-) TimerEvent: {}
[337.057837] (-) TimerEvent: {}
[337.158704] (-) TimerEvent: {}
[337.259800] (-) TimerEvent: {}
[337.361029] (-) TimerEvent: {}
[337.462607] (-) TimerEvent: {}
[337.564473] (-) TimerEvent: {}
[337.665431] (-) TimerEvent: {}
[337.767012] (-) TimerEvent: {}
[337.868610] (-) TimerEvent: {}
[337.969795] (-) TimerEvent: {}
[338.070812] (-) TimerEvent: {}
[338.171853] (-) TimerEvent: {}
[338.273035] (-) TimerEvent: {}
[338.373893] (-) TimerEvent: {}
[338.474856] (-) TimerEvent: {}
[338.575709] (-) TimerEvent: {}
[338.676620] (-) TimerEvent: {}
[338.777540] (-) TimerEvent: {}
[338.878688] (-) TimerEvent: {}
[338.979755] (-) TimerEvent: {}
[339.082342] (-) TimerEvent: {}
[339.183901] (-) TimerEvent: {}
[339.285756] (-) TimerEvent: {}
[339.387530] (-) TimerEvent: {}
[339.488506] (-) TimerEvent: {}
[339.589548] (-) TimerEvent: {}
[339.690550] (-) TimerEvent: {}
[339.791540] (-) TimerEvent: {}
[339.892776] (-) TimerEvent: {}
[339.993962] (-) TimerEvent: {}
[340.095761] (-) TimerEvent: {}
[340.198477] (-) TimerEvent: {}
[340.300255] (-) TimerEvent: {}
[340.401956] (-) TimerEvent: {}
[340.504344] (-) TimerEvent: {}
[340.605454] (-) TimerEvent: {}
[340.706435] (-) TimerEvent: {}
[340.807347] (-) TimerEvent: {}
[340.908494] (-) TimerEvent: {}
[341.009370] (-) TimerEvent: {}
[341.110437] (-) TimerEvent: {}
[341.212501] (-) TimerEvent: {}
[341.314838] (-) TimerEvent: {}
[341.416500] (-) TimerEvent: {}
[341.518198] (-) TimerEvent: {}
[341.619921] (-) TimerEvent: {}
[341.721400] (-) TimerEvent: {}
[341.822768] (-) TimerEvent: {}
[341.923890] (-) TimerEvent: {}
[342.024686] (-) TimerEvent: {}
[342.125533] (-) TimerEvent: {}
[342.226649] (-) TimerEvent: {}
[342.328398] (-) TimerEvent: {}
[342.430097] (-) TimerEvent: {}
[342.531098] (-) TimerEvent: {}
[342.632106] (-) TimerEvent: {}
[342.733806] (-) TimerEvent: {}
[342.835474] (-) TimerEvent: {}
[342.936938] (-) TimerEvent: {}
[343.038105] (-) TimerEvent: {}
[343.139293] (-) TimerEvent: {}
[343.240149] (-) TimerEvent: {}
[343.341108] (-) TimerEvent: {}
[343.442061] (-) TimerEvent: {}
[343.543077] (-) TimerEvent: {}
[343.644049] (-) TimerEvent: {}
[343.745100] (-) TimerEvent: {}
[343.846369] (-) TimerEvent: {}
[343.947952] (-) TimerEvent: {}
[344.049773] (-) TimerEvent: {}
[344.151346] (-) TimerEvent: {}
[344.252911] (-) TimerEvent: {}
[344.354501] (-) TimerEvent: {}
[344.456028] (-) TimerEvent: {}
[344.556979] (-) TimerEvent: {}
[344.657775] (-) TimerEvent: {}
[344.758545] (-) TimerEvent: {}
[344.859447] (-) TimerEvent: {}
[344.960690] (-) TimerEvent: {}
[345.061983] (-) TimerEvent: {}
[345.164274] (-) TimerEvent: {}
[345.266992] (-) TimerEvent: {}
[345.368610] (-) TimerEvent: {}
[345.470168] (-) TimerEvent: {}
[345.571641] (-) TimerEvent: {}
[345.673015] (-) TimerEvent: {}
[345.773975] (-) TimerEvent: {}
[345.874826] (-) TimerEvent: {}
[345.975651] (-) TimerEvent: {}
[346.077059] (-) TimerEvent: {}
[346.179197] (-) TimerEvent: {}
[346.281157] (-) TimerEvent: {}
[346.382167] (-) TimerEvent: {}
[346.483801] (-) TimerEvent: {}
[346.585667] (-) TimerEvent: {}
[346.687223] (-) TimerEvent: {}
[346.788389] (-) TimerEvent: {}
[346.890253] (-) TimerEvent: {}
[346.991132] (-) TimerEvent: {}
[347.092098] (-) TimerEvent: {}
[347.193303] (-) TimerEvent: {}
[347.294975] (-) TimerEvent: {}
[347.396469] (-) TimerEvent: {}
[347.497640] (-) TimerEvent: {}
[347.599247] (-) TimerEvent: {}
[347.700901] (-) TimerEvent: {}
[347.802431] (-) TimerEvent: {}
[347.903484] (-) TimerEvent: {}
[348.004857] (-) TimerEvent: {}
[348.106133] (-) TimerEvent: {}
[348.207062] (-) TimerEvent: {}
[348.308033] (-) TimerEvent: {}
[348.408952] (-) TimerEvent: {}
[348.509724] (-) TimerEvent: {}
[348.610587] (-) TimerEvent: {}
[348.711431] (-) TimerEvent: {}
[348.812457] (-) TimerEvent: {}
[348.915045] (-) TimerEvent: {}
[349.016468] (-) TimerEvent: {}
[349.117818] (-) TimerEvent: {}
[349.219411] (-) TimerEvent: {}
[349.320852] (-) TimerEvent: {}
[349.422138] (-) TimerEvent: {}
[349.523412] (-) TimerEvent: {}
[349.624379] (-) TimerEvent: {}
[349.725181] (-) TimerEvent: {}
[349.825995] (-) TimerEvent: {}
[349.927508] (-) TimerEvent: {}
[350.029270] (-) TimerEvent: {}
[350.130775] (-) TimerEvent: {}
[350.231830] (-) TimerEvent: {}
[350.333537] (-) TimerEvent: {}
[350.435699] (-) TimerEvent: {}
[350.537317] (-) TimerEvent: {}
[350.638421] (-) TimerEvent: {}
[350.739466] (-) TimerEvent: {}
[350.840283] (-) TimerEvent: {}
[350.941309] (-) TimerEvent: {}
[351.042212] (-) TimerEvent: {}
[351.143276] (-) TimerEvent: {}
[351.244763] (-) TimerEvent: {}
[351.345739] (-) TimerEvent: {}
[351.446628] (-) TimerEvent: {}
[351.548015] (-) TimerEvent: {}
[351.649758] (-) TimerEvent: {}
[351.751069] (-) TimerEvent: {}
[351.852391] (-) TimerEvent: {}
[351.953610] (-) TimerEvent: {}
[352.054820] (-) TimerEvent: {}
[352.155715] (-) TimerEvent: {}
[352.256641] (-) TimerEvent: {}
[352.357446] (-) TimerEvent: {}
[352.458243] (-) TimerEvent: {}
[352.559242] (-) TimerEvent: {}
[352.660927] (-) TimerEvent: {}
[352.762571] (-) TimerEvent: {}
[352.864270] (-) TimerEvent: {}
[352.966554] (-) TimerEvent: {}
[353.068172] (-) TimerEvent: {}
[353.170199] (-) TimerEvent: {}
[353.271551] (-) TimerEvent: {}
[353.372888] (-) TimerEvent: {}
[353.474050] (-) TimerEvent: {}
[353.574824] (-) TimerEvent: {}
[353.675681] (-) TimerEvent: {}
[353.777365] (-) TimerEvent: {}
[353.879077] (-) TimerEvent: {}
[353.980490] (-) TimerEvent: {}
[354.081541] (-) TimerEvent: {}
[354.183207] (-) TimerEvent: {}
[354.284871] (-) TimerEvent: {}
[354.386256] (-) TimerEvent: {}
[354.487261] (-) TimerEvent: {}
[354.588481] (-) TimerEvent: {}
[354.689688] (-) TimerEvent: {}
[354.790592] (-) TimerEvent: {}
[354.891538] (-) TimerEvent: {}
[354.992513] (-) TimerEvent: {}
[355.093967] (-) TimerEvent: {}
[355.194929] (-) TimerEvent: {}
[355.295878] (-) TimerEvent: {}
[355.396890] (-) TimerEvent: {}
[355.497871] (-) TimerEvent: {}
[355.600674] (-) TimerEvent: {}
[355.702255] (-) TimerEvent: {}
[355.804979] (-) TimerEvent: {}
[355.906064] (-) TimerEvent: {}
[356.007499] (-) TimerEvent: {}
[356.109447] (-) TimerEvent: {}
[356.210916] (-) TimerEvent: {}
[356.311998] (-) TimerEvent: {}
[356.413002] (-) TimerEvent: {}
[356.514109] (-) TimerEvent: {}
[356.615814] (-) TimerEvent: {}
[356.717245] (-) TimerEvent: {}
[356.818564] (-) TimerEvent: {}
[356.920265] (-) TimerEvent: {}
[357.021660] (-) TimerEvent: {}
[357.122914] (-) TimerEvent: {}
[357.223996] (-) TimerEvent: {}
[357.324882] (-) TimerEvent: {}
[357.425668] (-) TimerEvent: {}
[357.526487] (-) TimerEvent: {}
[357.628405] (-) TimerEvent: {}
[357.730126] (-) TimerEvent: {}
[357.831595] (-) TimerEvent: {}
[357.933090] (-) TimerEvent: {}
[358.034920] (-) TimerEvent: {}
[358.136588] (-) TimerEvent: {}
[358.237818] (-) TimerEvent: {}
[358.338983] (-) TimerEvent: {}
[358.440029] (-) TimerEvent: {}
[358.540865] (-) TimerEvent: {}
[358.641732] (-) TimerEvent: {}
[358.742662] (-) TimerEvent: {}
[358.843883] (-) TimerEvent: {}
[358.945525] (-) TimerEvent: {}
[359.046549] (-) TimerEvent: {}
[359.147411] (-) TimerEvent: {}
[359.248874] (-) TimerEvent: {}
[359.350181] (-) TimerEvent: {}
[359.451622] (-) TimerEvent: {}
[359.553128] (-) TimerEvent: {}
[359.654401] (-) TimerEvent: {}
[359.755422] (-) TimerEvent: {}
[359.856387] (-) TimerEvent: {}
[359.957273] (-) TimerEvent: {}
[360.058045] (-) TimerEvent: {}
[360.158800] (-) TimerEvent: {}
[360.259584] (-) TimerEvent: {}
[360.360738] (-) TimerEvent: {}
[360.462482] (-) TimerEvent: {}
[360.564106] (-) TimerEvent: {}
[360.666243] (-) TimerEvent: {}
[360.767792] (-) TimerEvent: {}
[360.869483] (-) TimerEvent: {}
[360.970793] (-) TimerEvent: {}
[361.071967] (-) TimerEvent: {}
[361.173131] (-) TimerEvent: {}
[361.273911] (-) TimerEvent: {}
[361.374692] (-) TimerEvent: {}
[361.475578] (-) TimerEvent: {}
[361.577337] (-) TimerEvent: {}
[361.678772] (-) TimerEvent: {}
[361.780121] (-) TimerEvent: {}
[361.881428] (-) TimerEvent: {}
[361.983128] (-) TimerEvent: {}
[362.084958] (-) TimerEvent: {}
[362.186179] (-) TimerEvent: {}
[362.287289] (-) TimerEvent: {}
[362.388277] (-) TimerEvent: {}
[362.489215] (-) TimerEvent: {}
[362.590051] (-) TimerEvent: {}
[362.690954] (-) TimerEvent: {}
[362.791797] (-) TimerEvent: {}
[362.892696] (-) TimerEvent: {}
[362.993583] (-) TimerEvent: {}
[363.094703] (-) TimerEvent: {}
[363.196301] (-) TimerEvent: {}
[363.297988] (-) TimerEvent: {}
[363.399401] (-) TimerEvent: {}
[363.500755] (-) TimerEvent: {}
[363.602472] (-) TimerEvent: {}
[363.703996] (-) TimerEvent: {}
[363.805426] (-) TimerEvent: {}
[363.906481] (-) TimerEvent: {}
[364.007229] (-) TimerEvent: {}
[364.107999] (-) TimerEvent: {}
[364.208874] (-) TimerEvent: {}
[364.310056] (-) TimerEvent: {}
[364.411822] (-) TimerEvent: {}
[364.513916] (-) TimerEvent: {}
[364.614812] (-) TimerEvent: {}
[364.716334] (-) TimerEvent: {}
[364.818995] (-) TimerEvent: {}
[364.919965] (-) TimerEvent: {}
[365.021105] (-) TimerEvent: {}
[365.122389] (-) TimerEvent: {}
[365.223196] (-) TimerEvent: {}
[365.324322] (-) TimerEvent: {}
[365.426057] (-) TimerEvent: {}
[365.527013] (-) TimerEvent: {}
[365.627898] (-) TimerEvent: {}
[365.728796] (-) TimerEvent: {}
[365.829774] (-) TimerEvent: {}
[365.931664] (-) TimerEvent: {}
[366.035028] (-) TimerEvent: {}
[366.136711] (-) TimerEvent: {}
[366.237850] (-) TimerEvent: {}
[366.339006] (-) TimerEvent: {}
[366.439946] (-) TimerEvent: {}
[366.540849] (-) TimerEvent: {}
[366.641700] (-) TimerEvent: {}
[366.742462] (-) TimerEvent: {}
[366.843350] (-) TimerEvent: {}
[366.944480] (-) TimerEvent: {}
[367.046199] (-) TimerEvent: {}
[367.147779] (-) TimerEvent: {}
[367.249833] (-) TimerEvent: {}
[367.351145] (-) TimerEvent: {}
[367.452913] (-) TimerEvent: {}
[367.554233] (-) TimerEvent: {}
[367.655431] (-) TimerEvent: {}
[367.756561] (-) TimerEvent: {}
[367.857314] (-) TimerEvent: {}
[367.958045] (-) TimerEvent: {}
[368.058835] (-) TimerEvent: {}
[368.159965] (-) TimerEvent: {}
[368.261725] (-) TimerEvent: {}
[368.363116] (-) TimerEvent: {}
[368.463961] (-) TimerEvent: {}
[368.565020] (-) TimerEvent: {}
[368.666348] (-) TimerEvent: {}
[368.767237] (-) TimerEvent: {}
[368.868843] (-) TimerEvent: {}
[368.970710] (-) TimerEvent: {}
[369.033042] (ublox_gps) StdoutLine: {'line': b'[ 59%] \x1b[32mBuilding CXX object CMakeFiles/ublox_gps.dir/src/ublox_firmware6.cpp.o\x1b[0m\n'}
[369.071055] (-) TimerEvent: {}
[369.171987] (-) TimerEvent: {}
[369.272868] (-) TimerEvent: {}
[369.373623] (-) TimerEvent: {}
[369.474370] (-) TimerEvent: {}
[369.575044] (-) TimerEvent: {}
[369.675741] (-) TimerEvent: {}
[369.776656] (-) TimerEvent: {}
[369.878166] (-) TimerEvent: {}
[369.980016] (-) TimerEvent: {}
[370.081915] (-) TimerEvent: {}
[370.183205] (-) TimerEvent: {}
[370.284295] (-) TimerEvent: {}
[370.385367] (-) TimerEvent: {}
[370.486552] (-) TimerEvent: {}
[370.587602] (-) TimerEvent: {}
[370.688469] (-) TimerEvent: {}
[370.789182] (-) TimerEvent: {}
[370.889961] (-) TimerEvent: {}
[370.990976] (-) TimerEvent: {}
[371.092161] (-) TimerEvent: {}
[371.193491] (-) TimerEvent: {}
[371.294257] (-) TimerEvent: {}
[371.395086] (-) TimerEvent: {}
[371.495899] (-) TimerEvent: {}
[371.596819] (-) TimerEvent: {}
[371.698037] (-) TimerEvent: {}
[371.799295] (-) TimerEvent: {}
[371.900800] (-) TimerEvent: {}
[372.001960] (-) TimerEvent: {}
[372.103017] (-) TimerEvent: {}
[372.204267] (-) TimerEvent: {}
[372.305344] (-) TimerEvent: {}
[372.406313] (-) TimerEvent: {}
[372.507031] (-) TimerEvent: {}
[372.607803] (-) TimerEvent: {}
[372.708829] (-) TimerEvent: {}
[372.810181] (-) TimerEvent: {}
[372.911743] (-) TimerEvent: {}
[373.012688] (-) TimerEvent: {}
[373.113729] (-) TimerEvent: {}
[373.214931] (-) TimerEvent: {}
[373.315850] (-) TimerEvent: {}
[373.417318] (-) TimerEvent: {}
[373.518710] (-) TimerEvent: {}
[373.619852] (-) TimerEvent: {}
[373.720946] (-) TimerEvent: {}
[373.821731] (-) TimerEvent: {}
[373.922587] (-) TimerEvent: {}
[374.023289] (-) TimerEvent: {}
[374.124076] (-) TimerEvent: {}
[374.224891] (-) TimerEvent: {}
[374.325885] (-) TimerEvent: {}
[374.427154] (-) TimerEvent: {}
[374.528835] (-) TimerEvent: {}
[374.631023] (-) TimerEvent: {}
[374.732742] (-) TimerEvent: {}
[374.835114] (-) TimerEvent: {}
[374.937171] (-) TimerEvent: {}
[375.038434] (-) TimerEvent: {}
[375.139823] (-) TimerEvent: {}
[375.240671] (-) TimerEvent: {}
[375.341667] (-) TimerEvent: {}
[375.442962] (-) TimerEvent: {}
[375.544315] (-) TimerEvent: {}
[375.646698] (-) TimerEvent: {}
[375.748386] (-) TimerEvent: {}
[375.849997] (-) TimerEvent: {}
[375.951601] (-) TimerEvent: {}
[376.053266] (-) TimerEvent: {}
[376.154427] (-) TimerEvent: {}
[376.255678] (-) TimerEvent: {}
[376.356975] (-) TimerEvent: {}
[376.457820] (-) TimerEvent: {}
[376.558735] (-) TimerEvent: {}
[376.660102] (-) TimerEvent: {}
[376.762005] (-) TimerEvent: {}
[376.862895] (-) TimerEvent: {}
[376.963731] (-) TimerEvent: {}
[377.064634] (-) TimerEvent: {}
[377.166336] (-) TimerEvent: {}
[377.267550] (-) TimerEvent: {}
[377.368833] (-) TimerEvent: {}
[377.470179] (-) TimerEvent: {}
[377.571281] (-) TimerEvent: {}
[377.672207] (-) TimerEvent: {}
[377.773447] (-) TimerEvent: {}
[377.874319] (-) TimerEvent: {}
[377.975198] (-) TimerEvent: {}
[378.076601] (-) TimerEvent: {}
[378.177623] (-) TimerEvent: {}
[378.280272] (-) TimerEvent: {}
[378.381946] (-) TimerEvent: {}
[378.483634] (-) TimerEvent: {}
[378.585471] (-) TimerEvent: {}
[378.687395] (-) TimerEvent: {}
[378.788506] (-) TimerEvent: {}
[378.889486] (-) TimerEvent: {}
[378.990245] (-) TimerEvent: {}
[379.090977] (-) TimerEvent: {}
[379.191777] (-) TimerEvent: {}
[379.292790] (-) TimerEvent: {}
[379.394398] (-) TimerEvent: {}
[379.496181] (-) TimerEvent: {}
[379.597839] (-) TimerEvent: {}
[379.699439] (-) TimerEvent: {}
[379.801120] (-) TimerEvent: {}
[379.903883] (-) TimerEvent: {}
[380.005177] (-) TimerEvent: {}
[380.106215] (-) TimerEvent: {}
[380.207062] (-) TimerEvent: {}
[380.307925] (-) TimerEvent: {}
[380.408906] (-) TimerEvent: {}
[380.510275] (-) TimerEvent: {}
[380.611583] (-) TimerEvent: {}
[380.712595] (-) TimerEvent: {}
[380.813440] (-) TimerEvent: {}
[380.914264] (-) TimerEvent: {}
[381.015405] (-) TimerEvent: {}
[381.116854] (-) TimerEvent: {}
[381.218132] (-) TimerEvent: {}
[381.319560] (-) TimerEvent: {}
[381.420921] (-) TimerEvent: {}
[381.521929] (-) TimerEvent: {}
[381.622799] (-) TimerEvent: {}
[381.723593] (-) TimerEvent: {}
[381.824364] (-) TimerEvent: {}
[381.925268] (-) TimerEvent: {}
[382.026262] (-) TimerEvent: {}
[382.128026] (-) TimerEvent: {}
[382.229934] (-) TimerEvent: {}
[382.331502] (-) TimerEvent: {}
[382.433192] (-) TimerEvent: {}
[382.534850] (-) TimerEvent: {}
[382.636364] (-) TimerEvent: {}
[382.737669] (-) TimerEvent: {}
[382.838774] (-) TimerEvent: {}
[382.940119] (-) TimerEvent: {}
[383.041030] (-) TimerEvent: {}
[383.141948] (-) TimerEvent: {}
[383.242917] (-) TimerEvent: {}
[383.344071] (-) TimerEvent: {}
[383.445233] (-) TimerEvent: {}
[383.546114] (-) TimerEvent: {}
[383.646991] (-) TimerEvent: {}
[383.748229] (-) TimerEvent: {}
[383.849948] (-) TimerEvent: {}
[383.951411] (-) TimerEvent: {}
[384.052637] (-) TimerEvent: {}
[384.153770] (-) TimerEvent: {}
[384.254813] (-) TimerEvent: {}
[384.355805] (-) TimerEvent: {}
[384.456820] (-) TimerEvent: {}
[384.557575] (-) TimerEvent: {}
[384.658379] (-) TimerEvent: {}
[384.759195] (-) TimerEvent: {}
[384.860446] (-) TimerEvent: {}
[384.962242] (-) TimerEvent: {}
[385.064350] (-) TimerEvent: {}
[385.166360] (-) TimerEvent: {}
[385.268895] (-) TimerEvent: {}
[385.370505] (-) TimerEvent: {}
[385.471637] (-) TimerEvent: {}
[385.572723] (-) TimerEvent: {}
[385.673611] (-) TimerEvent: {}
[385.774432] (-) TimerEvent: {}
[385.875501] (-) TimerEvent: {}
[385.976750] (-) TimerEvent: {}
[386.078462] (-) TimerEvent: {}
[386.180291] (-) TimerEvent: {}
[386.281310] (-) TimerEvent: {}
[386.382949] (-) TimerEvent: {}
[386.484680] (-) TimerEvent: {}
[386.586619] (-) TimerEvent: {}
[386.687656] (-) TimerEvent: {}
[386.788942] (-) TimerEvent: {}
[386.889877] (-) TimerEvent: {}
[386.990763] (-) TimerEvent: {}
[387.091641] (-) TimerEvent: {}
[387.192509] (-) TimerEvent: {}
[387.293409] (-) TimerEvent: {}
[387.394243] (-) TimerEvent: {}
[387.495216] (-) TimerEvent: {}
[387.596681] (-) TimerEvent: {}
[387.698893] (-) TimerEvent: {}
[387.800417] (-) TimerEvent: {}
[387.901874] (-) TimerEvent: {}
[388.003407] (-) TimerEvent: {}
[388.104886] (-) TimerEvent: {}
[388.205828] (-) TimerEvent: {}
[388.306709] (-) TimerEvent: {}
[388.407537] (-) TimerEvent: {}
[388.508300] (-) TimerEvent: {}
[388.609521] (-) TimerEvent: {}
[388.711148] (-) TimerEvent: {}
[388.812866] (-) TimerEvent: {}
[388.914500] (-) TimerEvent: {}
[389.016170] (-) TimerEvent: {}
[389.117885] (-) TimerEvent: {}
[389.219533] (-) TimerEvent: {}
[389.320938] (-) TimerEvent: {}
[389.422557] (-) TimerEvent: {}
[389.523544] (-) TimerEvent: {}
[389.624327] (-) TimerEvent: {}
[389.725203] (-) TimerEvent: {}
[389.826226] (-) TimerEvent: {}
[389.927996] (-) TimerEvent: {}
[390.030229] (-) TimerEvent: {}
[390.131392] (-) TimerEvent: {}
[390.232946] (-) TimerEvent: {}
[390.334699] (-) TimerEvent: {}
[390.436251] (-) TimerEvent: {}
[390.537487] (-) TimerEvent: {}
[390.638820] (-) TimerEvent: {}
[390.739746] (-) TimerEvent: {}
[390.840681] (-) TimerEvent: {}
[390.941618] (-) TimerEvent: {}
[391.042614] (-) TimerEvent: {}
[391.144644] (-) TimerEvent: {}
[391.245532] (-) TimerEvent: {}
[391.346726] (-) TimerEvent: {}
[391.447961] (-) TimerEvent: {}
[391.549416] (-) TimerEvent: {}
[391.650687] (-) TimerEvent: {}
[391.752177] (-) TimerEvent: {}
[391.854177] (-) TimerEvent: {}
[391.955649] (-) TimerEvent: {}
[392.056658] (-) TimerEvent: {}
[392.157525] (-) TimerEvent: {}
[392.258281] (-) TimerEvent: {}
[392.359085] (-) TimerEvent: {}
[392.460073] (-) TimerEvent: {}
[392.561340] (-) TimerEvent: {}
[392.662943] (-) TimerEvent: {}
[392.764795] (-) TimerEvent: {}
[392.866589] (-) TimerEvent: {}
[392.968839] (-) TimerEvent: {}
[393.070517] (-) TimerEvent: {}
[393.171767] (-) TimerEvent: {}
[393.272958] (-) TimerEvent: {}
[393.374086] (-) TimerEvent: {}
[393.474887] (-) TimerEvent: {}
[393.575993] (-) TimerEvent: {}
[393.677262] (-) TimerEvent: {}
[393.779003] (-) TimerEvent: {}
[393.880727] (-) TimerEvent: {}
[393.981841] (-) TimerEvent: {}
[394.083468] (-) TimerEvent: {}
[394.185085] (-) TimerEvent: {}
[394.286540] (-) TimerEvent: {}
[394.387673] (-) TimerEvent: {}
[394.489116] (-) TimerEvent: {}
[394.590068] (-) TimerEvent: {}
[394.690946] (-) TimerEvent: {}
[394.791855] (-) TimerEvent: {}
[394.893017] (-) TimerEvent: {}
[394.994220] (-) TimerEvent: {}
[395.095119] (-) TimerEvent: {}
[395.196120] (-) TimerEvent: {}
[395.297200] (-) TimerEvent: {}
[395.399237] (-) TimerEvent: {}
[395.500395] (-) TimerEvent: {}
[395.602085] (-) TimerEvent: {}
[395.703224] (-) TimerEvent: {}
[395.804765] (-) TimerEvent: {}
[395.906662] (-) TimerEvent: {}
[396.007511] (-) TimerEvent: {}
[396.108244] (-) TimerEvent: {}
[396.209104] (-) TimerEvent: {}
[396.309941] (-) TimerEvent: {}
[396.411085] (-) TimerEvent: {}
[396.513005] (-) TimerEvent: {}
[396.614691] (-) TimerEvent: {}
[396.716874] (-) TimerEvent: {}
[396.818567] (-) TimerEvent: {}
[396.920219] (-) TimerEvent: {}
[397.021610] (-) TimerEvent: {}
[397.122671] (-) TimerEvent: {}
[397.223617] (-) TimerEvent: {}
[397.324678] (-) TimerEvent: {}
[397.425457] (-) TimerEvent: {}
[397.526915] (-) TimerEvent: {}
[397.628687] (-) TimerEvent: {}
[397.730091] (-) TimerEvent: {}
[397.830992] (-) TimerEvent: {}
[397.932363] (-) TimerEvent: {}
[398.034153] (-) TimerEvent: {}
[398.135505] (-) TimerEvent: {}
[398.236853] (-) TimerEvent: {}
[398.338464] (-) TimerEvent: {}
[398.439807] (-) TimerEvent: {}
[398.542746] (-) TimerEvent: {}
[398.643946] (-) TimerEvent: {}
[398.745569] (-) TimerEvent: {}
[398.846670] (-) TimerEvent: {}
[398.947671] (-) TimerEvent: {}
[399.049472] (-) TimerEvent: {}
[399.151487] (-) TimerEvent: {}
[399.254787] (-) TimerEvent: {}
[399.356229] (-) TimerEvent: {}
[399.459672] (-) TimerEvent: {}
[399.562897] (-) TimerEvent: {}
[399.666053] (-) TimerEvent: {}
[399.767211] (-) TimerEvent: {}
[399.868954] (-) TimerEvent: {}
[399.970849] (-) TimerEvent: {}
[400.072328] (-) TimerEvent: {}
[400.173701] (-) TimerEvent: {}
[400.275005] (-) TimerEvent: {}
[400.376808] (-) TimerEvent: {}
[400.478974] (-) TimerEvent: {}
[400.580422] (-) TimerEvent: {}
[400.682115] (-) TimerEvent: {}
[400.783730] (-) TimerEvent: {}
[400.884794] (-) TimerEvent: {}
[400.985793] (-) TimerEvent: {}
[401.087074] (-) TimerEvent: {}
[401.188231] (-) TimerEvent: {}
[401.289706] (-) TimerEvent: {}
[401.390681] (-) TimerEvent: {}
[401.491485] (-) TimerEvent: {}
[401.592419] (-) TimerEvent: {}
[401.693697] (-) TimerEvent: {}
[401.795419] (-) TimerEvent: {}
[401.897109] (-) TimerEvent: {}
[401.998774] (-) TimerEvent: {}
[402.100740] (-) TimerEvent: {}
[402.202632] (-) TimerEvent: {}
[402.304359] (-) TimerEvent: {}
[402.405379] (-) TimerEvent: {}
[402.506216] (-) TimerEvent: {}
[402.607054] (-) TimerEvent: {}
[402.707963] (-) TimerEvent: {}
[402.808978] (-) TimerEvent: {}
[402.910631] (-) TimerEvent: {}
[403.012068] (-) TimerEvent: {}
[403.112985] (-) TimerEvent: {}
[403.213852] (-) TimerEvent: {}
[403.314698] (-) TimerEvent: {}
[403.415643] (-) TimerEvent: {}
[403.516931] (-) TimerEvent: {}
[403.618169] (-) TimerEvent: {}
[403.719535] (-) TimerEvent: {}
[403.820989] (-) TimerEvent: {}
[403.921849] (-) TimerEvent: {}
[404.022767] (-) TimerEvent: {}
[404.123751] (-) TimerEvent: {}
[404.224504] (-) TimerEvent: {}
[404.325313] (-) TimerEvent: {}
[404.426386] (-) TimerEvent: {}
[404.528015] (-) TimerEvent: {}
[404.629689] (-) TimerEvent: {}
[404.731038] (-) TimerEvent: {}
[404.832466] (-) TimerEvent: {}
[404.934295] (-) TimerEvent: {}
[405.035883] (-) TimerEvent: {}
[405.137475] (-) TimerEvent: {}
[405.238749] (-) TimerEvent: {}
[405.339666] (-) TimerEvent: {}
[405.440496] (-) TimerEvent: {}
[405.541512] (-) TimerEvent: {}
[405.642645] (-) TimerEvent: {}
[405.744171] (-) TimerEvent: {}
[405.845138] (-) TimerEvent: {}
[405.945928] (-) TimerEvent: {}
[406.046811] (-) TimerEvent: {}
[406.147925] (-) TimerEvent: {}
[406.250138] (-) TimerEvent: {}
[406.351432] (-) TimerEvent: {}
[406.452879] (-) TimerEvent: {}
[406.554136] (-) TimerEvent: {}
[406.655010] (-) TimerEvent: {}
[406.755888] (-) TimerEvent: {}
[406.856852] (-) TimerEvent: {}
[406.957600] (-) TimerEvent: {}
[407.058496] (-) TimerEvent: {}
[407.159665] (-) TimerEvent: {}
[407.260847] (-) TimerEvent: {}
[407.362449] (-) TimerEvent: {}
[407.464021] (-) TimerEvent: {}
[407.565765] (-) TimerEvent: {}
[407.667425] (-) TimerEvent: {}
[407.769088] (-) TimerEvent: {}
[407.870430] (-) TimerEvent: {}
[407.971887] (-) TimerEvent: {}
[408.073083] (-) TimerEvent: {}
[408.174055] (-) TimerEvent: {}
[408.274843] (-) TimerEvent: {}
[408.376014] (-) TimerEvent: {}
[408.477549] (-) TimerEvent: {}
[408.579102] (-) TimerEvent: {}
[408.680019] (-) TimerEvent: {}
[408.781021] (-) TimerEvent: {}
[408.882730] (-) TimerEvent: {}
[408.984293] (-) TimerEvent: {}
[409.085904] (-) TimerEvent: {}
[409.187229] (-) TimerEvent: {}
[409.288282] (-) TimerEvent: {}
[409.389274] (-) TimerEvent: {}
[409.490192] (-) TimerEvent: {}
[409.591153] (-) TimerEvent: {}
[409.692057] (-) TimerEvent: {}
[409.792944] (-) TimerEvent: {}
[409.893847] (-) TimerEvent: {}
[409.994710] (-) TimerEvent: {}
[410.095761] (-) TimerEvent: {}
[410.197803] (-) TimerEvent: {}
[410.300215] (-) TimerEvent: {}
[410.402026] (-) TimerEvent: {}
[410.504835] (-) TimerEvent: {}
[410.606037] (-) TimerEvent: {}
[410.707279] (-) TimerEvent: {}
[410.808169] (-) TimerEvent: {}
[410.909124] (-) TimerEvent: {}
[411.010049] (-) TimerEvent: {}
[411.111152] (-) TimerEvent: {}
[411.212954] (-) TimerEvent: {}
[411.314575] (-) TimerEvent: {}
[411.416380] (-) TimerEvent: {}
[411.518510] (-) TimerEvent: {}
[411.620383] (-) TimerEvent: {}
[411.722678] (-) TimerEvent: {}
[411.823553] (-) TimerEvent: {}
[411.924521] (-) TimerEvent: {}
[412.025269] (-) TimerEvent: {}
[412.126098] (-) TimerEvent: {}
[412.227787] (-) TimerEvent: {}
[412.330524] (-) TimerEvent: {}
[412.432159] (-) TimerEvent: {}
[412.533851] (-) TimerEvent: {}
[412.635308] (-) TimerEvent: {}
[412.736786] (-) TimerEvent: {}
[412.838172] (-) TimerEvent: {}
[412.939426] (-) TimerEvent: {}
[413.040388] (-) TimerEvent: {}
[413.141811] (-) TimerEvent: {}
[413.244207] (-) TimerEvent: {}
[413.345530] (-) TimerEvent: {}
[413.446929] (-) TimerEvent: {}
[413.547833] (-) TimerEvent: {}
[413.649494] (-) TimerEvent: {}
[413.751054] (-) TimerEvent: {}
[413.853311] (-) TimerEvent: {}
[413.955387] (-) TimerEvent: {}
[414.065100] (-) TimerEvent: {}
[414.166233] (-) TimerEvent: {}
[414.268883] (-) TimerEvent: {}
[414.370472] (-) TimerEvent: {}
[414.471743] (-) TimerEvent: {}
[414.572970] (-) TimerEvent: {}
[414.674167] (-) TimerEvent: {}
[414.775684] (-) TimerEvent: {}
[414.876655] (-) TimerEvent: {}
[414.977582] (-) TimerEvent: {}
[415.078513] (-) TimerEvent: {}
[415.179403] (-) TimerEvent: {}
[415.280702] (-) TimerEvent: {}
[415.382205] (-) TimerEvent: {}
[415.483799] (-) TimerEvent: {}
[415.586391] (-) TimerEvent: {}
[415.688138] (-) TimerEvent: {}
[415.790721] (-) TimerEvent: {}
[415.892087] (-) TimerEvent: {}
[415.993186] (-) TimerEvent: {}
[416.094313] (-) TimerEvent: {}
[416.196261] (-) TimerEvent: {}
[416.297452] (-) TimerEvent: {}
[416.399442] (-) TimerEvent: {}
[416.500438] (-) TimerEvent: {}
[416.601929] (-) TimerEvent: {}
[416.703263] (-) TimerEvent: {}
[416.804521] (-) TimerEvent: {}
[416.905671] (-) TimerEvent: {}
[417.006539] (-) TimerEvent: {}
[417.107341] (-) TimerEvent: {}
[417.208265] (-) TimerEvent: {}
[417.309248] (-) TimerEvent: {}
[417.410261] (-) TimerEvent: {}
[417.511886] (-) TimerEvent: {}
[417.613807] (-) TimerEvent: {}
[417.715440] (-) TimerEvent: {}
[417.821347] (-) TimerEvent: {}
[417.923877] (-) TimerEvent: {}
[418.024724] (-) TimerEvent: {}
[418.125458] (-) TimerEvent: {}
[418.226232] (-) TimerEvent: {}
[418.327049] (-) TimerEvent: {}
[418.428170] (-) TimerEvent: {}
[418.530289] (-) TimerEvent: {}
[418.631846] (-) TimerEvent: {}
[418.733523] (-) TimerEvent: {}
[418.835256] (-) TimerEvent: {}
[418.937968] (-) TimerEvent: {}
[419.038875] (-) TimerEvent: {}
[419.139953] (-) TimerEvent: {}
[419.241096] (-) TimerEvent: {}
[419.341857] (-) TimerEvent: {}
[419.442890] (-) TimerEvent: {}
[419.544374] (-) TimerEvent: {}
[419.645770] (-) TimerEvent: {}
[419.747215] (-) TimerEvent: {}
[419.848015] (-) TimerEvent: {}
[419.949922] (-) TimerEvent: {}
[420.051782] (-) TimerEvent: {}
[420.154192] (-) TimerEvent: {}
[420.255365] (-) TimerEvent: {}
[420.356740] (-) TimerEvent: {}
[420.457571] (-) TimerEvent: {}
[420.558447] (-) TimerEvent: {}
[420.659390] (-) TimerEvent: {}
[420.761342] (-) TimerEvent: {}
[420.862677] (-) TimerEvent: {}
[420.963561] (-) TimerEvent: {}
[421.064516] (-) TimerEvent: {}
[421.165598] (-) TimerEvent: {}
[421.267125] (-) TimerEvent: {}
[421.368436] (-) TimerEvent: {}
[421.469795] (-) TimerEvent: {}
[421.570919] (-) TimerEvent: {}
[421.672176] (-) TimerEvent: {}
[421.773495] (-) TimerEvent: {}
[421.874581] (-) TimerEvent: {}
[421.975571] (-) TimerEvent: {}
[422.076397] (-) TimerEvent: {}
[422.177330] (-) TimerEvent: {}
[422.278484] (-) TimerEvent: {}
[422.380099] (-) TimerEvent: {}
[422.481775] (-) TimerEvent: {}
[422.583102] (-) TimerEvent: {}
[422.684863] (-) TimerEvent: {}
[422.786822] (-) TimerEvent: {}
[422.888076] (-) TimerEvent: {}
[422.989333] (-) TimerEvent: {}
[423.090159] (-) TimerEvent: {}
[423.191129] (-) TimerEvent: {}
[423.291930] (-) TimerEvent: {}
[423.393264] (-) TimerEvent: {}
[423.494821] (-) TimerEvent: {}
[423.596401] (-) TimerEvent: {}
[423.698012] (-) TimerEvent: {}
[423.799459] (-) TimerEvent: {}
[423.901582] (-) TimerEvent: {}
[424.003031] (-) TimerEvent: {}
[424.104041] (-) TimerEvent: {}
[424.205113] (-) TimerEvent: {}
[424.306268] (-) TimerEvent: {}
[424.408211] (-) TimerEvent: {}
[424.509234] (-) TimerEvent: {}
[424.610498] (-) TimerEvent: {}
[424.711983] (-) TimerEvent: {}
[424.812973] (-) TimerEvent: {}
[424.914391] (-) TimerEvent: {}
[425.016028] (-) TimerEvent: {}
[425.118149] (-) TimerEvent: {}
[425.219396] (-) TimerEvent: {}
[425.320423] (-) TimerEvent: {}
[425.421507] (-) TimerEvent: {}
[425.522422] (-) TimerEvent: {}
[425.623318] (-) TimerEvent: {}
[425.724206] (-) TimerEvent: {}
[425.825109] (-) TimerEvent: {}
[425.925811] (-) TimerEvent: {}
[426.026762] (-) TimerEvent: {}
[426.127779] (-) TimerEvent: {}
[426.229475] (-) TimerEvent: {}
[426.331008] (-) TimerEvent: {}
[426.432814] (-) TimerEvent: {}
[426.534539] (-) TimerEvent: {}
[426.636095] (-) TimerEvent: {}
[426.737440] (-) TimerEvent: {}
[426.838651] (-) TimerEvent: {}
[426.939732] (-) TimerEvent: {}
[427.040470] (-) TimerEvent: {}
[427.141313] (-) TimerEvent: {}
[427.242199] (-) TimerEvent: {}
[427.344135] (-) TimerEvent: {}
[427.445856] (-) TimerEvent: {}
[427.547179] (-) TimerEvent: {}
[427.648907] (-) TimerEvent: {}
[427.750479] (-) TimerEvent: {}
[427.851966] (-) TimerEvent: {}
[427.953175] (-) TimerEvent: {}
[428.054202] (-) TimerEvent: {}
[428.155421] (-) TimerEvent: {}
[428.256518] (-) TimerEvent: {}
[428.357508] (-) TimerEvent: {}
[428.458446] (-) TimerEvent: {}
[428.559572] (-) TimerEvent: {}
[428.660458] (-) TimerEvent: {}
[428.761427] (-) TimerEvent: {}
[428.862304] (-) TimerEvent: {}
[428.963595] (-) TimerEvent: {}
[429.065232] (-) TimerEvent: {}
[429.166674] (-) TimerEvent: {}
[429.268012] (-) TimerEvent: {}
[429.369462] (-) TimerEvent: {}
[429.574928] (-) TimerEvent: {}
[429.675825] (-) TimerEvent: {}
[429.776808] (-) TimerEvent: {}
[429.877557] (-) TimerEvent: {}
[429.978488] (-) TimerEvent: {}
[430.080044] (-) TimerEvent: {}
[430.181799] (-) TimerEvent: {}
[430.283243] (-) TimerEvent: {}
[430.384704] (-) TimerEvent: {}
[430.486035] (-) TimerEvent: {}
[430.587413] (-) TimerEvent: {}
[430.688369] (-) TimerEvent: {}
[430.789298] (-) TimerEvent: {}
[430.890031] (-) TimerEvent: {}
[430.990880] (-) TimerEvent: {}
[431.091718] (-) TimerEvent: {}
[431.192762] (-) TimerEvent: {}
[431.294436] (-) TimerEvent: {}
[431.395801] (-) TimerEvent: {}
[431.497039] (-) TimerEvent: {}
[431.598581] (-) TimerEvent: {}
[431.700399] (-) TimerEvent: {}
[431.804948] (-) TimerEvent: {}
[431.910169] (-) TimerEvent: {}
[432.012047] (-) TimerEvent: {}
[432.113116] (-) TimerEvent: {}
[432.215268] (-) TimerEvent: {}
[432.316473] (-) TimerEvent: {}
[432.418383] (-) TimerEvent: {}
[432.520057] (-) TimerEvent: {}
[432.585982] (ublox_gps) StdoutLine: {'line': b'[ 63%] \x1b[32mBuilding CXX object CMakeFiles/ublox_gps.dir/src/ublox_firmware7.cpp.o\x1b[0m\n'}
[432.620414] (-) TimerEvent: {}
[432.721619] (-) TimerEvent: {}
[432.822291] (-) TimerEvent: {}
[432.922952] (-) TimerEvent: {}
[433.023618] (-) TimerEvent: {}
[433.124361] (-) TimerEvent: {}
[433.225277] (-) TimerEvent: {}
[433.326640] (-) TimerEvent: {}
[433.427949] (-) TimerEvent: {}
[433.528889] (-) TimerEvent: {}
[433.629804] (-) TimerEvent: {}
[433.730699] (-) TimerEvent: {}
[433.832155] (-) TimerEvent: {}
[433.933334] (-) TimerEvent: {}
[434.034328] (-) TimerEvent: {}
[434.135250] (-) TimerEvent: {}
[434.236316] (-) TimerEvent: {}
[434.337386] (-) TimerEvent: {}
[434.438204] (-) TimerEvent: {}
[434.539150] (-) TimerEvent: {}
[434.640038] (-) TimerEvent: {}
[434.740685] (-) TimerEvent: {}
[434.841379] (-) TimerEvent: {}
[434.942579] (-) TimerEvent: {}
[435.044047] (-) TimerEvent: {}
[435.145477] (-) TimerEvent: {}
[435.246297] (-) TimerEvent: {}
[435.347202] (-) TimerEvent: {}
[435.448685] (-) TimerEvent: {}
[435.550038] (-) TimerEvent: {}
[435.651020] (-) TimerEvent: {}
[435.751951] (-) TimerEvent: {}
[435.853107] (-) TimerEvent: {}
[435.954082] (-) TimerEvent: {}
[436.054846] (-) TimerEvent: {}
[436.155719] (-) TimerEvent: {}
[436.256566] (-) TimerEvent: {}
[436.357271] (-) TimerEvent: {}
[436.457956] (-) TimerEvent: {}
[436.558812] (-) TimerEvent: {}
[436.660172] (-) TimerEvent: {}
[436.761589] (-) TimerEvent: {}
[436.863047] (-) TimerEvent: {}
[436.963841] (-) TimerEvent: {}
[437.064847] (-) TimerEvent: {}
[437.166326] (-) TimerEvent: {}
[437.267885] (-) TimerEvent: {}
[437.369237] (-) TimerEvent: {}
[437.470202] (-) TimerEvent: {}
[437.571357] (-) TimerEvent: {}
[437.672395] (-) TimerEvent: {}
[437.773296] (-) TimerEvent: {}
[437.874195] (-) TimerEvent: {}
[437.975135] (-) TimerEvent: {}
[438.076125] (-) TimerEvent: {}
[438.177132] (-) TimerEvent: {}
[438.278060] (-) TimerEvent: {}
[438.379177] (-) TimerEvent: {}
[438.480869] (-) TimerEvent: {}
[438.582379] (-) TimerEvent: {}
[438.683877] (-) TimerEvent: {}
[438.785592] (-) TimerEvent: {}
[438.887287] (-) TimerEvent: {}
[438.988608] (-) TimerEvent: {}
[439.089600] (-) TimerEvent: {}
[439.190367] (-) TimerEvent: {}
[439.291141] (-) TimerEvent: {}
[439.391946] (-) TimerEvent: {}
[439.492947] (-) TimerEvent: {}
[439.594377] (-) TimerEvent: {}
[439.696127] (-) TimerEvent: {}
[439.798580] (-) TimerEvent: {}
[439.899783] (-) TimerEvent: {}
[440.001586] (-) TimerEvent: {}
[440.103248] (-) TimerEvent: {}
[440.204052] (-) TimerEvent: {}
[440.305288] (-) TimerEvent: {}
[440.406747] (-) TimerEvent: {}
[440.509903] (-) TimerEvent: {}
[440.611267] (-) TimerEvent: {}
[440.713566] (-) TimerEvent: {}
[440.815294] (-) TimerEvent: {}
[440.918618] (-) TimerEvent: {}
[441.020668] (-) TimerEvent: {}
[441.121764] (-) TimerEvent: {}
[441.222759] (-) TimerEvent: {}
[441.323722] (-) TimerEvent: {}
[441.424837] (-) TimerEvent: {}
[441.525713] (-) TimerEvent: {}
[441.627009] (-) TimerEvent: {}
[441.728745] (-) TimerEvent: {}
[441.830819] (-) TimerEvent: {}
[441.932038] (-) TimerEvent: {}
[442.033879] (-) TimerEvent: {}
[442.135791] (-) TimerEvent: {}
[442.237297] (-) TimerEvent: {}
[442.338616] (-) TimerEvent: {}
[442.439815] (-) TimerEvent: {}
[442.540676] (-) TimerEvent: {}
[442.641561] (-) TimerEvent: {}
[442.742501] (-) TimerEvent: {}
[442.844056] (-) TimerEvent: {}
[442.945754] (-) TimerEvent: {}
[443.046759] (-) TimerEvent: {}
[443.148222] (-) TimerEvent: {}
[443.249988] (-) TimerEvent: {}
[443.351549] (-) TimerEvent: {}
[443.452861] (-) TimerEvent: {}
[443.554391] (-) TimerEvent: {}
[443.655257] (-) TimerEvent: {}
[443.756285] (-) TimerEvent: {}
[443.857280] (-) TimerEvent: {}
[443.958221] (-) TimerEvent: {}
[444.059107] (-) TimerEvent: {}
[444.159964] (-) TimerEvent: {}
[444.260858] (-) TimerEvent: {}
[444.361883] (-) TimerEvent: {}
[444.463703] (-) TimerEvent: {}
[444.565454] (-) TimerEvent: {}
[444.667162] (-) TimerEvent: {}
[444.769030] (-) TimerEvent: {}
[444.870467] (-) TimerEvent: {}
[444.971310] (-) TimerEvent: {}
[445.072319] (-) TimerEvent: {}
[445.173337] (-) TimerEvent: {}
[445.274143] (-) TimerEvent: {}
[445.375329] (-) TimerEvent: {}
[445.476560] (-) TimerEvent: {}
[445.578098] (-) TimerEvent: {}
[445.679530] (-) TimerEvent: {}
[445.780653] (-) TimerEvent: {}
[445.882271] (-) TimerEvent: {}
[445.983889] (-) TimerEvent: {}
[446.085843] (-) TimerEvent: {}
[446.186846] (-) TimerEvent: {}
[446.288002] (-) TimerEvent: {}
[446.389045] (-) TimerEvent: {}
[446.489925] (-) TimerEvent: {}
[446.590847] (-) TimerEvent: {}
[446.691771] (-) TimerEvent: {}
[446.793094] (-) TimerEvent: {}
[446.893951] (-) TimerEvent: {}
[446.994942] (-) TimerEvent: {}
[447.096239] (-) TimerEvent: {}
[447.198037] (-) TimerEvent: {}
[447.299021] (-) TimerEvent: {}
[447.400354] (-) TimerEvent: {}
[447.501732] (-) TimerEvent: {}
[447.603056] (-) TimerEvent: {}
[447.704318] (-) TimerEvent: {}
[447.805224] (-) TimerEvent: {}
[447.906219] (-) TimerEvent: {}
[448.007246] (-) TimerEvent: {}
[448.108040] (-) TimerEvent: {}
[448.208914] (-) TimerEvent: {}
[448.310573] (-) TimerEvent: {}
[448.412334] (-) TimerEvent: {}
[448.514493] (-) TimerEvent: {}
[448.615961] (-) TimerEvent: {}
[448.717926] (-) TimerEvent: {}
[448.819595] (-) TimerEvent: {}
[448.921083] (-) TimerEvent: {}
[449.022267] (-) TimerEvent: {}
[449.123521] (-) TimerEvent: {}
[449.224389] (-) TimerEvent: {}
[449.325529] (-) TimerEvent: {}
[449.426679] (-) TimerEvent: {}
[449.527668] (-) TimerEvent: {}
[449.628618] (-) TimerEvent: {}
[449.729526] (-) TimerEvent: {}
[449.830367] (-) TimerEvent: {}
[449.932085] (-) TimerEvent: {}
[450.033818] (-) TimerEvent: {}
[450.135060] (-) TimerEvent: {}
[450.236217] (-) TimerEvent: {}
[450.337535] (-) TimerEvent: {}
[450.438438] (-) TimerEvent: {}
[450.539375] (-) TimerEvent: {}
[450.640249] (-) TimerEvent: {}
[450.741246] (-) TimerEvent: {}
[450.843052] (-) TimerEvent: {}
[450.944113] (-) TimerEvent: {}
[451.046360] (-) TimerEvent: {}
[451.148045] (-) TimerEvent: {}
[451.249697] (-) TimerEvent: {}
[451.351473] (-) TimerEvent: {}
[451.453024] (-) TimerEvent: {}
[451.554367] (-) TimerEvent: {}
[451.655441] (-) TimerEvent: {}
[451.756596] (-) TimerEvent: {}
[451.857509] (-) TimerEvent: {}
[451.958718] (-) TimerEvent: {}
[452.059796] (-) TimerEvent: {}
[452.161734] (-) TimerEvent: {}
[452.263676] (-) TimerEvent: {}
[452.366566] (-) TimerEvent: {}
[452.468143] (-) TimerEvent: {}
[452.570233] (-) TimerEvent: {}
[452.671635] (-) TimerEvent: {}
[452.772566] (-) TimerEvent: {}
[452.873338] (-) TimerEvent: {}
[452.974177] (-) TimerEvent: {}
[453.074962] (-) TimerEvent: {}
[453.176040] (-) TimerEvent: {}
[453.277923] (-) TimerEvent: {}
[453.379350] (-) TimerEvent: {}
[453.480648] (-) TimerEvent: {}
[453.582012] (-) TimerEvent: {}
[453.683461] (-) TimerEvent: {}
[453.784388] (-) TimerEvent: {}
[453.885804] (-) TimerEvent: {}
[453.987133] (-) TimerEvent: {}
[454.088139] (-) TimerEvent: {}
[454.189089] (-) TimerEvent: {}
[454.289998] (-) TimerEvent: {}
[454.390901] (-) TimerEvent: {}
[454.491664] (-) TimerEvent: {}
[454.592522] (-) TimerEvent: {}
[454.693460] (-) TimerEvent: {}
[454.794632] (-) TimerEvent: {}
[454.896260] (-) TimerEvent: {}
[454.998155] (-) TimerEvent: {}
[455.099736] (-) TimerEvent: {}
[455.201447] (-) TimerEvent: {}
[455.303094] (-) TimerEvent: {}
[455.404299] (-) TimerEvent: {}
[455.505320] (-) TimerEvent: {}
[455.606273] (-) TimerEvent: {}
[455.707071] (-) TimerEvent: {}
[455.807895] (-) TimerEvent: {}
[455.908768] (-) TimerEvent: {}
[456.010003] (-) TimerEvent: {}
[456.111779] (-) TimerEvent: {}
[456.213479] (-) TimerEvent: {}
[456.314480] (-) TimerEvent: {}
[456.415745] (-) TimerEvent: {}
[456.517290] (-) TimerEvent: {}
[456.618217] (-) TimerEvent: {}
[456.719357] (-) TimerEvent: {}
[456.820623] (-) TimerEvent: {}
[456.921735] (-) TimerEvent: {}
[457.022725] (-) TimerEvent: {}
[457.123715] (-) TimerEvent: {}
[457.224709] (-) TimerEvent: {}
[457.325473] (-) TimerEvent: {}
[457.426344] (-) TimerEvent: {}
[457.527334] (-) TimerEvent: {}
[457.628475] (-) TimerEvent: {}
[457.730170] (-) TimerEvent: {}
[457.831815] (-) TimerEvent: {}
[457.933747] (-) TimerEvent: {}
[458.035361] (-) TimerEvent: {}
[458.137126] (-) TimerEvent: {}
[458.238053] (-) TimerEvent: {}
[458.339001] (-) TimerEvent: {}
[458.439784] (-) TimerEvent: {}
[458.540556] (-) TimerEvent: {}
[458.641345] (-) TimerEvent: {}
[458.742256] (-) TimerEvent: {}
[458.844141] (-) TimerEvent: {}
[458.946224] (-) TimerEvent: {}
[459.047647] (-) TimerEvent: {}
[459.149106] (-) TimerEvent: {}
[459.250762] (-) TimerEvent: {}
[459.352230] (-) TimerEvent: {}
[459.453347] (-) TimerEvent: {}
[459.554738] (-) TimerEvent: {}
[459.656164] (-) TimerEvent: {}
[459.757533] (-) TimerEvent: {}
[459.858429] (-) TimerEvent: {}
[459.959871] (-) TimerEvent: {}
[460.061591] (-) TimerEvent: {}
[460.162427] (-) TimerEvent: {}
[460.263273] (-) TimerEvent: {}
[460.364270] (-) TimerEvent: {}
[460.465959] (-) TimerEvent: {}
[460.567141] (-) TimerEvent: {}
[460.668363] (-) TimerEvent: {}
[460.769546] (-) TimerEvent: {}
[460.870815] (-) TimerEvent: {}
[460.971779] (-) TimerEvent: {}
[461.072734] (-) TimerEvent: {}
[461.173556] (-) TimerEvent: {}
[461.274320] (-) TimerEvent: {}
[461.375076] (-) TimerEvent: {}
[461.475948] (-) TimerEvent: {}
[461.577368] (-) TimerEvent: {}
[461.679032] (-) TimerEvent: {}
[461.780440] (-) TimerEvent: {}
[461.881535] (-) TimerEvent: {}
[461.983203] (-) TimerEvent: {}
[462.084854] (-) TimerEvent: {}
[462.186287] (-) TimerEvent: {}
[462.287343] (-) TimerEvent: {}
[462.388700] (-) TimerEvent: {}
[462.489702] (-) TimerEvent: {}
[462.590604] (-) TimerEvent: {}
[462.691509] (-) TimerEvent: {}
[462.792511] (-) TimerEvent: {}
[462.893441] (-) TimerEvent: {}
[462.994376] (-) TimerEvent: {}
[463.095267] (-) TimerEvent: {}
[463.196499] (-) TimerEvent: {}
[463.298508] (-) TimerEvent: {}
[463.400209] (-) TimerEvent: {}
[463.502027] (-) TimerEvent: {}
[463.603701] (-) TimerEvent: {}
[463.705396] (-) TimerEvent: {}
[463.806819] (-) TimerEvent: {}
[463.908433] (-) TimerEvent: {}
[464.010114] (-) TimerEvent: {}
[464.111114] (-) TimerEvent: {}
[464.212014] (-) TimerEvent: {}
[464.313022] (-) TimerEvent: {}
[464.414755] (-) TimerEvent: {}
[464.516305] (-) TimerEvent: {}
[464.618047] (-) TimerEvent: {}
[464.719628] (-) TimerEvent: {}
[464.821028] (-) TimerEvent: {}
[464.922284] (-) TimerEvent: {}
[465.023045] (-) TimerEvent: {}
[465.123893] (-) TimerEvent: {}
[465.224984] (-) TimerEvent: {}
[465.325858] (-) TimerEvent: {}
[465.427092] (-) TimerEvent: {}
[465.528842] (-) TimerEvent: {}
[465.630256] (-) TimerEvent: {}
[465.731279] (-) TimerEvent: {}
[465.832898] (-) TimerEvent: {}
[465.934534] (-) TimerEvent: {}
[466.036001] (-) TimerEvent: {}
[466.137205] (-) TimerEvent: {}
[466.238370] (-) TimerEvent: {}
[466.339513] (-) TimerEvent: {}
[466.440440] (-) TimerEvent: {}
[466.541392] (-) TimerEvent: {}
[466.642449] (-) TimerEvent: {}
[466.743990] (-) TimerEvent: {}
[466.845018] (-) TimerEvent: {}
[466.946237] (-) TimerEvent: {}
[467.047398] (-) TimerEvent: {}
[467.149084] (-) TimerEvent: {}
[467.250569] (-) TimerEvent: {}
[467.352135] (-) TimerEvent: {}
[467.453660] (-) TimerEvent: {}
[467.554837] (-) TimerEvent: {}
[467.655776] (-) TimerEvent: {}
[467.756700] (-) TimerEvent: {}
[467.857476] (-) TimerEvent: {}
[467.958257] (-) TimerEvent: {}
[468.059048] (-) TimerEvent: {}
[468.160133] (-) TimerEvent: {}
[468.262038] (-) TimerEvent: {}
[468.363697] (-) TimerEvent: {}
[468.465449] (-) TimerEvent: {}
[468.567007] (-) TimerEvent: {}
[468.668694] (-) TimerEvent: {}
[468.770365] (-) TimerEvent: {}
[468.871583] (-) TimerEvent: {}
[468.972636] (-) TimerEvent: {}
[469.073426] (-) TimerEvent: {}
[469.174221] (-) TimerEvent: {}
[469.275105] (-) TimerEvent: {}
[469.376412] (-) TimerEvent: {}
[469.478125] (-) TimerEvent: {}
[469.579769] (-) TimerEvent: {}
[469.680875] (-) TimerEvent: {}
[469.782483] (-) TimerEvent: {}
[469.884044] (-) TimerEvent: {}
[469.985690] (-) TimerEvent: {}
[470.086950] (-) TimerEvent: {}
[470.187869] (-) TimerEvent: {}
[470.288791] (-) TimerEvent: {}
[470.389935] (-) TimerEvent: {}
[470.490955] (-) TimerEvent: {}
[470.592080] (-) TimerEvent: {}
[470.693112] (-) TimerEvent: {}
[470.794513] (-) TimerEvent: {}
[470.896408] (-) TimerEvent: {}
[470.998670] (-) TimerEvent: {}
[471.099808] (-) TimerEvent: {}
[471.201145] (-) TimerEvent: {}
[471.302414] (-) TimerEvent: {}
[471.403738] (-) TimerEvent: {}
[471.504656] (-) TimerEvent: {}
[471.605831] (-) TimerEvent: {}
[471.707149] (-) TimerEvent: {}
[471.808824] (-) TimerEvent: {}
[471.910200] (-) TimerEvent: {}
[472.011210] (-) TimerEvent: {}
[472.113454] (-) TimerEvent: {}
[472.216359] (-) TimerEvent: {}
[472.318987] (-) TimerEvent: {}
[472.421495] (-) TimerEvent: {}
[472.522636] (-) TimerEvent: {}
[472.623483] (-) TimerEvent: {}
[472.724252] (-) TimerEvent: {}
[472.825066] (-) TimerEvent: {}
[472.926108] (-) TimerEvent: {}
[473.027467] (-) TimerEvent: {}
[473.128879] (-) TimerEvent: {}
[473.230437] (-) TimerEvent: {}
[473.332082] (-) TimerEvent: {}
[473.433819] (-) TimerEvent: {}
[473.535531] (-) TimerEvent: {}
[473.637059] (-) TimerEvent: {}
[473.738386] (-) TimerEvent: {}
[473.839496] (-) TimerEvent: {}
[473.940224] (-) TimerEvent: {}
[474.041113] (-) TimerEvent: {}
[474.141993] (-) TimerEvent: {}
[474.243365] (-) TimerEvent: {}
[474.344832] (-) TimerEvent: {}
[474.445729] (-) TimerEvent: {}
[474.546551] (-) TimerEvent: {}
[474.647361] (-) TimerEvent: {}
[474.748393] (-) TimerEvent: {}
[474.850024] (-) TimerEvent: {}
[474.951316] (-) TimerEvent: {}
[475.052473] (-) TimerEvent: {}
[475.153960] (-) TimerEvent: {}
[475.254820] (-) TimerEvent: {}
[475.355767] (-) TimerEvent: {}
[475.456697] (-) TimerEvent: {}
[475.557469] (-) TimerEvent: {}
[475.658218] (-) TimerEvent: {}
[475.759089] (-) TimerEvent: {}
[475.861514] (-) TimerEvent: {}
[475.963865] (-) TimerEvent: {}
[476.066256] (-) TimerEvent: {}
[476.167680] (-) TimerEvent: {}
[476.269684] (-) TimerEvent: {}
[476.370955] (-) TimerEvent: {}
[476.472000] (-) TimerEvent: {}
[476.572918] (-) TimerEvent: {}
[476.673660] (-) TimerEvent: {}
[476.774449] (-) TimerEvent: {}
[476.875289] (-) TimerEvent: {}
[476.976919] (-) TimerEvent: {}
[477.078594] (-) TimerEvent: {}
[477.180210] (-) TimerEvent: {}
[477.281981] (-) TimerEvent: {}
[477.383594] (-) TimerEvent: {}
[477.485079] (-) TimerEvent: {}
[477.586332] (-) TimerEvent: {}
[477.687431] (-) TimerEvent: {}
[477.788758] (-) TimerEvent: {}
[477.889906] (-) TimerEvent: {}
[477.990735] (-) TimerEvent: {}
[478.091664] (-) TimerEvent: {}
[478.193034] (-) TimerEvent: {}
[478.294611] (-) TimerEvent: {}
[478.395762] (-) TimerEvent: {}
[478.496631] (-) TimerEvent: {}
[478.597653] (-) TimerEvent: {}
[478.699418] (-) TimerEvent: {}
[478.800738] (-) TimerEvent: {}
[478.902040] (-) TimerEvent: {}
[479.003560] (-) TimerEvent: {}
[479.104812] (-) TimerEvent: {}
[479.205707] (-) TimerEvent: {}
[479.306535] (-) TimerEvent: {}
[479.407246] (-) TimerEvent: {}
[479.508001] (-) TimerEvent: {}
[479.608989] (-) TimerEvent: {}
[479.709934] (-) TimerEvent: {}
[479.715260] (ublox_gps) StdoutLine: {'line': b'[ 68%] \x1b[32mBuilding CXX object CMakeFiles/ublox_gps.dir/src/ublox_firmware8.cpp.o\x1b[0m\n'}
[479.810281] (-) TimerEvent: {}
[479.912437] (-) TimerEvent: {}
[480.014601] (-) TimerEvent: {}
[480.116865] (-) TimerEvent: {}
[480.218935] (-) TimerEvent: {}
[480.320072] (-) TimerEvent: {}
[480.421532] (-) TimerEvent: {}
[480.522576] (-) TimerEvent: {}
[480.623721] (-) TimerEvent: {}
[480.724693] (-) TimerEvent: {}
[480.826011] (-) TimerEvent: {}
[480.927046] (-) TimerEvent: {}
[481.032886] (-) TimerEvent: {}
[481.134849] (-) TimerEvent: {}
[481.238853] (-) TimerEvent: {}
[481.340002] (-) TimerEvent: {}
[481.444985] (-) TimerEvent: {}
[481.547178] (-) TimerEvent: {}
[481.595302] (ublox_gps) StdoutLine: {'line': b'[ 72%] \x1b[32mBuilding CXX object CMakeFiles/ublox_gps.dir/src/tim_product.cpp.o\x1b[0m\n'}
[481.647378] (-) TimerEvent: {}
[481.748894] (-) TimerEvent: {}
[481.850417] (-) TimerEvent: {}
[481.951488] (-) TimerEvent: {}
[482.053157] (-) TimerEvent: {}
[482.154177] (-) TimerEvent: {}
[482.255183] (-) TimerEvent: {}
[482.356051] (-) TimerEvent: {}
[482.456913] (-) TimerEvent: {}
[482.557694] (-) TimerEvent: {}
[482.658730] (-) TimerEvent: {}
[482.759709] (-) TimerEvent: {}
[482.861971] (-) TimerEvent: {}
[482.963827] (-) TimerEvent: {}
[483.065659] (-) TimerEvent: {}
[483.167412] (-) TimerEvent: {}
[483.268622] (-) TimerEvent: {}
[483.370459] (-) TimerEvent: {}
[483.472020] (-) TimerEvent: {}
[483.573051] (-) TimerEvent: {}
[483.674636] (-) TimerEvent: {}
[483.775580] (-) TimerEvent: {}
[483.876474] (-) TimerEvent: {}
[483.977712] (-) TimerEvent: {}
[484.080355] (-) TimerEvent: {}
[484.181891] (-) TimerEvent: {}
[484.283939] (-) TimerEvent: {}
[484.385186] (-) TimerEvent: {}
[484.486363] (-) TimerEvent: {}
[484.588057] (-) TimerEvent: {}
[484.690653] (-) TimerEvent: {}
[484.791458] (-) TimerEvent: {}
[484.892343] (-) TimerEvent: {}
[484.994319] (-) TimerEvent: {}
[485.095254] (-) TimerEvent: {}
[485.196469] (-) TimerEvent: {}
[485.297715] (-) TimerEvent: {}
[485.399912] (-) TimerEvent: {}
[485.502308] (-) TimerEvent: {}
[485.603140] (-) TimerEvent: {}
[485.704158] (-) TimerEvent: {}
[485.806599] (-) TimerEvent: {}
[485.909052] (-) TimerEvent: {}
[486.012769] (-) TimerEvent: {}
[486.113725] (-) TimerEvent: {}
[486.214624] (-) TimerEvent: {}
[486.315954] (-) TimerEvent: {}
[486.418276] (-) TimerEvent: {}
[486.519439] (-) TimerEvent: {}
[486.620827] (-) TimerEvent: {}
[486.723702] (-) TimerEvent: {}
[486.826726] (-) TimerEvent: {}
[486.928732] (-) TimerEvent: {}
[487.031126] (-) TimerEvent: {}
[487.132689] (-) TimerEvent: {}
[487.236441] (-) TimerEvent: {}
[487.338767] (-) TimerEvent: {}
[487.440683] (-) TimerEvent: {}
[487.543140] (-) TimerEvent: {}
[487.645541] (-) TimerEvent: {}
[487.747258] (-) TimerEvent: {}
[487.848972] (-) TimerEvent: {}
[487.950987] (-) TimerEvent: {}
[488.052900] (-) TimerEvent: {}
[488.155403] (-) TimerEvent: {}
[488.257446] (-) TimerEvent: {}
[488.359746] (-) TimerEvent: {}
[488.461333] (-) TimerEvent: {}
[488.563695] (-) TimerEvent: {}
[488.664764] (-) TimerEvent: {}
[488.766532] (-) TimerEvent: {}
[488.868929] (-) TimerEvent: {}
[488.970572] (-) TimerEvent: {}
[489.072721] (-) TimerEvent: {}
[489.175232] (-) TimerEvent: {}
[489.277480] (-) TimerEvent: {}
[489.379538] (-) TimerEvent: {}
[489.482011] (-) TimerEvent: {}
[489.584181] (-) TimerEvent: {}
[489.686012] (-) TimerEvent: {}
[489.788084] (-) TimerEvent: {}
[489.890269] (-) TimerEvent: {}
[489.993144] (-) TimerEvent: {}
[490.094246] (-) TimerEvent: {}
[490.195583] (-) TimerEvent: {}
[490.297721] (-) TimerEvent: {}
[490.400198] (-) TimerEvent: {}
[490.502252] (-) TimerEvent: {}
[490.605520] (-) TimerEvent: {}
[490.707968] (-) TimerEvent: {}
[490.810389] (-) TimerEvent: {}
[490.912684] (-) TimerEvent: {}
[491.015454] (-) TimerEvent: {}
[491.117374] (-) TimerEvent: {}
[491.219206] (-) TimerEvent: {}
[491.320257] (-) TimerEvent: {}
[491.421882] (-) TimerEvent: {}
[491.522764] (-) TimerEvent: {}
[491.624636] (-) TimerEvent: {}
[491.726683] (-) TimerEvent: {}
[491.829830] (-) TimerEvent: {}
[491.933228] (-) TimerEvent: {}
[492.035983] (-) TimerEvent: {}
[492.138147] (-) TimerEvent: {}
[492.242031] (-) TimerEvent: {}
[492.344114] (-) TimerEvent: {}
[492.445869] (-) TimerEvent: {}
[492.546944] (-) TimerEvent: {}
[492.648215] (-) TimerEvent: {}
[492.751019] (-) TimerEvent: {}
[492.854293] (-) TimerEvent: {}
[492.955415] (-) TimerEvent: {}
[493.057562] (-) TimerEvent: {}
[493.160642] (-) TimerEvent: {}
[493.263666] (-) TimerEvent: {}
[493.366898] (-) TimerEvent: {}
[493.469731] (-) TimerEvent: {}
[493.572604] (-) TimerEvent: {}
[493.674836] (-) TimerEvent: {}
[493.775895] (-) TimerEvent: {}
[493.877021] (-) TimerEvent: {}
[493.978054] (-) TimerEvent: {}
[494.079544] (-) TimerEvent: {}
[494.182149] (-) TimerEvent: {}
[494.285434] (-) TimerEvent: {}
[494.388312] (-) TimerEvent: {}
[494.491632] (-) TimerEvent: {}
[494.594931] (-) TimerEvent: {}
[494.698264] (-) TimerEvent: {}
[494.800803] (-) TimerEvent: {}
[494.902055] (-) TimerEvent: {}
[495.004892] (-) TimerEvent: {}
[495.107458] (-) TimerEvent: {}
[495.210455] (-) TimerEvent: {}
[495.311876] (-) TimerEvent: {}
[495.416671] (-) TimerEvent: {}
[495.519210] (-) TimerEvent: {}
[495.621670] (-) TimerEvent: {}
[495.725524] (-) TimerEvent: {}
[495.826757] (-) TimerEvent: {}
[495.929072] (-) TimerEvent: {}
[496.031375] (-) TimerEvent: {}
[496.134232] (-) TimerEvent: {}
[496.237002] (-) TimerEvent: {}
[496.339700] (-) TimerEvent: {}
[496.442647] (-) TimerEvent: {}
[496.544072] (-) TimerEvent: {}
[496.648649] (-) TimerEvent: {}
[496.751420] (-) TimerEvent: {}
[496.853005] (-) TimerEvent: {}
[496.955123] (-) TimerEvent: {}
[497.057123] (-) TimerEvent: {}
[497.158307] (-) TimerEvent: {}
[497.261363] (-) TimerEvent: {}
[497.363746] (-) TimerEvent: {}
[497.466079] (-) TimerEvent: {}
[497.568795] (-) TimerEvent: {}
[497.671116] (-) TimerEvent: {}
[497.773172] (-) TimerEvent: {}
[497.875200] (-) TimerEvent: {}
[497.977014] (-) TimerEvent: {}
[498.079296] (-) TimerEvent: {}
[498.181510] (-) TimerEvent: {}
[498.282790] (-) TimerEvent: {}
[498.384358] (-) TimerEvent: {}
[498.485340] (-) TimerEvent: {}
[498.586499] (-) TimerEvent: {}
[498.688838] (-) TimerEvent: {}
[498.790985] (-) TimerEvent: {}
[498.893985] (-) TimerEvent: {}
[498.995094] (-) TimerEvent: {}
[499.096759] (-) TimerEvent: {}
[499.197770] (-) TimerEvent: {}
[499.299897] (-) TimerEvent: {}
[499.401875] (-) TimerEvent: {}
[499.503808] (-) TimerEvent: {}
[499.606353] (-) TimerEvent: {}
[499.708189] (-) TimerEvent: {}
[499.809666] (-) TimerEvent: {}
[499.910621] (-) TimerEvent: {}
[500.011772] (-) TimerEvent: {}
[500.114868] (-) TimerEvent: {}
[500.216009] (-) TimerEvent: {}
[500.318546] (-) TimerEvent: {}
[500.421547] (-) TimerEvent: {}
[500.524635] (-) TimerEvent: {}
[500.627336] (-) TimerEvent: {}
[500.728866] (-) TimerEvent: {}
[500.831152] (-) TimerEvent: {}
[500.932829] (-) TimerEvent: {}
[501.035181] (-) TimerEvent: {}
[501.137728] (-) TimerEvent: {}
[501.240387] (-) TimerEvent: {}
[501.343631] (-) TimerEvent: {}
[501.445539] (-) TimerEvent: {}
[501.548039] (-) TimerEvent: {}
[501.650472] (-) TimerEvent: {}
[501.751718] (-) TimerEvent: {}
[501.853938] (-) TimerEvent: {}
[501.954954] (-) TimerEvent: {}
[502.056121] (-) TimerEvent: {}
[502.160490] (-) TimerEvent: {}
[502.264042] (-) TimerEvent: {}
[502.367137] (-) TimerEvent: {}
[502.469857] (-) TimerEvent: {}
[502.572741] (-) TimerEvent: {}
[502.674663] (-) TimerEvent: {}
[502.776809] (-) TimerEvent: {}
[502.879596] (-) TimerEvent: {}
[502.981216] (-) TimerEvent: {}
[503.084409] (-) TimerEvent: {}
[503.187138] (-) TimerEvent: {}
[503.289036] (-) TimerEvent: {}
[503.391201] (-) TimerEvent: {}
[503.492616] (-) TimerEvent: {}
[503.594047] (-) TimerEvent: {}
[503.695590] (-) TimerEvent: {}
[503.797847] (-) TimerEvent: {}
[503.899852] (-) TimerEvent: {}
[504.000980] (-) TimerEvent: {}
[504.104246] (-) TimerEvent: {}
[504.206672] (-) TimerEvent: {}
[504.310561] (-) TimerEvent: {}
[504.412858] (-) TimerEvent: {}
[504.514053] (-) TimerEvent: {}
[504.616779] (-) TimerEvent: {}
[504.719309] (-) TimerEvent: {}
[504.820294] (-) TimerEvent: {}
[504.921476] (-) TimerEvent: {}
[505.024170] (-) TimerEvent: {}
[505.126939] (-) TimerEvent: {}
[505.228040] (-) TimerEvent: {}
[505.330584] (-) TimerEvent: {}
[505.433202] (-) TimerEvent: {}
[505.535909] (-) TimerEvent: {}
[505.636852] (-) TimerEvent: {}
[505.738255] (-) TimerEvent: {}
[505.839174] (-) TimerEvent: {}
[505.940178] (-) TimerEvent: {}
[506.044939] (-) TimerEvent: {}
[506.146814] (-) TimerEvent: {}
[506.249066] (-) TimerEvent: {}
[506.351775] (-) TimerEvent: {}
[506.454611] (-) TimerEvent: {}
[506.556866] (-) TimerEvent: {}
[506.658849] (-) TimerEvent: {}
[506.761675] (-) TimerEvent: {}
[506.862970] (-) TimerEvent: {}
[506.963971] (-) TimerEvent: {}
[507.067062] (-) TimerEvent: {}
[507.170395] (-) TimerEvent: {}
[507.271632] (-) TimerEvent: {}
[507.372898] (-) TimerEvent: {}
[507.476847] (-) TimerEvent: {}
[507.579157] (-) TimerEvent: {}
[507.685043] (-) TimerEvent: {}
[507.788096] (-) TimerEvent: {}
[507.889243] (-) TimerEvent: {}
[507.992061] (-) TimerEvent: {}
[508.096872] (-) TimerEvent: {}
[508.198168] (-) TimerEvent: {}
[508.300852] (-) TimerEvent: {}
[508.402186] (-) TimerEvent: {}
[508.505454] (-) TimerEvent: {}
[508.607783] (-) TimerEvent: {}
[508.709769] (-) TimerEvent: {}
[508.810907] (-) TimerEvent: {}
[508.913610] (-) TimerEvent: {}
[509.015768] (-) TimerEvent: {}
[509.118522] (-) TimerEvent: {}
[509.221315] (-) TimerEvent: {}
[509.324795] (-) TimerEvent: {}
[509.428874] (-) TimerEvent: {}
[509.531676] (-) TimerEvent: {}
[509.634438] (-) TimerEvent: {}
[509.737322] (-) TimerEvent: {}
[509.840308] (-) TimerEvent: {}
[509.942256] (-) TimerEvent: {}
[510.044845] (-) TimerEvent: {}
[510.146494] (-) TimerEvent: {}
[510.249073] (-) TimerEvent: {}
[510.351865] (-) TimerEvent: {}
[510.454071] (-) TimerEvent: {}
[510.556364] (-) TimerEvent: {}
[510.658605] (-) TimerEvent: {}
[510.759922] (-) TimerEvent: {}
[510.861729] (-) TimerEvent: {}
[510.963109] (-) TimerEvent: {}
[511.064782] (-) TimerEvent: {}
[511.165898] (-) TimerEvent: {}
[511.267494] (-) TimerEvent: {}
[511.369801] (-) TimerEvent: {}
[511.471403] (-) TimerEvent: {}
[511.573296] (-) TimerEvent: {}
[511.675018] (-) TimerEvent: {}
[511.777636] (-) TimerEvent: {}
[511.879595] (-) TimerEvent: {}
[511.981226] (-) TimerEvent: {}
[512.083294] (-) TimerEvent: {}
[512.184926] (-) TimerEvent: {}
[512.287053] (-) TimerEvent: {}
[512.389454] (-) TimerEvent: {}
[512.491025] (-) TimerEvent: {}
[512.592131] (-) TimerEvent: {}
[512.693521] (-) TimerEvent: {}
[512.795229] (-) TimerEvent: {}
[512.897219] (-) TimerEvent: {}
[512.999448] (-) TimerEvent: {}
[513.101559] (-) TimerEvent: {}
[513.203474] (-) TimerEvent: {}
[513.305370] (-) TimerEvent: {}
[513.406387] (-) TimerEvent: {}
[513.507374] (-) TimerEvent: {}
[513.608343] (-) TimerEvent: {}
[513.709462] (-) TimerEvent: {}
[513.811192] (-) TimerEvent: {}
[513.912590] (-) TimerEvent: {}
[514.014609] (-) TimerEvent: {}
[514.116301] (-) TimerEvent: {}
[514.218225] (-) TimerEvent: {}
[514.320355] (-) TimerEvent: {}
[514.422946] (-) TimerEvent: {}
[514.523936] (-) TimerEvent: {}
[514.624943] (-) TimerEvent: {}
[514.726593] (-) TimerEvent: {}
[514.828860] (-) TimerEvent: {}
[514.930205] (-) TimerEvent: {}
[515.032841] (-) TimerEvent: {}
[515.135379] (-) TimerEvent: {}
[515.236735] (-) TimerEvent: {}
[515.338996] (-) TimerEvent: {}
[515.440297] (-) TimerEvent: {}
[515.542897] (-) TimerEvent: {}
[515.644937] (-) TimerEvent: {}
[515.746176] (-) TimerEvent: {}
[515.849074] (-) TimerEvent: {}
[515.951796] (-) TimerEvent: {}
[516.053583] (-) TimerEvent: {}
[516.154809] (-) TimerEvent: {}
[516.257467] (-) TimerEvent: {}
[516.360157] (-) TimerEvent: {}
[516.461422] (-) TimerEvent: {}
[516.562657] (-) TimerEvent: {}
[516.664666] (-) TimerEvent: {}
[516.765802] (-) TimerEvent: {}
[516.868247] (-) TimerEvent: {}
[516.969672] (-) TimerEvent: {}
[517.070786] (-) TimerEvent: {}
[517.172993] (-) TimerEvent: {}
[517.275243] (-) TimerEvent: {}
[517.377841] (-) TimerEvent: {}
[517.478848] (-) TimerEvent: {}
[517.580012] (-) TimerEvent: {}
[517.681854] (-) TimerEvent: {}
[517.784095] (-) TimerEvent: {}
[517.885870] (-) TimerEvent: {}
[517.987872] (-) TimerEvent: {}
[518.089618] (-) TimerEvent: {}
[518.190529] (-) TimerEvent: {}
[518.292823] (-) TimerEvent: {}
[518.394098] (-) TimerEvent: {}
[518.495273] (-) TimerEvent: {}
[518.596436] (-) TimerEvent: {}
[518.697592] (-) TimerEvent: {}
[518.799787] (-) TimerEvent: {}
[518.902285] (-) TimerEvent: {}
[519.004184] (-) TimerEvent: {}
[519.106161] (-) TimerEvent: {}
[519.208797] (-) TimerEvent: {}
[519.310866] (-) TimerEvent: {}
[519.411971] (-) TimerEvent: {}
[519.513549] (-) TimerEvent: {}
[519.616404] (-) TimerEvent: {}
[519.717761] (-) TimerEvent: {}
[519.822010] (-) TimerEvent: {}
[519.927454] (-) TimerEvent: {}
[520.029871] (-) TimerEvent: {}
[520.130911] (-) TimerEvent: {}
[520.231935] (-) TimerEvent: {}
[520.332967] (-) TimerEvent: {}
[520.435009] (-) TimerEvent: {}
[520.535829] (-) TimerEvent: {}
[520.636995] (-) TimerEvent: {}
[520.739554] (-) TimerEvent: {}
[520.845018] (-) TimerEvent: {}
[520.947832] (-) TimerEvent: {}
[521.050109] (-) TimerEvent: {}
[521.152746] (-) TimerEvent: {}
[521.255459] (-) TimerEvent: {}
[521.359220] (-) TimerEvent: {}
[521.461722] (-) TimerEvent: {}
[521.563411] (-) TimerEvent: {}
[521.665571] (-) TimerEvent: {}
[521.766871] (-) TimerEvent: {}
[521.869385] (-) TimerEvent: {}
[521.971822] (-) TimerEvent: {}
[522.074281] (-) TimerEvent: {}
[522.176758] (-) TimerEvent: {}
[522.278090] (-) TimerEvent: {}
[522.380750] (-) TimerEvent: {}
[522.482753] (-) TimerEvent: {}
[522.584755] (-) TimerEvent: {}
[522.686562] (-) TimerEvent: {}
[522.787438] (-) TimerEvent: {}
[522.888439] (-) TimerEvent: {}
[522.989474] (-) TimerEvent: {}
[523.090472] (-) TimerEvent: {}
[523.195699] (-) TimerEvent: {}
[523.297730] (-) TimerEvent: {}
[523.400233] (-) TimerEvent: {}
[523.502936] (-) TimerEvent: {}
[523.605471] (-) TimerEvent: {}
[523.707729] (-) TimerEvent: {}
[523.812583] (-) TimerEvent: {}
[523.915932] (-) TimerEvent: {}
[524.019697] (-) TimerEvent: {}
[524.122254] (-) TimerEvent: {}
[524.224021] (-) TimerEvent: {}
[524.325398] (-) TimerEvent: {}
[524.427314] (-) TimerEvent: {}
[524.528844] (-) TimerEvent: {}
[524.631199] (-) TimerEvent: {}
[524.733347] (-) TimerEvent: {}
[524.834702] (-) TimerEvent: {}
[524.936392] (-) TimerEvent: {}
[525.038507] (-) TimerEvent: {}
[525.140700] (-) TimerEvent: {}
[525.242029] (-) TimerEvent: {}
[525.343384] (-) TimerEvent: {}
[525.444888] (-) TimerEvent: {}
[525.546640] (-) TimerEvent: {}
[525.647680] (-) TimerEvent: {}
[525.750144] (-) TimerEvent: {}
[525.851856] (-) TimerEvent: {}
[525.955219] (-) TimerEvent: {}
[526.057092] (-) TimerEvent: {}
[526.159262] (-) TimerEvent: {}
[526.260622] (-) TimerEvent: {}
[526.362122] (-) TimerEvent: {}
[526.463550] (-) TimerEvent: {}
[526.567419] (-) TimerEvent: {}
[526.669587] (-) TimerEvent: {}
[526.770431] (-) TimerEvent: {}
[526.871553] (-) TimerEvent: {}
[526.973339] (-) TimerEvent: {}
[527.075203] (-) TimerEvent: {}
[527.177298] (-) TimerEvent: {}
[527.279197] (-) TimerEvent: {}
[527.381194] (-) TimerEvent: {}
[527.483308] (-) TimerEvent: {}
[527.584562] (-) TimerEvent: {}
[527.686177] (-) TimerEvent: {}
[527.788346] (-) TimerEvent: {}
[527.890705] (-) TimerEvent: {}
[527.991877] (-) TimerEvent: {}
[528.093769] (-) TimerEvent: {}
[528.195249] (-) TimerEvent: {}
[528.297150] (-) TimerEvent: {}
[528.399061] (-) TimerEvent: {}
[528.500766] (-) TimerEvent: {}
[528.602607] (-) TimerEvent: {}
[528.704721] (-) TimerEvent: {}
[528.805987] (-) TimerEvent: {}
[528.907927] (-) TimerEvent: {}
[529.009855] (-) TimerEvent: {}
[529.111533] (-) TimerEvent: {}
[529.213015] (-) TimerEvent: {}
[529.314556] (-) TimerEvent: {}
[529.415881] (-) TimerEvent: {}
[529.517648] (-) TimerEvent: {}
[529.618766] (-) TimerEvent: {}
[529.720477] (-) TimerEvent: {}
[529.823182] (-) TimerEvent: {}
[529.924861] (-) TimerEvent: {}
[530.025906] (-) TimerEvent: {}
[530.127216] (-) TimerEvent: {}
[530.232213] (-) TimerEvent: {}
[530.334371] (-) TimerEvent: {}
[530.436906] (-) TimerEvent: {}
[530.538522] (-) TimerEvent: {}
[530.640174] (-) TimerEvent: {}
[530.743435] (-) TimerEvent: {}
[530.845950] (-) TimerEvent: {}
[530.947222] (-) TimerEvent: {}
[531.048956] (-) TimerEvent: {}
[531.150997] (-) TimerEvent: {}
[531.253391] (-) TimerEvent: {}
[531.356822] (-) TimerEvent: {}
[531.461038] (-) TimerEvent: {}
[531.563574] (-) TimerEvent: {}
[531.665532] (-) TimerEvent: {}
[531.767907] (-) TimerEvent: {}
[531.870591] (-) TimerEvent: {}
[531.973219] (-) TimerEvent: {}
[532.074939] (-) TimerEvent: {}
[532.177193] (-) TimerEvent: {}
[532.281350] (-) TimerEvent: {}
[532.386193] (-) TimerEvent: {}
[532.491134] (-) TimerEvent: {}
[532.598734] (-) TimerEvent: {}
[532.699943] (-) TimerEvent: {}
[532.801601] (-) TimerEvent: {}
[532.904053] (-) TimerEvent: {}
[533.005440] (-) TimerEvent: {}
[533.106534] (-) TimerEvent: {}
[533.207617] (-) TimerEvent: {}
[533.313777] (-) TimerEvent: {}
[533.415360] (-) TimerEvent: {}
[533.517898] (-) TimerEvent: {}
[533.620367] (-) TimerEvent: {}
[533.721909] (-) TimerEvent: {}
[533.823872] (-) TimerEvent: {}
[533.926165] (-) TimerEvent: {}
[534.028630] (-) TimerEvent: {}
[534.133218] (-) TimerEvent: {}
[534.235940] (-) TimerEvent: {}
[534.339403] (-) TimerEvent: {}
[534.440623] (-) TimerEvent: {}
[534.542579] (-) TimerEvent: {}
[534.643738] (-) TimerEvent: {}
[534.744771] (-) TimerEvent: {}
[534.845852] (-) TimerEvent: {}
[534.947973] (-) TimerEvent: {}
[535.049188] (-) TimerEvent: {}
[535.151341] (-) TimerEvent: {}
[535.254140] (-) TimerEvent: {}
[535.357069] (-) TimerEvent: {}
[535.460213] (-) TimerEvent: {}
[535.563717] (-) TimerEvent: {}
[535.668780] (-) TimerEvent: {}
[535.772120] (-) TimerEvent: {}
[535.875530] (-) TimerEvent: {}
[535.978861] (-) TimerEvent: {}
[536.081121] (-) TimerEvent: {}
[536.184255] (-) TimerEvent: {}
[536.287428] (-) TimerEvent: {}
[536.396717] (-) TimerEvent: {}
[536.501469] (-) TimerEvent: {}
[536.607782] (-) TimerEvent: {}
[536.710550] (-) TimerEvent: {}
[536.813528] (-) TimerEvent: {}
[536.917321] (-) TimerEvent: {}
[537.020061] (-) TimerEvent: {}
[537.122723] (-) TimerEvent: {}
[537.229031] (-) TimerEvent: {}
[537.332032] (-) TimerEvent: {}
[537.434464] (-) TimerEvent: {}
[537.535776] (-) TimerEvent: {}
[537.640378] (-) TimerEvent: {}
[537.745236] (-) TimerEvent: {}
[537.846960] (-) TimerEvent: {}
[537.948615] (-) TimerEvent: {}
[538.054811] (-) TimerEvent: {}
[538.156602] (-) TimerEvent: {}
[538.258547] (-) TimerEvent: {}
[538.360059] (-) TimerEvent: {}
[538.462515] (-) TimerEvent: {}
[538.563640] (-) TimerEvent: {}
[538.666161] (-) TimerEvent: {}
[538.768494] (-) TimerEvent: {}
[538.871366] (-) TimerEvent: {}
[538.973390] (-) TimerEvent: {}
[539.075887] (-) TimerEvent: {}
[539.179199] (-) TimerEvent: {}
[539.280353] (-) TimerEvent: {}
[539.382113] (-) TimerEvent: {}
[539.487949] (-) TimerEvent: {}
[539.590324] (-) TimerEvent: {}
[539.692786] (-) TimerEvent: {}
[539.794015] (-) TimerEvent: {}
[539.895940] (-) TimerEvent: {}
[539.997140] (-) TimerEvent: {}
[540.099036] (-) TimerEvent: {}
[540.200985] (-) TimerEvent: {}
[540.303098] (-) TimerEvent: {}
[540.404742] (-) TimerEvent: {}
[540.507026] (-) TimerEvent: {}
[540.608504] (-) TimerEvent: {}
[540.710889] (-) TimerEvent: {}
[540.811974] (-) TimerEvent: {}
[540.913929] (-) TimerEvent: {}
[541.015391] (-) TimerEvent: {}
[541.117246] (-) TimerEvent: {}
[541.218776] (-) TimerEvent: {}
[541.320493] (-) TimerEvent: {}
[541.423575] (-) TimerEvent: {}
[541.524679] (-) TimerEvent: {}
[541.628501] (-) TimerEvent: {}
[541.731262] (-) TimerEvent: {}
[541.834058] (-) TimerEvent: {}
[541.935386] (-) TimerEvent: {}
[542.037366] (-) TimerEvent: {}
[542.139384] (-) TimerEvent: {}
[542.241807] (-) TimerEvent: {}
[542.342843] (-) TimerEvent: {}
[542.444076] (-) TimerEvent: {}
[542.546301] (-) TimerEvent: {}
[542.648687] (-) TimerEvent: {}
[542.751026] (-) TimerEvent: {}
[542.852038] (-) TimerEvent: {}
[542.953380] (-) TimerEvent: {}
[543.056263] (-) TimerEvent: {}
[543.157237] (-) TimerEvent: {}
[543.258506] (-) TimerEvent: {}
[543.359706] (-) TimerEvent: {}
[543.462213] (-) TimerEvent: {}
[543.563677] (-) TimerEvent: {}
[543.665326] (-) TimerEvent: {}
[543.768232] (-) TimerEvent: {}
[543.870773] (-) TimerEvent: {}
[543.973155] (-) TimerEvent: {}
[544.075427] (-) TimerEvent: {}
[544.178910] (-) TimerEvent: {}
[544.281749] (-) TimerEvent: {}
[544.384119] (-) TimerEvent: {}
[544.486844] (-) TimerEvent: {}
[544.589170] (-) TimerEvent: {}
[544.690089] (-) TimerEvent: {}
[544.791199] (-) TimerEvent: {}
[544.893481] (-) TimerEvent: {}
[544.994690] (-) TimerEvent: {}
[545.097576] (-) TimerEvent: {}
[545.199054] (-) TimerEvent: {}
[545.302126] (-) TimerEvent: {}
[545.404633] (-) TimerEvent: {}
[545.507648] (-) TimerEvent: {}
[545.610606] (-) TimerEvent: {}
[545.713504] (-) TimerEvent: {}
[545.814659] (-) TimerEvent: {}
[545.917085] (-) TimerEvent: {}
[546.019712] (-) TimerEvent: {}
[546.123004] (-) TimerEvent: {}
[546.227476] (-) TimerEvent: {}
[546.328889] (-) TimerEvent: {}
[546.431875] (-) TimerEvent: {}
[546.534962] (-) TimerEvent: {}
[546.636916] (-) TimerEvent: {}
[546.738673] (-) TimerEvent: {}
[546.840433] (-) TimerEvent: {}
[546.941574] (-) TimerEvent: {}
[547.042749] (-) TimerEvent: {}
[547.144966] (-) TimerEvent: {}
[547.248039] (-) TimerEvent: {}
[547.353129] (-) TimerEvent: {}
[547.455228] (-) TimerEvent: {}
[547.557309] (-) TimerEvent: {}
[547.658252] (-) TimerEvent: {}
[547.760620] (-) TimerEvent: {}
[547.861830] (-) TimerEvent: {}
[547.965501] (-) TimerEvent: {}
[548.066889] (-) TimerEvent: {}
[548.170534] (-) TimerEvent: {}
[548.274271] (-) TimerEvent: {}
[548.378252] (-) TimerEvent: {}
[548.481829] (-) TimerEvent: {}
[548.584746] (-) TimerEvent: {}
[548.686400] (-) TimerEvent: {}
[548.799586] (-) TimerEvent: {}
[548.902560] (-) TimerEvent: {}
[549.004267] (-) TimerEvent: {}
[549.108041] (-) TimerEvent: {}
[549.210612] (-) TimerEvent: {}
[549.236324] (ublox_gps) StdoutLine: {'line': b'[ 77%] \x1b[32mBuilding CXX object CMakeFiles/ublox_gps.dir/src/ublox_firmware9.cpp.o\x1b[0m\n'}
[549.310759] (-) TimerEvent: {}
[549.411722] (-) TimerEvent: {}
[549.512504] (-) TimerEvent: {}
[549.613483] (-) TimerEvent: {}
[549.715151] (-) TimerEvent: {}
[549.816231] (-) TimerEvent: {}
[549.917217] (-) TimerEvent: {}
[550.018238] (-) TimerEvent: {}
[550.119340] (-) TimerEvent: {}
[550.220502] (-) TimerEvent: {}
[550.321263] (-) TimerEvent: {}
[550.421982] (-) TimerEvent: {}
[550.522700] (-) TimerEvent: {}
[550.623367] (-) TimerEvent: {}
[550.724057] (-) TimerEvent: {}
[550.824987] (-) TimerEvent: {}
[550.926791] (-) TimerEvent: {}
[551.028259] (-) TimerEvent: {}
[551.129582] (-) TimerEvent: {}
[551.230770] (-) TimerEvent: {}
[551.332244] (-) TimerEvent: {}
[551.433668] (-) TimerEvent: {}
[551.534585] (-) TimerEvent: {}
[551.635447] (-) TimerEvent: {}
[551.736750] (-) TimerEvent: {}
[551.837520] (-) TimerEvent: {}
[551.938280] (-) TimerEvent: {}
[552.039081] (-) TimerEvent: {}
[552.139886] (-) TimerEvent: {}
[552.240599] (-) TimerEvent: {}
[552.341279] (-) TimerEvent: {}
[552.442164] (-) TimerEvent: {}
[552.543484] (-) TimerEvent: {}
[552.644880] (-) TimerEvent: {}
[552.746227] (-) TimerEvent: {}
[552.847586] (-) TimerEvent: {}
[552.949063] (-) TimerEvent: {}
[553.050455] (-) TimerEvent: {}
[553.151668] (-) TimerEvent: {}
[553.252631] (-) TimerEvent: {}
[553.353692] (-) TimerEvent: {}
[553.454758] (-) TimerEvent: {}
[553.555516] (-) TimerEvent: {}
[553.656286] (-) TimerEvent: {}
[553.757306] (-) TimerEvent: {}
[553.858272] (-) TimerEvent: {}
[553.959021] (-) TimerEvent: {}
[554.059838] (-) TimerEvent: {}
[554.160678] (-) TimerEvent: {}
[554.261744] (-) TimerEvent: {}
[554.363329] (-) TimerEvent: {}
[554.465151] (-) TimerEvent: {}
[554.566900] (-) TimerEvent: {}
[554.668813] (-) TimerEvent: {}
[554.770447] (-) TimerEvent: {}
[554.871313] (-) TimerEvent: {}
[554.972247] (-) TimerEvent: {}
[555.073667] (-) TimerEvent: {}
[555.174413] (-) TimerEvent: {}
[555.275224] (-) TimerEvent: {}
[555.377249] (-) TimerEvent: {}
[555.478910] (-) TimerEvent: {}
[555.580240] (-) TimerEvent: {}
[555.681127] (-) TimerEvent: {}
[555.782839] (-) TimerEvent: {}
[555.884469] (-) TimerEvent: {}
[555.985499] (-) TimerEvent: {}
[556.086862] (-) TimerEvent: {}
[556.188223] (-) TimerEvent: {}
[556.289641] (-) TimerEvent: {}
[556.390555] (-) TimerEvent: {}
[556.491441] (-) TimerEvent: {}
[556.592716] (-) TimerEvent: {}
[556.693637] (-) TimerEvent: {}
[556.794520] (-) TimerEvent: {}
[556.895550] (-) TimerEvent: {}
[556.996768] (-) TimerEvent: {}
[557.098446] (-) TimerEvent: {}
[557.200175] (-) TimerEvent: {}
[557.302300] (-) TimerEvent: {}
[557.403823] (-) TimerEvent: {}
[557.505591] (-) TimerEvent: {}
[557.606986] (-) TimerEvent: {}
[557.707958] (-) TimerEvent: {}
[557.808788] (-) TimerEvent: {}
[557.909636] (-) TimerEvent: {}
[558.010792] (-) TimerEvent: {}
[558.112653] (-) TimerEvent: {}
[558.213800] (-) TimerEvent: {}
[558.315837] (-) TimerEvent: {}
[558.417653] (-) TimerEvent: {}
[558.519638] (-) TimerEvent: {}
[558.620910] (-) TimerEvent: {}
[558.721782] (-) TimerEvent: {}
[558.822701] (-) TimerEvent: {}
[558.923772] (-) TimerEvent: {}
[559.024565] (-) TimerEvent: {}
[559.125564] (-) TimerEvent: {}
[559.227249] (-) TimerEvent: {}
[559.328767] (-) TimerEvent: {}
[559.430203] (-) TimerEvent: {}
[559.531052] (-) TimerEvent: {}
[559.632177] (-) TimerEvent: {}
[559.733697] (-) TimerEvent: {}
[559.834605] (-) TimerEvent: {}
[559.935959] (-) TimerEvent: {}
[560.037525] (-) TimerEvent: {}
[560.138790] (-) TimerEvent: {}
[560.239942] (-) TimerEvent: {}
[560.341394] (-) TimerEvent: {}
[560.442654] (-) TimerEvent: {}
[560.544118] (-) TimerEvent: {}
[560.645108] (-) TimerEvent: {}
[560.746054] (-) TimerEvent: {}
[560.847483] (-) TimerEvent: {}
[560.949234] (-) TimerEvent: {}
[561.050944] (-) TimerEvent: {}
[561.152275] (-) TimerEvent: {}
[561.253913] (-) TimerEvent: {}
[561.355205] (-) TimerEvent: {}
[561.456089] (-) TimerEvent: {}
[561.557072] (-) TimerEvent: {}
[561.657802] (-) TimerEvent: {}
[561.758933] (-) TimerEvent: {}
[561.860294] (-) TimerEvent: {}
[561.961324] (-) TimerEvent: {}
[562.063285] (-) TimerEvent: {}
[562.165406] (-) TimerEvent: {}
[562.266967] (-) TimerEvent: {}
[562.368646] (-) TimerEvent: {}
[562.470197] (-) TimerEvent: {}
[562.571308] (-) TimerEvent: {}
[562.672306] (-) TimerEvent: {}
[562.773768] (-) TimerEvent: {}
[562.875139] (-) TimerEvent: {}
[562.976077] (-) TimerEvent: {}
[563.078059] (-) TimerEvent: {}
[563.180303] (-) TimerEvent: {}
[563.282884] (-) TimerEvent: {}
[563.384478] (-) TimerEvent: {}
[563.486143] (-) TimerEvent: {}
[563.587514] (-) TimerEvent: {}
[563.688748] (-) TimerEvent: {}
[563.789909] (-) TimerEvent: {}
[563.890892] (-) TimerEvent: {}
[563.992324] (-) TimerEvent: {}
[564.093614] (-) TimerEvent: {}
[564.195375] (-) TimerEvent: {}
[564.296716] (-) TimerEvent: {}
[564.397539] (-) TimerEvent: {}
[564.499002] (-) TimerEvent: {}
[564.600634] (-) TimerEvent: {}
[564.702201] (-) TimerEvent: {}
[564.803598] (-) TimerEvent: {}
[564.905064] (-) TimerEvent: {}
[565.006076] (-) TimerEvent: {}
[565.106949] (-) TimerEvent: {}
[565.207917] (-) TimerEvent: {}
[565.309118] (-) TimerEvent: {}
[565.410458] (-) TimerEvent: {}
[565.511432] (-) TimerEvent: {}
[565.612319] (-) TimerEvent: {}
[565.713943] (-) TimerEvent: {}
[565.815558] (-) TimerEvent: {}
[565.916694] (-) TimerEvent: {}
[566.017954] (-) TimerEvent: {}
[566.119195] (-) TimerEvent: {}
[566.220413] (-) TimerEvent: {}
[566.321355] (-) TimerEvent: {}
[566.422255] (-) TimerEvent: {}
[566.523002] (-) TimerEvent: {}
[566.623763] (-) TimerEvent: {}
[566.724620] (-) TimerEvent: {}
[566.825533] (-) TimerEvent: {}
[566.927278] (-) TimerEvent: {}
[567.028936] (-) TimerEvent: {}
[567.130467] (-) TimerEvent: {}
[567.232036] (-) TimerEvent: {}
[567.333440] (-) TimerEvent: {}
[567.435119] (-) TimerEvent: {}
[567.536609] (-) TimerEvent: {}
[567.637705] (-) TimerEvent: {}
[567.738800] (-) TimerEvent: {}
[567.839871] (-) TimerEvent: {}
[567.940761] (-) TimerEvent: {}
[568.041648] (-) TimerEvent: {}
[568.143301] (-) TimerEvent: {}
[568.244743] (-) TimerEvent: {}
[568.345891] (-) TimerEvent: {}
[568.447047] (-) TimerEvent: {}
[568.548378] (-) TimerEvent: {}
[568.649735] (-) TimerEvent: {}
[568.751142] (-) TimerEvent: {}
[568.852243] (-) TimerEvent: {}
[568.953711] (-) TimerEvent: {}
[569.054875] (-) TimerEvent: {}
[569.155751] (-) TimerEvent: {}
[569.256663] (-) TimerEvent: {}
[569.357465] (-) TimerEvent: {}
[569.458270] (-) TimerEvent: {}
[569.559436] (-) TimerEvent: {}
[569.661131] (-) TimerEvent: {}
[569.762659] (-) TimerEvent: {}
[569.864451] (-) TimerEvent: {}
[569.965938] (-) TimerEvent: {}
[570.067609] (-) TimerEvent: {}
[570.169105] (-) TimerEvent: {}
[570.270946] (-) TimerEvent: {}
[570.372224] (-) TimerEvent: {}
[570.473088] (-) TimerEvent: {}
[570.573840] (-) TimerEvent: {}
[570.674624] (-) TimerEvent: {}
[570.776055] (-) TimerEvent: {}
[570.877849] (-) TimerEvent: {}
[570.979416] (-) TimerEvent: {}
[571.080239] (-) TimerEvent: {}
[571.182159] (-) TimerEvent: {}
[571.283877] (-) TimerEvent: {}
[571.385522] (-) TimerEvent: {}
[571.486590] (-) TimerEvent: {}
[571.587931] (-) TimerEvent: {}
[571.689195] (-) TimerEvent: {}
[571.790104] (-) TimerEvent: {}
[571.891029] (-) TimerEvent: {}
[571.991935] (-) TimerEvent: {}
[572.092906] (-) TimerEvent: {}
[572.193839] (-) TimerEvent: {}
[572.295027] (-) TimerEvent: {}
[572.396271] (-) TimerEvent: {}
[572.498848] (-) TimerEvent: {}
[572.600436] (-) TimerEvent: {}
[572.702047] (-) TimerEvent: {}
[572.803629] (-) TimerEvent: {}
[572.904616] (-) TimerEvent: {}
[573.005526] (-) TimerEvent: {}
[573.106392] (-) TimerEvent: {}
[573.207178] (-) TimerEvent: {}
[573.307949] (-) TimerEvent: {}
[573.409120] (-) TimerEvent: {}
[573.510829] (-) TimerEvent: {}
[573.612420] (-) TimerEvent: {}
[573.714206] (-) TimerEvent: {}
[573.815933] (-) TimerEvent: {}
[573.917878] (-) TimerEvent: {}
[574.019249] (-) TimerEvent: {}
[574.120663] (-) TimerEvent: {}
[574.222021] (-) TimerEvent: {}
[574.323261] (-) TimerEvent: {}
[574.424179] (-) TimerEvent: {}
[574.525108] (-) TimerEvent: {}
[574.626749] (-) TimerEvent: {}
[574.728434] (-) TimerEvent: {}
[574.829877] (-) TimerEvent: {}
[574.930956] (-) TimerEvent: {}
[575.032032] (-) TimerEvent: {}
[575.133931] (-) TimerEvent: {}
[575.235216] (-) TimerEvent: {}
[575.336316] (-) TimerEvent: {}
[575.437557] (-) TimerEvent: {}
[575.538937] (-) TimerEvent: {}
[575.641363] (-) TimerEvent: {}
[575.742374] (-) TimerEvent: {}
[575.843948] (-) TimerEvent: {}
[575.945630] (-) TimerEvent: {}
[576.046560] (-) TimerEvent: {}
[576.147957] (-) TimerEvent: {}
[576.249677] (-) TimerEvent: {}
[576.351142] (-) TimerEvent: {}
[576.452177] (-) TimerEvent: {}
[576.553417] (-) TimerEvent: {}
[576.654663] (-) TimerEvent: {}
[576.755557] (-) TimerEvent: {}
[576.856422] (-) TimerEvent: {}
[576.957299] (-) TimerEvent: {}
[577.058071] (-) TimerEvent: {}
[577.158963] (-) TimerEvent: {}
[577.259903] (-) TimerEvent: {}
[577.360902] (-) TimerEvent: {}
[577.462534] (-) TimerEvent: {}
[577.564144] (-) TimerEvent: {}
[577.665782] (-) TimerEvent: {}
[577.767407] (-) TimerEvent: {}
[577.869108] (-) TimerEvent: {}
[577.970780] (-) TimerEvent: {}
[578.071991] (-) TimerEvent: {}
[578.172887] (-) TimerEvent: {}
[578.273619] (-) TimerEvent: {}
[578.374413] (-) TimerEvent: {}
[578.475542] (-) TimerEvent: {}
[578.577273] (-) TimerEvent: {}
[578.678695] (-) TimerEvent: {}
[578.779534] (-) TimerEvent: {}
[578.880494] (-) TimerEvent: {}
[578.982156] (-) TimerEvent: {}
[579.083752] (-) TimerEvent: {}
[579.185361] (-) TimerEvent: {}
[579.286679] (-) TimerEvent: {}
[579.387848] (-) TimerEvent: {}
[579.488790] (-) TimerEvent: {}
[579.589678] (-) TimerEvent: {}
[579.690588] (-) TimerEvent: {}
[579.791622] (-) TimerEvent: {}
[579.892661] (-) TimerEvent: {}
[579.993596] (-) TimerEvent: {}
[580.094660] (-) TimerEvent: {}
[580.196295] (-) TimerEvent: {}
[580.297930] (-) TimerEvent: {}
[580.399355] (-) TimerEvent: {}
[580.500958] (-) TimerEvent: {}
[580.602497] (-) TimerEvent: {}
[580.703670] (-) TimerEvent: {}
[580.804733] (-) TimerEvent: {}
[580.905728] (-) TimerEvent: {}
[581.006548] (-) TimerEvent: {}
[581.107360] (-) TimerEvent: {}
[581.208229] (-) TimerEvent: {}
[581.309811] (-) TimerEvent: {}
[581.411818] (-) TimerEvent: {}
[581.513508] (-) TimerEvent: {}
[581.614580] (-) TimerEvent: {}
[581.716231] (-) TimerEvent: {}
[581.817716] (-) TimerEvent: {}
[581.918574] (-) TimerEvent: {}
[582.019626] (-) TimerEvent: {}
[582.120854] (-) TimerEvent: {}
[582.221961] (-) TimerEvent: {}
[582.322844] (-) TimerEvent: {}
[582.423727] (-) TimerEvent: {}
[582.524625] (-) TimerEvent: {}
[582.625477] (-) TimerEvent: {}
[582.726357] (-) TimerEvent: {}
[582.827323] (-) TimerEvent: {}
[582.928845] (-) TimerEvent: {}
[583.030449] (-) TimerEvent: {}
[583.132058] (-) TimerEvent: {}
[583.233545] (-) TimerEvent: {}
[583.335192] (-) TimerEvent: {}
[583.436749] (-) TimerEvent: {}
[583.537913] (-) TimerEvent: {}
[583.638887] (-) TimerEvent: {}
[583.739620] (-) TimerEvent: {}
[583.840378] (-) TimerEvent: {}
[583.941236] (-) TimerEvent: {}
[584.042367] (-) TimerEvent: {}
[584.143984] (-) TimerEvent: {}
[584.245611] (-) TimerEvent: {}
[584.346546] (-) TimerEvent: {}
[584.448130] (-) TimerEvent: {}
[584.549596] (-) TimerEvent: {}
[584.650617] (-) TimerEvent: {}
[584.751641] (-) TimerEvent: {}
[584.852711] (-) TimerEvent: {}
[584.953822] (-) TimerEvent: {}
[585.054755] (-) TimerEvent: {}
[585.155655] (-) TimerEvent: {}
[585.256597] (-) TimerEvent: {}
[585.357627] (-) TimerEvent: {}
[585.458513] (-) TimerEvent: {}
[585.559441] (-) TimerEvent: {}
[585.660358] (-) TimerEvent: {}
[585.761718] (-) TimerEvent: {}
[585.863618] (-) TimerEvent: {}
[585.964976] (-) TimerEvent: {}
[586.066294] (-) TimerEvent: {}
[586.167980] (-) TimerEvent: {}
[586.269509] (-) TimerEvent: {}
[586.370682] (-) TimerEvent: {}
[586.471647] (-) TimerEvent: {}
[586.572406] (-) TimerEvent: {}
[586.673184] (-) TimerEvent: {}
[586.773965] (-) TimerEvent: {}
[586.874892] (-) TimerEvent: {}
[586.976521] (-) TimerEvent: {}
[587.078021] (-) TimerEvent: {}
[587.179122] (-) TimerEvent: {}
[587.279988] (-) TimerEvent: {}
[587.381573] (-) TimerEvent: {}
[587.483099] (-) TimerEvent: {}
[587.584491] (-) TimerEvent: {}
[587.685780] (-) TimerEvent: {}
[587.786880] (-) TimerEvent: {}
[587.887841] (-) TimerEvent: {}
[587.988743] (-) TimerEvent: {}
[588.089637] (-) TimerEvent: {}
[588.190568] (-) TimerEvent: {}
[588.291664] (-) TimerEvent: {}
[588.392586] (-) TimerEvent: {}
[588.493590] (-) TimerEvent: {}
[588.595147] (-) TimerEvent: {}
[588.696889] (-) TimerEvent: {}
[588.798556] (-) TimerEvent: {}
[588.900170] (-) TimerEvent: {}
[589.001677] (-) TimerEvent: {}
[589.102992] (-) TimerEvent: {}
[589.204206] (-) TimerEvent: {}
[589.305530] (-) TimerEvent: {}
[589.406315] (-) TimerEvent: {}
[589.507267] (-) TimerEvent: {}
[589.608462] (-) TimerEvent: {}
[589.710230] (-) TimerEvent: {}
[589.811966] (-) TimerEvent: {}
[589.913464] (-) TimerEvent: {}
[590.014824] (-) TimerEvent: {}
[590.116430] (-) TimerEvent: {}
[590.218908] (-) TimerEvent: {}
[590.319926] (-) TimerEvent: {}
[590.421052] (-) TimerEvent: {}
[590.522034] (-) TimerEvent: {}
[590.622802] (-) TimerEvent: {}
[590.723667] (-) TimerEvent: {}
[590.824591] (-) TimerEvent: {}
[590.925867] (-) TimerEvent: {}
[591.026751] (-) TimerEvent: {}
[591.127647] (-) TimerEvent: {}
[591.228600] (-) TimerEvent: {}
[591.329706] (-) TimerEvent: {}
[591.432401] (-) TimerEvent: {}
[591.533957] (-) TimerEvent: {}
[591.635302] (-) TimerEvent: {}
[591.736892] (-) TimerEvent: {}
[591.837918] (-) TimerEvent: {}
[591.938734] (-) TimerEvent: {}
[592.039464] (-) TimerEvent: {}
[592.140219] (-) TimerEvent: {}
[592.241034] (-) TimerEvent: {}
[592.341951] (-) TimerEvent: {}
[592.443977] (-) TimerEvent: {}
[592.545864] (-) TimerEvent: {}
[592.647321] (-) TimerEvent: {}
[592.749190] (-) TimerEvent: {}
[592.851481] (-) TimerEvent: {}
[592.953320] (-) TimerEvent: {}
[593.055544] (-) TimerEvent: {}
[593.156341] (-) TimerEvent: {}
[593.257119] (-) TimerEvent: {}
[593.357881] (-) TimerEvent: {}
[593.458766] (-) TimerEvent: {}
[593.560020] (-) TimerEvent: {}
[593.661817] (-) TimerEvent: {}
[593.763138] (-) TimerEvent: {}
[593.864063] (-) TimerEvent: {}
[593.965669] (-) TimerEvent: {}
[594.067615] (-) TimerEvent: {}
[594.169942] (-) TimerEvent: {}
[594.271388] (-) TimerEvent: {}
[594.372421] (-) TimerEvent: {}
[594.437376] (ublox_gps) StdoutLine: {'line': b'[ 81%] \x1b[32mBuilding CXX object CMakeFiles/ublox_gps.dir/src/raw_data_product.cpp.o\x1b[0m\n'}
[594.472656] (-) TimerEvent: {}
[594.573451] (-) TimerEvent: {}
[594.674299] (-) TimerEvent: {}
[594.775350] (-) TimerEvent: {}
[594.876286] (-) TimerEvent: {}
[594.977113] (-) TimerEvent: {}
[595.077894] (-) TimerEvent: {}
[595.178856] (-) TimerEvent: {}
[595.280502] (-) TimerEvent: {}
[595.381863] (-) TimerEvent: {}
[595.483660] (-) TimerEvent: {}
[595.584856] (-) TimerEvent: {}
[595.685993] (-) TimerEvent: {}
[595.786947] (-) TimerEvent: {}
[595.887686] (-) TimerEvent: {}
[595.988415] (-) TimerEvent: {}
[596.089573] (-) TimerEvent: {}
[596.190270] (-) TimerEvent: {}
[596.291054] (-) TimerEvent: {}
[596.392486] (-) TimerEvent: {}
[596.495001] (-) TimerEvent: {}
[596.595960] (-) TimerEvent: {}
[596.697159] (-) TimerEvent: {}
[596.798504] (-) TimerEvent: {}
[596.899857] (-) TimerEvent: {}
[597.000864] (-) TimerEvent: {}
[597.101831] (-) TimerEvent: {}
[597.202841] (-) TimerEvent: {}
[597.303603] (-) TimerEvent: {}
[597.404373] (-) TimerEvent: {}
[597.505278] (-) TimerEvent: {}
[597.606704] (-) TimerEvent: {}
[597.707371] (-) TimerEvent: {}
[597.808132] (-) TimerEvent: {}
[597.909434] (-) TimerEvent: {}
[598.010868] (-) TimerEvent: {}
[598.112342] (-) TimerEvent: {}
[598.213825] (-) TimerEvent: {}
[598.315224] (-) TimerEvent: {}
[598.416902] (-) TimerEvent: {}
[598.518258] (-) TimerEvent: {}
[598.619265] (-) TimerEvent: {}
[598.720149] (-) TimerEvent: {}
[598.821338] (-) TimerEvent: {}
[598.922439] (-) TimerEvent: {}
[599.023187] (-) TimerEvent: {}
[599.124047] (-) TimerEvent: {}
[599.224846] (-) TimerEvent: {}
[599.326015] (-) TimerEvent: {}
[599.426919] (-) TimerEvent: {}
[599.527762] (-) TimerEvent: {}
[599.628578] (-) TimerEvent: {}
[599.729552] (-) TimerEvent: {}
[599.831241] (-) TimerEvent: {}
[599.933108] (-) TimerEvent: {}
[600.034417] (-) TimerEvent: {}
[600.135894] (-) TimerEvent: {}
[600.237284] (-) TimerEvent: {}
[600.338443] (-) TimerEvent: {}
[600.439362] (-) TimerEvent: {}
[600.540097] (-) TimerEvent: {}
[600.640996] (-) TimerEvent: {}
[600.741818] (-) TimerEvent: {}
[600.842974] (-) TimerEvent: {}
[600.944913] (-) TimerEvent: {}
[601.046412] (-) TimerEvent: {}
[601.147436] (-) TimerEvent: {}
[601.249238] (-) TimerEvent: {}
[601.350960] (-) TimerEvent: {}
[601.452395] (-) TimerEvent: {}
[601.553445] (-) TimerEvent: {}
[601.654683] (-) TimerEvent: {}
[601.755943] (-) TimerEvent: {}
[601.856973] (-) TimerEvent: {}
[601.957862] (-) TimerEvent: {}
[602.059193] (-) TimerEvent: {}
[602.160887] (-) TimerEvent: {}
[602.261829] (-) TimerEvent: {}
[602.363394] (-) TimerEvent: {}
[602.464568] (-) TimerEvent: {}
[602.566249] (-) TimerEvent: {}
[602.667875] (-) TimerEvent: {}
[602.769674] (-) TimerEvent: {}
[602.871175] (-) TimerEvent: {}
[602.972158] (-) TimerEvent: {}
[603.073073] (-) TimerEvent: {}
[603.173940] (-) TimerEvent: {}
[603.274714] (-) TimerEvent: {}
[603.375655] (-) TimerEvent: {}
[603.476607] (-) TimerEvent: {}
[603.577871] (-) TimerEvent: {}
[603.680380] (-) TimerEvent: {}
[603.782194] (-) TimerEvent: {}
[603.883733] (-) TimerEvent: {}
[603.985419] (-) TimerEvent: {}
[604.087025] (-) TimerEvent: {}
[604.187968] (-) TimerEvent: {}
[604.289134] (-) TimerEvent: {}
[604.390286] (-) TimerEvent: {}
[604.491051] (-) TimerEvent: {}
[604.591979] (-) TimerEvent: {}
[604.693684] (-) TimerEvent: {}
[604.795327] (-) TimerEvent: {}
[604.897064] (-) TimerEvent: {}
[604.998238] (-) TimerEvent: {}
[605.099889] (-) TimerEvent: {}
[605.202121] (-) TimerEvent: {}
[605.303531] (-) TimerEvent: {}
[605.404678] (-) TimerEvent: {}
[605.505833] (-) TimerEvent: {}
[605.607135] (-) TimerEvent: {}
[605.708706] (-) TimerEvent: {}
[605.810121] (-) TimerEvent: {}
[605.911803] (-) TimerEvent: {}
[606.014007] (-) TimerEvent: {}
[606.115623] (-) TimerEvent: {}
[606.217309] (-) TimerEvent: {}
[606.318749] (-) TimerEvent: {}
[606.419643] (-) TimerEvent: {}
[606.520708] (-) TimerEvent: {}
[606.621740] (-) TimerEvent: {}
[606.722994] (-) TimerEvent: {}
[606.823908] (-) TimerEvent: {}
[606.924845] (-) TimerEvent: {}
[607.026026] (-) TimerEvent: {}
[607.126878] (-) TimerEvent: {}
[607.227818] (-) TimerEvent: {}
[607.329204] (-) TimerEvent: {}
[607.430788] (-) TimerEvent: {}
[607.532328] (-) TimerEvent: {}
[607.633947] (-) TimerEvent: {}
[607.735361] (-) TimerEvent: {}
[607.836990] (-) TimerEvent: {}
[607.937916] (-) TimerEvent: {}
[608.039260] (-) TimerEvent: {}
[608.142075] (-) TimerEvent: {}
[608.243197] (-) TimerEvent: {}
[608.344139] (-) TimerEvent: {}
[608.445235] (-) TimerEvent: {}
[608.546829] (-) TimerEvent: {}
[608.648594] (-) TimerEvent: {}
[608.750056] (-) TimerEvent: {}
[608.852285] (-) TimerEvent: {}
[608.953900] (-) TimerEvent: {}
[609.054912] (-) TimerEvent: {}
[609.155858] (-) TimerEvent: {}
[609.256653] (-) TimerEvent: {}
[609.357408] (-) TimerEvent: {}
[609.458296] (-) TimerEvent: {}
[609.560008] (-) TimerEvent: {}
[609.661910] (-) TimerEvent: {}
[609.763533] (-) TimerEvent: {}
[609.865440] (-) TimerEvent: {}
[609.967345] (-) TimerEvent: {}
[610.068933] (-) TimerEvent: {}
[610.170266] (-) TimerEvent: {}
[610.271560] (-) TimerEvent: {}
[610.372804] (-) TimerEvent: {}
[610.473604] (-) TimerEvent: {}
[610.574412] (-) TimerEvent: {}
[610.675307] (-) TimerEvent: {}
[610.777072] (-) TimerEvent: {}
[610.878527] (-) TimerEvent: {}
[610.979551] (-) TimerEvent: {}
[611.080393] (-) TimerEvent: {}
[611.181478] (-) TimerEvent: {}
[611.282919] (-) TimerEvent: {}
[611.384147] (-) TimerEvent: {}
[611.485581] (-) TimerEvent: {}
[611.586709] (-) TimerEvent: {}
[611.687986] (-) TimerEvent: {}
[611.788995] (-) TimerEvent: {}
[611.889884] (-) TimerEvent: {}
[611.990768] (-) TimerEvent: {}
[612.091509] (-) TimerEvent: {}
[612.192328] (-) TimerEvent: {}
[612.293417] (-) TimerEvent: {}
[612.395121] (-) TimerEvent: {}
[612.496824] (-) TimerEvent: {}
[612.598420] (-) TimerEvent: {}
[612.700156] (-) TimerEvent: {}
[612.802246] (-) TimerEvent: {}
[612.904152] (-) TimerEvent: {}
[613.005198] (-) TimerEvent: {}
[613.106237] (-) TimerEvent: {}
[613.207019] (-) TimerEvent: {}
[613.307831] (-) TimerEvent: {}
[613.408991] (-) TimerEvent: {}
[613.510837] (-) TimerEvent: {}
[613.612947] (-) TimerEvent: {}
[613.714590] (-) TimerEvent: {}
[613.816219] (-) TimerEvent: {}
[613.917987] (-) TimerEvent: {}
[614.019564] (-) TimerEvent: {}
[614.120634] (-) TimerEvent: {}
[614.221887] (-) TimerEvent: {}
[614.323049] (-) TimerEvent: {}
[614.423844] (-) TimerEvent: {}
[614.524752] (-) TimerEvent: {}
[614.625908] (-) TimerEvent: {}
[614.727450] (-) TimerEvent: {}
[614.828337] (-) TimerEvent: {}
[614.929317] (-) TimerEvent: {}
[615.030197] (-) TimerEvent: {}
[615.131250] (-) TimerEvent: {}
[615.232682] (-) TimerEvent: {}
[615.333941] (-) TimerEvent: {}
[615.435388] (-) TimerEvent: {}
[615.536802] (-) TimerEvent: {}
[615.637790] (-) TimerEvent: {}
[615.738709] (-) TimerEvent: {}
[615.839488] (-) TimerEvent: {}
[615.940310] (-) TimerEvent: {}
[616.041289] (-) TimerEvent: {}
[616.142142] (-) TimerEvent: {}
[616.243837] (-) TimerEvent: {}
[616.345422] (-) TimerEvent: {}
[616.446508] (-) TimerEvent: {}
[616.547604] (-) TimerEvent: {}
[616.649419] (-) TimerEvent: {}
[616.751316] (-) TimerEvent: {}
[616.853562] (-) TimerEvent: {}
[616.955125] (-) TimerEvent: {}
[617.056672] (-) TimerEvent: {}
[617.157637] (-) TimerEvent: {}
[617.258730] (-) TimerEvent: {}
[617.360082] (-) TimerEvent: {}
[617.462514] (-) TimerEvent: {}
[617.564261] (-) TimerEvent: {}
[617.665850] (-) TimerEvent: {}
[617.767550] (-) TimerEvent: {}
[617.869060] (-) TimerEvent: {}
[617.969956] (-) TimerEvent: {}
[618.071027] (-) TimerEvent: {}
[618.172270] (-) TimerEvent: {}
[618.273480] (-) TimerEvent: {}
[618.374505] (-) TimerEvent: {}
[618.475517] (-) TimerEvent: {}
[618.576607] (-) TimerEvent: {}
[618.677488] (-) TimerEvent: {}
[618.778424] (-) TimerEvent: {}
[618.879767] (-) TimerEvent: {}
[618.980996] (-) TimerEvent: {}
[619.082520] (-) TimerEvent: {}
[619.184017] (-) TimerEvent: {}
[619.285348] (-) TimerEvent: {}
[619.386902] (-) TimerEvent: {}
[619.488110] (-) TimerEvent: {}
[619.589038] (-) TimerEvent: {}
[619.689938] (-) TimerEvent: {}
[619.790705] (-) TimerEvent: {}
[619.891471] (-) TimerEvent: {}
[619.992625] (-) TimerEvent: {}
[620.094262] (-) TimerEvent: {}
[620.195819] (-) TimerEvent: {}
[620.297533] (-) TimerEvent: {}
[620.399135] (-) TimerEvent: {}
[620.500725] (-) TimerEvent: {}
[620.602065] (-) TimerEvent: {}
[620.703442] (-) TimerEvent: {}
[620.805023] (-) TimerEvent: {}
[620.905829] (-) TimerEvent: {}
[621.006680] (-) TimerEvent: {}
[621.107577] (-) TimerEvent: {}
[621.209495] (-) TimerEvent: {}
[621.311190] (-) TimerEvent: {}
[621.413189] (-) TimerEvent: {}
[621.514200] (-) TimerEvent: {}
[621.615970] (-) TimerEvent: {}
[621.717844] (-) TimerEvent: {}
[621.819223] (-) TimerEvent: {}
[621.920868] (-) TimerEvent: {}
[622.022139] (-) TimerEvent: {}
[622.123282] (-) TimerEvent: {}
[622.224159] (-) TimerEvent: {}
[622.325435] (-) TimerEvent: {}
[622.426596] (-) TimerEvent: {}
[622.527502] (-) TimerEvent: {}
[622.628457] (-) TimerEvent: {}
[622.729385] (-) TimerEvent: {}
[622.830431] (-) TimerEvent: {}
[622.931854] (-) TimerEvent: {}
[623.033187] (-) TimerEvent: {}
[623.134562] (-) TimerEvent: {}
[623.236150] (-) TimerEvent: {}
[623.337715] (-) TimerEvent: {}
[623.438716] (-) TimerEvent: {}
[623.539553] (-) TimerEvent: {}
[623.640414] (-) TimerEvent: {}
[623.741814] (-) TimerEvent: {}
[623.842873] (-) TimerEvent: {}
[623.944465] (-) TimerEvent: {}
[624.046019] (-) TimerEvent: {}
[624.147129] (-) TimerEvent: {}
[624.248776] (-) TimerEvent: {}
[624.350382] (-) TimerEvent: {}
[624.452002] (-) TimerEvent: {}
[624.553405] (-) TimerEvent: {}
[624.654561] (-) TimerEvent: {}
[624.755456] (-) TimerEvent: {}
[624.856266] (-) TimerEvent: {}
[624.957229] (-) TimerEvent: {}
[625.058441] (-) TimerEvent: {}
[625.161474] (-) TimerEvent: {}
[625.263374] (-) TimerEvent: {}
[625.364202] (-) TimerEvent: {}
[625.465747] (-) TimerEvent: {}
[625.567969] (-) TimerEvent: {}
[625.669164] (-) TimerEvent: {}
[625.770236] (-) TimerEvent: {}
[625.871502] (-) TimerEvent: {}
[625.972667] (-) TimerEvent: {}
[626.073584] (-) TimerEvent: {}
[626.174483] (-) TimerEvent: {}
[626.275353] (-) TimerEvent: {}
[626.376213] (-) TimerEvent: {}
[626.477295] (-) TimerEvent: {}
[626.578168] (-) TimerEvent: {}
[626.679277] (-) TimerEvent: {}
[626.781258] (-) TimerEvent: {}
[626.882959] (-) TimerEvent: {}
[626.984505] (-) TimerEvent: {}
[627.085865] (-) TimerEvent: {}
[627.187121] (-) TimerEvent: {}
[627.288196] (-) TimerEvent: {}
[627.389702] (-) TimerEvent: {}
[627.490445] (-) TimerEvent: {}
[627.591194] (-) TimerEvent: {}
[627.692289] (-) TimerEvent: {}
[627.794063] (-) TimerEvent: {}
[627.895664] (-) TimerEvent: {}
[627.997166] (-) TimerEvent: {}
[628.098443] (-) TimerEvent: {}
[628.200049] (-) TimerEvent: {}
[628.301726] (-) TimerEvent: {}
[628.402999] (-) TimerEvent: {}
[628.504075] (-) TimerEvent: {}
[628.605212] (-) TimerEvent: {}
[628.706467] (-) TimerEvent: {}
[628.807451] (-) TimerEvent: {}
[628.908400] (-) TimerEvent: {}
[629.009925] (-) TimerEvent: {}
[629.110907] (-) TimerEvent: {}
[629.211687] (-) TimerEvent: {}
[629.312936] (-) TimerEvent: {}
[629.413944] (-) TimerEvent: {}
[629.515537] (-) TimerEvent: {}
[629.616953] (-) TimerEvent: {}
[629.718633] (-) TimerEvent: {}
[629.820161] (-) TimerEvent: {}
[629.921411] (-) TimerEvent: {}
[630.022698] (-) TimerEvent: {}
[630.123539] (-) TimerEvent: {}
[630.224348] (-) TimerEvent: {}
[630.325846] (-) TimerEvent: {}
[630.426720] (-) TimerEvent: {}
[630.527844] (-) TimerEvent: {}
[630.629682] (-) TimerEvent: {}
[630.731273] (-) TimerEvent: {}
[630.832689] (-) TimerEvent: {}
[630.933703] (-) TimerEvent: {}
[631.035558] (-) TimerEvent: {}
[631.136890] (-) TimerEvent: {}
[631.238447] (-) TimerEvent: {}
[631.339865] (-) TimerEvent: {}
[631.440789] (-) TimerEvent: {}
[631.543379] (-) TimerEvent: {}
[631.646460] (-) TimerEvent: {}
[631.747906] (-) TimerEvent: {}
[631.850954] (-) TimerEvent: {}
[631.952514] (-) TimerEvent: {}
[632.053850] (-) TimerEvent: {}
[632.154707] (-) TimerEvent: {}
[632.255745] (-) TimerEvent: {}
[632.356571] (-) TimerEvent: {}
[632.457298] (-) TimerEvent: {}
[632.558231] (-) TimerEvent: {}
[632.660222] (-) TimerEvent: {}
[632.762209] (-) TimerEvent: {}
[632.863906] (-) TimerEvent: {}
[632.965787] (-) TimerEvent: {}
[633.067349] (-) TimerEvent: {}
[633.168813] (-) TimerEvent: {}
[633.270375] (-) TimerEvent: {}
[633.371624] (-) TimerEvent: {}
[633.472772] (-) TimerEvent: {}
[633.573540] (-) TimerEvent: {}
[633.674328] (-) TimerEvent: {}
[633.775787] (-) TimerEvent: {}
[633.877687] (-) TimerEvent: {}
[633.979456] (-) TimerEvent: {}
[634.080638] (-) TimerEvent: {}
[634.183015] (-) TimerEvent: {}
[634.285369] (-) TimerEvent: {}
[634.386725] (-) TimerEvent: {}
[634.488064] (-) TimerEvent: {}
[634.589238] (-) TimerEvent: {}
[634.690040] (-) TimerEvent: {}
[634.791039] (-) TimerEvent: {}
[634.892341] (-) TimerEvent: {}
[634.994108] (-) TimerEvent: {}
[635.095039] (-) TimerEvent: {}
[635.196297] (-) TimerEvent: {}
[635.297630] (-) TimerEvent: {}
[635.399402] (-) TimerEvent: {}
[635.501160] (-) TimerEvent: {}
[635.602763] (-) TimerEvent: {}
[635.704338] (-) TimerEvent: {}
[635.805724] (-) TimerEvent: {}
[635.906893] (-) TimerEvent: {}
[636.008071] (-) TimerEvent: {}
[636.109136] (-) TimerEvent: {}
[636.210244] (-) TimerEvent: {}
[636.311382] (-) TimerEvent: {}
[636.412251] (-) TimerEvent: {}
[636.513229] (-) TimerEvent: {}
[636.614884] (-) TimerEvent: {}
[636.716401] (-) TimerEvent: {}
[636.817908] (-) TimerEvent: {}
[636.919481] (-) TimerEvent: {}
[637.020785] (-) TimerEvent: {}
[637.121714] (-) TimerEvent: {}
[637.222427] (-) TimerEvent: {}
[637.323393] (-) TimerEvent: {}
[637.424130] (-) TimerEvent: {}
[637.525133] (-) TimerEvent: {}
[637.626286] (-) TimerEvent: {}
[637.727999] (-) TimerEvent: {}
[637.829603] (-) TimerEvent: {}
[637.930579] (-) TimerEvent: {}
[638.032176] (-) TimerEvent: {}
[638.134099] (-) TimerEvent: {}
[638.236269] (-) TimerEvent: {}
[638.337400] (-) TimerEvent: {}
[638.438648] (-) TimerEvent: {}
[638.539977] (-) TimerEvent: {}
[638.640793] (-) TimerEvent: {}
[638.741837] (-) TimerEvent: {}
[638.843655] (-) TimerEvent: {}
[638.945375] (-) TimerEvent: {}
[639.046393] (-) TimerEvent: {}
[639.147389] (-) TimerEvent: {}
[639.249031] (-) TimerEvent: {}
[639.350276] (-) TimerEvent: {}
[639.451547] (-) TimerEvent: {}
[639.552728] (-) TimerEvent: {}
[639.653949] (-) TimerEvent: {}
[639.754844] (-) TimerEvent: {}
[639.855786] (-) TimerEvent: {}
[639.956697] (-) TimerEvent: {}
[640.057455] (-) TimerEvent: {}
[640.158210] (-) TimerEvent: {}
[640.259083] (-) TimerEvent: {}
[640.360065] (-) TimerEvent: {}
[640.461808] (-) TimerEvent: {}
[640.563375] (-) TimerEvent: {}
[640.665437] (-) TimerEvent: {}
[640.766981] (-) TimerEvent: {}
[640.868802] (-) TimerEvent: {}
[640.970116] (-) TimerEvent: {}
[641.071455] (-) TimerEvent: {}
[641.172863] (-) TimerEvent: {}
[641.273610] (-) TimerEvent: {}
[641.374414] (-) TimerEvent: {}
[641.475582] (-) TimerEvent: {}
[641.577302] (-) TimerEvent: {}
[641.678704] (-) TimerEvent: {}
[641.779967] (-) TimerEvent: {}
[641.881687] (-) TimerEvent: {}
[641.983399] (-) TimerEvent: {}
[642.085004] (-) TimerEvent: {}
[642.186155] (-) TimerEvent: {}
[642.287426] (-) TimerEvent: {}
[642.388607] (-) TimerEvent: {}
[642.489491] (-) TimerEvent: {}
[642.590394] (-) TimerEvent: {}
[642.691266] (-) TimerEvent: {}
[642.792134] (-) TimerEvent: {}
[642.893078] (-) TimerEvent: {}
[642.993993] (-) TimerEvent: {}
[643.095133] (-) TimerEvent: {}
[643.196853] (-) TimerEvent: {}
[643.298570] (-) TimerEvent: {}
[643.400188] (-) TimerEvent: {}
[643.501740] (-) TimerEvent: {}
[643.603185] (-) TimerEvent: {}
[643.704427] (-) TimerEvent: {}
[643.805431] (-) TimerEvent: {}
[643.906174] (-) TimerEvent: {}
[644.006959] (-) TimerEvent: {}
[644.107832] (-) TimerEvent: {}
[644.209093] (-) TimerEvent: {}
[644.310787] (-) TimerEvent: {}
[644.412296] (-) TimerEvent: {}
[644.513883] (-) TimerEvent: {}
[644.615829] (-) TimerEvent: {}
[644.717932] (-) TimerEvent: {}
[644.819869] (-) TimerEvent: {}
[644.921068] (-) TimerEvent: {}
[645.021798] (-) TimerEvent: {}
[645.122531] (-) TimerEvent: {}
[645.223326] (-) TimerEvent: {}
[645.324146] (-) TimerEvent: {}
[645.425219] (-) TimerEvent: {}
[645.526834] (-) TimerEvent: {}
[645.627773] (-) TimerEvent: {}
[645.728594] (-) TimerEvent: {}
[645.829595] (-) TimerEvent: {}
[645.931142] (-) TimerEvent: {}
[646.032304] (-) TimerEvent: {}
[646.133638] (-) TimerEvent: {}
[646.234854] (-) TimerEvent: {}
[646.337455] (-) TimerEvent: {}
[646.441521] (-) TimerEvent: {}
[646.543003] (-) TimerEvent: {}
[646.644248] (-) TimerEvent: {}
[646.745911] (-) TimerEvent: {}
[646.847167] (-) TimerEvent: {}
[646.877860] (ublox_gps) StdoutLine: {'line': b'[ 86%] \x1b[32m\x1b[1mLinking CXX shared library libublox_gps.so\x1b[0m\n'}
[646.947464] (-) TimerEvent: {}
[647.048907] (-) TimerEvent: {}
[647.150112] (-) TimerEvent: {}
[647.251807] (-) TimerEvent: {}
[647.353224] (-) TimerEvent: {}
[647.454733] (-) TimerEvent: {}
[647.556273] (-) TimerEvent: {}
[647.657924] (-) TimerEvent: {}
[647.759492] (-) TimerEvent: {}
[647.860915] (-) TimerEvent: {}
[647.962262] (-) TimerEvent: {}
[648.064469] (-) TimerEvent: {}
[648.166066] (-) TimerEvent: {}
[648.267352] (-) TimerEvent: {}
[648.369044] (-) TimerEvent: {}
[648.470614] (-) TimerEvent: {}
[648.572969] (-) TimerEvent: {}
[648.676155] (-) TimerEvent: {}
[648.777353] (-) TimerEvent: {}
[648.878567] (-) TimerEvent: {}
[648.980056] (-) TimerEvent: {}
[649.081133] (-) TimerEvent: {}
[649.182272] (-) TimerEvent: {}
[649.284063] (-) TimerEvent: {}
[649.386348] (-) TimerEvent: {}
[649.488102] (-) TimerEvent: {}
[649.590470] (-) TimerEvent: {}
[649.691776] (-) TimerEvent: {}
[649.792820] (-) TimerEvent: {}
[649.894100] (-) TimerEvent: {}
[649.997080] (-) TimerEvent: {}
[650.099058] (-) TimerEvent: {}
[650.202000] (-) TimerEvent: {}
[650.304653] (-) TimerEvent: {}
[650.406143] (-) TimerEvent: {}
[650.507501] (-) TimerEvent: {}
[650.611842] (-) TimerEvent: {}
[650.714868] (-) TimerEvent: {}
[650.816304] (-) TimerEvent: {}
[650.918263] (-) TimerEvent: {}
[651.021580] (-) TimerEvent: {}
[651.122863] (-) TimerEvent: {}
[651.225789] (-) TimerEvent: {}
[651.332374] (-) TimerEvent: {}
[651.433838] (-) TimerEvent: {}
[651.535482] (-) TimerEvent: {}
[651.638489] (-) TimerEvent: {}
[651.739780] (-) TimerEvent: {}
[651.841237] (-) TimerEvent: {}
[651.943866] (-) TimerEvent: {}
[652.046602] (-) TimerEvent: {}
[652.148479] (-) TimerEvent: {}
[652.249918] (-) TimerEvent: {}
[652.352055] (-) TimerEvent: {}
[652.453991] (-) TimerEvent: {}
[652.555218] (-) TimerEvent: {}
[652.657448] (-) TimerEvent: {}
[652.760500] (-) TimerEvent: {}
[652.863065] (-) TimerEvent: {}
[652.967795] (-) TimerEvent: {}
[653.071062] (-) TimerEvent: {}
[653.173231] (-) TimerEvent: {}
[653.275465] (-) TimerEvent: {}
[653.379226] (-) TimerEvent: {}
[653.481663] (-) TimerEvent: {}
[653.583501] (-) TimerEvent: {}
[653.685705] (-) TimerEvent: {}
[653.787808] (-) TimerEvent: {}
[653.889736] (-) TimerEvent: {}
[653.990983] (-) TimerEvent: {}
[654.094778] (-) TimerEvent: {}
[654.197782] (-) TimerEvent: {}
[654.300982] (-) TimerEvent: {}
[654.402668] (-) TimerEvent: {}
[654.504603] (-) TimerEvent: {}
[654.606437] (-) TimerEvent: {}
[654.710209] (-) TimerEvent: {}
[654.812865] (-) TimerEvent: {}
[654.915771] (-) TimerEvent: {}
[655.018396] (-) TimerEvent: {}
[655.121363] (-) TimerEvent: {}
[655.223301] (-) TimerEvent: {}
[655.327225] (-) TimerEvent: {}
[655.431131] (-) TimerEvent: {}
[655.533868] (-) TimerEvent: {}
[655.636153] (-) TimerEvent: {}
[655.738012] (-) TimerEvent: {}
[655.839564] (-) TimerEvent: {}
[655.941572] (-) TimerEvent: {}
[656.043807] (-) TimerEvent: {}
[656.145796] (-) TimerEvent: {}
[656.247119] (-) TimerEvent: {}
[656.348925] (-) TimerEvent: {}
[656.450868] (-) TimerEvent: {}
[656.552951] (-) TimerEvent: {}
[656.654760] (-) TimerEvent: {}
[656.756345] (-) TimerEvent: {}
[656.858234] (-) TimerEvent: {}
[656.961080] (-) TimerEvent: {}
[657.063737] (-) TimerEvent: {}
[657.165162] (-) TimerEvent: {}
[657.266241] (-) TimerEvent: {}
[657.367086] (-) TimerEvent: {}
[657.468319] (-) TimerEvent: {}
[657.571863] (-) TimerEvent: {}
[657.674910] (-) TimerEvent: {}
[657.777587] (-) TimerEvent: {}
[657.878321] (-) TimerEvent: {}
[657.979336] (-) TimerEvent: {}
[658.080168] (-) TimerEvent: {}
[658.181929] (-) TimerEvent: {}
[658.284737] (-) TimerEvent: {}
[658.385688] (-) TimerEvent: {}
[658.486849] (-) TimerEvent: {}
[658.588873] (-) TimerEvent: {}
[658.690063] (-) TimerEvent: {}
[658.790818] (-) TimerEvent: {}
[658.891920] (-) TimerEvent: {}
[658.993435] (-) TimerEvent: {}
[659.095616] (-) TimerEvent: {}
[659.196514] (-) TimerEvent: {}
[659.297970] (-) TimerEvent: {}
[659.399453] (-) TimerEvent: {}
[659.501901] (-) TimerEvent: {}
[659.603647] (-) TimerEvent: {}
[659.707171] (-) TimerEvent: {}
[659.811250] (-) TimerEvent: {}
[659.912480] (-) TimerEvent: {}
[660.013774] (-) TimerEvent: {}
[660.115215] (-) TimerEvent: {}
[660.216758] (-) TimerEvent: {}
[660.318295] (-) TimerEvent: {}
[660.421103] (-) TimerEvent: {}
[660.522085] (-) TimerEvent: {}
[660.623264] (-) TimerEvent: {}
[660.724820] (-) TimerEvent: {}
[660.826712] (-) TimerEvent: {}
[660.930115] (-) TimerEvent: {}
[661.032754] (-) TimerEvent: {}
[661.135446] (-) TimerEvent: {}
[661.237570] (-) TimerEvent: {}
[661.339305] (-) TimerEvent: {}
[661.440981] (-) TimerEvent: {}
[661.542379] (-) TimerEvent: {}
[661.643459] (-) TimerEvent: {}
[661.745197] (-) TimerEvent: {}
[661.846727] (-) TimerEvent: {}
[661.948020] (-) TimerEvent: {}
[662.049105] (-) TimerEvent: {}
[662.151017] (-) TimerEvent: {}
[662.252109] (-) TimerEvent: {}
[662.352954] (-) TimerEvent: {}
[662.453754] (-) TimerEvent: {}
[662.554460] (-) TimerEvent: {}
[662.655295] (-) TimerEvent: {}
[662.756566] (-) TimerEvent: {}
[662.857838] (-) TimerEvent: {}
[662.958980] (-) TimerEvent: {}
[663.060448] (-) TimerEvent: {}
[663.161251] (-) TimerEvent: {}
[663.262138] (-) TimerEvent: {}
[663.363440] (-) TimerEvent: {}
[663.465194] (-) TimerEvent: {}
[663.566869] (-) TimerEvent: {}
[663.667896] (-) TimerEvent: {}
[663.688175] (ublox_gps) StdoutLine: {'line': b'[ 90%] Built target ublox_gps\n'}
[663.768142] (-) TimerEvent: {}
[663.856352] (ublox_gps) StdoutLine: {'line': b'[ 95%] \x1b[32mBuilding CXX object CMakeFiles/ublox_gps_node.dir/src/node_main.cpp.o\x1b[0m\n'}
[663.868419] (-) TimerEvent: {}
[663.969624] (-) TimerEvent: {}
[664.070475] (-) TimerEvent: {}
[664.171310] (-) TimerEvent: {}
[664.272229] (-) TimerEvent: {}
[664.372948] (-) TimerEvent: {}
[664.473734] (-) TimerEvent: {}
[664.574817] (-) TimerEvent: {}
[664.676232] (-) TimerEvent: {}
[664.777889] (-) TimerEvent: {}
[664.878713] (-) TimerEvent: {}
[664.979470] (-) TimerEvent: {}
[665.080318] (-) TimerEvent: {}
[665.181408] (-) TimerEvent: {}
[665.282565] (-) TimerEvent: {}
[665.383450] (-) TimerEvent: {}
[665.484494] (-) TimerEvent: {}
[665.585674] (-) TimerEvent: {}
[665.686626] (-) TimerEvent: {}
[665.787898] (-) TimerEvent: {}
[665.888962] (-) TimerEvent: {}
[665.989635] (-) TimerEvent: {}
[666.090306] (-) TimerEvent: {}
[666.190997] (-) TimerEvent: {}
[666.292071] (-) TimerEvent: {}
[666.393146] (-) TimerEvent: {}
[666.494479] (-) TimerEvent: {}
[666.595169] (-) TimerEvent: {}
[666.695953] (-) TimerEvent: {}
[666.796941] (-) TimerEvent: {}
[666.898555] (-) TimerEvent: {}
[666.999691] (-) TimerEvent: {}
[667.101226] (-) TimerEvent: {}
[667.202311] (-) TimerEvent: {}
[667.303482] (-) TimerEvent: {}
[667.404425] (-) TimerEvent: {}
[667.505418] (-) TimerEvent: {}
[667.606197] (-) TimerEvent: {}
[667.707007] (-) TimerEvent: {}
[667.807858] (-) TimerEvent: {}
[667.908832] (-) TimerEvent: {}
[668.009760] (-) TimerEvent: {}
[668.111124] (-) TimerEvent: {}
[668.212680] (-) TimerEvent: {}
[668.314214] (-) TimerEvent: {}
[668.415567] (-) TimerEvent: {}
[668.517160] (-) TimerEvent: {}
[668.618517] (-) TimerEvent: {}
[668.719604] (-) TimerEvent: {}
[668.820619] (-) TimerEvent: {}
[668.921857] (-) TimerEvent: {}
[669.022667] (-) TimerEvent: {}
[669.123576] (-) TimerEvent: {}
[669.224457] (-) TimerEvent: {}
[669.325671] (-) TimerEvent: {}
[669.426504] (-) TimerEvent: {}
[669.527430] (-) TimerEvent: {}
[669.628328] (-) TimerEvent: {}
[669.729803] (-) TimerEvent: {}
[669.831176] (-) TimerEvent: {}
[669.932667] (-) TimerEvent: {}
[670.034348] (-) TimerEvent: {}
[670.136120] (-) TimerEvent: {}
[670.237445] (-) TimerEvent: {}
[670.338615] (-) TimerEvent: {}
[670.439577] (-) TimerEvent: {}
[670.540306] (-) TimerEvent: {}
[670.641076] (-) TimerEvent: {}
[670.742194] (-) TimerEvent: {}
[670.843959] (-) TimerEvent: {}
[670.945757] (-) TimerEvent: {}
[671.047172] (-) TimerEvent: {}
[671.149040] (-) TimerEvent: {}
[671.250725] (-) TimerEvent: {}
[671.352693] (-) TimerEvent: {}
[671.454147] (-) TimerEvent: {}
[671.555386] (-) TimerEvent: {}
[671.656821] (-) TimerEvent: {}
[671.757922] (-) TimerEvent: {}
[671.859251] (-) TimerEvent: {}
[671.960930] (-) TimerEvent: {}
[672.062806] (-) TimerEvent: {}
[672.164464] (-) TimerEvent: {}
[672.267046] (-) TimerEvent: {}
[672.368804] (-) TimerEvent: {}
[672.470447] (-) TimerEvent: {}
[672.571675] (-) TimerEvent: {}
[672.672874] (-) TimerEvent: {}
[672.773751] (-) TimerEvent: {}
[672.874616] (-) TimerEvent: {}
[672.975746] (-) TimerEvent: {}
[673.077235] (-) TimerEvent: {}
[673.179199] (-) TimerEvent: {}
[673.280153] (-) TimerEvent: {}
[673.381774] (-) TimerEvent: {}
[673.483452] (-) TimerEvent: {}
[673.585184] (-) TimerEvent: {}
[673.686225] (-) TimerEvent: {}
[673.787334] (-) TimerEvent: {}
[673.888567] (-) TimerEvent: {}
[673.989473] (-) TimerEvent: {}
[674.090365] (-) TimerEvent: {}
[674.191217] (-) TimerEvent: {}
[674.292051] (-) TimerEvent: {}
[674.393019] (-) TimerEvent: {}
[674.493908] (-) TimerEvent: {}
[674.595441] (-) TimerEvent: {}
[674.698165] (-) TimerEvent: {}
[674.799744] (-) TimerEvent: {}
[674.901386] (-) TimerEvent: {}
[675.003090] (-) TimerEvent: {}
[675.104364] (-) TimerEvent: {}
[675.205366] (-) TimerEvent: {}
[675.306223] (-) TimerEvent: {}
[675.406946] (-) TimerEvent: {}
[675.507706] (-) TimerEvent: {}
[675.608814] (-) TimerEvent: {}
[675.710414] (-) TimerEvent: {}
[675.812073] (-) TimerEvent: {}
[675.913823] (-) TimerEvent: {}
[676.015602] (-) TimerEvent: {}
[676.117550] (-) TimerEvent: {}
[676.219034] (-) TimerEvent: {}
[676.320182] (-) TimerEvent: {}
[676.421236] (-) TimerEvent: {}
[676.522328] (-) TimerEvent: {}
[676.623054] (-) TimerEvent: {}
[676.723829] (-) TimerEvent: {}
[676.824877] (-) TimerEvent: {}
[676.926046] (-) TimerEvent: {}
[677.027052] (-) TimerEvent: {}
[677.128079] (-) TimerEvent: {}
[677.229324] (-) TimerEvent: {}
[677.330870] (-) TimerEvent: {}
[677.433045] (-) TimerEvent: {}
[677.534576] (-) TimerEvent: {}
[677.635687] (-) TimerEvent: {}
[677.736985] (-) TimerEvent: {}
[677.837991] (-) TimerEvent: {}
[677.938913] (-) TimerEvent: {}
[678.039925] (-) TimerEvent: {}
[678.141060] (-) TimerEvent: {}
[678.242012] (-) TimerEvent: {}
[678.343370] (-) TimerEvent: {}
[678.444612] (-) TimerEvent: {}
[678.546420] (-) TimerEvent: {}
[678.648057] (-) TimerEvent: {}
[678.749629] (-) TimerEvent: {}
[678.851163] (-) TimerEvent: {}
[678.952310] (-) TimerEvent: {}
[679.053820] (-) TimerEvent: {}
[679.154831] (-) TimerEvent: {}
[679.255754] (-) TimerEvent: {}
[679.356927] (-) TimerEvent: {}
[679.457977] (-) TimerEvent: {}
[679.559508] (-) TimerEvent: {}
[679.661443] (-) TimerEvent: {}
[679.763295] (-) TimerEvent: {}
[679.865150] (-) TimerEvent: {}
[679.967116] (-) TimerEvent: {}
[680.069005] (-) TimerEvent: {}
[680.171314] (-) TimerEvent: {}
[680.272771] (-) TimerEvent: {}
[680.373953] (-) TimerEvent: {}
[680.474793] (-) TimerEvent: {}
[680.575899] (-) TimerEvent: {}
[680.678258] (-) TimerEvent: {}
[680.779814] (-) TimerEvent: {}
[680.882013] (-) TimerEvent: {}
[680.983659] (-) TimerEvent: {}
[681.085304] (-) TimerEvent: {}
[681.186633] (-) TimerEvent: {}
[681.288039] (-) TimerEvent: {}
[681.389291] (-) TimerEvent: {}
[681.490095] (-) TimerEvent: {}
[681.591023] (-) TimerEvent: {}
[681.692174] (-) TimerEvent: {}
[681.794154] (-) TimerEvent: {}
[681.895790] (-) TimerEvent: {}
[681.996812] (-) TimerEvent: {}
[682.098226] (-) TimerEvent: {}
[682.199793] (-) TimerEvent: {}
[682.301388] (-) TimerEvent: {}
[682.402420] (-) TimerEvent: {}
[682.503674] (-) TimerEvent: {}
[682.604875] (-) TimerEvent: {}
[682.705772] (-) TimerEvent: {}
[682.806754] (-) TimerEvent: {}
[682.907678] (-) TimerEvent: {}
[683.008677] (-) TimerEvent: {}
[683.109577] (-) TimerEvent: {}
[683.210579] (-) TimerEvent: {}
[683.311779] (-) TimerEvent: {}
[683.413490] (-) TimerEvent: {}
[683.515002] (-) TimerEvent: {}
[683.616413] (-) TimerEvent: {}
[683.718020] (-) TimerEvent: {}
[683.819350] (-) TimerEvent: {}
[683.920845] (-) TimerEvent: {}
[684.021808] (-) TimerEvent: {}
[684.122964] (-) TimerEvent: {}
[684.223707] (-) TimerEvent: {}
[684.324477] (-) TimerEvent: {}
[684.425609] (-) TimerEvent: {}
[684.527124] (-) TimerEvent: {}
[684.628381] (-) TimerEvent: {}
[684.729914] (-) TimerEvent: {}
[684.830791] (-) TimerEvent: {}
[684.931775] (-) TimerEvent: {}
[685.033559] (-) TimerEvent: {}
[685.134406] (-) TimerEvent: {}
[685.235493] (-) TimerEvent: {}
[685.336729] (-) TimerEvent: {}
[685.438186] (-) TimerEvent: {}
[685.539704] (-) TimerEvent: {}
[685.640660] (-) TimerEvent: {}
[685.741535] (-) TimerEvent: {}
[685.842357] (-) TimerEvent: {}
[685.943398] (-) TimerEvent: {}
[686.044252] (-) TimerEvent: {}
[686.145491] (-) TimerEvent: {}
[686.247138] (-) TimerEvent: {}
[686.348932] (-) TimerEvent: {}
[686.450417] (-) TimerEvent: {}
[686.551947] (-) TimerEvent: {}
[686.653613] (-) TimerEvent: {}
[686.754553] (-) TimerEvent: {}
[686.855475] (-) TimerEvent: {}
[686.956299] (-) TimerEvent: {}
[687.057137] (-) TimerEvent: {}
[687.157926] (-) TimerEvent: {}
[687.259670] (-) TimerEvent: {}
[687.360990] (-) TimerEvent: {}
[687.462206] (-) TimerEvent: {}
[687.563573] (-) TimerEvent: {}
[687.665298] (-) TimerEvent: {}
[687.767036] (-) TimerEvent: {}
[687.868632] (-) TimerEvent: {}
[687.969426] (-) TimerEvent: {}
[688.070625] (-) TimerEvent: {}
[688.171920] (-) TimerEvent: {}
[688.272795] (-) TimerEvent: {}
[688.373705] (-) TimerEvent: {}
[688.474568] (-) TimerEvent: {}
[688.575580] (-) TimerEvent: {}
[688.676473] (-) TimerEvent: {}
[688.777438] (-) TimerEvent: {}
[688.878442] (-) TimerEvent: {}
[688.979607] (-) TimerEvent: {}
[689.081548] (-) TimerEvent: {}
[689.183160] (-) TimerEvent: {}
[689.284703] (-) TimerEvent: {}
[689.386156] (-) TimerEvent: {}
[689.487012] (-) TimerEvent: {}
[689.588007] (-) TimerEvent: {}
[689.689114] (-) TimerEvent: {}
[689.790378] (-) TimerEvent: {}
[689.891211] (-) TimerEvent: {}
[689.992110] (-) TimerEvent: {}
[690.093814] (-) TimerEvent: {}
[690.195403] (-) TimerEvent: {}
[690.296925] (-) TimerEvent: {}
[690.398023] (-) TimerEvent: {}
[690.499643] (-) TimerEvent: {}
[690.601277] (-) TimerEvent: {}
[690.702749] (-) TimerEvent: {}
[690.803987] (-) TimerEvent: {}
[690.905241] (-) TimerEvent: {}
[691.006019] (-) TimerEvent: {}
[691.106880] (-) TimerEvent: {}
[691.207774] (-) TimerEvent: {}
[691.308972] (-) TimerEvent: {}
[691.410426] (-) TimerEvent: {}
[691.511250] (-) TimerEvent: {}
[691.612165] (-) TimerEvent: {}
[691.713017] (-) TimerEvent: {}
[691.813924] (-) TimerEvent: {}
[691.915583] (-) TimerEvent: {}
[692.017145] (-) TimerEvent: {}
[692.118442] (-) TimerEvent: {}
[692.219836] (-) TimerEvent: {}
[692.320922] (-) TimerEvent: {}
[692.421813] (-) TimerEvent: {}
[692.522763] (-) TimerEvent: {}
[692.624029] (-) TimerEvent: {}
[692.724925] (-) TimerEvent: {}
[692.826171] (-) TimerEvent: {}
[692.927921] (-) TimerEvent: {}
[693.030961] (-) TimerEvent: {}
[693.132681] (-) TimerEvent: {}
[693.234399] (-) TimerEvent: {}
[693.336498] (-) TimerEvent: {}
[693.437745] (-) TimerEvent: {}
[693.538645] (-) TimerEvent: {}
[693.639606] (-) TimerEvent: {}
[693.740878] (-) TimerEvent: {}
[693.841870] (-) TimerEvent: {}
[693.943094] (-) TimerEvent: {}
[694.044834] (-) TimerEvent: {}
[694.146332] (-) TimerEvent: {}
[694.247894] (-) TimerEvent: {}
[694.349581] (-) TimerEvent: {}
[694.451248] (-) TimerEvent: {}
[694.552762] (-) TimerEvent: {}
[694.653852] (-) TimerEvent: {}
[694.755175] (-) TimerEvent: {}
[694.855973] (-) TimerEvent: {}
[694.956946] (-) TimerEvent: {}
[695.057884] (-) TimerEvent: {}
[695.159162] (-) TimerEvent: {}
[695.260628] (-) TimerEvent: {}
[695.361536] (-) TimerEvent: {}
[695.462804] (-) TimerEvent: {}
[695.563994] (-) TimerEvent: {}
[695.666793] (-) TimerEvent: {}
[695.768218] (-) TimerEvent: {}
[695.869565] (-) TimerEvent: {}
[695.970591] (-) TimerEvent: {}
[696.071477] (-) TimerEvent: {}
[696.172374] (-) TimerEvent: {}
[696.273300] (-) TimerEvent: {}
[696.374062] (-) TimerEvent: {}
[696.474854] (-) TimerEvent: {}
[696.575716] (-) TimerEvent: {}
[696.676925] (-) TimerEvent: {}
[696.779150] (-) TimerEvent: {}
[696.880872] (-) TimerEvent: {}
[696.982490] (-) TimerEvent: {}
[697.084100] (-) TimerEvent: {}
[697.185686] (-) TimerEvent: {}
[697.287050] (-) TimerEvent: {}
[697.388088] (-) TimerEvent: {}
[697.489995] (-) TimerEvent: {}
[697.591210] (-) TimerEvent: {}
[697.692275] (-) TimerEvent: {}
[697.794027] (-) TimerEvent: {}
[697.896711] (-) TimerEvent: {}
[697.998331] (-) TimerEvent: {}
[698.100030] (-) TimerEvent: {}
[698.201888] (-) TimerEvent: {}
[698.303455] (-) TimerEvent: {}
[698.404514] (-) TimerEvent: {}
[698.505737] (-) TimerEvent: {}
[698.606700] (-) TimerEvent: {}
[698.708222] (-) TimerEvent: {}
[698.810425] (-) TimerEvent: {}
[698.857459] (ublox_gps) StdoutLine: {'line': b'[100%] \x1b[32m\x1b[1mLinking CXX executable ublox_gps_node\x1b[0m\n'}
[698.910849] (-) TimerEvent: {}
[699.012687] (-) TimerEvent: {}
[699.114842] (-) TimerEvent: {}
[699.217118] (-) TimerEvent: {}
[699.319164] (-) TimerEvent: {}
[699.422349] (-) TimerEvent: {}
[699.526042] (-) TimerEvent: {}
[699.628833] (-) TimerEvent: {}
[699.731458] (-) TimerEvent: {}
[699.834343] (-) TimerEvent: {}
[699.936243] (-) TimerEvent: {}
[700.037914] (-) TimerEvent: {}
[700.139461] (-) TimerEvent: {}
[700.241748] (-) TimerEvent: {}
[700.344467] (-) TimerEvent: {}
[700.448027] (-) TimerEvent: {}
[700.550139] (-) TimerEvent: {}
[700.652301] (-) TimerEvent: {}
[700.755641] (-) TimerEvent: {}
[700.858703] (-) TimerEvent: {}
[700.960350] (-) TimerEvent: {}
[701.062153] (-) TimerEvent: {}
[701.165731] (-) TimerEvent: {}
[701.269127] (-) TimerEvent: {}
[701.370905] (-) TimerEvent: {}
[701.472871] (-) TimerEvent: {}
[701.574619] (-) TimerEvent: {}
[701.676258] (-) TimerEvent: {}
[701.778182] (-) TimerEvent: {}
[701.880900] (-) TimerEvent: {}
[701.983490] (-) TimerEvent: {}
[702.084796] (-) TimerEvent: {}
[702.186600] (-) TimerEvent: {}
[702.289024] (-) TimerEvent: {}
[702.391881] (-) TimerEvent: {}
[702.493486] (-) TimerEvent: {}
[702.595119] (-) TimerEvent: {}
[702.696917] (-) TimerEvent: {}
[702.798999] (-) TimerEvent: {}
[702.900635] (-) TimerEvent: {}
[703.002096] (-) TimerEvent: {}
[703.104642] (-) TimerEvent: {}
[703.206712] (-) TimerEvent: {}
[703.308340] (-) TimerEvent: {}
[703.410882] (-) TimerEvent: {}
[703.513388] (-) TimerEvent: {}
[703.615695] (-) TimerEvent: {}
[703.717112] (-) TimerEvent: {}
[703.818942] (-) TimerEvent: {}
[703.920216] (-) TimerEvent: {}
[704.022306] (-) TimerEvent: {}
[704.124180] (-) TimerEvent: {}
[704.226453] (-) TimerEvent: {}
[704.328218] (-) TimerEvent: {}
[704.430400] (-) TimerEvent: {}
[704.533344] (-) TimerEvent: {}
[704.635225] (-) TimerEvent: {}
[704.737403] (-) TimerEvent: {}
[704.839607] (-) TimerEvent: {}
[704.940689] (-) TimerEvent: {}
[705.042835] (-) TimerEvent: {}
[705.144899] (-) TimerEvent: {}
[705.247369] (-) TimerEvent: {}
[705.348748] (-) TimerEvent: {}
[705.450350] (-) TimerEvent: {}
[705.551787] (-) TimerEvent: {}
[705.653892] (-) TimerEvent: {}
[705.755844] (-) TimerEvent: {}
[705.857015] (-) TimerEvent: {}
[705.957958] (-) TimerEvent: {}
[706.058978] (-) TimerEvent: {}
[706.160480] (-) TimerEvent: {}
[706.262028] (-) TimerEvent: {}
[706.363180] (-) TimerEvent: {}
[706.401024] (ublox_gps) StdoutLine: {'line': b'[100%] Built target ublox_gps_node\n'}
[706.463385] (-) TimerEvent: {}
[706.536623] (ublox_gps) CommandEnded: {'returncode': 0}
[706.563834] (-) TimerEvent: {}
[706.581758] (ublox_gps) JobProgress: {'identifier': 'ublox_gps', 'progress': 'install'}
[706.589250] (ublox_gps) Command: {'cmd': ['/usr/bin/cmake', '--install', '/home/amigo-pi/amigo_ros2_pi/build/ublox_gps'], 'cwd': '/home/amigo-pi/amigo_ros2_pi/build/ublox_gps', 'env': OrderedDict([('LESSOPEN', '| /usr/bin/lesspipe %s'), ('USER', 'amigo-pi'), ('XDG_SESSION_TYPE', 'wayland'), ('SHLVL', '1'), ('LD_LIBRARY_PATH', '/home/amigo-pi/amigo_ros2_pi/install/ublox_msgs/lib:/opt/ros/humble/opt/rviz_ogre_vendor/lib:/opt/ros/humble/lib/aarch64-linux-gnu:/opt/ros/humble/lib'), ('HOME', '/home/amigo-pi'), ('OLDPWD', '/home/amigo-pi/amigo_ros2_pi/src'), ('DESKTOP_SESSION', 'ubuntu'), ('ROS_PYTHON_VERSION', '3'), ('GNOME_SHELL_SESSION_MODE', 'ubuntu'), ('GTK_MODULES', 'gail:atk-bridge'), ('SYSTEMD_EXEC_PID', '1681'), ('DBUS_SESSION_BUS_ADDRESS', 'unix:path=/run/user/1000/bus'), ('COLORTERM', 'truecolor'), ('IM_CONFIG_PHASE', '1'), ('WAYLAND_DISPLAY', 'wayland-0'), ('ROS_DISTRO', 'humble'), ('LOGNAME', 'amigo-pi'), ('_', '/usr/bin/colcon'), ('ROS_VERSION', '2'), ('XDG_SESSION_CLASS', 'user'), ('USERNAME', 'amigo-pi'), ('TERM', 'xterm-256color'), ('GNOME_DESKTOP_SESSION_ID', 'this-is-deprecated'), ('ROS_LOCALHOST_ONLY', '0'), ('PATH', '/opt/ros/humble/bin:/home/amigo-pi/.local/bin:/usr/local/sbin:/usr/local/bin:/usr/sbin:/usr/bin:/sbin:/bin:/usr/games:/usr/local/games:/snap/bin:/snap/bin'), ('SESSION_MANAGER', 'local/amigopi-desktop:@/tmp/.ICE-unix/1650,unix/amigopi-desktop:/tmp/.ICE-unix/1650'), ('XDG_MENU_PREFIX', 'gnome-'), ('GNOME_TERMINAL_SCREEN', '/org/gnome/Terminal/screen/42db41e4_e572_4be7_8dfd_5cc5c4b7a37c'), ('GNOME_SETUP_DISPLAY', ':1'), ('XDG_RUNTIME_DIR', '/run/user/1000'), ('DISPLAY', ':0'), ('LANG', 'en_US.UTF-8'), ('XDG_CURRENT_DESKTOP', 'ubuntu:GNOME'), ('XMODIFIERS', '@im=ibus'), ('XDG_SESSION_DESKTOP', 'ubuntu'), ('XAUTHORITY', '/run/user/1000/.mutter-Xwaylandauth.UB4922'), ('LS_COLORS', 'rs=0:di=01;34:ln=01;36:mh=00:pi=40;33:so=01;35:do=01;35:bd=40;33;01:cd=40;33;01:or=40;31;01:mi=00:su=37;41:sg=30;43:ca=30;41:tw=30;42:ow=34;42:st=37;44:ex=01;32:*.tar=01;31:*.tgz=01;31:*.arc=01;31:*.arj=01;31:*.taz=01;31:*.lha=01;31:*.lz4=01;31:*.lzh=01;31:*.lzma=01;31:*.tlz=01;31:*.txz=01;31:*.tzo=01;31:*.t7z=01;31:*.zip=01;31:*.z=01;31:*.dz=01;31:*.gz=01;31:*.lrz=01;31:*.lz=01;31:*.lzo=01;31:*.xz=01;31:*.zst=01;31:*.tzst=01;31:*.bz2=01;31:*.bz=01;31:*.tbz=01;31:*.tbz2=01;31:*.tz=01;31:*.deb=01;31:*.rpm=01;31:*.jar=01;31:*.war=01;31:*.ear=01;31:*.sar=01;31:*.rar=01;31:*.alz=01;31:*.ace=01;31:*.zoo=01;31:*.cpio=01;31:*.7z=01;31:*.rz=01;31:*.cab=01;31:*.wim=01;31:*.swm=01;31:*.dwm=01;31:*.esd=01;31:*.jpg=01;35:*.jpeg=01;35:*.mjpg=01;35:*.mjpeg=01;35:*.gif=01;35:*.bmp=01;35:*.pbm=01;35:*.pgm=01;35:*.ppm=01;35:*.tga=01;35:*.xbm=01;35:*.xpm=01;35:*.tif=01;35:*.tiff=01;35:*.png=01;35:*.svg=01;35:*.svgz=01;35:*.mng=01;35:*.pcx=01;35:*.mov=01;35:*.mpg=01;35:*.mpeg=01;35:*.m2v=01;35:*.mkv=01;35:*.webm=01;35:*.webp=01;35:*.ogm=01;35:*.mp4=01;35:*.m4v=01;35:*.mp4v=01;35:*.vob=01;35:*.qt=01;35:*.nuv=01;35:*.wmv=01;35:*.asf=01;35:*.rm=01;35:*.rmvb=01;35:*.flc=01;35:*.avi=01;35:*.fli=01;35:*.flv=01;35:*.gl=01;35:*.dl=01;35:*.xcf=01;35:*.xwd=01;35:*.yuv=01;35:*.cgm=01;35:*.emf=01;35:*.ogv=01;35:*.ogx=01;35:*.aac=00;36:*.au=00;36:*.flac=00;36:*.m4a=00;36:*.mid=00;36:*.midi=00;36:*.mka=00;36:*.mp3=00;36:*.mpc=00;36:*.ogg=00;36:*.ra=00;36:*.wav=00;36:*.oga=00;36:*.opus=00;36:*.spx=00;36:*.xspf=00;36:'), ('GNOME_TERMINAL_SERVICE', ':1.104'), ('SSH_AGENT_LAUNCHER', 'gnome-keyring'), ('SSH_AUTH_SOCK', '/run/user/1000/keyring/ssh'), ('AMENT_PREFIX_PATH', '/home/amigo-pi/amigo_ros2_pi/install/ublox_msgs:/home/amigo-pi/amigo_ros2_pi/install/ublox_serialization:/opt/ros/humble'), ('SHELL', '/bin/bash'), ('QT_ACCESSIBILITY', '1'), ('GDMSESSION', 'ubuntu'), ('LESSCLOSE', '/usr/bin/lesspipe %s %s'), ('QT_IM_MODULE', 'ibus'), ('PWD', '/home/amigo-pi/amigo_ros2_pi/build/ublox_gps'), ('LC_ALL', 'en_US.UTF-8'), ('XDG_CONFIG_DIRS', '/etc/xdg/xdg-ubuntu:/etc/xdg'), ('XDG_DATA_DIRS', '/usr/share/ubuntu:/usr/local/share/:/usr/share/:/var/lib/snapd/desktop'), ('PYTHONPATH', '/home/amigo-pi/amigo_ros2_pi/install/ublox_msgs/local/lib/python3.10/dist-packages:/opt/ros/humble/lib/python3.10/site-packages:/opt/ros/humble/local/lib/python3.10/dist-packages'), ('COLCON', '1'), ('VTE_VERSION', '6800'), ('CMAKE_PREFIX_PATH', '/home/amigo-pi/amigo_ros2_pi/install/ublox_msgs:/home/amigo-pi/amigo_ros2_pi/install/ublox_serialization:/opt/ros/humble')]), 'shell': False}
[706.663310] (ublox_gps) StdoutLine: {'line': b'-- Install configuration: ""\n'}
[706.664990] (-) TimerEvent: {}
[706.672064] (ublox_gps) StdoutLine: {'line': b'-- Installing: /home/amigo-pi/amigo_ros2_pi/install/ublox_gps/lib/libublox_gps.so\n'}
[706.765302] (-) TimerEvent: {}
[706.866528] (-) TimerEvent: {}
[706.914532] (ublox_gps) StdoutLine: {'line': b'-- Set runtime path of "/home/amigo-pi/amigo_ros2_pi/install/ublox_gps/lib/libublox_gps.so" to ""\n'}
[706.915610] (ublox_gps) StdoutLine: {'line': b'-- Installing: /home/amigo-pi/amigo_ros2_pi/install/ublox_gps/lib/ublox_gps/ublox_gps_node\n'}
[706.919465] (ublox_gps) StdoutLine: {'line': b'-- Set runtime path of "/home/amigo-pi/amigo_ros2_pi/install/ublox_gps/lib/ublox_gps/ublox_gps_node" to ""\n'}
[706.920203] (ublox_gps) StdoutLine: {'line': b'-- Installing: /home/amigo-pi/amigo_ros2_pi/install/ublox_gps/lib/ublox_gps/ublox_logger\n'}
[706.966791] (-) TimerEvent: {}
[707.006551] (ublox_gps) StdoutLine: {'line': b'-- Set runtime path of "/home/amigo-pi/amigo_ros2_pi/install/ublox_gps/lib/ublox_gps/ublox_logger" to ""\n'}
[707.007294] (ublox_gps) StdoutLine: {'line': b'-- Installing: /home/amigo-pi/amigo_ros2_pi/install/ublox_gps/include\n'}
[707.007906] (ublox_gps) StdoutLine: {'line': b'-- Installing: /home/amigo-pi/amigo_ros2_pi/install/ublox_gps/include/ublox_gps\n'}
[707.009539] (ublox_gps) StdoutLine: {'line': b'-- Installing: /home/amigo-pi/amigo_ros2_pi/install/ublox_gps/include/ublox_gps/rtcm.hpp\n'}
[707.010828] (ublox_gps) StdoutLine: {'line': b'-- Installing: /home/amigo-pi/amigo_ros2_pi/install/ublox_gps/include/ublox_gps/hpg_rov_product.hpp\n'}
[707.011995] (ublox_gps) StdoutLine: {'line': b'-- Installing: /home/amigo-pi/amigo_ros2_pi/install/ublox_gps/include/ublox_gps/fts_product.hpp\n'}
[707.014088] (ublox_gps) StdoutLine: {'line': b'-- Installing: /home/amigo-pi/amigo_ros2_pi/install/ublox_gps/include/ublox_gps/hp_pos_rec_product.hpp\n'}
[707.016375] (ublox_gps) StdoutLine: {'line': b'-- Installing: /home/amigo-pi/amigo_ros2_pi/install/ublox_gps/include/ublox_gps/adr_udr_product.hpp\n'}
[707.019465] (ublox_gps) StdoutLine: {'line': b'-- Installing: /home/amigo-pi/amigo_ros2_pi/install/ublox_gps/include/ublox_gps/async_worker.hpp\n'}
[707.021569] (ublox_gps) StdoutLine: {'line': b'-- Installing: /home/amigo-pi/amigo_ros2_pi/install/ublox_gps/include/ublox_gps/ublox_firmware.hpp\n'}
[707.023426] (ublox_gps) StdoutLine: {'line': b'-- Installing: /home/amigo-pi/amigo_ros2_pi/install/ublox_gps/include/ublox_gps/ublox_firmware7.hpp\n'}
[707.026077] (ublox_gps) StdoutLine: {'line': b'-- Installing: /home/amigo-pi/amigo_ros2_pi/install/ublox_gps/include/ublox_gps/ublox_firmware8.hpp\n'}
[707.026998] (ublox_gps) StdoutLine: {'line': b'-- Installing: /home/amigo-pi/amigo_ros2_pi/install/ublox_gps/include/ublox_gps/gps.hpp\n'}
[707.027987] (ublox_gps) StdoutLine: {'line': b'-- Installing: /home/amigo-pi/amigo_ros2_pi/install/ublox_gps/include/ublox_gps/fix_diagnostic.hpp\n'}
[707.029473] (ublox_gps) StdoutLine: {'line': b'-- Installing: /home/amigo-pi/amigo_ros2_pi/install/ublox_gps/include/ublox_gps/ublox_firmware9.hpp\n'}
[707.030984] (ublox_gps) StdoutLine: {'line': b'-- Installing: /home/amigo-pi/amigo_ros2_pi/install/ublox_gps/include/ublox_gps/tim_product.hpp\n'}
[707.033163] (ublox_gps) StdoutLine: {'line': b'-- Installing: /home/amigo-pi/amigo_ros2_pi/install/ublox_gps/include/ublox_gps/component_interface.hpp\n'}
[707.034716] (ublox_gps) StdoutLine: {'line': b'-- Installing: /home/amigo-pi/amigo_ros2_pi/install/ublox_gps/include/ublox_gps/ublox_firmware7plus.hpp\n'}
[707.036260] (ublox_gps) StdoutLine: {'line': b'-- Installing: /home/amigo-pi/amigo_ros2_pi/install/ublox_gps/include/ublox_gps/utils.hpp\n'}
[707.037769] (ublox_gps) StdoutLine: {'line': b'-- Installing: /home/amigo-pi/amigo_ros2_pi/install/ublox_gps/include/ublox_gps/worker.hpp\n'}
[707.039505] (ublox_gps) StdoutLine: {'line': b'-- Installing: /home/amigo-pi/amigo_ros2_pi/install/ublox_gps/include/ublox_gps/ublox_firmware6.hpp\n'}
[707.040197] (ublox_gps) StdoutLine: {'line': b'-- Installing: /home/amigo-pi/amigo_ros2_pi/install/ublox_gps/include/ublox_gps/raw_data_product.hpp\n'}
[707.041414] (ublox_gps) StdoutLine: {'line': b'-- Installing: /home/amigo-pi/amigo_ros2_pi/install/ublox_gps/include/ublox_gps/node.hpp\n'}
[707.042799] (ublox_gps) StdoutLine: {'line': b'-- Installing: /home/amigo-pi/amigo_ros2_pi/install/ublox_gps/include/ublox_gps/ublox_topic_diagnostic.hpp\n'}
[707.044281] (ublox_gps) StdoutLine: {'line': b'-- Installing: /home/amigo-pi/amigo_ros2_pi/install/ublox_gps/include/ublox_gps/hpg_ref_product.hpp\n'}
[707.045311] (ublox_gps) StdoutLine: {'line': b'-- Installing: /home/amigo-pi/amigo_ros2_pi/install/ublox_gps/include/ublox_gps/gnss.hpp\n'}
[707.046254] (ublox_gps) StdoutLine: {'line': b'-- Installing: /home/amigo-pi/amigo_ros2_pi/install/ublox_gps/include/ublox_gps/mkgmtime.h\n'}
[707.047189] (ublox_gps) StdoutLine: {'line': b'-- Installing: /home/amigo-pi/amigo_ros2_pi/install/ublox_gps/include/ublox_gps/callback.hpp\n'}
[707.048675] (ublox_gps) StdoutLine: {'line': b'-- Installing: /home/amigo-pi/amigo_ros2_pi/install/ublox_gps/include/ublox_gps/raw_data_pa.hpp\n'}
[707.051730] (ublox_gps) StdoutLine: {'line': b'-- Installing: /home/amigo-pi/amigo_ros2_pi/install/ublox_gps/share/ublox_gps/launch\n'}
[707.053637] (ublox_gps) StdoutLine: {'line': b'-- Installing: /home/amigo-pi/amigo_ros2_pi/install/ublox_gps/share/ublox_gps/launch/ublox_gps_node-composed-launch.py\n'}
[707.055834] (ublox_gps) StdoutLine: {'line': b'-- Installing: /home/amigo-pi/amigo_ros2_pi/install/ublox_gps/share/ublox_gps/launch/ublox_gps_node_zedf9p-launch.py\n'}
[707.057467] (ublox_gps) StdoutLine: {'line': b'-- Installing: /home/amigo-pi/amigo_ros2_pi/install/ublox_gps/share/ublox_gps/config\n'}
[707.058861] (ublox_gps) StdoutLine: {'line': b'-- Installing: /home/amigo-pi/amigo_ros2_pi/install/ublox_gps/share/ublox_gps/config/zed_f9p.yaml\n'}
[707.067212] (-) TimerEvent: {}
[707.069094] (ublox_gps) StdoutLine: {'line': b'-- Installing: /home/amigo-pi/amigo_ros2_pi/install/ublox_gps/share/ament_index/resource_index/package_run_dependencies/ublox_gps\n'}
[707.071825] (ublox_gps) StdoutLine: {'line': b'-- Installing: /home/amigo-pi/amigo_ros2_pi/install/ublox_gps/share/ament_index/resource_index/parent_prefix_path/ublox_gps\n'}
[707.083715] (ublox_gps) StdoutLine: {'line': b'-- Installing: /home/amigo-pi/amigo_ros2_pi/install/ublox_gps/share/ublox_gps/environment/ament_prefix_path.sh\n'}
[707.087277] (ublox_gps) StdoutLine: {'line': b'-- Installing: /home/amigo-pi/amigo_ros2_pi/install/ublox_gps/share/ublox_gps/environment/ament_prefix_path.dsv\n'}
[707.090213] (ublox_gps) StdoutLine: {'line': b'-- Installing: /home/amigo-pi/amigo_ros2_pi/install/ublox_gps/share/ublox_gps/environment/path.sh\n'}
[707.093816] (ublox_gps) StdoutLine: {'line': b'-- Installing: /home/amigo-pi/amigo_ros2_pi/install/ublox_gps/share/ublox_gps/environment/path.dsv\n'}
[707.098903] (ublox_gps) StdoutLine: {'line': b'-- Installing: /home/amigo-pi/amigo_ros2_pi/install/ublox_gps/share/ublox_gps/local_setup.bash\n'}
[707.102417] (ublox_gps) StdoutLine: {'line': b'-- Installing: /home/amigo-pi/amigo_ros2_pi/install/ublox_gps/share/ublox_gps/local_setup.sh\n'}
[707.105280] (ublox_gps) StdoutLine: {'line': b'-- Installing: /home/amigo-pi/amigo_ros2_pi/install/ublox_gps/share/ublox_gps/local_setup.zsh\n'}
[707.107870] (ublox_gps) StdoutLine: {'line': b'-- Installing: /home/amigo-pi/amigo_ros2_pi/install/ublox_gps/share/ublox_gps/local_setup.dsv\n'}
[707.110047] (ublox_gps) StdoutLine: {'line': b'-- Installing: /home/amigo-pi/amigo_ros2_pi/install/ublox_gps/share/ublox_gps/package.dsv\n'}
[707.113228] (ublox_gps) StdoutLine: {'line': b'-- Installing: /home/amigo-pi/amigo_ros2_pi/install/ublox_gps/share/ament_index/resource_index/packages/ublox_gps\n'}
[707.117697] (ublox_gps) StdoutLine: {'line': b'-- Installing: /home/amigo-pi/amigo_ros2_pi/install/ublox_gps/share/ament_index/resource_index/rclcpp_components/ublox_gps\n'}
[707.122118] (ublox_gps) StdoutLine: {'line': b'-- Installing: /home/amigo-pi/amigo_ros2_pi/install/ublox_gps/share/ublox_gps/cmake/ublox_gpsConfig.cmake\n'}
[707.124043] (ublox_gps) StdoutLine: {'line': b'-- Installing: /home/amigo-pi/amigo_ros2_pi/install/ublox_gps/share/ublox_gps/cmake/ublox_gpsConfig-version.cmake\n'}
[707.126538] (ublox_gps) StdoutLine: {'line': b'-- Installing: /home/amigo-pi/amigo_ros2_pi/install/ublox_gps/share/ublox_gps/package.xml\n'}
[707.141976] (ublox_gps) CommandEnded: {'returncode': 0}
[707.169606] (-) TimerEvent: {}
[707.275022] (-) TimerEvent: {}
[707.352213] (ublox_gps) JobEnded: {'identifier': 'ublox_gps', 'rc': 0}
[707.359565] (ublox) JobStarted: {'identifier': 'ublox'}
[707.375249] (-) TimerEvent: {}
[707.480076] (-) TimerEvent: {}
[707.485213] (ublox) JobProgress: {'identifier': 'ublox', 'progress': 'cmake'}
[707.489276] (ublox) Command: {'cmd': ['/usr/bin/cmake', '/home/amigo-pi/amigo_ros2_pi/src/ros2-ublox-zedf9p/ublox', '-DCMAKE_INSTALL_PREFIX=/home/amigo-pi/amigo_ros2_pi/install/ublox'], 'cwd': '/home/amigo-pi/amigo_ros2_pi/build/ublox', 'env': OrderedDict([('LESSOPEN', '| /usr/bin/lesspipe %s'), ('USER', 'amigo-pi'), ('XDG_SESSION_TYPE', 'wayland'), ('SHLVL', '1'), ('LD_LIBRARY_PATH', '/home/amigo-pi/amigo_ros2_pi/install/ublox_gps/lib:/home/amigo-pi/amigo_ros2_pi/install/ublox_msgs/lib:/opt/ros/humble/opt/rviz_ogre_vendor/lib:/opt/ros/humble/lib/aarch64-linux-gnu:/opt/ros/humble/lib'), ('HOME', '/home/amigo-pi'), ('OLDPWD', '/home/amigo-pi/amigo_ros2_pi/src'), ('DESKTOP_SESSION', 'ubuntu'), ('ROS_PYTHON_VERSION', '3'), ('GNOME_SHELL_SESSION_MODE', 'ubuntu'), ('GTK_MODULES', 'gail:atk-bridge'), ('SYSTEMD_EXEC_PID', '1681'), ('DBUS_SESSION_BUS_ADDRESS', 'unix:path=/run/user/1000/bus'), ('COLORTERM', 'truecolor'), ('IM_CONFIG_PHASE', '1'), ('WAYLAND_DISPLAY', 'wayland-0'), ('ROS_DISTRO', 'humble'), ('LOGNAME', 'amigo-pi'), ('_', '/usr/bin/colcon'), ('ROS_VERSION', '2'), ('XDG_SESSION_CLASS', 'user'), ('USERNAME', 'amigo-pi'), ('TERM', 'xterm-256color'), ('GNOME_DESKTOP_SESSION_ID', 'this-is-deprecated'), ('ROS_LOCALHOST_ONLY', '0'), ('PATH', '/opt/ros/humble/bin:/home/amigo-pi/.local/bin:/usr/local/sbin:/usr/local/bin:/usr/sbin:/usr/bin:/sbin:/bin:/usr/games:/usr/local/games:/snap/bin:/snap/bin'), ('SESSION_MANAGER', 'local/amigopi-desktop:@/tmp/.ICE-unix/1650,unix/amigopi-desktop:/tmp/.ICE-unix/1650'), ('XDG_MENU_PREFIX', 'gnome-'), ('GNOME_TERMINAL_SCREEN', '/org/gnome/Terminal/screen/42db41e4_e572_4be7_8dfd_5cc5c4b7a37c'), ('GNOME_SETUP_DISPLAY', ':1'), ('XDG_RUNTIME_DIR', '/run/user/1000'), ('DISPLAY', ':0'), ('LANG', 'en_US.UTF-8'), ('XDG_CURRENT_DESKTOP', 'ubuntu:GNOME'), ('XMODIFIERS', '@im=ibus'), ('XDG_SESSION_DESKTOP', 'ubuntu'), ('XAUTHORITY', '/run/user/1000/.mutter-Xwaylandauth.UB4922'), ('LS_COLORS', 'rs=0:di=01;34:ln=01;36:mh=00:pi=40;33:so=01;35:do=01;35:bd=40;33;01:cd=40;33;01:or=40;31;01:mi=00:su=37;41:sg=30;43:ca=30;41:tw=30;42:ow=34;42:st=37;44:ex=01;32:*.tar=01;31:*.tgz=01;31:*.arc=01;31:*.arj=01;31:*.taz=01;31:*.lha=01;31:*.lz4=01;31:*.lzh=01;31:*.lzma=01;31:*.tlz=01;31:*.txz=01;31:*.tzo=01;31:*.t7z=01;31:*.zip=01;31:*.z=01;31:*.dz=01;31:*.gz=01;31:*.lrz=01;31:*.lz=01;31:*.lzo=01;31:*.xz=01;31:*.zst=01;31:*.tzst=01;31:*.bz2=01;31:*.bz=01;31:*.tbz=01;31:*.tbz2=01;31:*.tz=01;31:*.deb=01;31:*.rpm=01;31:*.jar=01;31:*.war=01;31:*.ear=01;31:*.sar=01;31:*.rar=01;31:*.alz=01;31:*.ace=01;31:*.zoo=01;31:*.cpio=01;31:*.7z=01;31:*.rz=01;31:*.cab=01;31:*.wim=01;31:*.swm=01;31:*.dwm=01;31:*.esd=01;31:*.jpg=01;35:*.jpeg=01;35:*.mjpg=01;35:*.mjpeg=01;35:*.gif=01;35:*.bmp=01;35:*.pbm=01;35:*.pgm=01;35:*.ppm=01;35:*.tga=01;35:*.xbm=01;35:*.xpm=01;35:*.tif=01;35:*.tiff=01;35:*.png=01;35:*.svg=01;35:*.svgz=01;35:*.mng=01;35:*.pcx=01;35:*.mov=01;35:*.mpg=01;35:*.mpeg=01;35:*.m2v=01;35:*.mkv=01;35:*.webm=01;35:*.webp=01;35:*.ogm=01;35:*.mp4=01;35:*.m4v=01;35:*.mp4v=01;35:*.vob=01;35:*.qt=01;35:*.nuv=01;35:*.wmv=01;35:*.asf=01;35:*.rm=01;35:*.rmvb=01;35:*.flc=01;35:*.avi=01;35:*.fli=01;35:*.flv=01;35:*.gl=01;35:*.dl=01;35:*.xcf=01;35:*.xwd=01;35:*.yuv=01;35:*.cgm=01;35:*.emf=01;35:*.ogv=01;35:*.ogx=01;35:*.aac=00;36:*.au=00;36:*.flac=00;36:*.m4a=00;36:*.mid=00;36:*.midi=00;36:*.mka=00;36:*.mp3=00;36:*.mpc=00;36:*.ogg=00;36:*.ra=00;36:*.wav=00;36:*.oga=00;36:*.opus=00;36:*.spx=00;36:*.xspf=00;36:'), ('GNOME_TERMINAL_SERVICE', ':1.104'), ('SSH_AGENT_LAUNCHER', 'gnome-keyring'), ('SSH_AUTH_SOCK', '/run/user/1000/keyring/ssh'), ('AMENT_PREFIX_PATH', '/home/amigo-pi/amigo_ros2_pi/install/ublox_gps:/home/amigo-pi/amigo_ros2_pi/install/ublox_msgs:/home/amigo-pi/amigo_ros2_pi/install/ublox_serialization:/opt/ros/humble'), ('SHELL', '/bin/bash'), ('QT_ACCESSIBILITY', '1'), ('GDMSESSION', 'ubuntu'), ('LESSCLOSE', '/usr/bin/lesspipe %s %s'), ('QT_IM_MODULE', 'ibus'), ('PWD', '/home/amigo-pi/amigo_ros2_pi/build/ublox'), ('LC_ALL', 'en_US.UTF-8'), ('XDG_CONFIG_DIRS', '/etc/xdg/xdg-ubuntu:/etc/xdg'), ('XDG_DATA_DIRS', '/usr/share/ubuntu:/usr/local/share/:/usr/share/:/var/lib/snapd/desktop'), ('PYTHONPATH', '/home/amigo-pi/amigo_ros2_pi/install/ublox_msgs/local/lib/python3.10/dist-packages:/opt/ros/humble/lib/python3.10/site-packages:/opt/ros/humble/local/lib/python3.10/dist-packages'), ('COLCON', '1'), ('VTE_VERSION', '6800'), ('CMAKE_PREFIX_PATH', '/home/amigo-pi/amigo_ros2_pi/install/ublox_gps:/home/amigo-pi/amigo_ros2_pi/install/ublox_msgs:/home/amigo-pi/amigo_ros2_pi/install/ublox_serialization:/opt/ros/humble')]), 'shell': False}
[707.580471] (-) TimerEvent: {}
[707.682276] (-) TimerEvent: {}
[707.784113] (-) TimerEvent: {}
[707.885994] (-) TimerEvent: {}
[707.987141] (-) TimerEvent: {}
[708.088313] (-) TimerEvent: {}
[708.190149] (-) TimerEvent: {}
[708.291515] (-) TimerEvent: {}
[708.383566] (ublox) StdoutLine: {'line': b'-- The C compiler identification is GNU 11.4.0\n'}
[708.391772] (-) TimerEvent: {}
[708.493056] (-) TimerEvent: {}
[708.595820] (-) TimerEvent: {}
[708.698078] (-) TimerEvent: {}
[708.782960] (ublox) StdoutLine: {'line': b'-- The CXX compiler identification is GNU 11.4.0\n'}
[708.798368] (-) TimerEvent: {}
[708.851625] (ublox) StdoutLine: {'line': b'-- Detecting C compiler ABI info\n'}
[708.898724] (-) TimerEvent: {}
[709.000260] (-) TimerEvent: {}
[709.102596] (-) TimerEvent: {}
[709.203829] (-) TimerEvent: {}
[709.305206] (-) TimerEvent: {}
[709.339844] (ublox) StdoutLine: {'line': b'-- Detecting C compiler ABI info - done\n'}
[709.389828] (ublox) StdoutLine: {'line': b'-- Check for working C compiler: /usr/bin/cc - skipped\n'}
[709.395248] (ublox) StdoutLine: {'line': b'-- Detecting C compile features\n'}
[709.403008] (ublox) StdoutLine: {'line': b'-- Detecting C compile features - done\n'}
[709.405673] (-) TimerEvent: {}
[709.436924] (ublox) StdoutLine: {'line': b'-- Detecting CXX compiler ABI info\n'}
[709.506255] (-) TimerEvent: {}
[709.607484] (-) TimerEvent: {}
[709.709142] (-) TimerEvent: {}
[709.810596] (-) TimerEvent: {}
[709.911989] (-) TimerEvent: {}
[709.950779] (ublox) StdoutLine: {'line': b'-- Detecting CXX compiler ABI info - done\n'}
[709.980961] (ublox) StdoutLine: {'line': b'-- Check for working CXX compiler: /usr/bin/c++ - skipped\n'}
[709.982061] (ublox) StdoutLine: {'line': b'-- Detecting CXX compile features\n'}
[709.984145] (ublox) StdoutLine: {'line': b'-- Detecting CXX compile features - done\n'}
[710.012259] (-) TimerEvent: {}
[710.093391] (ublox) StdoutLine: {'line': b'-- Found ament_cmake: 1.3.11 (/opt/ros/humble/share/ament_cmake/cmake)\n'}
[710.112447] (-) TimerEvent: {}
[710.213342] (-) TimerEvent: {}
[710.314325] (-) TimerEvent: {}
[710.415475] (-) TimerEvent: {}
[710.516306] (-) TimerEvent: {}
[710.617502] (-) TimerEvent: {}
[710.719457] (-) TimerEvent: {}
[710.820508] (-) TimerEvent: {}
[710.921664] (-) TimerEvent: {}
[711.022499] (-) TimerEvent: {}
[711.123506] (-) TimerEvent: {}
[711.224397] (-) TimerEvent: {}
[711.325557] (-) TimerEvent: {}
[711.370743] (ublox) StdoutLine: {'line': b'-- Found Python3: /usr/bin/python3 (found version "3.10.12") found components: Interpreter \n'}
[711.425777] (-) TimerEvent: {}
[711.526610] (-) TimerEvent: {}
[711.627354] (-) TimerEvent: {}
[711.727985] (-) TimerEvent: {}
[711.828627] (-) TimerEvent: {}
[711.929337] (-) TimerEvent: {}
[712.029983] (-) TimerEvent: {}
[712.130655] (-) TimerEvent: {}
[712.231287] (-) TimerEvent: {}
[712.331938] (-) TimerEvent: {}
[712.432987] (-) TimerEvent: {}
[712.509299] (ublox) StdoutLine: {'line': b'-- Configuring done\n'}
[712.527692] (ublox) StdoutLine: {'line': b'-- Generating done\n'}
[712.533157] (-) TimerEvent: {}
[712.535286] (ublox) StdoutLine: {'line': b'-- Build files have been written to: /home/amigo-pi/amigo_ros2_pi/build/ublox\n'}
[712.548684] (ublox) CommandEnded: {'returncode': 0}
[712.550617] (ublox) JobProgress: {'identifier': 'ublox', 'progress': 'build'}
[712.558505] (ublox) Command: {'cmd': ['/usr/bin/cmake', '--build', '/home/amigo-pi/amigo_ros2_pi/build/ublox', '--', '-j4', '-l4'], 'cwd': '/home/amigo-pi/amigo_ros2_pi/build/ublox', 'env': OrderedDict([('LESSOPEN', '| /usr/bin/lesspipe %s'), ('USER', 'amigo-pi'), ('XDG_SESSION_TYPE', 'wayland'), ('SHLVL', '1'), ('LD_LIBRARY_PATH', '/home/amigo-pi/amigo_ros2_pi/install/ublox_gps/lib:/home/amigo-pi/amigo_ros2_pi/install/ublox_msgs/lib:/opt/ros/humble/opt/rviz_ogre_vendor/lib:/opt/ros/humble/lib/aarch64-linux-gnu:/opt/ros/humble/lib'), ('HOME', '/home/amigo-pi'), ('OLDPWD', '/home/amigo-pi/amigo_ros2_pi/src'), ('DESKTOP_SESSION', 'ubuntu'), ('ROS_PYTHON_VERSION', '3'), ('GNOME_SHELL_SESSION_MODE', 'ubuntu'), ('GTK_MODULES', 'gail:atk-bridge'), ('SYSTEMD_EXEC_PID', '1681'), ('DBUS_SESSION_BUS_ADDRESS', 'unix:path=/run/user/1000/bus'), ('COLORTERM', 'truecolor'), ('IM_CONFIG_PHASE', '1'), ('WAYLAND_DISPLAY', 'wayland-0'), ('ROS_DISTRO', 'humble'), ('LOGNAME', 'amigo-pi'), ('_', '/usr/bin/colcon'), ('ROS_VERSION', '2'), ('XDG_SESSION_CLASS', 'user'), ('USERNAME', 'amigo-pi'), ('TERM', 'xterm-256color'), ('GNOME_DESKTOP_SESSION_ID', 'this-is-deprecated'), ('ROS_LOCALHOST_ONLY', '0'), ('PATH', '/opt/ros/humble/bin:/home/amigo-pi/.local/bin:/usr/local/sbin:/usr/local/bin:/usr/sbin:/usr/bin:/sbin:/bin:/usr/games:/usr/local/games:/snap/bin:/snap/bin'), ('SESSION_MANAGER', 'local/amigopi-desktop:@/tmp/.ICE-unix/1650,unix/amigopi-desktop:/tmp/.ICE-unix/1650'), ('XDG_MENU_PREFIX', 'gnome-'), ('GNOME_TERMINAL_SCREEN', '/org/gnome/Terminal/screen/42db41e4_e572_4be7_8dfd_5cc5c4b7a37c'), ('GNOME_SETUP_DISPLAY', ':1'), ('XDG_RUNTIME_DIR', '/run/user/1000'), ('DISPLAY', ':0'), ('LANG', 'en_US.UTF-8'), ('XDG_CURRENT_DESKTOP', 'ubuntu:GNOME'), ('XMODIFIERS', '@im=ibus'), ('XDG_SESSION_DESKTOP', 'ubuntu'), ('XAUTHORITY', '/run/user/1000/.mutter-Xwaylandauth.UB4922'), ('LS_COLORS', 'rs=0:di=01;34:ln=01;36:mh=00:pi=40;33:so=01;35:do=01;35:bd=40;33;01:cd=40;33;01:or=40;31;01:mi=00:su=37;41:sg=30;43:ca=30;41:tw=30;42:ow=34;42:st=37;44:ex=01;32:*.tar=01;31:*.tgz=01;31:*.arc=01;31:*.arj=01;31:*.taz=01;31:*.lha=01;31:*.lz4=01;31:*.lzh=01;31:*.lzma=01;31:*.tlz=01;31:*.txz=01;31:*.tzo=01;31:*.t7z=01;31:*.zip=01;31:*.z=01;31:*.dz=01;31:*.gz=01;31:*.lrz=01;31:*.lz=01;31:*.lzo=01;31:*.xz=01;31:*.zst=01;31:*.tzst=01;31:*.bz2=01;31:*.bz=01;31:*.tbz=01;31:*.tbz2=01;31:*.tz=01;31:*.deb=01;31:*.rpm=01;31:*.jar=01;31:*.war=01;31:*.ear=01;31:*.sar=01;31:*.rar=01;31:*.alz=01;31:*.ace=01;31:*.zoo=01;31:*.cpio=01;31:*.7z=01;31:*.rz=01;31:*.cab=01;31:*.wim=01;31:*.swm=01;31:*.dwm=01;31:*.esd=01;31:*.jpg=01;35:*.jpeg=01;35:*.mjpg=01;35:*.mjpeg=01;35:*.gif=01;35:*.bmp=01;35:*.pbm=01;35:*.pgm=01;35:*.ppm=01;35:*.tga=01;35:*.xbm=01;35:*.xpm=01;35:*.tif=01;35:*.tiff=01;35:*.png=01;35:*.svg=01;35:*.svgz=01;35:*.mng=01;35:*.pcx=01;35:*.mov=01;35:*.mpg=01;35:*.mpeg=01;35:*.m2v=01;35:*.mkv=01;35:*.webm=01;35:*.webp=01;35:*.ogm=01;35:*.mp4=01;35:*.m4v=01;35:*.mp4v=01;35:*.vob=01;35:*.qt=01;35:*.nuv=01;35:*.wmv=01;35:*.asf=01;35:*.rm=01;35:*.rmvb=01;35:*.flc=01;35:*.avi=01;35:*.fli=01;35:*.flv=01;35:*.gl=01;35:*.dl=01;35:*.xcf=01;35:*.xwd=01;35:*.yuv=01;35:*.cgm=01;35:*.emf=01;35:*.ogv=01;35:*.ogx=01;35:*.aac=00;36:*.au=00;36:*.flac=00;36:*.m4a=00;36:*.mid=00;36:*.midi=00;36:*.mka=00;36:*.mp3=00;36:*.mpc=00;36:*.ogg=00;36:*.ra=00;36:*.wav=00;36:*.oga=00;36:*.opus=00;36:*.spx=00;36:*.xspf=00;36:'), ('GNOME_TERMINAL_SERVICE', ':1.104'), ('SSH_AGENT_LAUNCHER', 'gnome-keyring'), ('SSH_AUTH_SOCK', '/run/user/1000/keyring/ssh'), ('AMENT_PREFIX_PATH', '/home/amigo-pi/amigo_ros2_pi/install/ublox_gps:/home/amigo-pi/amigo_ros2_pi/install/ublox_msgs:/home/amigo-pi/amigo_ros2_pi/install/ublox_serialization:/opt/ros/humble'), ('SHELL', '/bin/bash'), ('QT_ACCESSIBILITY', '1'), ('GDMSESSION', 'ubuntu'), ('LESSCLOSE', '/usr/bin/lesspipe %s %s'), ('QT_IM_MODULE', 'ibus'), ('PWD', '/home/amigo-pi/amigo_ros2_pi/build/ublox'), ('LC_ALL', 'en_US.UTF-8'), ('XDG_CONFIG_DIRS', '/etc/xdg/xdg-ubuntu:/etc/xdg'), ('XDG_DATA_DIRS', '/usr/share/ubuntu:/usr/local/share/:/usr/share/:/var/lib/snapd/desktop'), ('PYTHONPATH', '/home/amigo-pi/amigo_ros2_pi/install/ublox_msgs/local/lib/python3.10/dist-packages:/opt/ros/humble/lib/python3.10/site-packages:/opt/ros/humble/local/lib/python3.10/dist-packages'), ('COLCON', '1'), ('VTE_VERSION', '6800'), ('CMAKE_PREFIX_PATH', '/home/amigo-pi/amigo_ros2_pi/install/ublox_gps:/home/amigo-pi/amigo_ros2_pi/install/ublox_msgs:/home/amigo-pi/amigo_ros2_pi/install/ublox_serialization:/opt/ros/humble')]), 'shell': False}
[712.633354] (-) TimerEvent: {}
[712.716119] (ublox) CommandEnded: {'returncode': 0}
[712.719131] (ublox) JobProgress: {'identifier': 'ublox', 'progress': 'install'}
[712.719956] (ublox) Command: {'cmd': ['/usr/bin/cmake', '--install', '/home/amigo-pi/amigo_ros2_pi/build/ublox'], 'cwd': '/home/amigo-pi/amigo_ros2_pi/build/ublox', 'env': OrderedDict([('LESSOPEN', '| /usr/bin/lesspipe %s'), ('USER', 'amigo-pi'), ('XDG_SESSION_TYPE', 'wayland'), ('SHLVL', '1'), ('LD_LIBRARY_PATH', '/home/amigo-pi/amigo_ros2_pi/install/ublox_gps/lib:/home/amigo-pi/amigo_ros2_pi/install/ublox_msgs/lib:/opt/ros/humble/opt/rviz_ogre_vendor/lib:/opt/ros/humble/lib/aarch64-linux-gnu:/opt/ros/humble/lib'), ('HOME', '/home/amigo-pi'), ('OLDPWD', '/home/amigo-pi/amigo_ros2_pi/src'), ('DESKTOP_SESSION', 'ubuntu'), ('ROS_PYTHON_VERSION', '3'), ('GNOME_SHELL_SESSION_MODE', 'ubuntu'), ('GTK_MODULES', 'gail:atk-bridge'), ('SYSTEMD_EXEC_PID', '1681'), ('DBUS_SESSION_BUS_ADDRESS', 'unix:path=/run/user/1000/bus'), ('COLORTERM', 'truecolor'), ('IM_CONFIG_PHASE', '1'), ('WAYLAND_DISPLAY', 'wayland-0'), ('ROS_DISTRO', 'humble'), ('LOGNAME', 'amigo-pi'), ('_', '/usr/bin/colcon'), ('ROS_VERSION', '2'), ('XDG_SESSION_CLASS', 'user'), ('USERNAME', 'amigo-pi'), ('TERM', 'xterm-256color'), ('GNOME_DESKTOP_SESSION_ID', 'this-is-deprecated'), ('ROS_LOCALHOST_ONLY', '0'), ('PATH', '/opt/ros/humble/bin:/home/amigo-pi/.local/bin:/usr/local/sbin:/usr/local/bin:/usr/sbin:/usr/bin:/sbin:/bin:/usr/games:/usr/local/games:/snap/bin:/snap/bin'), ('SESSION_MANAGER', 'local/amigopi-desktop:@/tmp/.ICE-unix/1650,unix/amigopi-desktop:/tmp/.ICE-unix/1650'), ('XDG_MENU_PREFIX', 'gnome-'), ('GNOME_TERMINAL_SCREEN', '/org/gnome/Terminal/screen/42db41e4_e572_4be7_8dfd_5cc5c4b7a37c'), ('GNOME_SETUP_DISPLAY', ':1'), ('XDG_RUNTIME_DIR', '/run/user/1000'), ('DISPLAY', ':0'), ('LANG', 'en_US.UTF-8'), ('XDG_CURRENT_DESKTOP', 'ubuntu:GNOME'), ('XMODIFIERS', '@im=ibus'), ('XDG_SESSION_DESKTOP', 'ubuntu'), ('XAUTHORITY', '/run/user/1000/.mutter-Xwaylandauth.UB4922'), ('LS_COLORS', 'rs=0:di=01;34:ln=01;36:mh=00:pi=40;33:so=01;35:do=01;35:bd=40;33;01:cd=40;33;01:or=40;31;01:mi=00:su=37;41:sg=30;43:ca=30;41:tw=30;42:ow=34;42:st=37;44:ex=01;32:*.tar=01;31:*.tgz=01;31:*.arc=01;31:*.arj=01;31:*.taz=01;31:*.lha=01;31:*.lz4=01;31:*.lzh=01;31:*.lzma=01;31:*.tlz=01;31:*.txz=01;31:*.tzo=01;31:*.t7z=01;31:*.zip=01;31:*.z=01;31:*.dz=01;31:*.gz=01;31:*.lrz=01;31:*.lz=01;31:*.lzo=01;31:*.xz=01;31:*.zst=01;31:*.tzst=01;31:*.bz2=01;31:*.bz=01;31:*.tbz=01;31:*.tbz2=01;31:*.tz=01;31:*.deb=01;31:*.rpm=01;31:*.jar=01;31:*.war=01;31:*.ear=01;31:*.sar=01;31:*.rar=01;31:*.alz=01;31:*.ace=01;31:*.zoo=01;31:*.cpio=01;31:*.7z=01;31:*.rz=01;31:*.cab=01;31:*.wim=01;31:*.swm=01;31:*.dwm=01;31:*.esd=01;31:*.jpg=01;35:*.jpeg=01;35:*.mjpg=01;35:*.mjpeg=01;35:*.gif=01;35:*.bmp=01;35:*.pbm=01;35:*.pgm=01;35:*.ppm=01;35:*.tga=01;35:*.xbm=01;35:*.xpm=01;35:*.tif=01;35:*.tiff=01;35:*.png=01;35:*.svg=01;35:*.svgz=01;35:*.mng=01;35:*.pcx=01;35:*.mov=01;35:*.mpg=01;35:*.mpeg=01;35:*.m2v=01;35:*.mkv=01;35:*.webm=01;35:*.webp=01;35:*.ogm=01;35:*.mp4=01;35:*.m4v=01;35:*.mp4v=01;35:*.vob=01;35:*.qt=01;35:*.nuv=01;35:*.wmv=01;35:*.asf=01;35:*.rm=01;35:*.rmvb=01;35:*.flc=01;35:*.avi=01;35:*.fli=01;35:*.flv=01;35:*.gl=01;35:*.dl=01;35:*.xcf=01;35:*.xwd=01;35:*.yuv=01;35:*.cgm=01;35:*.emf=01;35:*.ogv=01;35:*.ogx=01;35:*.aac=00;36:*.au=00;36:*.flac=00;36:*.m4a=00;36:*.mid=00;36:*.midi=00;36:*.mka=00;36:*.mp3=00;36:*.mpc=00;36:*.ogg=00;36:*.ra=00;36:*.wav=00;36:*.oga=00;36:*.opus=00;36:*.spx=00;36:*.xspf=00;36:'), ('GNOME_TERMINAL_SERVICE', ':1.104'), ('SSH_AGENT_LAUNCHER', 'gnome-keyring'), ('SSH_AUTH_SOCK', '/run/user/1000/keyring/ssh'), ('AMENT_PREFIX_PATH', '/home/amigo-pi/amigo_ros2_pi/install/ublox_gps:/home/amigo-pi/amigo_ros2_pi/install/ublox_msgs:/home/amigo-pi/amigo_ros2_pi/install/ublox_serialization:/opt/ros/humble'), ('SHELL', '/bin/bash'), ('QT_ACCESSIBILITY', '1'), ('GDMSESSION', 'ubuntu'), ('LESSCLOSE', '/usr/bin/lesspipe %s %s'), ('QT_IM_MODULE', 'ibus'), ('PWD', '/home/amigo-pi/amigo_ros2_pi/build/ublox'), ('LC_ALL', 'en_US.UTF-8'), ('XDG_CONFIG_DIRS', '/etc/xdg/xdg-ubuntu:/etc/xdg'), ('XDG_DATA_DIRS', '/usr/share/ubuntu:/usr/local/share/:/usr/share/:/var/lib/snapd/desktop'), ('PYTHONPATH', '/home/amigo-pi/amigo_ros2_pi/install/ublox_msgs/local/lib/python3.10/dist-packages:/opt/ros/humble/lib/python3.10/site-packages:/opt/ros/humble/local/lib/python3.10/dist-packages'), ('COLCON', '1'), ('VTE_VERSION', '6800'), ('CMAKE_PREFIX_PATH', '/home/amigo-pi/amigo_ros2_pi/install/ublox_gps:/home/amigo-pi/amigo_ros2_pi/install/ublox_msgs:/home/amigo-pi/amigo_ros2_pi/install/ublox_serialization:/opt/ros/humble')]), 'shell': False}
[712.733601] (-) TimerEvent: {}
[712.756023] (ublox) StdoutLine: {'line': b'-- Install configuration: ""\n'}
[712.757014] (ublox) StdoutLine: {'line': b'-- Installing: /home/amigo-pi/amigo_ros2_pi/install/ublox/share/ament_index/resource_index/package_run_dependencies/ublox\n'}
[712.758639] (ublox) StdoutLine: {'line': b'-- Installing: /home/amigo-pi/amigo_ros2_pi/install/ublox/share/ament_index/resource_index/parent_prefix_path/ublox\n'}
[712.760091] (ublox) StdoutLine: {'line': b'-- Installing: /home/amigo-pi/amigo_ros2_pi/install/ublox/share/ublox/environment/ament_prefix_path.sh\n'}
[712.761238] (ublox) StdoutLine: {'line': b'-- Installing: /home/amigo-pi/amigo_ros2_pi/install/ublox/share/ublox/environment/ament_prefix_path.dsv\n'}
[712.762346] (ublox) StdoutLine: {'line': b'-- Installing: /home/amigo-pi/amigo_ros2_pi/install/ublox/share/ublox/environment/path.sh\n'}
[712.763345] (ublox) StdoutLine: {'line': b'-- Installing: /home/amigo-pi/amigo_ros2_pi/install/ublox/share/ublox/environment/path.dsv\n'}
[712.764368] (ublox) StdoutLine: {'line': b'-- Installing: /home/amigo-pi/amigo_ros2_pi/install/ublox/share/ublox/local_setup.bash\n'}
[712.765576] (ublox) StdoutLine: {'line': b'-- Installing: /home/amigo-pi/amigo_ros2_pi/install/ublox/share/ublox/local_setup.sh\n'}
[712.766571] (ublox) StdoutLine: {'line': b'-- Installing: /home/amigo-pi/amigo_ros2_pi/install/ublox/share/ublox/local_setup.zsh\n'}
[712.767601] (ublox) StdoutLine: {'line': b'-- Installing: /home/amigo-pi/amigo_ros2_pi/install/ublox/share/ublox/local_setup.dsv\n'}
[712.768692] (ublox) StdoutLine: {'line': b'-- Installing: /home/amigo-pi/amigo_ros2_pi/install/ublox/share/ublox/package.dsv\n'}
[712.769977] (ublox) StdoutLine: {'line': b'-- Installing: /home/amigo-pi/amigo_ros2_pi/install/ublox/share/ament_index/resource_index/packages/ublox\n'}
[712.771263] (ublox) StdoutLine: {'line': b'-- Installing: /home/amigo-pi/amigo_ros2_pi/install/ublox/share/ublox/cmake/ubloxConfig.cmake\n'}
[712.772123] (ublox) StdoutLine: {'line': b'-- Installing: /home/amigo-pi/amigo_ros2_pi/install/ublox/share/ublox/cmake/ubloxConfig-version.cmake\n'}
[712.773192] (ublox) StdoutLine: {'line': b'-- Installing: /home/amigo-pi/amigo_ros2_pi/install/ublox/share/ublox/package.xml\n'}
[712.779222] (ublox) CommandEnded: {'returncode': 0}
[712.834534] (ublox) JobEnded: {'identifier': 'ublox', 'rc': 0}
[712.839002] (-) TimerEvent: {}
[712.839394] (-) EventReactorShutdown: {}
